#include "passport_assets.h"
// Generated by tools/generate_builtin_avatars.py; source artwork unchanged.
const uint16_t passport_avatar_winter[PASSPORT_BUILTIN_AVATAR_SIZE * PASSPORT_BUILTIN_AVATAR_SIZE] = {
    0x0000,0x0000,0x0000,0x0000,0x0000,0x0000,0x0000,0x0000,0x0000,0x0000,0x0000,0x0000,0x0000,0x0000,0x0000,0x0000,0x0000,0x0000,0x0000,0x0000,0x0000,0x0000,0x0000,0x0000,
    0x0000,0x0000,0x0000,0x0000,0x0000,0x0000,0x0000,0x0000,0x0000,0x0000,0x0000,0x0000,0x0000,0x0000,0x0000,0x0000,0x0000,0x0000,0x0000,0x0000,0x0000,0x0000,0x0000,0x0000,
    0x0000,0x0000,0x0000,0x0000,0x0000,0x0000,0x0000,0x0000,0x0000,0x0000,0x0000,0x0000,0x0000,0x0000,0x0000,0x0000,0x0000,0x0000,0x0000,0x0000,0x0000,0x0000,0x0000,0x0000,
    0x0000,0x0000,0x0000,0x0000,0x0000,0x0000,0x0000,0x0000,0x0000,0x0000,0x0000,0x0000,0x0000,0x0000,0x0000,0x0000,0x0000,0x0000,0x0000,0x0000,0x0000,0x0000,0x0000,0x0000,
    0x0000,0x0000,0x0000,0x0000,0x0000,0x0000,0x0000,0x0000,0x0000,0x0000,0x0000,0x0000,0x0000,0x0000,0x0000,0x0000,0x0000,0x0000,0x0000,0x0000,0x0000,0x0000,0x0000,0x0000,
    0x0000,0x0000,0x0000,0x0000,0x0000,0x0000,0x0000,0x0000,0x0000,0x0000,0x0000,0x0000,0x0000,0x0000,0x0000,0x0000,0x0000,0x0000,0x0000,0x0000,0x0000,0x0000,0x0000,0x0000,
    0x0000,0x0000,0x0000,0x0000,0x0000,0x0000,0x0000,0x0000,0x0000,0x0000,0x0000,0x0000,0x0000,0x0000,0x0000,0x0000,0x0000,0x0000,0x0000,0x0000,0x0000,0x0000,0x0000,0x0000,
    0x0000,0x0000,0x0000,0x0000,0x0000,0x0000,0x0000,0x0000,0x0000,0x0000,0x0000,0x0000,0x0000,0x0000,0x0000,0x0000,0x0000,0x0000,0x0000,0x0000,0x0000,0x0000,0x0000,0x0000,
    0x0000,0x0000,0x0000,0x0000,0x0000,0x0000,0x0000,0x0000,0x0000,0x0000,0x0000,0x0000,0x0000,0x0000,0x0000,0x0000,0x0000,0x0000,0x0000,0x0000,0x0000,0x0000,0x0000,0x0000,
    0x0000,0x0000,0x0000,0x0000,0x0000,0x0000,0x0000,0x0000,0x0000,0x0000,0x0000,0x0000,0x0000,0x0000,0x0000,0x0000,0x0000,0x0000,0x0000,0x0000,0x0000,0x0000,0x0000,0x0000,
    0x0000,0x0000,0x0000,0x0000,0x0000,0x0000,0x0000,0x0000,0x0000,0x0000,0x0000,0x0000,0x0000,0x0000,0x0000,0x0000,0x0000,0x0000,0x0000,0x0000,0x0000,0x0000,0x0000,0x0000,
    0x0000,0x0000,0x0000,0x0000,0x0000,0x0000,0x0000,0x0000,0x0000,0x0000,0x0000,0x0000,0x0000,0x0000,0x0000,0x0000,0x0000,0x0000,0x0000,0x0000,0x0000,0x0000,0x0000,0x0000,
    0x0000,0x0000,0x0000,0x0000,0x0000,0x0000,0x0000,0x0000,0x0000,0x0000,0x0000,0x0000,0x0000,0x0000,0x0000,0x0000,0x0000,0x0000,0x0000,0x0000,0x0000,0x0000,0x0000,0x0000,
    0x0000,0x0000,0x0000,0x0000,0x0000,0x0000,0x0000,0x0000,0x0000,0x0000,0x0000,0x0000,0x0000,0x0000,0x0000,0x0000,0x0000,0x0000,0x0000,0x0000,0x0000,0x0000,0x0000,0x0000,
    0x0000,0x0000,0x0000,0x0000,0x0000,0x0000,0x0000,0x0000,0x0000,0x0000,0x0000,0x0000,0x0000,0x0000,0x0000,0x0000,0x0000,0x0000,0x0000,0x0000,0x0000,0x0000,0x0000,0x0000,
    0x0000,0x0000,0x0000,0x0000,0x0000,0x0000,0x0000,0x0000,0x0000,0x0000,0x0000,0x0000,0x0000,0x0000,0x0000,0x0000,0x0000,0x0000,0x0000,0x0000,0x0000,0x0000,0x0000,0x0000,
    0x0000,0x0000,0x0000,0x0000,0x0000,0x0000,0x0000,0x0000,0x1041,0x1881,0x20a1,0x20c2,0x20c2,0x2081,0x1861,0x1040,0x0000,0x0820,0x1881,0x20a2,0x28c2,0x28c2,0x20a2,0x1861,
    0x0820,0x0000,0x0000,0x0000,0x0000,0x0000,0x0000,0x0000,0x0000,0x0000,0x0000,0x0000,0x0000,0x0000,0x0000,0x0000,0x0000,0x0000,0x0000,0x0000,0x0000,0x0000,0x0000,0x0000,
    0x0000,0x0000,0x0000,0x0000,0x0000,0x0000,0x0000,0x0000,0x0000,0x0000,0x0000,0x0000,0x0000,0x0000,0x0000,0x0000,0x0000,0x0000,0x0000,0x0000,0x0000,0x0000,0x0000,0x0000,
    0x0000,0x0000,0x0000,0x0000,0x0000,0x0000,0x0000,0x0000,0x0000,0x0000,0x0000,0x0000,0x0000,0x0000,0x0000,0x0000,0x0000,0x0000,0x0000,0x0000,0x0000,0x0000,0x0000,0x0000,
    0x0000,0x0000,0x0000,0x0000,0x0000,0x0000,0x0000,0x0000,0x0000,0x0000,0x0000,0x0000,0x0000,0x0000,0x0000,0x0000,0x0000,0x0000,0x0000,0x0000,0x0000,0x0000,0x0000,0x0000,
    0x0000,0x0000,0x0000,0x0000,0x0000,0x0000,0x0000,0x0000,0x0000,0x0000,0x0000,0x0000,0x0000,0x0000,0x0000,0x0000,0x0000,0x0000,0x0000,0x0000,0x0000,0x0000,0x0000,0x0000,
    0x0000,0x0000,0x0000,0x0000,0x0000,0x0000,0x0000,0x0000,0x0000,0x0000,0x0000,0x0000,0x0000,0x0000,0x0000,0x0000,0x0000,0x0000,0x0000,0x0000,0x1061,0x3102,0x4964,0x59e6,
    0x6a26,0x6a26,0x6a26,0x6226,0x6a27,0x6a27,0x49a5,0x4164,0x4984,0x51a5,0x51c5,0x51c5,0x51a5,0x51a5,0x51a5,0x4985,0x4964,0x3103,0x2081,0x0820,0x0000,0x0000,0x0000,0x0000,
    0x0000,0x0000,0x0000,0x0000,0x0000,0x0000,0x0000,0x0000,0x0000,0x0000,0x0000,0x0000,0x0000,0x0000,0x0000,0x0000,0x0000,0x0000,0x0000,0x0000,0x0000,0x0000,0x0000,0x0000,
    0x0000,0x0000,0x0000,0x0000,0x0000,0x0000,0x0000,0x0000,0x0000,0x0000,0x0000,0x0000,0x0000,0x0000,0x0000,0x0000,0x0000,0x0000,0x0000,0x0000,0x0000,0x0000,0x0000,0x0000,
    0x0000,0x0000,0x0000,0x0000,0x0000,0x0000,0x0000,0x0000,0x0000,0x0000,0x0000,0x0000,0x0000,0x0000,0x0000,0x0000,0x0000,0x0000,0x0000,0x0000,0x0000,0x0000,0x0000,0x0000,
    0x0000,0x0000,0x0000,0x0000,0x0000,0x0000,0x0000,0x0000,0x0000,0x0000,0x0000,0x0000,0x0000,0x0000,0x0000,0x0000,0x0000,0x0000,0x0000,0x0000,0x0000,0x0000,0x0000,0x0000,
    0x0000,0x0000,0x0000,0x0000,0x0000,0x0000,0x0000,0x0000,0x0000,0x0000,0x0000,0x0000,0x0000,0x0000,0x0000,0x0000,0x0000,0x0000,0x0000,0x0000,0x0000,0x0000,0x0000,0x0000,
    0x0000,0x0000,0x0000,0x0000,0x0000,0x0000,0x0000,0x0000,0x0000,0x0840,0x1861,0x3103,0x49a5,0x61e6,0x6a27,0x6a47,0x6a27,0x6206,0x6206,0x6227,0x6206,0x59c6,0x59c6,0x6206,
    0x6226,0x59e6,0x51c5,0x51c5,0x51c5,0x51a5,0x4985,0x4985,0x4985,0x49a5,0x51a5,0x4964,0x28c2,0x0820,0x0000,0x0000,0x0000,0x0000,0x0000,0x0000,0x0000,0x0000,0x0000,0x0000,
    0x0000,0x0000,0x0000,0x0000,0x0000,0x0000,0x0000,0x0000,0x0000,0x0000,0x0000,0x0000,0x0000,0x0000,0x0000,0x0000,0x0000,0x0000,0x0000,0x0000,0x0000,0x0000,0x0000,0x0000,
    0x0000,0x0000,0x0000,0x0000,0x0000,0x0000,0x0000,0x0000,0x0000,0x0000,0x0000,0x0000,0x0000,0x0000,0x0000,0x0000,0x0000,0x0000,0x0000,0x0000,0x0000,0x0000,0x0000,0x0000,
    0x0000,0x0000,0x0000,0x0000,0x0000,0x0000,0x0000,0x0000,0x0000,0x0000,0x0000,0x0000,0x0000,0x0000,0x0000,0x0000,0x0000,0x0000,0x0000,0x0000,0x0000,0x0000,0x0000,0x0000,
    0x0000,0x0000,0x0000,0x0000,0x0000,0x0000,0x0000,0x0000,0x0000,0x0000,0x0000,0x0000,0x0000,0x0000,0x0000,0x0000,0x0000,0x0000,0x0000,0x0000,0x0000,0x0000,0x0000,0x0000,
    0x0000,0x0000,0x0000,0x0000,0x0000,0x0000,0x0000,0x0000,0x0000,0x0000,0x0000,0x0000,0x0000,0x0000,0x0000,0x0000,0x0000,0x0000,0x0000,0x0000,0x0000,0x0000,0x0000,0x20a1,
    0x4143,0x59c5,0x6206,0x6206,0x59e6,0x59e6,0x59e6,0x59e6,0x6206,0x6206,0x6227,0x6227,0x6206,0x59e6,0x6206,0x6206,0x59e6,0x61e6,0x59e6,0x51c5,0x51c5,0x49a5,0x4985,0x4985,
    0x4985,0x4985,0x51a5,0x51a5,0x51a5,0x3923,0x20a1,0x0820,0x0000,0x0000,0x0000,0x0000,0x0000,0x0000,0x0000,0x0000,0x0000,0x0000,0x0000,0x0000,0x0000,0x0000,0x0000,0x0000,
    0x0000,0x0000,0x0000,0x0000,0x0000,0x0000,0x0000,0x0000,0x0000,0x0000,0x0000,0x0000,0x0000,0x0000,0x0000,0x0000,0x0000,0x0000,0x0000,0x0000,0x0000,0x0000,0x0000,0x0000,
    0x0000,0x0000,0x0000,0x0000,0x0000,0x0000,0x0000,0x0000,0x0000,0x0000,0x0000,0x0000,0x0000,0x0000,0x0000,0x0000,0x0000,0x0000,0x0000,0x0000,0x0000,0x0000,0x0000,0x0000,
    0x0000,0x0000,0x0000,0x0000,0x0000,0x0000,0x0000,0x0000,0x0000,0x0000,0x0000,0x0000,0x0000,0x0000,0x0000,0x0000,0x0000,0x0000,0x0000,0x0000,0x0000,0x0000,0x0000,0x0000,
    0x0000,0x0000,0x0000,0x0000,0x0000,0x0000,0x0000,0x0000,0x0000,0x0000,0x0000,0x0000,0x0000,0x0000,0x0000,0x0000,0x0000,0x0000,0x0000,0x0000,0x0000,0x0000,0x0000,0x0000,
    0x0000,0x0000,0x0000,0x0000,0x0000,0x0000,0x0000,0x0000,0x0000,0x0000,0x0000,0x0000,0x0000,0x0820,0x3903,0x59c5,0x59e6,0x6206,0x6206,0x6206,0x6227,0x6227,0x6207,0x59e6,
    0x5a06,0x59e6,0x6206,0x6207,0x51e6,0x59e6,0x5a06,0x6227,0x59e6,0x59e6,0x59e6,0x59c6,0x51c5,0x51c5,0x51c5,0x51c5,0x51c5,0x4985,0x4984,0x4985,0x51a5,0x6206,0x6a47,0x59c5,
    0x4984,0x3943,0x1061,0x0000,0x0000,0x0000,0x0000,0x0000,0x0000,0x0000,0x0000,0x0000,0x0000,0x0000,0x0000,0x0000,0x0000,0x0000,0x0000,0x0000,0x0000,0x0000,0x0000,0x0000,
    0x0000,0x0000,0x0000,0x0000,0x0000,0x0000,0x0000,0x0000,0x0000,0x0000,0x0000,0x0000,0x0000,0x0000,0x0000,0x0000,0x0000,0x0000,0x0000,0x0000,0x0000,0x0000,0x0000,0x0000,
    0x0000,0x0000,0x0000,0x0000,0x0000,0x0000,0x0000,0x0000,0x0000,0x0000,0x0000,0x0000,0x0000,0x0000,0x0000,0x0000,0x0000,0x0000,0x0000,0x0000,0x0000,0x0000,0x0000,0x0000,
    0x0000,0x0000,0x0000,0x0000,0x0000,0x0000,0x0000,0x0000,0x0000,0x0000,0x0000,0x0000,0x0000,0x0000,0x0000,0x0000,0x0000,0x0000,0x0000,0x0000,0x0000,0x0000,0x0000,0x0000,
    0x0000,0x0000,0x0000,0x0000,0x0000,0x0000,0x0000,0x0000,0x0000,0x0000,0x0000,0x0000,0x0000,0x0000,0x0000,0x0000,0x0000,0x0000,0x0000,0x0000,0x0000,0x0000,0x0000,0x0000,
    0x0000,0x0000,0x0000,0x0000,0x0820,0x3944,0x51c6,0x59e6,0x6206,0x59e6,0x59e6,0x6206,0x6206,0x6206,0x6206,0x6206,0x59e6,0x51e6,0x59e6,0x51c6,0x59e6,0x6227,0x6207,0x5a06,
    0x6206,0x6206,0x6206,0x6206,0x59e6,0x6206,0x6207,0x6a27,0x6207,0x6206,0x59e6,0x59e6,0x51c5,0x49a5,0x4964,0x51a5,0x6a27,0x7a88,0x59c5,0x0000,0x0000,0x0000,0x0000,0x0000,
    0x0000,0x0000,0x0000,0x0000,0x0000,0x0000,0x0000,0x0000,0x0000,0x0000,0x0000,0x0000,0x0000,0x0000,0x0000,0x0000,0x0000,0x0000,0x0000,0x0000,0x0000,0x0000,0x0000,0x0000,
    0x0000,0x0000,0x0000,0x0000,0x0000,0x0000,0x0000,0x0000,0x0000,0x0000,0x0000,0x0000,0x0000,0x0000,0x0000,0x0000,0x0000,0x0000,0x0000,0x0000,0x0000,0x0000,0x0000,0x0000,
    0x0000,0x0000,0x0000,0x0000,0x0000,0x0000,0x0000,0x0000,0x0000,0x0000,0x0000,0x0000,0x0000,0x0000,0x0000,0x0000,0x0000,0x0000,0x0000,0x0000,0x0000,0x0000,0x0000,0x0000,
    0x0000,0x0000,0x0000,0x0000,0x0000,0x0000,0x0000,0x0000,0x0000,0x0000,0x0000,0x0000,0x0000,0x0000,0x0000,0x0000,0x0000,0x0000,0x0000,0x0000,0x0000,0x0000,0x0000,0x0000,
    0x0000,0x0000,0x0000,0x0000,0x0000,0x0000,0x0000,0x0000,0x0000,0x0000,0x0000,0x0000,0x0000,0x0000,0x0000,0x0000,0x0000,0x0000,0x0000,0x0820,0x3103,0x4984,0x4985,0x4985,
    0x4184,0x4985,0x51c5,0x51e6,0x59e6,0x6207,0x6227,0x6a27,0x6227,0x5a06,0x59e6,0x59e6,0x6a27,0x59e6,0x4985,0x4144,0x4184,0x4984,0x3943,0x3123,0x3103,0x3923,0x4984,0x51a5,
    0x59e6,0x6206,0x6227,0x6a27,0x6a27,0x6227,0x6206,0x4985,0x59c5,0x6227,0x51c5,0x1041,0x0000,0x0000,0x0000,0x0000,0x0000,0x0000,0x0000,0x0000,0x0000,0x0000,0x0000,0x0000,
    0x0000,0x0000,0x0000,0x0000,0x0000,0x0000,0x0000,0x0000,0x0000,0x0000,0x0000,0x0000,0x0000,0x0000,0x0000,0x0000,0x0000,0x0000,0x0000,0x0000,0x0000,0x0000,0x0000,0x0000,
    0x0000,0x0000,0x0000,0x0000,0x0000,0x0000,0x0000,0x0000,0x0000,0x0000,0x0000,0x0000,0x0000,0x0000,0x0000,0x0000,0x0000,0x0000,0x0000,0x0000,0x0000,0x0000,0x0000,0x0000,
    0x0000,0x0000,0x0000,0x0000,0x0000,0x0000,0x0000,0x0000,0x0000,0x0000,0x0000,0x0000,0x0000,0x0000,0x0000,0x0000,0x0000,0x0000,0x0000,0x0000,0x0000,0x0000,0x0000,0x0000,
    0x0000,0x0000,0x0000,0x0000,0x0000,0x0000,0x0000,0x0000,0x0000,0x0000,0x0000,0x0000,0x0000,0x0000,0x0000,0x0000,0x0000,0x0000,0x0000,0x0000,0x0000,0x0000,0x0000,0x0000,
    0x0000,0x0000,0x0000,0x0000,0x0000,0x0000,0x0000,0x0000,0x0000,0x0000,0x1861,0x4164,0x51c5,0x51c5,0x59e6,0x59e6,0x6206,0x6227,0x6207,0x51a5,0x4985,0x49a5,0x59e6,0x6206,
    0x6207,0x6207,0x6207,0x6207,0x59e6,0x51c6,0x5a06,0x6a27,0x6206,0x6207,0x6206,0x59e6,0x49a5,0x3923,0x28e2,0x3103,0x3103,0x3943,0x59e6,0x6a27,0x6206,0x6206,0x6a27,0x6206,
    0x4984,0x6206,0x59e6,0x28c2,0x0000,0x0000,0x0000,0x0000,0x0000,0x0000,0x0000,0x0000,0x0000,0x0000,0x0000,0x0000,0x0000,0x0000,0x0000,0x0000,0x0000,0x0000,0x0000,0x0000,
    0x0000,0x0000,0x0000,0x0000,0x0000,0x0000,0x0000,0x0000,0x0000,0x0000,0x0000,0x0000,0x0000,0x0000,0x0000,0x0000,0x0000,0x0000,0x0000,0x0000,0x0000,0x0000,0x0000,0x0000,
    0x0000,0x0000,0x0000,0x0000,0x0000,0x0000,0x0000,0x0000,0x0000,0x0000,0x0000,0x0000,0x0000,0x0000,0x0000,0x0000,0x0000,0x0000,0x0000,0x0000,0x0000,0x0000,0x0000,0x0000,
    0x0000,0x0000,0x0000,0x0000,0x0000,0x0000,0x0000,0x0000,0x0000,0x0000,0x0000,0x0000,0x0000,0x0000,0x0000,0x0000,0x0000,0x0000,0x0000,0x0000,0x0000,0x0000,0x0000,0x0000,
    0x0000,0x0000,0x0000,0x0000,0x0000,0x0000,0x0000,0x0000,0x0000,0x0000,0x0000,0x0000,0x0000,0x0000,0x0000,0x0000,0x0000,0x0000,0x0000,0x0000,0x0000,0x0000,0x0000,0x0000,
    0x28c2,0x51a5,0x6206,0x6206,0x6207,0x6a27,0x6a47,0x6207,0x51a5,0x4144,0x3923,0x4164,0x4164,0x51c5,0x51c5,0x49a5,0x51e6,0x6206,0x6227,0x6206,0x51e6,0x49a5,0x4985,0x51c5,
    0x6207,0x6207,0x6206,0x6227,0x6a27,0x6227,0x4164,0x28e2,0x3103,0x3123,0x3923,0x6a27,0x6206,0x6206,0x6206,0x6206,0x4164,0x59e6,0x59e6,0x4144,0x1040,0x0000,0x0000,0x0000,
    0x0000,0x0000,0x0000,0x0000,0x0000,0x0000,0x0000,0x0000,0x0000,0x0000,0x0000,0x0000,0x0000,0x0000,0x0000,0x0000,0x0000,0x0000,0x0000,0x0000,0x0000,0x0000,0x0000,0x0000,
    0x0000,0x0000,0x0000,0x0000,0x0000,0x0000,0x0000,0x0000,0x0000,0x0000,0x0000,0x0000,0x0000,0x0000,0x0000,0x0000,0x0000,0x0000,0x0000,0x0000,0x0000,0x0000,0x0000,0x0000,
    0x0000,0x0000,0x0000,0x0000,0x0000,0x0000,0x0000,0x0000,0x0000,0x0000,0x0000,0x0000,0x0000,0x0000,0x0000,0x0000,0x0000,0x0000,0x0000,0x0000,0x0000,0x0000,0x0000,0x0000,
    0x0000,0x0000,0x0000,0x0000,0x0000,0x0000,0x0000,0x0000,0x0000,0x0000,0x0000,0x0000,0x0000,0x0000,0x0000,0x0000,0x0000,0x0000,0x0000,0x0000,0x0000,0x0000,0x0000,0x0000,
    0x0000,0x0000,0x0000,0x0000,0x0000,0x0000,0x0000,0x0000,0x0000,0x0000,0x0000,0x0000,0x0000,0x0000,0x1861,0x51a5,0x6a47,0x6226,0x6206,0x6207,0x6207,0x51c6,0x4164,0x3103,
    0x3103,0x49a5,0x51c5,0x4985,0x51c5,0x6206,0x51c6,0x59e6,0x59e6,0x6207,0x6207,0x6207,0x6206,0x51c6,0x59c6,0x49a5,0x4164,0x5a06,0x6227,0x6207,0x6207,0x6207,0x6a27,0x51c5,
    0x3103,0x3923,0x3103,0x51c5,0x6207,0x61e6,0x6206,0x6207,0x51c5,0x51a5,0x59e6,0x4164,0x28c2,0x0000,0x0000,0x0000,0x0000,0x0000,0x0000,0x0000,0x0000,0x0000,0x0000,0x0000,
    0x0000,0x0000,0x0000,0x0000,0x0000,0x0000,0x0000,0x0000,0x0000,0x0000,0x0000,0x0000,0x0000,0x0000,0x0000,0x0000,0x0000,0x0000,0x0000,0x0000,0x0000,0x0000,0x0000,0x0000,
    0x0000,0x0000,0x0000,0x0000,0x0000,0x0000,0x0000,0x0000,0x0000,0x0000,0x0000,0x0000,0x0000,0x0000,0x0000,0x0000,0x0000,0x0000,0x0000,0x0000,0x0000,0x0000,0x0000,0x0000,
    0x0000,0x0000,0x0000,0x0000,0x0000,0x0000,0x0000,0x0000,0x0000,0x0000,0x0000,0x0000,0x0000,0x0000,0x0000,0x0000,0x0000,0x0000,0x0000,0x0000,0x0000,0x0000,0x0000,0x0000,
    0x0000,0x0000,0x0000,0x0000,0x0000,0x0000,0x0000,0x0000,0x0000,0x0000,0x0000,0x0000,0x0000,0x0000,0x0000,0x0000,0x0000,0x0000,0x0000,0x0000,0x0000,0x0000,0x0000,0x0000,
    0x0000,0x0000,0x0000,0x0000,0x0000,0x28c2,0x6a26,0x6227,0x6206,0x6206,0x6a27,0x59e6,0x4164,0x30e2,0x28e2,0x4164,0x6207,0x6207,0x4184,0x51c6,0x6207,0x51c5,0x59e6,0x6207,
    0x6207,0x6227,0x6206,0x6206,0x6227,0x6a27,0x6206,0x6227,0x51c5,0x4164,0x6206,0x6227,0x6207,0x6207,0x59e6,0x6a47,0x6206,0x3103,0x28e2,0x4984,0x6a27,0x6206,0x6206,0x6206,
    0x59e6,0x49a5,0x59e6,0x4184,0x3923,0x1041,0x0000,0x0000,0x0000,0x0000,0x0000,0x0000,0x0000,0x0000,0x0000,0x0000,0x0000,0x0000,0x0000,0x0000,0x0000,0x0000,0x0000,0x0000,
    0x0000,0x0000,0x0000,0x0000,0x0000,0x0000,0x0000,0x0000,0x0000,0x0000,0x0000,0x0000,0x0000,0x0000,0x0000,0x0000,0x0000,0x0000,0x0000,0x0000,0x0000,0x0000,0x0000,0x0000,
    0x0000,0x0000,0x0000,0x0000,0x0000,0x0000,0x0000,0x0000,0x0000,0x0000,0x0000,0x0000,0x0000,0x0000,0x0000,0x0000,0x0000,0x0000,0x0000,0x0000,0x0000,0x0000,0x0000,0x0000,
    0x0000,0x0000,0x0000,0x0000,0x0000,0x0000,0x0000,0x0000,0x0000,0x0000,0x0000,0x0000,0x0000,0x0000,0x0000,0x0000,0x0000,0x0000,0x0000,0x0000,0x0000,0x0000,0x0000,0x0000,
    0x0000,0x0000,0x0000,0x0000,0x0000,0x0000,0x0000,0x0000,0x0000,0x0000,0x0000,0x0000,0x0000,0x0000,0x0000,0x0000,0x0000,0x0000,0x0000,0x0000,0x0000,0x51a5,0x6a27,0x6206,
    0x6206,0x6a27,0x4984,0x3923,0x3103,0x28e2,0x4985,0x6207,0x6207,0x49a5,0x59e6,0x6207,0x59e6,0x51a5,0x6227,0x6207,0x6227,0x6207,0x6207,0x59e6,0x6207,0x6227,0x6227,0x6206,
    0x6a27,0x59e6,0x4985,0x6207,0x6207,0x6207,0x6207,0x59e6,0x6227,0x59c6,0x28c2,0x3923,0x6a27,0x6207,0x6206,0x6206,0x6206,0x49a5,0x51c5,0x4984,0x3923,0x28e2,0x0000,0x0000,
    0x0000,0x0000,0x0000,0x0000,0x0000,0x0000,0x0000,0x0000,0x0000,0x0000,0x0000,0x0000,0x0000,0x0000,0x0000,0x0000,0x0000,0x0000,0x0000,0x0000,0x0000,0x0000,0x0000,0x0000,
    0x0000,0x0000,0x0000,0x0000,0x0000,0x0000,0x0000,0x0000,0x0000,0x0000,0x0000,0x0000,0x0000,0x0000,0x0000,0x0000,0x0000,0x0000,0x0000,0x0000,0x0000,0x0000,0x0000,0x0000,
    0x0000,0x0000,0x0000,0x0000,0x0000,0x0000,0x0000,0x0000,0x0000,0x0000,0x0000,0x0000,0x0000,0x0000,0x0000,0x0000,0x0000,0x0000,0x0000,0x0000,0x0000,0x0000,0x0000,0x0000,
    0x0000,0x0000,0x0000,0x0000,0x0000,0x0000,0x0000,0x0000,0x0000,0x0000,0x0000,0x0000,0x0000,0x0000,0x0000,0x0000,0x0000,0x0000,0x0000,0x0000,0x0000,0x0000,0x0000,0x0000,
    0x0000,0x0000,0x0000,0x0000,0x0000,0x0000,0x0000,0x0000,0x0000,0x0000,0x0000,0x0000,0x1061,0x6206,0x6206,0x6207,0x6206,0x4164,0x3103,0x3923,0x28e2,0x49a5,0x6207,0x6207,
    0x59e6,0x59e6,0x6207,0x6207,0x51c6,0x59e6,0x6206,0x6207,0x6207,0x6207,0x6207,0x59e6,0x59e6,0x6227,0x6207,0x6207,0x6207,0x6a27,0x51c6,0x51a5,0x6a27,0x6207,0x6207,0x6227,
    0x51e6,0x59e6,0x59c5,0x20a2,0x59e6,0x6227,0x6206,0x6206,0x6207,0x51c6,0x51a5,0x49a5,0x3903,0x4964,0x0820,0x0000,0x0000,0x0000,0x0000,0x0000,0x0000,0x0000,0x0000,0x0000,
    0x0000,0x0000,0x0000,0x0000,0x0000,0x0000,0x0000,0x0000,0x0000,0x0000,0x0000,0x0000,0x0000,0x0000,0x0000,0x0000,0x0000,0x0000,0x0000,0x0000,0x0000,0x0000,0x0000,0x0000,
    0x0000,0x0000,0x0000,0x0000,0x0000,0x0000,0x0000,0x0000,0x0000,0x0000,0x0000,0x0000,0x0000,0x0000,0x0000,0x0000,0x0000,0x0000,0x0000,0x0000,0x0000,0x0000,0x0000,0x0000,
    0x0000,0x0000,0x0000,0x0000,0x0000,0x0000,0x0000,0x0000,0x0000,0x0000,0x0000,0x0000,0x0000,0x0000,0x0000,0x0000,0x0000,0x0000,0x0000,0x0000,0x0000,0x0000,0x0000,0x0000,
    0x0000,0x0000,0x0000,0x0000,0x0000,0x0000,0x0000,0x0000,0x0000,0x0000,0x0000,0x0000,0x0000,0x0000,0x0000,0x0000,0x0000,0x0000,0x0000,0x0000,0x0000,0x0000,0x0000,0x0000,
    0x0000,0x0000,0x0000,0x0000,0x28a2,0x6a26,0x6206,0x6207,0x49a5,0x3103,0x3923,0x28e2,0x49a5,0x6207,0x6207,0x6206,0x59e6,0x6207,0x6206,0x6206,0x59e6,0x6206,0x6206,0x6207,
    0x6207,0x6207,0x6207,0x6207,0x49a5,0x6207,0x6207,0x6207,0x6207,0x6207,0x6227,0x4184,0x59e6,0x6a27,0x6207,0x6207,0x6207,0x49a5,0x59e6,0x3923,0x4984,0x6a27,0x6206,0x6206,
    0x6207,0x59e6,0x51a5,0x51c5,0x3923,0x51c5,0x20a2,0x0000,0x0000,0x0000,0x0000,0x0000,0x0000,0x0000,0x0000,0x0000,0x0000,0x0000,0x0000,0x0000,0x0000,0x0000,0x0000,0x0000,
    0x0000,0x0000,0x0000,0x0000,0x0000,0x0000,0x0000,0x0000,0x0000,0x0000,0x0000,0x0000,0x0000,0x0000,0x0000,0x0000,0x0000,0x0000,0x0000,0x0000,0x0000,0x0000,0x0000,0x0000,
    0x0000,0x0000,0x0000,0x0000,0x0000,0x0000,0x0000,0x0000,0x0000,0x0000,0x0000,0x0000,0x0000,0x0000,0x0000,0x0000,0x0000,0x0000,0x0000,0x0000,0x0000,0x0000,0x0000,0x0000,
    0x0000,0x0000,0x0000,0x0000,0x0000,0x0000,0x0000,0x0000,0x0000,0x0000,0x0000,0x0000,0x0000,0x0000,0x0000,0x0000,0x0000,0x0000,0x0000,0x0000,0x0000,0x0000,0x0000,0x0000,
    0x0000,0x0000,0x0000,0x0000,0x0000,0x0000,0x0000,0x0000,0x0000,0x0000,0x0000,0x0000,0x0000,0x0000,0x0000,0x0000,0x0000,0x0000,0x0000,0x0000,0x3923,0x6a27,0x61e6,0x6206,
    0x4164,0x3123,0x28e2,0x4144,0x6227,0x6206,0x6207,0x59e6,0x6207,0x6207,0x6207,0x6206,0x59e6,0x6207,0x6206,0x6207,0x6207,0x6207,0x6207,0x6a27,0x4985,0x59c6,0x6a27,0x6207,
    0x6207,0x6207,0x6a27,0x59e6,0x4185,0x6207,0x6a27,0x6a27,0x6a27,0x6207,0x49a5,0x4985,0x4144,0x6a27,0x61e6,0x6206,0x6206,0x6206,0x51a5,0x51c5,0x3944,0x59c5,0x4144,0x0000,
    0x0000,0x0000,0x0000,0x0000,0x0000,0x0000,0x0000,0x0000,0x0000,0x0000,0x0000,0x0000,0x0000,0x0000,0x0000,0x0000,0x0000,0x0000,0x0000,0x0000,0x0000,0x0000,0x0000,0x0000,
    0x0000,0x0000,0x0000,0x0000,0x0000,0x0000,0x0000,0x0000,0x0000,0x0000,0x0000,0x0000,0x0000,0x0000,0x0000,0x0000,0x0000,0x0000,0x0000,0x0000,0x0000,0x0000,0x0000,0x0000,
    0x0000,0x0000,0x0000,0x0000,0x0000,0x0000,0x0000,0x0000,0x0000,0x0000,0x0000,0x0000,0x0000,0x0000,0x0000,0x0000,0x0000,0x0000,0x0000,0x0000,0x0000,0x0000,0x0000,0x0000,
    0x0000,0x0000,0x0000,0x0000,0x0000,0x0000,0x0000,0x0000,0x0000,0x0000,0x0000,0x0000,0x0000,0x0000,0x0000,0x0000,0x0000,0x0000,0x0000,0x0000,0x0000,0x0000,0x0000,0x0000,
    0x0000,0x0000,0x0000,0x0000,0x0000,0x0000,0x0000,0x0000,0x0000,0x0000,0x0000,0x0000,0x4984,0x6206,0x61e6,0x59c6,0x4164,0x3103,0x3103,0x6206,0x6207,0x6207,0x59e6,0x59e6,
    0x6207,0x6206,0x6207,0x59e6,0x6206,0x5a06,0x59e6,0x6207,0x6207,0x6207,0x6207,0x6a27,0x51c5,0x4985,0x6a27,0x6207,0x6207,0x6227,0x6207,0x7247,0x4185,0x51a5,0x6a27,0x7247,
    0x6a27,0x6a27,0x59e6,0x4985,0x4164,0x6206,0x6206,0x6206,0x6206,0x6206,0x51c5,0x51c5,0x4164,0x51a5,0x59c5,0x0820,0x0000,0x0000,0x0000,0x0000,0x0000,0x0000,0x0000,0x0000,
    0x0000,0x0000,0x0000,0x0000,0x0000,0x0000,0x0000,0x0000,0x0000,0x0000,0x0000,0x0000,0x0000,0x0000,0x0000,0x0000,0x0000,0x0000,0x0000,0x0000,0x0000,0x0000,0x0000,0x0000,
    0x0000,0x0000,0x0000,0x0000,0x0000,0x0000,0x0000,0x0000,0x0000,0x0000,0x0000,0x0000,0x0000,0x0000,0x0000,0x0000,0x0000,0x0000,0x0000,0x0000,0x0000,0x0000,0x0000,0x0000,
    0x0000,0x0000,0x0000,0x0000,0x0000,0x0000,0x0000,0x0000,0x0000,0x0000,0x0000,0x0000,0x0000,0x0000,0x0000,0x0000,0x0000,0x0000,0x0000,0x0000,0x0000,0x0000,0x0000,0x0000,
    0x0000,0x0000,0x0000,0x0000,0x0000,0x0000,0x0000,0x0000,0x0000,0x0000,0x0000,0x0000,0x0000,0x0000,0x0000,0x0000,0x0000,0x0000,0x0000,0x0000,0x0000,0x0000,0x0000,0x0000,
    0x0000,0x0000,0x0000,0x0820,0x59c5,0x6207,0x61e6,0x49a5,0x3944,0x28e2,0x51c5,0x6a27,0x59e6,0x61e6,0x49a5,0x6206,0x6207,0x6206,0x6207,0x51c6,0x6207,0x59e6,0x6206,0x6227,
    0x6207,0x6207,0x6207,0x6207,0x6206,0x4164,0x6227,0x6227,0x6227,0x6227,0x6227,0x6a47,0x59e6,0x4164,0x6206,0x6a27,0x6227,0x6206,0x6207,0x49a5,0x4164,0x59c6,0x6207,0x6206,
    0x6206,0x6207,0x59e6,0x51a5,0x4164,0x4964,0x6206,0x20a1,0x0000,0x0000,0x0000,0x0000,0x0000,0x0000,0x0000,0x0000,0x0000,0x0000,0x0000,0x0000,0x0000,0x0000,0x0000,0x0000,
    0x0000,0x0000,0x0000,0x0000,0x0000,0x0000,0x0000,0x0000,0x0000,0x0000,0x0000,0x0000,0x0000,0x0000,0x0000,0x0000,0x0000,0x0000,0x0000,0x0000,0x0000,0x0000,0x0000,0x0000,
    0x0000,0x0000,0x0000,0x0000,0x0000,0x0000,0x0000,0x0000,0x0000,0x0000,0x0000,0x0000,0x0000,0x0000,0x0000,0x0000,0x0000,0x0000,0x0000,0x0000,0x0000,0x0000,0x0000,0x0000,
    0x0000,0x0000,0x0000,0x0000,0x0000,0x0000,0x0000,0x0000,0x0000,0x0000,0x0000,0x0000,0x0000,0x0000,0x0000,0x0000,0x0000,0x0000,0x0000,0x0000,0x0000,0x0000,0x0000,0x0000,
    0x0000,0x0000,0x0000,0x0000,0x0000,0x0000,0x0000,0x0000,0x0000,0x0000,0x0000,0x0000,0x0000,0x0000,0x0000,0x0000,0x0000,0x0000,0x0000,0x1040,0x61e6,0x6207,0x59e6,0x49a5,
    0x30e3,0x3944,0x7267,0x6a27,0x6227,0x51a5,0x51a5,0x6a27,0x6207,0x6207,0x59e6,0x51a5,0x6a27,0x51c5,0x6227,0x6227,0x6227,0x6207,0x6207,0x5a06,0x6a27,0x4164,0x51c6,0x6a27,
    0x6a27,0x6a27,0x6a47,0x59e6,0x7267,0x4984,0x59e6,0x6206,0x6207,0x6207,0x6206,0x61e6,0x3944,0x51a5,0x6207,0x6206,0x6207,0x6207,0x59e6,0x51a5,0x4184,0x4164,0x6a27,0x4124,
    0x0000,0x0000,0x0000,0x0000,0x0000,0x0000,0x0000,0x0000,0x0000,0x0000,0x0000,0x0000,0x0000,0x0000,0x0000,0x0000,0x0000,0x0000,0x0000,0x0000,0x0000,0x0000,0x0000,0x0000,
    0x0000,0x0000,0x0000,0x0000,0x0000,0x0000,0x0000,0x0000,0x0000,0x0000,0x0000,0x0000,0x0000,0x0000,0x0000,0x0000,0x0000,0x0000,0x0000,0x0000,0x0000,0x0000,0x0000,0x0000,
    0x0000,0x0000,0x0000,0x0000,0x0000,0x0000,0x0000,0x0000,0x0000,0x0000,0x0000,0x0000,0x0000,0x0000,0x0000,0x0000,0x0000,0x0000,0x0000,0x0000,0x0000,0x0000,0x0000,0x0000,
    0x0000,0x0000,0x0000,0x0000,0x0000,0x0000,0x0000,0x0000,0x0000,0x0000,0x0000,0x0000,0x0000,0x0000,0x0000,0x0000,0x0000,0x0000,0x0000,0x0000,0x0000,0x0000,0x0000,0x0000,
    0x0000,0x0000,0x0000,0x0000,0x0000,0x0000,0x0000,0x0000,0x0000,0x0000,0x0000,0x1881,0x6206,0x6206,0x51c5,0x49a5,0x28c2,0x59e6,0x7247,0x7247,0x6227,0x4164,0x59e6,0x6a47,
    0x6227,0x6227,0x51c5,0x59c6,0x6a27,0x49a5,0x6207,0x6a27,0x6a27,0x6227,0x6207,0x59e6,0x6a47,0x4164,0x4164,0x7267,0x6a27,0x7267,0x6a27,0x59e6,0x6a27,0x59e6,0x51a5,0x59e6,
    0x6206,0x6227,0x59e6,0x6206,0x4164,0x4144,0x6207,0x6207,0x6207,0x6207,0x6206,0x51c5,0x4184,0x4164,0x6a27,0x51c5,0x0000,0x0000,0x0000,0x0000,0x0000,0x0000,0x0000,0x0000,
    0x0000,0x0000,0x0000,0x0000,0x0000,0x0000,0x0000,0x0000,0x0000,0x0000,0x0000,0x0000,0x0000,0x0000,0x0000,0x0000,0x0000,0x0000,0x0000,0x0000,0x0000,0x0000,0x0000,0x0000,
    0x0000,0x0000,0x0000,0x0000,0x0000,0x0000,0x0000,0x0000,0x0000,0x0000,0x0000,0x0000,0x0000,0x0000,0x0000,0x0000,0x0000,0x0000,0x0000,0x0000,0x0000,0x0000,0x0000,0x0000,
    0x0000,0x0000,0x0000,0x0000,0x0000,0x0000,0x0000,0x0000,0x0000,0x0000,0x0000,0x0000,0x0000,0x0000,0x0000,0x0000,0x0000,0x0000,0x0000,0x0000,0x0000,0x0000,0x0000,0x0000,
    0x0000,0x0000,0x0000,0x0000,0x0000,0x0000,0x0000,0x0000,0x0000,0x0000,0x0000,0x0000,0x0000,0x0000,0x0000,0x0000,0x0000,0x0000,0x0000,0x0000,0x0000,0x0000,0x0000,0x0000,
    0x0000,0x0000,0x0000,0x28c2,0x6a27,0x6207,0x49a5,0x3944,0x4144,0x6227,0x6206,0x6a47,0x59e6,0x4164,0x6207,0x7247,0x6a27,0x6227,0x4985,0x6206,0x6206,0x4164,0x6227,0x6a47,
    0x7a87,0x6a47,0x6227,0x59e6,0x6206,0x51c5,0x3103,0x6a27,0x6227,0x6a27,0x6207,0x6227,0x51c5,0x6207,0x4164,0x5a06,0x59e6,0x6207,0x6207,0x51c5,0x51c6,0x3923,0x6207,0x6207,
    0x6207,0x6206,0x6206,0x51c5,0x4985,0x4164,0x6206,0x6206,0x1861,0x0000,0x0000,0x0000,0x0000,0x0000,0x0000,0x0000,0x0000,0x0000,0x0000,0x0000,0x0000,0x0000,0x0000,0x0000,
    0x0000,0x0000,0x0000,0x0000,0x0000,0x0000,0x0000,0x0000,0x0000,0x0000,0x0000,0x0000,0x0000,0x0000,0x0000,0x0000,0x0000,0x0000,0x0000,0x0000,0x0000,0x0000,0x0000,0x0000,
    0x0000,0x0000,0x0000,0x0000,0x0000,0x0000,0x0000,0x0000,0x0000,0x0000,0x0000,0x0000,0x0000,0x0000,0x0000,0x0000,0x0000,0x0000,0x0000,0x0000,0x0000,0x0000,0x0000,0x0000,
    0x0000,0x0000,0x0000,0x0000,0x0000,0x0000,0x0000,0x0000,0x0000,0x0000,0x0000,0x0000,0x0000,0x0000,0x0000,0x0000,0x0000,0x0000,0x0000,0x0000,0x0000,0x0000,0x0000,0x0000,
    0x0000,0x0000,0x0000,0x0000,0x0000,0x0000,0x0000,0x0000,0x0000,0x0000,0x0000,0x0000,0x0000,0x0000,0x0000,0x0000,0x0000,0x0000,0x0000,0x30e2,0x6a27,0x59e6,0x49a5,0x3103,
    0x51c6,0x6227,0x59e6,0x6207,0x49a5,0x4985,0x6a27,0x6a27,0x6207,0x6206,0x4164,0x6a27,0x59e6,0x4144,0x6207,0x6a47,0x7267,0x6a47,0x6227,0x59e6,0x51a5,0x6206,0x4984,0x59e6,
    0x6207,0x6207,0x6207,0x6a27,0x51a5,0x59e6,0x4185,0x59e6,0x59e6,0x6206,0x6206,0x51a5,0x51c5,0x4144,0x61e6,0x6207,0x6207,0x6206,0x6206,0x59e6,0x49a5,0x4164,0x59e6,0x6a27,
    0x30e3,0x0000,0x0000,0x0000,0x0000,0x0000,0x0000,0x0000,0x0000,0x0000,0x0000,0x0000,0x0000,0x0000,0x0000,0x0000,0x0000,0x0000,0x0000,0x0000,0x0000,0x0000,0x0000,0x0000,
    0x0000,0x0000,0x0000,0x0000,0x0000,0x0000,0x0000,0x0000,0x0000,0x0000,0x0000,0x0000,0x0000,0x0000,0x0000,0x0000,0x0000,0x0000,0x0000,0x0000,0x0000,0x0000,0x0000,0x0000,
    0x0000,0x0000,0x0000,0x0000,0x0000,0x0000,0x0000,0x0000,0x0000,0x0000,0x0000,0x0000,0x0000,0x0000,0x0000,0x0000,0x0000,0x0000,0x0000,0x0000,0x0000,0x0000,0x0000,0x0000,
    0x0000,0x0000,0x0000,0x0000,0x0000,0x0000,0x0000,0x0000,0x0000,0x0000,0x0000,0x0000,0x0000,0x0000,0x0000,0x0000,0x0000,0x0000,0x0000,0x0000,0x0000,0x0000,0x0000,0x0000,
    0x0000,0x0000,0x0000,0x0000,0x0000,0x0000,0x0000,0x0000,0x0000,0x0000,0x0000,0x3923,0x6a27,0x51c5,0x4985,0x4144,0x6207,0x6206,0x59e6,0x6206,0x4164,0x51c5,0x6a27,0x6207,
    0x6207,0x59e6,0x3944,0x6a27,0x51c5,0x4144,0x6207,0x6a27,0x6a47,0x6227,0x6227,0x6206,0x4164,0x59e6,0x82c8,0x51c5,0x59e6,0x6206,0x6207,0x6207,0x51c6,0x51a5,0x49a5,0x51a5,
    0x6206,0x59e6,0x59e6,0x51c5,0x4985,0x4964,0x59c6,0x6227,0x6206,0x5a06,0x6206,0x59e6,0x51a5,0x4144,0x59c5,0x6a27,0x4143,0x0000,0x0000,0x0000,0x0000,0x0000,0x0000,0x0000,
    0x0000,0x0000,0x0000,0x0000,0x0000,0x0000,0x0000,0x0000,0x0000,0x0000,0x0000,0x0000,0x0000,0x0000,0x0000,0x0000,0x0000,0x0000,0x0000,0x0000,0x0000,0x0000,0x0000,0x0000,
    0x0000,0x0000,0x0000,0x0000,0x0000,0x0000,0x0000,0x0000,0x0000,0x0000,0x0000,0x0000,0x0000,0x0000,0x0000,0x0000,0x0000,0x0000,0x0000,0x0000,0x0000,0x0000,0x0000,0x0000,
    0x0000,0x0000,0x0000,0x0000,0x0000,0x0000,0x0000,0x0000,0x0000,0x0000,0x0000,0x0000,0x0000,0x0000,0x0000,0x0000,0x0000,0x0000,0x0000,0x0000,0x0000,0x0000,0x0000,0x0000,
    0x0000,0x0000,0x0000,0x0000,0x0000,0x0000,0x0000,0x0000,0x0000,0x0000,0x0000,0x0000,0x0000,0x0000,0x0000,0x0000,0x0000,0x0000,0x0000,0x0000,0x0000,0x0000,0x0000,0x0000,
    0x0000,0x0000,0x0000,0x4144,0x6a27,0x59c6,0x3944,0x51a5,0x6a27,0x59e6,0x59e6,0x6206,0x3944,0x59c6,0x6207,0x6207,0x6207,0x51a5,0x3103,0x6a27,0x59c6,0x3943,0x6206,0x6206,
    0x6227,0x6227,0x6207,0x6207,0x4164,0x59c6,0x932a,0x6a27,0x59e6,0x59e6,0x6206,0x59e6,0x6207,0x3943,0x6206,0x6206,0x59c6,0x51c5,0x59e6,0x51c5,0x4984,0x4164,0x51c5,0x6207,
    0x6206,0x59e6,0x59e6,0x59e6,0x51a5,0x4144,0x51a5,0x6206,0x51a5,0x0000,0x0000,0x0000,0x0000,0x0000,0x0000,0x0000,0x0000,0x0000,0x0000,0x0000,0x0000,0x0000,0x0000,0x0000,
    0x0000,0x0000,0x0000,0x0000,0x0000,0x0000,0x0000,0x0000,0x0000,0x0000,0x0000,0x0000,0x0000,0x0000,0x0000,0x0000,0x0000,0x0000,0x0000,0x0000,0x0000,0x0000,0x0000,0x0000,
    0x0000,0x0000,0x0000,0x0000,0x0000,0x0000,0x0000,0x0000,0x0000,0x0000,0x0000,0x0000,0x0000,0x0000,0x0000,0x0000,0x0000,0x0000,0x0000,0x0000,0x0000,0x0000,0x0000,0x0000,
    0x0000,0x0000,0x0000,0x0000,0x0000,0x0000,0x0000,0x0000,0x0000,0x0000,0x0000,0x0000,0x0000,0x0000,0x0000,0x0000,0x0000,0x0000,0x0000,0x0000,0x0000,0x0000,0x0000,0x0000,
    0x0000,0x0000,0x0000,0x0000,0x0000,0x0000,0x0000,0x0000,0x0000,0x0000,0x0000,0x0000,0x0000,0x0000,0x0000,0x0000,0x0000,0x0000,0x0000,0x4164,0x6207,0x59e6,0x3944,0x59e6,
    0x6207,0x59e6,0x6206,0x59e6,0x4164,0x59e6,0x59e6,0x6207,0x6227,0x4985,0x3923,0x7247,0x51c5,0x3923,0x59e6,0x59e6,0x6207,0x6207,0x6207,0x6227,0x49a5,0x4985,0x7a88,0xab8b,
    0x61e6,0x51c5,0x59e6,0x59e6,0x6206,0x6206,0x51a5,0x6a67,0x6227,0x4964,0x59e6,0x51c5,0x49a5,0x3923,0x4985,0x6207,0x6207,0x6206,0x59e6,0x61e6,0x51a5,0x4164,0x4985,0x6206,
    0x61e6,0x1040,0x0000,0x0000,0x0000,0x0000,0x0000,0x0000,0x0000,0x0000,0x0000,0x0000,0x0000,0x0000,0x0000,0x0000,0x0000,0x0000,0x0000,0x0000,0x0000,0x0000,0x0000,0x0000,
    0x0000,0x0000,0x0000,0x0000,0x0000,0x0000,0x0000,0x0000,0x0000,0x0000,0x0000,0x0000,0x0000,0x0000,0x0000,0x0000,0x0000,0x0000,0x0000,0x0000,0x0000,0x0000,0x0000,0x0000,
    0x0000,0x0000,0x0000,0x0000,0x0000,0x0000,0x0000,0x0000,0x0000,0x0000,0x0000,0x0000,0x0000,0x0000,0x0000,0x0000,0x0000,0x0000,0x0000,0x0000,0x0000,0x0000,0x0000,0x0000,
    0x0000,0x0000,0x0000,0x0000,0x0000,0x0000,0x0000,0x0000,0x0000,0x0000,0x0000,0x0000,0x0000,0x0000,0x0000,0x0000,0x0000,0x0000,0x0000,0x0000,0x0000,0x0000,0x0000,0x0000,
    0x0000,0x0000,0x0000,0x0000,0x0000,0x0000,0x0000,0x0000,0x0000,0x0000,0x0000,0x4985,0x6207,0x51c5,0x4164,0x6207,0x59e6,0x51c5,0x6207,0x51c6,0x4164,0x59e6,0x59e6,0x6206,
    0x6207,0x49a5,0x59e6,0x6a27,0x49a5,0x3923,0x6206,0x59e6,0x6207,0x6206,0x6206,0x6a27,0x49a5,0x3923,0x7268,0xd4cf,0x59c5,0x51c5,0x59e6,0x59e6,0x49a5,0x7aa8,0x6206,0x6227,
    0x72a9,0x5185,0x59e6,0x51c5,0x51a5,0x3923,0x4164,0x6227,0x6207,0x6206,0x59e6,0x61e6,0x49a5,0x4164,0x4164,0x6207,0x6206,0x20a2,0x0000,0x0000,0x0000,0x0000,0x0000,0x0000,
    0x0000,0x0000,0x0000,0x0000,0x0000,0x0000,0x0000,0x0000,0x0000,0x0000,0x0000,0x0000,0x0000,0x0000,0x0000,0x0000,0x0000,0x0000,0x0000,0x0000,0x0000,0x0000,0x0000,0x0000,
    0x0000,0x0000,0x0000,0x0000,0x0000,0x0000,0x0000,0x0000,0x0000,0x0000,0x0000,0x0000,0x0000,0x0000,0x0000,0x0000,0x0000,0x0000,0x0000,0x0000,0x0000,0x0000,0x0000,0x0000,
    0x0000,0x0000,0x0000,0x0000,0x0000,0x0000,0x0000,0x0000,0x0000,0x0000,0x0000,0x0000,0x0000,0x0000,0x0000,0x0000,0x0000,0x0000,0x0000,0x0000,0x0000,0x0000,0x0000,0x0000,
    0x0000,0x0000,0x0000,0x0000,0x0000,0x0000,0x0000,0x0000,0x0000,0x0000,0x0000,0x0000,0x0000,0x0000,0x0000,0x0000,0x0000,0x0000,0x0000,0x0000,0x0000,0x0000,0x0000,0x0000,
    0x0000,0x0000,0x0000,0x51a5,0x6a27,0x51a5,0x4984,0x6227,0x59e6,0x51c5,0x6207,0x51c5,0x4184,0x59e6,0x51e6,0x59e6,0x6206,0x6206,0x7288,0x6206,0x51c5,0x3103,0x59e6,0x59e6,
    0x6206,0x59e6,0x59e6,0x6207,0x59c5,0x51a5,0x6226,0xe510,0x7a88,0x51a5,0x51c5,0x59e6,0x4164,0x6227,0xa38b,0x59c6,0x7aa8,0x51c5,0x6a67,0x51c5,0x49a5,0x3923,0x3943,0x6207,
    0x6207,0x6207,0x59e6,0x61e6,0x49a5,0x4184,0x3923,0x6206,0x6227,0x3103,0x0000,0x0000,0x0000,0x0000,0x0000,0x0000,0x0000,0x0000,0x0000,0x0000,0x0000,0x0000,0x0000,0x0000,
    0x0000,0x0000,0x0000,0x0000,0x0000,0x0000,0x0000,0x0000,0x0000,0x0000,0x0000,0x0000,0x0000,0x0000,0x0000,0x0000,0x0000,0x0000,0x0000,0x0000,0x0000,0x0000,0x0000,0x0000,
    0x0000,0x0000,0x0000,0x0000,0x0000,0x0000,0x0000,0x0000,0x0000,0x0000,0x0000,0x0000,0x0000,0x0000,0x0000,0x0000,0x0000,0x0000,0x0000,0x0000,0x0000,0x0000,0x0000,0x0000,
    0x0000,0x0000,0x0000,0x0000,0x0000,0x0000,0x0000,0x0000,0x0000,0x0000,0x0000,0x0000,0x0000,0x0000,0x0000,0x0000,0x0000,0x0000,0x0000,0x0000,0x0000,0x0000,0x0000,0x0000,
    0x0000,0x0000,0x0000,0x0000,0x0000,0x0000,0x0000,0x0000,0x0000,0x0000,0x0000,0x0000,0x0000,0x0000,0x0000,0x0000,0x0000,0x0000,0x0000,0x51a5,0x6a27,0x4985,0x51a5,0x6207,
    0x59e6,0x51c5,0x6207,0x51c5,0x4985,0x51c6,0x51c5,0x59e6,0x59e6,0x7aa8,0x8b09,0x6206,0x51c6,0x3923,0x59e6,0x59e6,0x59e6,0x59e6,0x59e6,0x6206,0x6206,0x7267,0x4144,0xd531,
    0xc48f,0x59a5,0x4984,0x51c5,0x4985,0x51e6,0xccae,0x4984,0x9b8b,0x6a68,0x7287,0x51c5,0x49a5,0x3944,0x3923,0x6206,0x6206,0x6207,0x59e6,0x6206,0x51a5,0x4985,0x3103,0x59e6,
    0x6a27,0x4964,0x0000,0x0000,0x0000,0x0000,0x0000,0x0000,0x0000,0x0000,0x0000,0x0000,0x0000,0x0000,0x0000,0x0000,0x0000,0x0000,0x0000,0x0000,0x0000,0x0000,0x0000,0x0000,
    0x0000,0x0000,0x0000,0x0000,0x0000,0x0000,0x0000,0x0000,0x0000,0x0000,0x0000,0x0000,0x0000,0x0000,0x0000,0x0000,0x0000,0x0000,0x0000,0x0000,0x0000,0x0000,0x0000,0x0000,
    0x0000,0x0000,0x0000,0x0000,0x0000,0x0000,0x0000,0x0000,0x0000,0x0000,0x0000,0x0000,0x0000,0x0000,0x0000,0x0000,0x0000,0x0000,0x0000,0x0000,0x0000,0x0000,0x0000,0x0000,
    0x0000,0x0000,0x0000,0x0000,0x0000,0x0000,0x0000,0x0000,0x0000,0x0000,0x0000,0x0000,0x0000,0x0000,0x0000,0x0000,0x0000,0x0000,0x0000,0x0000,0x0000,0x0000,0x0000,0x0000,
    0x0000,0x0000,0x0000,0x0000,0x0000,0x0000,0x0000,0x0000,0x0000,0x0000,0x0000,0x51a5,0x6227,0x4164,0x51c6,0x6206,0x51c6,0x51a5,0x6207,0x49a5,0x4984,0x51a5,0x49a5,0x51e6,
    0x51c5,0x932a,0xa38b,0x59e6,0x49a5,0x51a5,0x6a47,0x49a5,0x51c6,0x59e6,0x51c5,0x6206,0x6206,0x8b09,0x4143,0xbcd0,0xee56,0x5184,0x59e6,0x59e6,0x49a5,0x4985,0xee15,0x7ac9,
    0x7287,0x6a47,0x6206,0x59e5,0x4984,0x3944,0x3103,0x61e6,0x6206,0x6206,0x59e6,0x6206,0x51a5,0x4985,0x3103,0x51c5,0x6227,0x51a5,0x0800,0x0000,0x0000,0x0000,0x0000,0x0000,
    0x0000,0x0000,0x0000,0x0000,0x0000,0x0000,0x0000,0x0000,0x0000,0x0000,0x0000,0x0000,0x0000,0x0000,0x0000,0x0000,0x0000,0x0000,0x0000,0x0000,0x0000,0x0000,0x0000,0x0000,
    0x0000,0x0000,0x0000,0x0000,0x0000,0x0000,0x0000,0x0000,0x0000,0x0000,0x0000,0x0000,0x0000,0x0000,0x0000,0x0000,0x0000,0x0000,0x0000,0x0000,0x0000,0x0000,0x0000,0x0000,
    0x0000,0x0000,0x0000,0x0000,0x0000,0x0000,0x0000,0x0000,0x0000,0x0000,0x0000,0x0000,0x0000,0x0000,0x0000,0x0000,0x0000,0x0000,0x0000,0x0000,0x0000,0x0000,0x0000,0x0000,
    0x0000,0x0000,0x0000,0x0000,0x0000,0x0000,0x0000,0x0000,0x0000,0x0000,0x0000,0x0000,0x0000,0x0000,0x0000,0x0000,0x0000,0x0000,0x0000,0x0000,0x0000,0x0000,0x0000,0x0000,
    0x0000,0x0000,0x0820,0x59c5,0x6227,0x4164,0x51c6,0x59e6,0x51c5,0x51c5,0x6207,0x49a5,0x4164,0x49a5,0x49a5,0x51c5,0x49a5,0xb40d,0xb44e,0x61e6,0x49a5,0x6226,0x7aa8,0x49a5,
    0x51a5,0x59e6,0x49a5,0x59e6,0x59e6,0xabab,0x59e5,0xac2e,0xff9b,0x6247,0x6206,0x7a88,0x4164,0x51c5,0x9c2e,0x72c9,0x61e5,0x8287,0x7aa8,0xa3ab,0x4164,0x4984,0x3103,0x59e6,
    0x6206,0x6206,0x59e6,0x6206,0x51c5,0x4985,0x3103,0x4985,0x6207,0x59e6,0x1040,0x0000,0x0000,0x0000,0x0000,0x0000,0x0000,0x0000,0x0000,0x0000,0x0000,0x0000,0x0000,0x0000,
    0x0000,0x0000,0x0000,0x0000,0x0000,0x0000,0x0000,0x0000,0x0000,0x0000,0x0000,0x0000,0x0000,0x0000,0x0000,0x0000,0x0000,0x0000,0x0000,0x0000,0x0000,0x0000,0x0000,0x0000,
    0x0000,0x0000,0x0000,0x0000,0x0000,0x0000,0x0000,0x0000,0x0000,0x0000,0x0000,0x0000,0x0000,0x0000,0x0000,0x0000,0x0000,0x0000,0x0000,0x0000,0x0000,0x0000,0x0000,0x0000,
    0x0000,0x0000,0x0000,0x0000,0x0000,0x0000,0x0000,0x0000,0x0000,0x0000,0x0000,0x0000,0x0000,0x0000,0x0000,0x0000,0x0000,0x0000,0x0000,0x0000,0x0000,0x0000,0x0000,0x0000,
    0x0000,0x0000,0x0000,0x0000,0x0000,0x0000,0x0000,0x0000,0x0000,0x0000,0x0000,0x0000,0x0000,0x0000,0x0000,0x0000,0x0000,0x0000,0x0820,0x59e6,0x6227,0x4164,0x51a5,0x59e6,
    0x51c5,0x51c5,0x6207,0x49a5,0x4164,0x51a5,0x4984,0x51a5,0x4985,0xc44e,0xc532,0x61e6,0x51c5,0x7267,0xabcc,0x51a5,0x4985,0x51c6,0x49a5,0x51c6,0x51c5,0xb3ec,0x7a88,0x830a,
    0xffdc,0x8bad,0x5a07,0xac4e,0x4143,0x4164,0xa44f,0xddf5,0x7288,0xb3ec,0x6288,0xdd51,0x4964,0x49a5,0x4985,0x51a5,0x6207,0x61e6,0x59e6,0x6206,0x59c6,0x4164,0x3103,0x4164,
    0x6207,0x6206,0x2081,0x0000,0x0000,0x0000,0x0000,0x0000,0x0000,0x0000,0x0000,0x0000,0x0000,0x0000,0x0000,0x0000,0x0000,0x0000,0x0000,0x0000,0x0000,0x0000,0x0000,0x0000,
    0x0000,0x0000,0x0000,0x0000,0x0000,0x0000,0x0000,0x0000,0x0000,0x0000,0x0000,0x0000,0x0000,0x0000,0x0000,0x0000,0x0000,0x0000,0x0000,0x0000,0x0000,0x0000,0x0000,0x0000,
    0x0000,0x0000,0x0000,0x0000,0x0000,0x0000,0x0000,0x0000,0x0000,0x0000,0x0000,0x0000,0x0000,0x0000,0x0000,0x0000,0x0000,0x0000,0x0000,0x0000,0x0000,0x0000,0x0000,0x0000,
    0x0000,0x0000,0x0000,0x0000,0x0000,0x0000,0x0000,0x0000,0x0000,0x0000,0x0000,0x0000,0x0000,0x0000,0x0000,0x0000,0x0000,0x0000,0x0000,0x0000,0x0000,0x0000,0x0000,0x0000,
    0x0000,0x0000,0x0000,0x0000,0x0000,0x0000,0x0000,0x0000,0x0000,0x0000,0x0840,0x61e6,0x6206,0x4964,0x49a5,0x59e6,0x51a5,0x51a5,0x6207,0x51c5,0x4984,0x59e6,0x4984,0x51c5,
    0x51c5,0xcc8e,0xde15,0x59e6,0x51c5,0x6a26,0xdd93,0x5a06,0x4164,0x51c5,0x51a5,0x51c5,0x51a5,0xabcc,0x9bcd,0x7288,0xffdc,0xc574,0x4144,0x8bad,0x5a27,0x3923,0xddd4,0xffdb,
    0x8b8c,0xcd73,0x72ca,0xf6d9,0x7267,0x4164,0x6a47,0x4164,0x6207,0x61e6,0x59e6,0x5a06,0x59e6,0x4164,0x3103,0x3944,0x6227,0x6a27,0x30e2,0x0000,0x0000,0x0000,0x0000,0x0000,
    0x0000,0x0000,0x0000,0x0000,0x0000,0x0000,0x0000,0x0000,0x0000,0x0000,0x0000,0x0000,0x0000,0x0000,0x0000,0x0000,0x0000,0x0000,0x0000,0x0000,0x0000,0x0000,0x0000,0x0000,
    0x0000,0x0000,0x0000,0x0000,0x0000,0x0000,0x0000,0x0000,0x0000,0x0000,0x0000,0x0000,0x0000,0x0000,0x0000,0x0000,0x0000,0x0000,0x0000,0x0000,0x0000,0x0000,0x0000,0x0000,
    0x0000,0x0000,0x0000,0x0000,0x0000,0x0000,0x0000,0x0000,0x0000,0x0000,0x0000,0x0000,0x0000,0x0000,0x0000,0x0000,0x0000,0x0000,0x0000,0x0000,0x0000,0x0000,0x0000,0x0000,
    0x0000,0x0000,0x0000,0x0000,0x0000,0x0000,0x0000,0x0000,0x0000,0x0000,0x0000,0x0000,0x0000,0x0000,0x0000,0x0000,0x0000,0x0000,0x0000,0x0000,0x0000,0x0000,0x0000,0x0000,
    0x0000,0x0000,0x1040,0x6206,0x59e6,0x4964,0x51a5,0x59e6,0x49a5,0x4985,0x6227,0x51e6,0x59e5,0x59e6,0x4984,0x49a5,0x4964,0xbc2d,0xe6da,0x7aa9,0x59e6,0x61e5,0xfed8,0x7b4b,
    0x3902,0x4984,0x51e6,0x49a5,0x51a5,0xa38b,0xbd32,0x6a47,0xff9b,0xa4f2,0x4943,0xe698,0x838c,0x4123,0xddd4,0xb553,0x5a27,0x3185,0x28e2,0x2944,0x3923,0x4144,0x8ae9,0x4984,
    0x6207,0x61e6,0x61e6,0x59e6,0x59e6,0x4164,0x3923,0x3923,0x6206,0x6a27,0x3944,0x0000,0x0000,0x0000,0x0000,0x0000,0x0000,0x0000,0x0000,0x0000,0x0000,0x0000,0x0000,0x0000,
    0x0000,0x0000,0x0000,0x0000,0x0000,0x0000,0x0000,0x0000,0x0000,0x0000,0x0000,0x0000,0x0000,0x0000,0x0000,0x0000,0x0000,0x0000,0x0000,0x0000,0x0000,0x0000,0x0000,0x0000,
    0x0000,0x0000,0x0000,0x0000,0x0000,0x0000,0x0000,0x0000,0x0000,0x0000,0x0000,0x0000,0x0000,0x0000,0x0000,0x0000,0x0000,0x0000,0x0000,0x0000,0x0000,0x0000,0x0000,0x0000,
    0x0000,0x0000,0x0000,0x0000,0x0000,0x0000,0x0000,0x0000,0x0000,0x0000,0x0000,0x0000,0x0000,0x0000,0x0000,0x0000,0x0000,0x0000,0x0000,0x0000,0x0000,0x0000,0x0000,0x0000,
    0x0000,0x0000,0x0000,0x0000,0x0000,0x0000,0x0000,0x0000,0x0000,0x0000,0x0000,0x0000,0x0000,0x0000,0x0000,0x0000,0x0000,0x0000,0x1041,0x6206,0x59e6,0x4984,0x49a5,0x51c6,
    0x49a5,0x4164,0x6227,0x59e6,0x6206,0x51a5,0x6206,0x4164,0x3103,0x82e9,0x838d,0x51c6,0x51a5,0x59e5,0xff39,0xbd74,0x30e2,0x59c5,0x59e6,0x49a5,0x51a5,0x9b4a,0xde15,0x6a47,
    0xde56,0xce36,0x6a47,0xf5f4,0xbcf2,0x3902,0x2903,0x0000,0x0841,0x0021,0x1082,0x39a6,0x2945,0x1040,0x1061,0x4964,0x6206,0x59e6,0x6206,0x59e6,0x59e6,0x4164,0x4164,0x3923,
    0x59e6,0x6207,0x4984,0x0000,0x0000,0x0000,0x0000,0x0000,0x0000,0x0000,0x0000,0x0000,0x0000,0x0000,0x0000,0x0000,0x0000,0x0000,0x0000,0x0000,0x0000,0x0000,0x0000,0x0000,
    0x0000,0x0000,0x0000,0x0000,0x0000,0x0000,0x0000,0x0000,0x0000,0x0000,0x0000,0x0000,0x0000,0x0000,0x0000,0x0000,0x0000,0x0000,0x0000,0x0000,0x0000,0x0000,0x0000,0x0000,
    0x0000,0x0000,0x0000,0x0000,0x0000,0x0000,0x0000,0x0000,0x0000,0x0000,0x0000,0x0000,0x0000,0x0000,0x0000,0x0000,0x0000,0x0000,0x0000,0x0000,0x0000,0x0000,0x0000,0x0000,
    0x0000,0x0000,0x0000,0x0000,0x0000,0x0000,0x0000,0x0000,0x0000,0x0000,0x0000,0x0000,0x0000,0x0000,0x0000,0x0000,0x0000,0x0000,0x0000,0x0000,0x0000,0x0000,0x0000,0x0000,
    0x0000,0x0000,0x0000,0x0000,0x0000,0x0000,0x0000,0x0000,0x0000,0x0000,0x1061,0x6227,0x59e6,0x4985,0x4164,0x49a5,0x51c5,0x3944,0x6207,0x51c5,0x7288,0x7267,0xabac,0x49a5,
    0x59c5,0xf5f3,0xffbb,0xa46f,0x6227,0x59c5,0x93cd,0xce16,0x5a07,0x6226,0x5a06,0x49a5,0x49a5,0x8ae9,0xf697,0x7b2b,0xff39,0xfef8,0x7ac8,0xd5f6,0x4a08,0x1020,0x0062,0x1168,
    0x0906,0x1127,0x00e6,0x4a6a,0xcdf7,0x5aaa,0x1061,0x5184,0x6207,0x59e6,0x6206,0x59e6,0x61e6,0x4984,0x4144,0x3103,0x51c6,0x6a27,0x59c6,0x0820,0x0000,0x0000,0x0000,0x0000,
    0x0000,0x0000,0x0000,0x0000,0x0000,0x0000,0x0000,0x0000,0x0000,0x0000,0x0000,0x0000,0x0000,0x0000,0x0000,0x0000,0x0000,0x0000,0x0000,0x0000,0x0000,0x0000,0x0000,0x0000,
    0x0000,0x0000,0x0000,0x0000,0x0000,0x0000,0x0000,0x0000,0x0000,0x0000,0x0000,0x0000,0x0000,0x0000,0x0000,0x0000,0x0000,0x0000,0x0000,0x0000,0x0000,0x0000,0x0000,0x0000,
    0x0000,0x0000,0x0000,0x0000,0x0000,0x0000,0x0000,0x0000,0x0000,0x0000,0x0000,0x0000,0x0000,0x0000,0x0000,0x0000,0x0000,0x0000,0x0000,0x0000,0x0000,0x0000,0x0000,0x0000,
    0x0000,0x0000,0x0000,0x0000,0x0000,0x0000,0x0000,0x0000,0x0000,0x0000,0x0000,0x0000,0x0000,0x0000,0x0000,0x0000,0x0000,0x0000,0x0000,0x0000,0x0000,0x0000,0x0000,0x0000,
    0x0000,0x0000,0x1861,0x6a27,0x59c6,0x4984,0x3944,0x4964,0x51c5,0x3923,0x59e6,0x51c5,0x82c8,0x7247,0xc48f,0x6268,0x59c5,0xe615,0xf73a,0xde36,0x9bac,0x59c5,0xcd10,0xded9,
    0xa491,0x51a5,0x7288,0x4985,0x4985,0x82c8,0xff19,0xa4b1,0xf6f9,0xfed7,0x8b6c,0x28e3,0x41e7,0x5aaa,0x6411,0x19ea,0x0106,0x0927,0x0906,0x10e5,0xc618,0xb596,0x4143,0x61e6,
    0x59e6,0x6206,0x6206,0x59e6,0x6206,0x51a5,0x3944,0x28e2,0x51c5,0x6a27,0x6206,0x1061,0x0000,0x0000,0x0000,0x0000,0x0000,0x0000,0x0000,0x0000,0x0000,0x0000,0x0000,0x0000,
    0x0000,0x0000,0x0000,0x0000,0x0000,0x0000,0x0000,0x0000,0x0000,0x0000,0x0000,0x0000,0x0000,0x0000,0x0000,0x0000,0x0000,0x0000,0x0000,0x0000,0x0000,0x0000,0x0000,0x0000,
    0x0000,0x0000,0x0000,0x0000,0x0000,0x0000,0x0000,0x0000,0x0000,0x0000,0x0000,0x0000,0x0000,0x0000,0x0000,0x0000,0x0000,0x0000,0x0000,0x0000,0x0000,0x0000,0x0000,0x0000,
    0x0000,0x0000,0x0000,0x0000,0x0000,0x0000,0x0000,0x0000,0x0000,0x0000,0x0000,0x0000,0x0000,0x0000,0x0000,0x0000,0x0000,0x0000,0x0000,0x0000,0x0000,0x0000,0x0000,0x0000,
    0x0000,0x0000,0x0000,0x0000,0x0000,0x0000,0x0000,0x0000,0x0000,0x0000,0x0000,0x0000,0x0000,0x0000,0x0000,0x0000,0x0000,0x0000,0x20a1,0x6a27,0x51a5,0x4985,0x4164,0x3944,
    0x51c5,0x3103,0x51c5,0x59e6,0x6a26,0x8aa8,0xbc8f,0x62ca,0x1860,0x18a2,0x18c3,0x2924,0x3985,0x3902,0xbcb0,0xffdd,0xeef9,0x49a5,0x9b4a,0x5a06,0x4164,0x82c9,0xff7b,0xbd53,
    0xf697,0xff9c,0x838c,0x3103,0xe6da,0x6b4d,0x00c5,0x0907,0x330f,0x330f,0x0969,0x0023,0xc618,0xc639,0x8b09,0x6a47,0x59e6,0x6206,0x6206,0x59e6,0x6206,0x4964,0x72a9,0x49c6,
    0x4164,0x6a47,0x6206,0x20a2,0x0000,0x0000,0x0000,0x0000,0x0000,0x0000,0x0000,0x0000,0x0000,0x0000,0x0000,0x0000,0x0000,0x0000,0x0000,0x0000,0x0000,0x0000,0x0000,0x0000,
    0x0000,0x0000,0x0000,0x0000,0x0000,0x0000,0x0000,0x0000,0x0000,0x0000,0x0000,0x0000,0x0000,0x0000,0x0000,0x0000,0x0000,0x0000,0x0000,0x0000,0x0000,0x0000,0x0000,0x0000,
    0x0000,0x0000,0x0000,0x0000,0x0000,0x0000,0x0000,0x0000,0x0000,0x0000,0x0000,0x0000,0x0000,0x0000,0x0000,0x0000,0x0000,0x0000,0x0000,0x0000,0x0000,0x0000,0x0000,0x0000,
    0x0000,0x0000,0x0000,0x0000,0x0000,0x0000,0x0000,0x0000,0x0000,0x0000,0x0000,0x0000,0x0000,0x0000,0x0000,0x0000,0x0000,0x0000,0x0000,0x0000,0x0000,0x0000,0x0000,0x0000,
    0x0000,0x0000,0x0000,0x0000,0x0000,0x0000,0x0000,0x0000,0x0000,0x0000,0x28a2,0x6a27,0x4984,0x51a5,0x4164,0x28e2,0x49a5,0x28e2,0x4985,0x6206,0x59c5,0xd4af,0x51e6,0x0000,
    0x3144,0x4a28,0x0062,0x00a4,0x0042,0x18a2,0x3144,0xacf2,0xff9b,0xa490,0x8b2a,0xac0d,0x3102,0x82c9,0xff18,0xe6b8,0xf719,0xff5a,0x9c0e,0xbd95,0xffff,0x6b6e,0x0107,0x32f0,
    0x0969,0x09a9,0x4bd3,0x8473,0xd6bb,0xe6fa,0xdd72,0x6a06,0x59e6,0x59e6,0x6206,0x51c5,0x6206,0x4964,0x8b0a,0x8b8c,0x3903,0x6a27,0x6a27,0x3903,0x0000,0x0000,0x0000,0x0000,
    0x0000,0x0000,0x0000,0x0000,0x0000,0x0000,0x0000,0x0000,0x0000,0x0000,0x0000,0x0000,0x0000,0x0000,0x0000,0x0000,0x0000,0x0000,0x0000,0x0000,0x0000,0x0000,0x0000,0x0000,
    0x0000,0x0000,0x0000,0x0000,0x0000,0x0000,0x0000,0x0000,0x0000,0x0000,0x0000,0x0000,0x0000,0x0000,0x0000,0x0000,0x0000,0x0000,0x0000,0x0000,0x0000,0x0000,0x0000,0x0000,
    0x0000,0x0000,0x0000,0x0000,0x0000,0x0000,0x0000,0x0000,0x0000,0x0000,0x0000,0x0000,0x0000,0x0000,0x0000,0x0000,0x0000,0x0000,0x0000,0x0000,0x0000,0x0000,0x0000,0x0000,
    0x0000,0x0000,0x0000,0x0000,0x0000,0x0000,0x0000,0x0000,0x0000,0x0000,0x0000,0x0000,0x0000,0x0000,0x0000,0x0000,0x0000,0x0000,0x0000,0x0000,0x0000,0x0000,0x0000,0x0000,
    0x0000,0x0000,0x28e2,0x6a27,0x4964,0x51c6,0x4144,0x28e2,0x4984,0x28e2,0x3923,0x6206,0x5a06,0x7247,0x1020,0x4a49,0xc5d6,0x6b4c,0x428b,0x4b0e,0x0106,0x0906,0x0862,0x18c3,
    0xd616,0xffbc,0x7b4b,0xe5d4,0x6a47,0x6247,0xff39,0xff3a,0xff3a,0xf719,0xde36,0xff9c,0xffff,0x9cd3,0x1a2d,0x5d7b,0x228c,0x228b,0x659a,0x8517,0xef5d,0xff19,0xf655,0x6206,
    0x59e6,0x59e6,0x59e6,0x51c6,0x5a06,0x4964,0x8b6c,0xa46f,0x28c2,0x6207,0x6a27,0x4964,0x0000,0x0000,0x0000,0x0000,0x0000,0x0000,0x0000,0x0000,0x0000,0x0000,0x0000,0x0000,
    0x0000,0x0000,0x0000,0x0000,0x0000,0x0000,0x0000,0x0000,0x0000,0x0000,0x0000,0x0000,0x0000,0x0000,0x0000,0x0000,0x0000,0x0000,0x0000,0x0000,0x0000,0x0000,0x0000,0x0000,
    0x0000,0x0000,0x0000,0x0000,0x0000,0x0000,0x0000,0x0000,0x0000,0x0000,0x0000,0x0000,0x0000,0x0000,0x0000,0x0000,0x0000,0x0000,0x0000,0x0000,0x0000,0x0000,0x0000,0x0000,
    0x0000,0x0000,0x0000,0x0000,0x0000,0x0000,0x0000,0x0000,0x0000,0x0000,0x0000,0x0000,0x0000,0x0000,0x0000,0x0000,0x0000,0x0000,0x0000,0x0000,0x0000,0x0000,0x0000,0x0000,
    0x0000,0x0000,0x0000,0x0000,0x0000,0x0000,0x0000,0x0000,0x0000,0x0000,0x0000,0x0000,0x0000,0x0000,0x0000,0x0000,0x0000,0x0000,0x3923,0x6a27,0x4984,0x51c6,0x3944,0x3923,
    0x4164,0x3103,0x20c2,0x51c5,0x59c6,0x932a,0x38e2,0xa4f3,0xef1c,0x9cd2,0x0084,0x1188,0x1188,0x42ed,0x0906,0x21a8,0xbd94,0xff5a,0xe697,0xeeb8,0xe615,0x938b,0xff7b,0xff19,
    0xff3a,0xff3a,0xff5a,0xff19,0xffde,0xef3c,0x2a2b,0x5d9a,0x86fc,0x7edc,0x4d99,0x328d,0xf75c,0xff3a,0xfef9,0x6a47,0x59e6,0x59e6,0x59e6,0x51e6,0x59e6,0x4964,0x8b6b,0x832b,
    0x20a1,0x6207,0x6227,0x51a5,0x0820,0x0000,0x0000,0x0000,0x0000,0x0000,0x0000,0x0000,0x0000,0x0000,0x0000,0x0000,0x0000,0x0000,0x0000,0x0000,0x0000,0x0000,0x0000,0x0000,
    0x0000,0x0000,0x0000,0x0000,0x0000,0x0000,0x0000,0x0000,0x0000,0x0000,0x0000,0x0000,0x0000,0x0000,0x0000,0x0000,0x0000,0x0000,0x0000,0x0000,0x0000,0x0000,0x0000,0x0000,
    0x0000,0x0000,0x0000,0x0000,0x0000,0x0000,0x0000,0x0000,0x0000,0x0000,0x0000,0x0000,0x0000,0x0000,0x0000,0x0000,0x0000,0x0000,0x0000,0x0000,0x0000,0x0000,0x0000,0x0000,
    0x0000,0x0000,0x0000,0x0000,0x0000,0x0000,0x0000,0x0000,0x0000,0x0000,0x0000,0x0000,0x0000,0x0000,0x0000,0x0000,0x0000,0x0000,0x0000,0x0000,0x0000,0x0000,0x0000,0x0000,
    0x0000,0x0000,0x0000,0x0000,0x0000,0x0000,0x0000,0x0000,0x0000,0x0000,0x4144,0x6a27,0x4164,0x51c6,0x3944,0x4164,0x4164,0x3923,0x20a2,0x3944,0x4985,0xabab,0xa3cc,0x62aa,
    0xffff,0xdedb,0x0906,0x120d,0x222c,0x2a2a,0x226c,0x9d98,0xeefa,0xff19,0xff5a,0xff3a,0xff3a,0xfef9,0xff3a,0xff3a,0xff3a,0xff3a,0xff3a,0xff39,0xff3b,0xffff,0x9cd3,0x22ad,
    0x5df9,0x5df9,0x1a8c,0xad13,0xff9b,0xf719,0xfef8,0x6a47,0x59e6,0x59e6,0x6206,0x51c5,0x59e6,0x49a5,0x6a47,0x4164,0x3103,0x59e6,0x6206,0x59e6,0x1861,0x0000,0x0000,0x0000,
    0x0000,0x0000,0x0000,0x0000,0x0000,0x0000,0x0000,0x0000,0x0000,0x0000,0x0000,0x0000,0x0000,0x0000,0x0000,0x0000,0x0000,0x0000,0x0000,0x0000,0x0000,0x0000,0x0000,0x0000,
    0x0000,0x0000,0x0000,0x0000,0x0000,0x0000,0x0000,0x0000,0x0000,0x0000,0x0000,0x0000,0x0000,0x0000,0x0000,0x0000,0x0000,0x0000,0x0000,0x0000,0x0000,0x0000,0x0000,0x0000,
    0x0000,0x0000,0x0000,0x0000,0x0000,0x0000,0x0000,0x0000,0x0000,0x0000,0x0000,0x0000,0x0000,0x0000,0x0000,0x0000,0x0000,0x0000,0x0000,0x0000,0x0000,0x0000,0x0000,0x0000,
    0x0000,0x0000,0x0000,0x0000,0x0000,0x0000,0x0000,0x0000,0x0000,0x0000,0x0000,0x0000,0x0000,0x0000,0x0000,0x0000,0x0000,0x0000,0x0000,0x0000,0x0000,0x0000,0x0000,0x0000,
    0x0000,0x0000,0x51a5,0x6226,0x3944,0x6206,0x3923,0x3944,0x4985,0x3923,0x3103,0x30e2,0x3923,0x5184,0xf676,0xc511,0xef3c,0xffff,0x8493,0x5c56,0x4496,0x1a2a,0x3bd1,0x6518,
    0xce17,0xff7a,0xf719,0xff39,0xff19,0xff3a,0xff3a,0xff3a,0xff3a,0xff3a,0xff3a,0xff3a,0xff39,0xff3a,0xffbd,0x840f,0x73ef,0x94d2,0xbd74,0xff3a,0xff19,0xff3a,0xfef9,0x7247,
    0x59c6,0x59e6,0x6206,0x51c5,0x59c6,0x59e6,0x3103,0x3103,0x3103,0x51c5,0x6206,0x6206,0x28c2,0x0000,0x0000,0x0000,0x0000,0x0000,0x0000,0x0000,0x0000,0x0000,0x0000,0x0000,
    0x0000,0x0000,0x0000,0x0000,0x0000,0x0000,0x0000,0x0000,0x0000,0x0000,0x0000,0x0000,0x0000,0x0000,0x0000,0x0000,0x0000,0x0000,0x0000,0x0000,0x0000,0x0000,0x0000,0x0000,
    0x0000,0x0000,0x0000,0x0000,0x0000,0x0000,0x0000,0x0000,0x0000,0x0000,0x0000,0x0000,0x0000,0x0000,0x0000,0x0000,0x0000,0x0000,0x0000,0x0000,0x0000,0x0000,0x0000,0x0000,
    0x0000,0x0000,0x0000,0x0000,0x0000,0x0000,0x0000,0x0000,0x0000,0x0000,0x0000,0x0000,0x0000,0x0000,0x0000,0x0000,0x0000,0x0000,0x0000,0x0000,0x0000,0x0000,0x0000,0x0000,
    0x0000,0x0000,0x0000,0x0000,0x0000,0x0000,0x0000,0x0000,0x0000,0x0000,0x0000,0x0000,0x0000,0x0000,0x0000,0x0000,0x0000,0x0000,0x59e6,0x59c5,0x3944,0x6207,0x3944,0x3103,
    0x49a5,0x4164,0x3923,0x28e2,0x3123,0x30c2,0xa3ed,0xff9b,0xf73b,0xffff,0xf79e,0x53d1,0x5dbb,0x8f3c,0x873d,0x33d3,0xcdf6,0xff7b,0xff19,0xff3a,0xff3a,0xff3a,0xff3a,0xff3a,
    0xff3a,0xff3a,0xff3a,0xff3a,0xff3a,0xff3a,0xff19,0xff9b,0xff9b,0xff7a,0xff9b,0xff3a,0xff19,0xff3a,0xfef9,0x6a47,0x59e6,0x51c5,0x6206,0x51c5,0x51c5,0x59e6,0x3103,0x3923,
    0x28e2,0x4164,0x6227,0x6206,0x3923,0x0000,0x0000,0x0000,0x0000,0x0000,0x0000,0x0000,0x0000,0x0000,0x0000,0x0000,0x0000,0x0000,0x0000,0x0000,0x0000,0x0000,0x0000,0x0000,
    0x0000,0x0000,0x0000,0x0000,0x0000,0x0000,0x0000,0x0000,0x0000,0x0000,0x0000,0x0000,0x0000,0x0000,0x0000,0x0000,0x0000,0x0000,0x0000,0x0000,0x0000,0x0000,0x0000,0x0000,
    0x0000,0x0000,0x0000,0x0000,0x0000,0x0000,0x0000,0x0000,0x0000,0x0000,0x0000,0x0000,0x0000,0x0000,0x0000,0x0000,0x0000,0x0000,0x0000,0x0000,0x0000,0x0000,0x0000,0x0000,
    0x0000,0x0000,0x0000,0x0000,0x0000,0x0000,0x0000,0x0000,0x0000,0x0000,0x0000,0x0000,0x0000,0x0000,0x0000,0x0000,0x0000,0x0000,0x0000,0x0000,0x0000,0x0000,0x0000,0x0000,
    0x0000,0x0000,0x0000,0x0000,0x0000,0x0000,0x0000,0x0000,0x0000,0x0820,0x61e6,0x51a5,0x4184,0x6206,0x3944,0x4985,0x51c5,0x3944,0x30e3,0x20a2,0x9b8b,0x5184,0x5184,0xf6d8,
    0xff3a,0xff3b,0xffbe,0x7c31,0x2b51,0x6e3a,0x5597,0x4b8f,0xf6f9,0xff3a,0xff3a,0xff3a,0xff3a,0xff3a,0xff3a,0xff3a,0xff3a,0xff3a,0xff3a,0xff3a,0xff3a,0xff3a,0xff3a,0xf719,
    0xf6f9,0xfef9,0xf6f9,0xfef9,0xff19,0xff5a,0xf6b8,0x61e6,0x59e6,0x51c5,0x6206,0x51c5,0x51a5,0x61e6,0x3923,0x3943,0x28e2,0x3923,0x6a27,0x59e6,0x4964,0x0000,0x0000,0x0000,
    0x0000,0x0000,0x0000,0x0000,0x0000,0x0000,0x0000,0x0000,0x0000,0x0000,0x0000,0x0000,0x0000,0x0000,0x0000,0x0000,0x0000,0x0000,0x0000,0x0000,0x0000,0x0000,0x0000,0x0000,
    0x0000,0x0000,0x0000,0x0000,0x0000,0x0000,0x0000,0x0000,0x0000,0x0000,0x0000,0x0000,0x0000,0x0000,0x0000,0x0000,0x0000,0x0000,0x0000,0x0000,0x0000,0x0000,0x0000,0x0000,
    0x0000,0x0000,0x0000,0x0000,0x0000,0x0000,0x0000,0x0000,0x0000,0x0000,0x0000,0x0000,0x0000,0x0000,0x0000,0x0000,0x0000,0x0000,0x0000,0x0000,0x0000,0x0000,0x0000,0x0000,
    0x0000,0x0000,0x0000,0x0000,0x0000,0x0000,0x0000,0x0000,0x0000,0x0000,0x0000,0x0000,0x0000,0x0000,0x0000,0x0000,0x0000,0x0000,0x0000,0x0000,0x0000,0x0000,0x0000,0x0000,
    0x0000,0x1061,0x6206,0x49a5,0x4984,0x61e6,0x3944,0x59e6,0x59e6,0x3123,0x3123,0x1881,0x8b09,0xdcef,0x59a4,0xbc8f,0xff9b,0xff19,0xff5a,0xfffe,0x7bef,0x636d,0xa513,0xe697,
    0xff5a,0xff3a,0xff3a,0xff3a,0xf719,0xf719,0xff3a,0xff3a,0xff3a,0xff3a,0xff3a,0xff3a,0xff3a,0xff3a,0xff3a,0xff3a,0xff19,0xff1a,0xff19,0xff39,0xff19,0xff7b,0xedf4,0x61c5,
    0x59e6,0x51c5,0x6206,0x51a5,0x51a5,0x6206,0x3103,0x3943,0x3103,0x3103,0x6206,0x59e6,0x51a5,0x1040,0x0000,0x0000,0x0000,0x0000,0x0000,0x0000,0x0000,0x0000,0x0000,0x0000,
    0x0000,0x0000,0x0000,0x0000,0x0000,0x0000,0x0000,0x0000,0x0000,0x0000,0x0000,0x0000,0x0000,0x0000,0x0000,0x0000,0x0000,0x0000,0x0000,0x0000,0x0000,0x0000,0x0000,0x0000,
    0x0000,0x0000,0x0000,0x0000,0x0000,0x0000,0x0000,0x0000,0x0000,0x0000,0x0000,0x0000,0x0000,0x0000,0x0000,0x0000,0x0000,0x0000,0x0000,0x0000,0x0000,0x0000,0x0000,0x0000,
    0x0000,0x0000,0x0000,0x0000,0x0000,0x0000,0x0000,0x0000,0x0000,0x0000,0x0000,0x0000,0x0000,0x0000,0x0000,0x0000,0x0000,0x0000,0x0000,0x0000,0x0000,0x0000,0x0000,0x0000,
    0x0000,0x0000,0x0000,0x0000,0x0000,0x0000,0x0000,0x0000,0x0000,0x0000,0x0000,0x0000,0x0000,0x0000,0x0000,0x0000,0x0000,0x20a2,0x6206,0x4184,0x4164,0x6206,0x4164,0x51a5,
    0x59e6,0x3923,0x4164,0x28e2,0x28e2,0xd4cf,0xed30,0x9b09,0xde57,0xff7b,0xff19,0xff3a,0xff7b,0xff7a,0xff9b,0xff5a,0xff3a,0xff3a,0xff3a,0xff3a,0xf6f9,0xeed9,0xff3a,0xff3a,
    0xff3a,0xff3a,0xff3a,0xff3a,0xff3a,0xff3a,0xff3a,0xff3a,0xff3a,0xff3a,0xff3a,0xff19,0xff3a,0xff19,0x6a26,0x4164,0x6206,0x49a5,0x61e6,0x51c5,0x51c5,0x6206,0x3103,0x3944,
    0x3923,0x3103,0x59c6,0x59e6,0x59c5,0x20a2,0x0000,0x0000,0x0000,0x0000,0x0000,0x0000,0x0000,0x0000,0x0000,0x0000,0x0000,0x0000,0x0000,0x0000,0x0000,0x0000,0x0000,0x0000,
    0x0000,0x0000,0x0000,0x0000,0x0000,0x0000,0x0000,0x0000,0x0000,0x0000,0x0000,0x0000,0x0000,0x0000,0x0000,0x0000,0x0000,0x0000,0x0000,0x0000,0x0000,0x0000,0x0000,0x0000,
    0x0000,0x0000,0x0000,0x0000,0x0000,0x0000,0x0000,0x0000,0x0000,0x0000,0x0000,0x0000,0x0000,0x0000,0x0000,0x0000,0x0000,0x0000,0x0000,0x0000,0x0000,0x0000,0x0000,0x0000,
    0x0000,0x0000,0x0000,0x0000,0x0000,0x0000,0x0000,0x0000,0x0000,0x0000,0x0000,0x0000,0x0000,0x0000,0x0000,0x0000,0x0000,0x0000,0x0000,0x0000,0x0000,0x0000,0x0000,0x0000,
    0x0000,0x0000,0x0000,0x0000,0x0000,0x0000,0x0000,0x0000,0x0000,0x30e3,0x59e6,0x4164,0x4164,0x6206,0x4184,0x49a5,0x6206,0x4164,0x4964,0x3923,0x20a2,0x3964,0xe571,0xe4ae,
    0xa42e,0xff9b,0xff19,0xff1a,0xfed9,0xfef9,0xff19,0xff3a,0xff3a,0xff3a,0xff3a,0xff3a,0xff3a,0xff3a,0xff3a,0xff3a,0xff3a,0xff3a,0xff3a,0xff3a,0xff3a,0xff3a,0xff3a,0xff3a,
    0xff3a,0xff3a,0xff3a,0xf719,0xffbc,0x9bac,0x1020,0x51c6,0x6206,0x4164,0x6206,0x49a5,0x51a5,0x6206,0x3923,0x4164,0x3923,0x30e2,0x51a5,0x6206,0x59c5,0x3923,0x0000,0x0000,
    0x0000,0x0000,0x0000,0x0000,0x0000,0x0000,0x0000,0x0000,0x0000,0x0000,0x0000,0x0000,0x0000,0x0000,0x0000,0x0000,0x0000,0x0000,0x0000,0x0000,0x0000,0x0000,0x0000,0x0000,
    0x0000,0x0000,0x0000,0x0000,0x0000,0x0000,0x0000,0x0000,0x0000,0x0000,0x0000,0x0000,0x0000,0x0000,0x0000,0x0000,0x0000,0x0000,0x0000,0x0000,0x0000,0x0000,0x0000,0x0000,
    0x0000,0x0000,0x0000,0x0000,0x0000,0x0000,0x0000,0x0000,0x0000,0x0000,0x0000,0x0000,0x0000,0x0000,0x0000,0x0000,0x0000,0x0000,0x0000,0x0000,0x0000,0x0000,0x0000,0x0000,
    0x0000,0x0000,0x0000,0x0000,0x0000,0x0000,0x0000,0x0000,0x0000,0x0000,0x0000,0x0000,0x0000,0x0000,0x0000,0x0000,0x0000,0x0000,0x0000,0x0000,0x0000,0x0000,0x0000,0x0000,
    0x0000,0x3923,0x51c5,0x4164,0x4964,0x6206,0x4164,0x4985,0x6207,0x51a5,0x4164,0x3923,0x3103,0x1881,0x3944,0xcc8e,0xcc4e,0xde77,0xff7b,0xff1a,0xfef9,0xff3a,0xff3a,0xff3a,
    0xff3a,0xff3a,0xff3a,0xff3a,0xff3a,0xff3a,0xff3a,0xff3a,0xff3a,0xff5a,0xff3a,0xff3a,0xff3a,0xff3a,0xff3a,0xff3a,0xff3a,0xff19,0xf719,0xffbc,0xa42e,0x2061,0x18a2,0x59e6,
    0x6206,0x4164,0x6207,0x4985,0x51a5,0x6206,0x3923,0x4185,0x3923,0x28e2,0x4164,0x6206,0x51a5,0x51a5,0x0000,0x0000,0x0000,0x0000,0x0000,0x0000,0x0000,0x0000,0x0000,0x0000,
    0x0000,0x0000,0x0000,0x0000,0x0000,0x0000,0x0000,0x0000,0x0000,0x0000,0x0000,0x0000,0x0000,0x0000,0x0000,0x0000,0x0000,0x0000,0x0000,0x0000,0x0000,0x0000,0x0000,0x0000,
    0x0000,0x0000,0x0000,0x0000,0x0000,0x0000,0x0000,0x0000,0x0000,0x0000,0x0000,0x0000,0x0000,0x0000,0x0000,0x0000,0x0000,0x0000,0x0000,0x0000,0x0000,0x0000,0x0000,0x0000,
    0x0000,0x0000,0x0000,0x0000,0x0000,0x0000,0x0000,0x0000,0x0000,0x0000,0x0000,0x0000,0x0000,0x0000,0x0000,0x0000,0x0000,0x0000,0x0000,0x0000,0x0000,0x0000,0x0000,0x0000,
    0x0000,0x0000,0x0000,0x0000,0x0000,0x0000,0x0000,0x0000,0x0000,0x0000,0x0000,0x0000,0x0000,0x0000,0x0000,0x0000,0x0000,0x4985,0x49a5,0x4985,0x4964,0x6206,0x4164,0x4985,
    0x6227,0x59e6,0x4984,0x3944,0x3103,0x28e2,0x1061,0x20c2,0x6a06,0x936c,0xffbc,0xf719,0xff3a,0xff3a,0xff3a,0xff3a,0xff3a,0xff3a,0xff3a,0xff3a,0xff3a,0xf719,0xff39,0xff3a,
    0xff19,0xde57,0xeed8,0xff3a,0xff3a,0xff3a,0xff3a,0xff3a,0xf719,0xff3a,0xff9c,0x9c0e,0x1860,0x20c2,0x20a2,0x59e6,0x59e6,0x4164,0x6207,0x4984,0x51c5,0x59e6,0x3103,0x4985,
    0x3103,0x3103,0x3944,0x6207,0x4164,0x59c5,0x1861,0x0000,0x0000,0x0000,0x0000,0x0000,0x0000,0x0000,0x0000,0x0000,0x0000,0x0000,0x0000,0x0000,0x0000,0x0000,0x0000,0x0000,
    0x0000,0x0000,0x0000,0x0000,0x0000,0x0000,0x0000,0x0000,0x0000,0x0000,0x0000,0x0000,0x0000,0x0000,0x0000,0x0000,0x0000,0x0000,0x0000,0x0000,0x0000,0x0000,0x0000,0x0000,
    0x0000,0x0000,0x0000,0x0000,0x0000,0x0000,0x0000,0x0000,0x0000,0x0000,0x0000,0x0000,0x0000,0x0000,0x0000,0x0000,0x0000,0x0000,0x0000,0x0000,0x0000,0x0000,0x0000,0x0000,
    0x0000,0x0000,0x0000,0x0000,0x0000,0x0000,0x0000,0x0000,0x0000,0x0000,0x0000,0x0000,0x0000,0x0000,0x0000,0x0000,0x0000,0x0000,0x0000,0x0000,0x0000,0x0000,0x0000,0x0000,
    0x0000,0x0000,0x0000,0x0000,0x0000,0x0000,0x0000,0x0000,0x0840,0x59e6,0x4984,0x49a5,0x4144,0x6206,0x4164,0x4164,0x6206,0x59e6,0x51a5,0x4164,0x3123,0x28e2,0x20a2,0x28e2,
    0x28c2,0x1860,0xac90,0xffdc,0xff3a,0xff19,0xff3a,0xff3a,0xff3a,0xff3a,0xff3a,0xff3a,0xff5a,0xe6b8,0xeeb8,0xff3a,0xf6d8,0xeed8,0xff3a,0xff3a,0xff3a,0xff3a,0xff3a,0xff19,
    0xff9b,0xf71a,0x832b,0x1840,0x28e2,0x28e2,0x28c2,0x6206,0x51c5,0x4984,0x6206,0x4164,0x51c5,0x59e6,0x28e2,0x49a5,0x3103,0x3103,0x3923,0x6206,0x4164,0x59c5,0x3103,0x0000,
    0x0000,0x0000,0x0000,0x0000,0x0000,0x0000,0x0000,0x0000,0x0000,0x0000,0x0000,0x0000,0x0000,0x0000,0x0000,0x0000,0x0000,0x0000,0x0000,0x0000,0x0000,0x0000,0x0000,0x0000,
    0x0000,0x0000,0x0000,0x0000,0x0000,0x0000,0x0000,0x0000,0x0000,0x0000,0x0000,0x0000,0x0000,0x0000,0x0000,0x0000,0x0000,0x0000,0x0000,0x0000,0x0000,0x0000,0x0000,0x0000,
    0x0000,0x0000,0x0000,0x0000,0x0000,0x0000,0x0000,0x0000,0x0000,0x0000,0x0000,0x0000,0x0000,0x0000,0x0000,0x0000,0x0000,0x0000,0x0000,0x0000,0x0000,0x0000,0x0000,0x0000,
    0x0000,0x0000,0x0000,0x0000,0x0000,0x0000,0x0000,0x0000,0x0000,0x0000,0x0000,0x0000,0x0000,0x0000,0x0000,0x0000,0x0000,0x0000,0x0000,0x0000,0x0000,0x0000,0x0000,0x0000,
    0x2081,0x6206,0x4164,0x51a5,0x4144,0x6206,0x4164,0x4164,0x59e6,0x6206,0x51c6,0x4984,0x3944,0x30e3,0x20a2,0x3103,0x3103,0x20c2,0x1861,0x8b8c,0xf71a,0xffdc,0xff7b,0xff39,
    0xff19,0xff3a,0xff3a,0xff3a,0xff3a,0xff3a,0xff3a,0xff3a,0xff3a,0xff5a,0xff3a,0xff3a,0xff3a,0xff19,0xff7a,0xff9b,0xcdb4,0x49a5,0x1860,0x28e2,0x28e2,0x20c2,0x28e2,0x6206,
    0x4984,0x4984,0x6206,0x4164,0x59e6,0x51a5,0x28e2,0x51a5,0x3103,0x3103,0x3103,0x59e6,0x51a5,0x51a5,0x4985,0x0000,0x0000,0x0000,0x0000,0x0000,0x0000,0x0000,0x0000,0x0000,
    0x0000,0x0000,0x0000,0x0000,0x0000,0x0000,0x0000,0x0000,0x0000,0x0000,0x0000,0x0000,0x0000,0x0000,0x0000,0x0000,0x0000,0x0000,0x0000,0x0000,0x0000,0x0000,0x0000,0x0000,
    0x0000,0x0000,0x0000,0x0000,0x0000,0x0000,0x0000,0x0000,0x0000,0x0000,0x0000,0x0000,0x0000,0x0000,0x0000,0x0000,0x0000,0x0000,0x0000,0x0000,0x0000,0x0000,0x0000,0x0000,
    0x0000,0x0000,0x0000,0x0000,0x0000,0x0000,0x0000,0x0000,0x0000,0x0000,0x0000,0x0000,0x0000,0x0000,0x0000,0x0000,0x0000,0x0000,0x0000,0x0000,0x0000,0x0000,0x0000,0x0000,
    0x0000,0x0000,0x0000,0x0000,0x0000,0x0000,0x0000,0x0000,0x0000,0x0000,0x0000,0x0000,0x0000,0x0000,0x0000,0x0000,0x3923,0x59e6,0x3923,0x51c5,0x4164,0x6206,0x4164,0x3923,
    0x59e6,0x6206,0x59e6,0x49a5,0x3944,0x3103,0x20a2,0x3103,0x28e2,0x28c2,0x28e2,0x1840,0x4164,0x9c2f,0xe677,0xff7b,0xff9b,0xff5a,0xff3a,0xff19,0xff19,0xff3a,0xff3a,0xff3a,
    0xff3a,0xff3a,0xff1a,0xff19,0xff5a,0xff9b,0xde77,0x93cd,0x2060,0x1040,0x20a1,0x20a2,0x28e2,0x28c2,0x30e3,0x6206,0x3923,0x4985,0x59e6,0x3944,0x59e6,0x4985,0x30e3,0x51c5,
    0x3103,0x3103,0x3923,0x51c5,0x51c5,0x3923,0x59e6,0x1041,0x0000,0x0000,0x0000,0x0000,0x0000,0x0000,0x0000,0x0000,0x0000,0x0000,0x0000,0x0000,0x0000,0x0000,0x0000,0x0000,
    0x0000,0x0000,0x0000,0x0000,0x0000,0x0000,0x0000,0x0000,0x0000,0x0000,0x0000,0x0000,0x0000,0x0000,0x0000,0x0000,0x0000,0x0000,0x0000,0x0000,0x0000,0x0000,0x0000,0x0000,
    0x0000,0x0000,0x0000,0x0000,0x0000,0x0000,0x0000,0x0000,0x0000,0x0000,0x0000,0x0000,0x0000,0x0000,0x0000,0x0000,0x0000,0x0000,0x0000,0x0000,0x0000,0x0000,0x0000,0x0000,
    0x0000,0x0000,0x0000,0x0000,0x0000,0x0000,0x0000,0x0000,0x0000,0x0000,0x0000,0x0000,0x0000,0x0000,0x0000,0x0000,0x0000,0x0000,0x0000,0x0000,0x0000,0x0000,0x0000,0x0000,
    0x0000,0x0000,0x0000,0x0000,0x0000,0x0000,0x0000,0x0000,0x49a5,0x59e5,0x3923,0x51c6,0x4144,0x6206,0x4164,0x3103,0x59c6,0x6206,0x6206,0x51a5,0x3944,0x3923,0x20c2,0x30e3,
    0x28e2,0x28c2,0x28e2,0x28e2,0x1860,0x6a88,0x9bee,0x836b,0xb512,0xeeb8,0xff19,0xff7b,0xff9b,0xff5a,0xff3a,0xff1a,0xff3a,0xff3a,0xff7b,0xff9c,0xe698,0xac4f,0x7a88,0xa44f,
    0xa44f,0xac70,0x7ac9,0x28c2,0x28c2,0x28e2,0x3923,0x59e6,0x28e2,0x51a5,0x59c6,0x3943,0x59e6,0x4985,0x30e2,0x51c5,0x3103,0x30e3,0x3923,0x4964,0x59e6,0x20a2,0x6206,0x28e2,
    0x0000,0x0000,0x0000,0x0000,0x0000,0x0000,0x0000,0x0000,0x0000,0x0000,0x0000,0x0000,0x0000,0x0000,0x0000,0x0000,0x0000,0x0000,0x0000,0x0000,0x0000,0x0000,0x0000,0x0000,
    0x0000,0x0000,0x0000,0x0000,0x0000,0x0000,0x0000,0x0000,0x0000,0x0000,0x0000,0x0000,0x0000,0x0000,0x0000,0x0000,0x0000,0x0000,0x0000,0x0000,0x0000,0x0000,0x0000,0x0000,
    0x0000,0x0000,0x0000,0x0000,0x0000,0x0000,0x0000,0x0000,0x0000,0x0000,0x0000,0x0000,0x0000,0x0000,0x0000,0x0000,0x0000,0x0000,0x0000,0x0000,0x0000,0x0000,0x0000,0x0000,
    0x0000,0x0000,0x0000,0x0000,0x0000,0x0000,0x0000,0x0000,0x0000,0x0000,0x0000,0x0000,0x0000,0x0000,0x0000,0x0000,0x0000,0x0000,0x0000,0x0000,0x0000,0x0000,0x0000,0x0820,
    0x59c6,0x4144,0x3923,0x6206,0x4144,0x6206,0x4164,0x30e3,0x51c5,0x6206,0x6227,0x59c6,0x3944,0x3943,0x20c2,0x28e2,0x28e2,0x28e2,0x28e2,0x20a2,0x28a1,0xbcb0,0x9c70,0x8c2f,
    0x6b0b,0x72c9,0xa44e,0xb4d1,0xcd94,0xe677,0xff5b,0xffbc,0xff9b,0xf75a,0xd636,0xac6f,0xa329,0xb329,0x932a,0xa3ed,0xac4f,0x93ed,0xbd12,0xa470,0x30e2,0x28e2,0x4164,0x51c5,
    0x20c2,0x59c6,0x51a5,0x3943,0x59e6,0x4164,0x3103,0x51c5,0x3103,0x30e2,0x3944,0x3923,0x6a27,0x1881,0x4144,0x4984,0x0000,0x0000,0x0000,0x0000,0x0000,0x0000,0x0000,0x0000,
    0x0000,0x0000,0x0000,0x0000,0x0000,0x0000,0x0000,0x0000,0x0000,0x0000,0x0000,0x0000,0x0000,0x0000,0x0000,0x0000,0x0000,0x0000,0x0000,0x0000,0x0000,0x0000,0x0000,0x0000,
    0x0000,0x0000,0x0000,0x0000,0x0000,0x0000,0x0000,0x0000,0x0000,0x0000,0x0000,0x0000,0x0000,0x0000,0x0000,0x0000,0x0000,0x0000,0x0000,0x0000,0x0000,0x0000,0x0000,0x0000,
    0x0000,0x0000,0x0000,0x0000,0x0000,0x0000,0x0000,0x0000,0x0000,0x0000,0x0000,0x0000,0x0000,0x0000,0x0000,0x0000,0x0000,0x0000,0x0000,0x0000,0x0000,0x0000,0x0000,0x0000,
    0x0000,0x0000,0x0000,0x0000,0x0000,0x0000,0x0000,0x0000,0x0000,0x0000,0x0000,0x0000,0x0000,0x0000,0x0000,0x1881,0x6206,0x30e3,0x3923,0x5a06,0x4144,0x6207,0x3944,0x28e2,
    0x51c5,0x59e6,0x6227,0x6206,0x4164,0x3923,0x28c2,0x28e2,0x3103,0x28e2,0x28e2,0x3103,0x3103,0x72c9,0x8bad,0xb514,0xacf2,0xde77,0xf77b,0xde16,0xbcf1,0xacb0,0x938d,0x9bcd,
    0xb44e,0xb40d,0xa309,0xb36a,0xed30,0xcc8e,0x5a47,0x9bed,0x7b0a,0xa490,0xbd33,0xbcf1,0x4185,0x20a1,0x4985,0x4985,0x20c2,0x59e6,0x4985,0x3944,0x59e6,0x3943,0x3103,0x51a5,
    0x3103,0x30e2,0x3964,0x3923,0x6206,0x20a2,0x20a2,0x6a27,0x1041,0x0000,0x0000,0x0000,0x0000,0x0000,0x0000,0x0000,0x0000,0x0000,0x0000,0x0000,0x0000,0x0000,0x0000,0x0000,
    0x0000,0x0000,0x0000,0x0000,0x0000,0x0000,0x0000,0x0000,0x0000,0x0000,0x0000,0x0000,0x0000,0x0000,0x0000,0x0000,0x0000,0x0000,0x0000,0x0000,0x0000,0x0000,0x0000,0x0000,
    0x0000,0x0000,0x0000,0x0000,0x0000,0x0000,0x0000,0x0000,0x0000,0x0000,0x0000,0x0000,0x0000,0x0000,0x0000,0x0000,0x0000,0x0000,0x0000,0x0000,0x0000,0x0000,0x0000,0x0000,
    0x0000,0x0000,0x0000,0x0000,0x0000,0x0000,0x0000,0x0000,0x0000,0x0000,0x0000,0x0000,0x0000,0x0000,0x0000,0x0000,0x0000,0x0000,0x0000,0x0000,0x0000,0x0000,0x0000,0x0000,
    0x0000,0x0000,0x0000,0x0000,0x0000,0x0000,0x0000,0x3903,0x6206,0x1881,0x4164,0x5a06,0x4144,0x6206,0x4144,0x28c2,0x51a5,0x51a5,0x6207,0x6207,0x4985,0x3943,0x30e2,0x28e2,
    0x3103,0x28e2,0x28e2,0x6aa9,0x6aca,0x6268,0x83ce,0xbd96,0xbd75,0xee78,0xee77,0xf677,0xff9c,0xfffe,0xd657,0x7b6c,0x938c,0xa36b,0xc40c,0xd4af,0xdd10,0xbc2d,0x49c6,0x5248,
    0x7b8d,0xbd95,0xffbd,0xabcd,0x28a1,0x20c2,0x51c5,0x3123,0x28e2,0x59e6,0x4164,0x4164,0x59e6,0x3103,0x3103,0x51a5,0x3923,0x28e2,0x4144,0x4144,0x59c5,0x4144,0x0000,0x61e6,
    0x3923,0x0000,0x0000,0x0000,0x0000,0x0000,0x0000,0x0000,0x0000,0x0000,0x0000,0x0000,0x0000,0x0000,0x0000,0x0000,0x0000,0x0000,0x0000,0x0000,0x0000,0x0000,0x0000,0x0000,
    0x0000,0x0000,0x0000,0x0000,0x0000,0x0000,0x0000,0x0000,0x0000,0x0000,0x0000,0x0000,0x0000,0x0000,0x0000,0x0000,0x0000,0x0000,0x0000,0x0000,0x0000,0x0000,0x0000,0x0000,
    0x0000,0x0000,0x0000,0x0000,0x0000,0x0000,0x0000,0x0000,0x0000,0x0000,0x0000,0x0000,0x0000,0x0000,0x0000,0x0000,0x0000,0x0000,0x0000,0x0000,0x0000,0x0000,0x0000,0x0000,
    0x0000,0x0000,0x0000,0x0000,0x0000,0x0000,0x0000,0x0000,0x0000,0x0000,0x0000,0x0000,0x0000,0x0000,0x0000,0x0000,0x0000,0x0000,0x0000,0x0000,0x0000,0x0000,0x0000,0x51a5,
    0x51a5,0x0820,0x51a5,0x59e6,0x4164,0x59e6,0x4164,0x28c2,0x4985,0x49a5,0x59e6,0x6207,0x51c5,0x3923,0x3923,0x28e2,0x3103,0x28c2,0x30e2,0x4a27,0x6268,0xacb1,0x6b2c,0x8c2f,
    0xa513,0xf77c,0xeed9,0xe637,0xe617,0xf698,0xd637,0xb5b6,0xad96,0x9cf4,0xa4b1,0xde16,0xb46f,0xbcf1,0xde77,0x9c91,0xb596,0xad55,0xcd94,0xa3ac,0x82c9,0x4943,0x49a5,0x20c2,
    0x3103,0x59e6,0x3944,0x4164,0x51a5,0x3103,0x3103,0x49a5,0x3923,0x3103,0x3944,0x4164,0x49a5,0x59c5,0x0000,0x4144,0x59c5,0x0000,0x0000,0x0000,0x0000,0x0000,0x0000,0x0000,
    0x0000,0x0000,0x0000,0x0000,0x0000,0x0000,0x0000,0x0000,0x0000,0x0000,0x0000,0x0000,0x0000,0x0000,0x0000,0x0000,0x0000,0x0000,0x0000,0x0000,0x0000,0x0000,0x0000,0x0000,
    0x0000,0x0000,0x0000,0x0000,0x0000,0x0000,0x0000,0x0000,0x0000,0x0000,0x0000,0x0000,0x0000,0x0000,0x0000,0x0000,0x0000,0x0000,0x0000,0x0000,0x0000,0x0000,0x0000,0x0000,
    0x0000,0x0000,0x0000,0x0000,0x0000,0x0000,0x0000,0x0000,0x0000,0x0000,0x0000,0x0000,0x0000,0x0000,0x0000,0x0000,0x0000,0x0000,0x0000,0x0000,0x0000,0x0000,0x0000,0x0000,
    0x0000,0x0000,0x0000,0x0000,0x0000,0x0000,0x0000,0x0000,0x0000,0x0000,0x0000,0x0000,0x0000,0x0000,0x1061,0x6a26,0x28e3,0x1061,0x61e6,0x49a5,0x49a5,0x59c6,0x4144,0x28e2,
    0x4164,0x4164,0x4985,0x6a27,0x59e6,0x3923,0x3923,0x28e3,0x28e2,0x30e2,0x5a07,0x6aa9,0x8bcd,0x94b2,0x6b4d,0x5aaa,0x5a89,0xc5d5,0xf75b,0xff7b,0xeed9,0xee57,0xcd94,0xb4d2,
    0xa4b2,0xbdb6,0xd699,0xfffd,0xf71a,0xee78,0xfffd,0xde98,0xa4f3,0xa471,0xa40e,0xb4d1,0x8b8c,0x4985,0x3923,0x20a2,0x3923,0x51c6,0x3943,0x4164,0x4964,0x28e2,0x3123,0x4985,
    0x3923,0x3103,0x3923,0x4184,0x4164,0x61e6,0x0820,0x1061,0x6a26,0x1881,0x0000,0x0000,0x0000,0x0000,0x0000,0x0000,0x0000,0x0000,0x0000,0x0000,0x0000,0x0000,0x0000,0x0000,
    0x0000,0x0000,0x0000,0x0000,0x0000,0x0000,0x0000,0x0000,0x0000,0x0000,0x0000,0x0000,0x0000,0x0000,0x0000,0x0000,0x0000,0x0000,0x0000,0x0000,0x0000,0x0000,0x0000,0x0000,
    0x0000,0x0000,0x0000,0x0000,0x0000,0x0000,0x0000,0x0000,0x0000,0x0000,0x0000,0x0000,0x0000,0x0000,0x0000,0x0000,0x0000,0x0000,0x0000,0x0000,0x0000,0x0000,0x0000,0x0000,
    0x0000,0x0000,0x0000,0x0000,0x0000,0x0000,0x0000,0x0000,0x0000,0x0000,0x0000,0x0000,0x0000,0x0000,0x0000,0x0000,0x0000,0x0000,0x0000,0x0000,0x0000,0x0000,0x0000,0x0000,
    0x0000,0x0000,0x0000,0x0000,0x0000,0x0000,0x3103,0x6206,0x0820,0x28e2,0x6206,0x4164,0x59c5,0x51c5,0x3944,0x3103,0x3923,0x4164,0x3923,0x6a27,0x6206,0x4164,0x3103,0x3103,
    0x28c2,0x93ee,0x9c70,0xb490,0xd637,0x8c50,0x5acb,0x6b4c,0x6b6d,0x9cb2,0xb574,0xd5d5,0xf75a,0xff9c,0xad32,0x8bad,0xa470,0xb4d2,0xcd74,0xee16,0xe616,0xe5b5,0xf677,0xcd74,
    0x9c2f,0x9450,0xa4d1,0xc511,0x5248,0x3123,0x4984,0x28e2,0x3944,0x49a5,0x3943,0x4164,0x4144,0x28e2,0x3123,0x4984,0x3923,0x3923,0x3923,0x4984,0x3944,0x6206,0x28c2,0x0000,
    0x4964,0x4144,0x0000,0x0000,0x0000,0x0000,0x0000,0x0000,0x0000,0x0000,0x0000,0x0000,0x0000,0x0000,0x0000,0x0000,0x0000,0x0000,0x0000,0x0000,0x0000,0x0000,0x0000,0x0000,
    0x0000,0x0000,0x0000,0x0000,0x0000,0x0000,0x0000,0x0000,0x0000,0x0000,0x0000,0x0000,0x0000,0x0000,0x0000,0x0000,0x0000,0x0000,0x0000,0x0000,0x0000,0x0000,0x0000,0x0000,
    0x0000,0x0000,0x0000,0x0000,0x0000,0x0000,0x0000,0x0000,0x0000,0x0000,0x0000,0x0000,0x0000,0x0000,0x0000,0x0000,0x0000,0x0000,0x0000,0x0000,0x0000,0x0000,0x0000,0x0000,
    0x0000,0x0000,0x0000,0x0000,0x0000,0x0000,0x0000,0x0000,0x0000,0x0000,0x0000,0x0000,0x0000,0x0000,0x0000,0x0000,0x0000,0x0000,0x0000,0x0000,0x0000,0x0000,0x51c5,0x4984,
    0x0000,0x4164,0x59e6,0x4184,0x59e6,0x51a5,0x4144,0x3103,0x3103,0x4985,0x30e2,0x59e6,0x6a27,0x51c5,0x28e2,0x28e2,0x3103,0x7b4b,0x8bcd,0xf73b,0xff3a,0xb533,0x632c,0x5acb,
    0x7bcf,0xa534,0xa4f3,0xa40f,0xb554,0xd658,0xacd1,0x7bae,0x9471,0x9450,0xacf1,0xe678,0xee57,0xe5f5,0xeed9,0x944f,0x9491,0xad33,0xacf2,0x93ee,0x7b0b,0x4985,0x8bee,0x20c2,
    0x3923,0x4984,0x3923,0x4164,0x3923,0x28e2,0x3103,0x4164,0x3923,0x3923,0x3923,0x4984,0x3944,0x59c5,0x4144,0x0000,0x20a2,0x59e6,0x0820,0x0000,0x0000,0x0000,0x0000,0x0000,
    0x0000,0x0000,0x0000,0x0000,0x0000,0x0000,0x0000,0x0000,0x0000,0x0000,0x0000,0x0000,0x0000,0x0000,0x0000,0x0000,0x0000,0x0000,0x0000,0x0000,0x0000,0x0000,0x0000,0x0000,
    0x0000,0x0000,0x0000,0x0000,0x0000,0x0000,0x0000,0x0000,0x0000,0x0000,0x0000,0x0000,0x0000,0x0000,0x0000,0x0000,0x0000,0x0000,0x0000,0x0000,0x0000,0x0000,0x0000,0x0000,
    0x0000,0x0000,0x0000,0x0000,0x0000,0x0000,0x0000,0x0000,0x0000,0x0000,0x0000,0x0000,0x0000,0x0000,0x0000,0x0000,0x0000,0x0000,0x0000,0x0000,0x0000,0x0000,0x0000,0x0000,
    0x0000,0x0000,0x0000,0x0000,0x0000,0x0000,0x0000,0x0000,0x0000,0x0000,0x0000,0x0000,0x0000,0x1061,0x61e6,0x1881,0x0000,0x59c6,0x59c5,0x4985,0x59e6,0x51a5,0x4144,0x3103,
    0x3103,0x4985,0x3103,0x3943,0x6a27,0x59e6,0x3103,0x28e2,0x3102,0x4164,0x20a1,0x6aea,0xd678,0xb513,0xbd13,0x9cb2,0x83ef,0xb574,0x9471,0xacb2,0xa514,0x9471,0x9450,0x840f,
    0x9491,0x9450,0xc5b4,0xfffd,0xff9c,0xf6f9,0xf75a,0xc5b4,0xa4f3,0x9cb2,0x6b2c,0x94b2,0x7aca,0x4985,0x62a9,0x38e2,0x4144,0x4164,0x3103,0x4164,0x3103,0x3103,0x3103,0x3944,
    0x3923,0x3923,0x3123,0x4184,0x4164,0x49a5,0x59c5,0x0000,0x0000,0x59c5,0x30e3,0x0000,0x0000,0x0000,0x0000,0x0000,0x0000,0x0000,0x0000,0x0000,0x0000,0x0000,0x0000,0x0000,
    0x0000,0x0000,0x0000,0x0000,0x0000,0x0000,0x0000,0x0000,0x0000,0x0000,0x0000,0x0000,0x0000,0x0000,0x0000,0x0000,0x0000,0x0000,0x0000,0x0000,0x0000,0x0000,0x0000,0x0000,
    0x0000,0x0000,0x0000,0x0000,0x0000,0x0000,0x0000,0x0000,0x0000,0x0000,0x0000,0x0000,0x0000,0x0000,0x0000,0x0000,0x0000,0x0000,0x0000,0x0000,0x0000,0x0000,0x0000,0x0000,
    0x0000,0x0000,0x0000,0x0000,0x0000,0x0000,0x0000,0x0000,0x0000,0x0000,0x0000,0x0000,0x0000,0x0000,0x0000,0x0000,0x0000,0x0000,0x0000,0x0000,0x0000,0x0000,0x0000,0x0000,
    0x0000,0x0000,0x0000,0x0000,0x0000,0x3923,0x51a5,0x0000,0x1861,0x6206,0x49a5,0x49a5,0x6206,0x4985,0x3943,0x3103,0x3103,0x4164,0x3944,0x20c2,0x59c6,0x6a27,0x3944,0x3102,
    0x4164,0x51e5,0x51e5,0x3922,0x49a5,0x8c51,0xbd96,0xb4d2,0xe658,0xe6b8,0xbd74,0xb4f3,0xa514,0xa514,0x8c30,0x7bae,0x736d,0x630b,0x9471,0xce37,0xc595,0xc553,0xc5d5,0xc5d5,
    0x736d,0x738e,0x630b,0x9cf3,0x8b6c,0x41c6,0x8c2f,0xa3ed,0x4144,0x3944,0x3103,0x4164,0x3103,0x3103,0x3103,0x3923,0x3943,0x3943,0x3103,0x4984,0x4184,0x4184,0x6a27,0x1881,
    0x0000,0x30e3,0x51c5,0x0000,0x0000,0x0000,0x0000,0x0000,0x0000,0x0000,0x0000,0x0000,0x0000,0x0000,0x0000,0x0000,0x0000,0x0000,0x0000,0x0000,0x0000,0x0000,0x0000,0x0000,
    0x0000,0x0000,0x0000,0x0000,0x0000,0x0000,0x0000,0x0000,0x0000,0x0000,0x0000,0x0000,0x0000,0x0000,0x0000,0x0000,0x0000,0x0000,0x0000,0x0000,0x0000,0x0000,0x0000,0x0000,
    0x0000,0x0000,0x0000,0x0000,0x0000,0x0000,0x0000,0x0000,0x0000,0x0000,0x0000,0x0000,0x0000,0x0000,0x0000,0x0000,0x0000,0x0000,0x0000,0x0000,0x0000,0x0000,0x0000,0x0000,
    0x0000,0x0000,0x0000,0x0000,0x0000,0x0000,0x0000,0x0000,0x0000,0x0000,0x0000,0x0000,0x0000,0x0000,0x0000,0x0000,0x0000,0x0000,0x0000,0x0000,0x0000,0x59c5,0x28c2,0x0000,
    0x3103,0x6a26,0x4984,0x51e6,0x6206,0x4164,0x3103,0x3103,0x3103,0x3944,0x4144,0x28c2,0x3944,0x6a27,0x51a5,0x49c4,0x49a4,0x49a4,0x5a05,0x5a06,0x49a4,0x20c1,0x6b4c,0xb554,
    0xf6f9,0xee98,0xff1a,0xf6f9,0xbd74,0xad33,0x840f,0x736d,0x738e,0x7bcf,0x8c71,0xad14,0x9cb2,0x9c50,0xa513,0xad55,0x738e,0x738e,0x8430,0x940f,0x6227,0x6aea,0x836c,0x7b2b,
    0x4144,0x4164,0x3103,0x3923,0x3103,0x3103,0x3103,0x3103,0x3944,0x4144,0x3123,0x4984,0x4985,0x4144,0x6227,0x3103,0x0000,0x0820,0x6206,0x20a2,0x0000,0x0000,0x0000,0x0000,
    0x0000,0x0000,0x0000,0x0000,0x0000,0x0000,0x0000,0x0000,0x0000,0x0000,0x0000,0x0000,0x0000,0x0000,0x0000,0x0000,0x0000,0x0000,0x0000,0x0000,0x0000,0x0000,0x0000,0x0000,
    0x0000,0x0000,0x0000,0x0000,0x0000,0x0000,0x0000,0x0000,0x0000,0x0000,0x0000,0x0000,0x0000,0x0000,0x0000,0x0000,0x0000,0x0000,0x0000,0x0000,0x0000,0x0000,0x0000,0x0000,
    0x0000,0x0000,0x0000,0x0000,0x0000,0x0000,0x0000,0x0000,0x0000,0x0000,0x0000,0x0000,0x0000,0x0000,0x0000,0x0000,0x0000,0x0000,0x0000,0x0000,0x0000,0x0000,0x0000,0x0000,
    0x0000,0x0000,0x0000,0x0000,0x0000,0x0000,0x0000,0x0000,0x0000,0x0000,0x0000,0x0000,0x20a2,0x51a5,0x0000,0x0000,0x51a5,0x6206,0x4164,0x59e6,0x6206,0x4164,0x3103,0x3923,
    0x3103,0x3944,0x4144,0x28e2,0x20c2,0x51a5,0x6207,0x4184,0x5a05,0x49a4,0x51e5,0x51e5,0x5a05,0x49a4,0x28a1,0x5a48,0xe6d9,0xef3b,0xc513,0xbd33,0xcdd5,0xcd53,0xa4b1,0x7bce,
    0x7bce,0x738e,0x8c30,0xb513,0xb575,0xb4d2,0xbdb6,0xc5f6,0x8c0f,0x62eb,0x732b,0xa3ed,0xacb0,0x734c,0xa471,0x7288,0x4143,0x30e2,0x28c2,0x3103,0x3103,0x3103,0x3103,0x3103,
    0x4144,0x4144,0x3123,0x4164,0x51a5,0x3944,0x59e6,0x51a5,0x0000,0x0000,0x3923,0x49a5,0x0000,0x0000,0x0000,0x0000,0x0000,0x0000,0x0000,0x0000,0x0000,0x0000,0x0000,0x0000,
    0x0000,0x0000,0x0000,0x0000,0x0000,0x0000,0x0000,0x0000,0x0000,0x0000,0x0000,0x0000,0x0000,0x0000,0x0000,0x0000,0x0000,0x0000,0x0000,0x0000,0x0000,0x0000,0x0000,0x0000,
    0x0000,0x0000,0x0000,0x0000,0x0000,0x0000,0x0000,0x0000,0x0000,0x0000,0x0000,0x0000,0x0000,0x0000,0x0000,0x0000,0x0000,0x0000,0x0000,0x0000,0x0000,0x0000,0x0000,0x0000,
    0x0000,0x0000,0x0000,0x0000,0x0000,0x0000,0x0000,0x0000,0x0000,0x0000,0x0000,0x0000,0x0000,0x0000,0x0000,0x0000,0x0000,0x0000,0x0000,0x0000,0x0000,0x0000,0x0000,0x0000,
    0x0000,0x0000,0x0000,0x0000,0x4984,0x30e3,0x0000,0x1061,0x6206,0x51c5,0x4985,0x6206,0x59e6,0x4164,0x30e2,0x3103,0x3103,0x3923,0x3944,0x28c2,0x28e2,0x28c2,0x61e6,0x4984,
    0x51c5,0x51c5,0x49c4,0x51e5,0x51e5,0x51e5,0x41a4,0x3923,0x3944,0xbcd1,0xd637,0xe6d9,0xf6f9,0xf6d9,0xa3ac,0xb513,0xad13,0x9450,0x840f,0xad54,0xad54,0xa42f,0x9cb1,0x9c4f,
    0x3944,0x5a47,0xddf5,0xee57,0xef1a,0xb574,0xb596,0x51c5,0x832a,0x6227,0x28c2,0x28e3,0x3103,0x3103,0x3103,0x3103,0x4164,0x4144,0x3923,0x4144,0x51c6,0x4164,0x49a5,0x61e6,
    0x1041,0x0000,0x0840,0x6206,0x1061,0x0000,0x0000,0x0000,0x0000,0x0000,0x0000,0x0000,0x0000,0x0000,0x0000,0x0000,0x0000,0x0000,0x0000,0x0000,0x0000,0x0000,0x0000,0x0000,
    0x0000,0x0000,0x0000,0x0000,0x0000,0x0000,0x0000,0x0000,0x0000,0x0000,0x0000,0x0000,0x0000,0x0000,0x0000,0x0000,0x0000,0x0000,0x0000,0x0000,0x0000,0x0000,0x0000,0x0000,
    0x0000,0x0000,0x0000,0x0000,0x0000,0x0000,0x0000,0x0000,0x0000,0x0000,0x0000,0x0000,0x0000,0x0000,0x0000,0x0000,0x0000,0x0000,0x0000,0x0000,0x0000,0x0000,0x0000,0x0000,
    0x0000,0x0000,0x0000,0x0000,0x0000,0x0000,0x0000,0x0000,0x0000,0x0000,0x0000,0x0000,0x0000,0x0000,0x0000,0x0000,0x0000,0x0000,0x0000,0x1061,0x51a5,0x0820,0x0000,0x28e2,
    0x6a27,0x49a5,0x49a5,0x6207,0x59e6,0x4164,0x28e2,0x3103,0x3103,0x3103,0x4164,0x28e2,0x20a1,0x28e2,0x4164,0x4164,0x49a4,0x5a06,0x49a5,0x51e5,0x51e5,0x51e5,0x4184,0x49a4,
    0x7b0a,0xff3a,0xff5a,0xeed9,0xc532,0xddd4,0x9b4a,0xbd74,0xacf2,0xb4f3,0xd5b5,0xff5b,0xd616,0x9bed,0x930a,0x5164,0x20a1,0x5a47,0xe6f9,0xd5d6,0xd616,0xa533,0x7bae,0x30e2,
    0xa491,0x6a68,0x2081,0x20c2,0x3103,0x3103,0x3103,0x3103,0x3944,0x4144,0x3923,0x3923,0x51c6,0x4164,0x4984,0x6a27,0x28e2,0x0000,0x0000,0x4164,0x3944,0x0000,0x0000,0x0000,
    0x0000,0x0000,0x0000,0x0000,0x0000,0x0000,0x0000,0x0000,0x0000,0x0000,0x0000,0x0000,0x0000,0x0000,0x0000,0x0000,0x0000,0x0000,0x0000,0x0000,0x0000,0x0000,0x0000,0x0000,
    0x0000,0x0000,0x0000,0x0000,0x0000,0x0000,0x0000,0x0000,0x0000,0x0000,0x0000,0x0000,0x0000,0x0000,0x0000,0x0000,0x0000,0x0000,0x0000,0x0000,0x0000,0x0000,0x0000,0x0000,
    0x0000,0x0000,0x0000,0x0000,0x0000,0x0000,0x0000,0x0000,0x0000,0x0000,0x0000,0x0000,0x0000,0x0000,0x0000,0x0000,0x0000,0x0000,0x0000,0x0000,0x0000,0x0000,0x0000,0x0000,
    0x0000,0x0000,0x0000,0x0000,0x0000,0x0000,0x0000,0x0000,0x0000,0x0000,0x0000,0x4144,0x3103,0x0000,0x0000,0x4144,0x6206,0x4985,0x51c5,0x6207,0x59c6,0x4984,0x3103,0x3103,
    0x3103,0x3103,0x3944,0x28e2,0x20a1,0x49c4,0x51e5,0x51c5,0x4984,0x51e5,0x49a4,0x49a4,0x5a05,0x51e5,0x3943,0x5a06,0xeed8,0xff5a,0xf719,0xff19,0xf697,0xf6f9,0x936b,0x8c50,
    0x9470,0x83ce,0xa470,0x8aea,0x5965,0x48c3,0x5062,0x4103,0x3963,0x3123,0x9450,0xa4d2,0xa470,0x9d13,0x4185,0x630b,0x8430,0x8b8d,0x3123,0x20c2,0x3103,0x3103,0x3103,0x3103,
    0x3944,0x4164,0x3944,0x3923,0x59e6,0x4985,0x4164,0x6206,0x4985,0x0000,0x0000,0x1861,0x59e6,0x0820,0x0000,0x0000,0x0000,0x0000,0x0000,0x0000,0x0000,0x0000,0x0000,0x0000,
    0x0000,0x0000,0x0000,0x0000,0x0000,0x0000,0x0000,0x0000,0x0000,0x0000,0x0000,0x0000,0x0000,0x0000,0x0000,0x0000,0x0000,0x0000,0x0000,0x0000,0x0000,0x0000,0x0000,0x0000,
    0x0000,0x0000,0x0000,0x0000,0x0000,0x0000,0x0000,0x0000,0x0000,0x0000,0x0000,0x0000,0x0000,0x0000,0x0000,0x0000,0x0000,0x0000,0x0000,0x0000,0x0000,0x0000,0x0000,0x0000,
    0x0000,0x0000,0x0000,0x0000,0x0000,0x0000,0x0000,0x0000,0x0000,0x0000,0x0000,0x0000,0x0000,0x0000,0x0000,0x0000,0x0000,0x0000,0x0000,0x0000,0x0000,0x0000,0x0000,0x0000,
    0x0000,0x0000,0x0840,0x59a5,0x0820,0x0000,0x0820,0x59e5,0x51c5,0x4164,0x59e6,0x6206,0x51c6,0x4985,0x3103,0x3103,0x3103,0x28e2,0x3944,0x28e2,0x28e2,0x5a05,0x51e5,0x51e5,
    0x59e5,0x59e5,0x51c5,0x4184,0x51e5,0x3964,0x2060,0xb4d0,0xff9b,0xf719,0xff3a,0xfef8,0xe615,0xde36,0x7268,0x1040,0x3103,0x28e2,0x30c2,0x58e3,0x4882,0x7124,0x4082,0x3923,
    0x5a05,0x4163,0x9cb2,0xb5b5,0xb4b2,0xa513,0x62eb,0x7bef,0x8430,0xc575,0x5a27,0x20a1,0x3103,0x3103,0x3103,0x28e2,0x3944,0x4164,0x3944,0x3923,0x51c6,0x51c5,0x4164,0x51c5,
    0x6206,0x1041,0x0000,0x0000,0x5185,0x28c2,0x0000,0x0000,0x0000,0x0000,0x0000,0x0000,0x0000,0x0000,0x0000,0x0000,0x0000,0x0000,0x0000,0x0000,0x0000,0x0000,0x0000,0x0000,
    0x0000,0x0000,0x0000,0x0000,0x0000,0x0000,0x0000,0x0000,0x0000,0x0000,0x0000,0x0000,0x0000,0x0000,0x0000,0x0000,0x0000,0x0000,0x0000,0x0000,0x0000,0x0000,0x0000,0x0000,
    0x0000,0x0000,0x0000,0x0000,0x0000,0x0000,0x0000,0x0000,0x0000,0x0000,0x0000,0x0000,0x0000,0x0000,0x0000,0x0000,0x0000,0x0000,0x0000,0x0000,0x0000,0x0000,0x0000,0x0000,
    0x0000,0x0000,0x0000,0x0000,0x0000,0x0000,0x0000,0x0000,0x0000,0x0000,0x0000,0x0000,0x0000,0x0000,0x0000,0x0000,0x0000,0x0000,0x3923,0x3944,0x0000,0x0000,0x28c2,0x6a06,
    0x4984,0x4184,0x6206,0x6206,0x51c6,0x4985,0x3103,0x3923,0x3103,0x28e3,0x3923,0x20c2,0x3943,0x5a06,0x59e5,0x51e5,0x51e5,0x59e5,0x51e5,0x3963,0x49a4,0x4163,0x5206,0xff3a,
    0xff19,0xff3a,0xff19,0xff3a,0xee77,0xf6d8,0x936b,0x3943,0x49a4,0x51e5,0x41a4,0x38a2,0x9145,0x8965,0x48c2,0x3943,0x5a06,0x4984,0x6aea,0xb5d7,0xacb2,0xad13,0x6b6d,0x630b,
    0x6b4c,0xbd75,0x830a,0x20c1,0x28e2,0x3103,0x3103,0x28e2,0x3944,0x4184,0x3964,0x3923,0x49a5,0x59e6,0x4164,0x4985,0x6a27,0x30e3,0x0000,0x0000,0x28c2,0x4984,0x0000,0x0000,
    0x0000,0x0000,0x0000,0x0000,0x0000,0x0000,0x0000,0x0000,0x0000,0x0000,0x0000,0x0000,0x0000,0x0000,0x0000,0x0000,0x0000,0x0000,0x0000,0x0000,0x0000,0x0000,0x0000,0x0000,
    0x0000,0x0000,0x0000,0x0000,0x0000,0x0000,0x0000,0x0000,0x0000,0x0000,0x0000,0x0000,0x0000,0x0000,0x0000,0x0000,0x0000,0x0000,0x0000,0x0000,0x0000,0x0000,0x0000,0x0000,
    0x0000,0x0000,0x0000,0x0000,0x0000,0x0000,0x0000,0x0000,0x0000,0x0000,0x0000,0x0000,0x0000,0x0000,0x0000,0x0000,0x0000,0x0000,0x0000,0x0000,0x0000,0x0000,0x0000,0x0000,
    0x0000,0x0000,0x0000,0x0000,0x0000,0x0000,0x0000,0x0000,0x0000,0x0020,0x51a5,0x1041,0x0000,0x0000,0x4964,0x59e6,0x4164,0x49a5,0x6207,0x59e6,0x51c5,0x4985,0x3103,0x3923,
    0x3123,0x28e3,0x3923,0x28c2,0x4184,0x5a06,0x49c5,0x41a4,0x51e5,0x5a06,0x49a4,0x28e2,0x49c5,0x4163,0xac6f,0xffbb,0xf719,0xff19,0xff3a,0xff3a,0xeef9,0xe5f5,0x61e5,0x49c4,
    0x5a05,0x51e5,0x5a05,0x3984,0x8145,0x9985,0x40e3,0x51e5,0x5a05,0x51c5,0x5206,0xbdb5,0xc594,0xd5d5,0xbdd5,0x9491,0x8c51,0xcdf6,0xbcb1,0x3923,0x28c2,0x3103,0x3103,0x28e2,
    0x4164,0x4184,0x3944,0x3944,0x4984,0x6206,0x4164,0x4164,0x61e6,0x51a5,0x0000,0x0000,0x0000,0x5185,0x1861,0x0000,0x0000,0x0000,0x0000,0x0000,0x0000,0x0000,0x0000,0x0000,
    0x0000,0x0000,0x0000,0x0000,0x0000,0x0000,0x0000,0x0000,0x0000,0x0000,0x0000,0x0000,0x0000,0x0000,0x0000,0x0000,0x0000,0x0000,0x0000,0x0000,0x0000,0x0000,0x0000,0x0000,
    0x0000,0x0000,0x0000,0x0000,0x0000,0x0000,0x0000,0x0000,0x0000,0x0000,0x0000,0x0000,0x0000,0x0000,0x0000,0x0000,0x0000,0x0000,0x0000,0x0000,0x0000,0x0000,0x0000,0x0000,
    0x0000,0x0000,0x0000,0x0000,0x0000,0x0000,0x0000,0x0000,0x0000,0x0000,0x0000,0x0000,0x0000,0x0000,0x0000,0x0000,0x0000,0x0000,0x0000,0x0000,0x0000,0x0000,0x0000,0x0000,
    0x0000,0x28e2,0x4164,0x0000,0x0000,0x1040,0x61e6,0x51c5,0x4164,0x51c5,0x6a27,0x51c6,0x51c5,0x4984,0x3103,0x3923,0x3123,0x28e3,0x3103,0x3102,0x51c5,0x5a06,0x49a4,0x3943,
    0x49a4,0x49a4,0x3943,0x4163,0x51e5,0x4163,0xbc8f,0xff9b,0xff19,0xff3a,0xff19,0xff3a,0xf6d8,0xfe35,0x51c5,0x49a4,0x51e5,0x51e5,0x51e5,0x5205,0x4164,0x7904,0x4964,0x5a06,
    0x59e5,0x51e5,0x4184,0xe6d9,0xff7c,0xee78,0xe719,0xad13,0xad34,0xde99,0xf698,0x4164,0x1881,0x3123,0x3103,0x28e2,0x3944,0x4984,0x3944,0x3944,0x4164,0x6207,0x49a5,0x3944,
    0x51a5,0x6a26,0x1861,0x0000,0x0000,0x3923,0x3923,0x0000,0x0000,0x0000,0x0000,0x0000,0x0000,0x0000,0x0000,0x0000,0x0000,0x0000,0x0000,0x0000,0x0000,0x0000,0x0000,0x0000,
    0x0000,0x0000,0x0000,0x0000,0x0000,0x0000,0x0000,0x0000,0x0000,0x0000,0x0000,0x0000,0x0000,0x0000,0x0000,0x0000,0x0000,0x0000,0x0000,0x0000,0x0000,0x0000,0x0000,0x0000,
    0x0000,0x0000,0x0000,0x0000,0x0000,0x0000,0x0000,0x0000,0x0000,0x0000,0x0000,0x0000,0x0000,0x0000,0x0000,0x0000,0x0000,0x0000,0x0000,0x0000,0x0000,0x0000,0x0000,0x0000,
    0x0000,0x0000,0x0000,0x0000,0x0000,0x0000,0x0000,0x0000,0x0000,0x0000,0x0000,0x0000,0x0000,0x0000,0x0000,0x0000,0x0000,0x4984,0x1861,0x0000,0x0000,0x3103,0x6a27,0x49a5,
    0x4184,0x51c5,0x6207,0x51c5,0x51c6,0x4164,0x3103,0x3923,0x3103,0x3103,0x20c2,0x3963,0x5a06,0x59e5,0x51e5,0x3963,0x3123,0x3943,0x51e5,0x49a4,0x51e5,0x4184,0xa38b,0xff5a,
    0xff3a,0xf719,0xff9b,0xe636,0x7247,0x7247,0x4984,0x5a05,0x51e5,0x51e5,0x51e5,0x51e5,0x51e5,0x3923,0x51a5,0x5a06,0x51e5,0x5a05,0x4163,0xbd94,0xffdd,0xe616,0xef3a,0xad54,
    0xad34,0xbdd6,0xff1a,0x7b0a,0x1060,0x3103,0x3103,0x3103,0x3943,0x4184,0x3944,0x3964,0x3964,0x6206,0x51c6,0x4164,0x4964,0x6227,0x3923,0x0000,0x0000,0x1881,0x4964,0x0000,
    0x0000,0x0000,0x0000,0x0000,0x0000,0x0000,0x0000,0x0000,0x0000,0x0000,0x0000,0x0000,0x0000,0x0000,0x0000,0x0000,0x0000,0x0000,0x0000,0x0000,0x0000,0x0000,0x0000,0x0000,
    0x0000,0x0000,0x0000,0x0000,0x0000,0x0000,0x0000,0x0000,0x0000,0x0000,0x0000,0x0000,0x0000,0x0000,0x0000,0x0000,0x0000,0x0000,0x0000,0x0000,0x0000,0x0000,0x0000,0x0000,
    0x0000,0x0000,0x0000,0x0000,0x0000,0x0000,0x0000,0x0000,0x0000,0x0000,0x0000,0x0000,0x0000,0x0000,0x0000,0x0000,0x0000,0x0000,0x0000,0x0000,0x0000,0x0000,0x0000,0x0000,
    0x0000,0x0000,0x0000,0x0000,0x0000,0x0000,0x0000,0x0000,0x20a1,0x4964,0x0000,0x0000,0x0000,0x59c5,0x59e6,0x4985,0x4164,0x59e6,0x6206,0x49a5,0x51c6,0x4164,0x3103,0x3103,
    0x3103,0x28e2,0x3103,0x5a05,0x51e5,0x51e5,0x5a05,0x49a4,0x4164,0x5a05,0x59e5,0x4184,0x51e5,0x41a4,0x7267,0xfe35,0xf73a,0xff9b,0xf6b7,0x6a47,0x1040,0x2902,0x6206,0x51e5,
    0x51e5,0x51e5,0x51e5,0x51e5,0x51e5,0x51e5,0x4184,0x51e5,0x51e5,0x5a06,0x4984,0x9bee,0xee16,0xd4d1,0xee17,0xb4b1,0x93ae,0x93ad,0xedb5,0xabcd,0x20a1,0x3103,0x3103,0x3103,
    0x3923,0x4164,0x3944,0x4164,0x3944,0x59e6,0x59e6,0x4164,0x4164,0x6206,0x59e6,0x0820,0x0000,0x0820,0x4984,0x1881,0x0000,0x0000,0x0000,0x0000,0x0000,0x0000,0x0000,0x0000,
    0x0000,0x0000,0x0000,0x0000,0x0000,0x0000,0x0000,0x0000,0x0000,0x0000,0x0000,0x0000,0x0000,0x0000,0x0000,0x0000,0x0000,0x0000,0x0000,0x0000,0x0000,0x0000,0x0000,0x0000,
    0x0000,0x0000,0x0000,0x0000,0x0000,0x0000,0x0000,0x0000,0x0000,0x0000,0x0000,0x0000,0x0000,0x0000,0x0000,0x0000,0x0000,0x0000,0x0000,0x0000,0x0000,0x0000,0x0000,0x0000,
    0x0000,0x0000,0x0000,0x0000,0x0000,0x0000,0x0000,0x0000,0x0000,0x0000,0x0000,0x0000,0x0000,0x0000,0x0000,0x0000,0x0000,0x0000,0x0000,0x0000,0x0000,0x0000,0x0000,0x0000,
    0x4964,0x20a2,0x0000,0x0000,0x2081,0x6226,0x51c5,0x4164,0x4164,0x6206,0x6207,0x4985,0x51c5,0x4144,0x3103,0x3103,0x3103,0x28c2,0x51c5,0x5a06,0x5a06,0x5a05,0x59e5,0x3943,
    0x49c5,0x51e5,0x51e5,0x4184,0x51c5,0x5a05,0x3923,0xc44d,0xfe14,0xbc8f,0x4964,0x1060,0x3123,0x3123,0x49a4,0x5a05,0x5a05,0x51e5,0x51e5,0x51e5,0x51e5,0x59e5,0x51e5,0x4164,
    0x51e5,0x5a06,0x51e5,0x6247,0xf6f9,0xe657,0xf6f9,0xc5f5,0x9cb2,0x9cd2,0xe6b8,0xd574,0x28e2,0x28e2,0x3103,0x3103,0x3923,0x4164,0x3944,0x4164,0x3944,0x51c5,0x6227,0x4184,
    0x4164,0x51a5,0x6a27,0x28c2,0x0000,0x0000,0x4143,0x3103,0x0000,0x0000,0x0000,0x0000,0x0000,0x0000,0x0000,0x0000,0x0000,0x0000,0x0000,0x0000,0x0000,0x0000,0x0000,0x0000,
    0x0000,0x0000,0x0000,0x0000,0x0000,0x0000,0x0000,0x0000,0x0000,0x0000,0x0000,0x0000,0x0000,0x0000,0x0000,0x0000,0x0000,0x0000,0x0000,0x0000,0x0000,0x0000,0x0000,0x0000,
    0x0000,0x0000,0x0000,0x0000,0x0000,0x0000,0x0000,0x0000,0x0000,0x0000,0x0000,0x0000,0x0000,0x0000,0x0000,0x0000,0x0000,0x0000,0x0000,0x0000,0x0000,0x0000,0x0000,0x0000,
    0x0000,0x0000,0x0000,0x0000,0x0000,0x0000,0x0000,0x0000,0x0000,0x0000,0x0000,0x0000,0x0000,0x0000,0x0000,0x1061,0x51a5,0x0000,0x0000,0x0000,0x4144,0x6206,0x49a5,0x3943,
    0x4984,0x6207,0x6206,0x4184,0x51c5,0x3944,0x3103,0x3123,0x28e2,0x4164,0x5a26,0x51c5,0x49a4,0x41a4,0x4164,0x3123,0x51e5,0x51e5,0x51e5,0x49a4,0x51c5,0x5a26,0x4143,0x4944,
    0x82e9,0x1821,0x1881,0x20c2,0x3943,0x51c5,0x3102,0x3923,0x49a4,0x51e5,0x5a05,0x5a05,0x51e5,0x51e5,0x59e5,0x49c4,0x49a4,0x5a05,0x3102,0x41a4,0xef3a,0xeed9,0xee77,0xde98,
    0xa4f3,0xad34,0xd678,0xf677,0x4164,0x20a1,0x3103,0x3103,0x3923,0x4164,0x3944,0x4164,0x3944,0x49a5,0x6a27,0x49a5,0x4164,0x4164,0x6207,0x4985,0x0000,0x0000,0x30e2,0x4144,
    0x0820,0x0000,0x0000,0x0000,0x0000,0x0000,0x0000,0x0000,0x0000,0x0000,0x0000,0x0000,0x0000,0x0000,0x0000,0x0000,0x0000,0x0000,0x0000,0x0000,0x0000,0x0000,0x0000,0x0000,
    0x0000,0x0000,0x0000,0x0000,0x0000,0x0000,0x0000,0x0000,0x0000,0x0000,0x0000,0x0000,0x0000,0x0000,0x0000,0x0000,0x0000,0x0000,0x0000,0x0000,0x0000,0x0000,0x0000,0x0000,
    0x0000,0x0000,0x0000,0x0000,0x0000,0x0000,0x0000,0x0000,0x0000,0x0000,0x0000,0x0000,0x0000,0x0000,0x0000,0x0000,0x0000,0x0000,0x0000,0x0000,0x0000,0x0000,0x0000,0x0000,
    0x0000,0x0000,0x0000,0x0000,0x0000,0x0000,0x0000,0x3903,0x3923,0x0000,0x0000,0x1040,0x61e6,0x59e6,0x4985,0x3923,0x51a5,0x6207,0x59e6,0x4164,0x59c6,0x3944,0x3103,0x3103,
    0x28e2,0x51c5,0x49a4,0x3923,0x3123,0x3943,0x51e5,0x49a4,0x51e5,0x51e5,0x59e5,0x51c5,0x4184,0x5a05,0x51e5,0x38e3,0x2862,0x2882,0x28c2,0x3943,0x3923,0x6226,0x5a05,0x49a4,
    0x3963,0x3923,0x3943,0x4184,0x51e5,0x5a05,0x5a05,0x5a05,0x49a4,0x3103,0x3964,0x3943,0xd657,0xff7b,0xf698,0xf77b,0xad34,0xad55,0xc5f6,0xff3a,0x72e9,0x1861,0x3123,0x30e3,
    0x3923,0x4164,0x3944,0x4164,0x3944,0x4984,0x6a27,0x51c6,0x4164,0x4164,0x59e6,0x6a06,0x1881,0x0000,0x20a1,0x4164,0x1041,0x0000,0x0000,0x0000,0x0000,0x0000,0x0000,0x0000,
    0x0000,0x0000,0x0000,0x0000,0x0000,0x0000,0x0000,0x0000,0x0000,0x0000,0x0000,0x0000,0x0000,0x0000,0x0000,0x0000,0x0000,0x0000,0x0000,0x0000,0x0000,0x0000,0x0000,0x0000,
    0x0000,0x0000,0x0000,0x0000,0x0000,0x0000,0x0000,0x0000,0x0000,0x0000,0x0000,0x0000,0x0000,0x0000,0x0000,0x0000,0x0000,0x0000,0x0000,0x0000,0x0000,0x0000,0x0000,0x0000,
    0x0000,0x0000,0x0000,0x0000,0x0000,0x0000,0x0000,0x0000,0x0000,0x0000,0x0000,0x0000,0x0000,0x0000,0x0000,0x0000,0x0000,0x0000,0x0000,0x0000,0x0000,0x0000,0x0020,0x4964,
    0x20a1,0x0000,0x0000,0x30e3,0x6a27,0x51c5,0x4164,0x3923,0x59e6,0x6206,0x59e6,0x3944,0x59c6,0x3923,0x3103,0x3103,0x30e2,0x51c5,0x41a4,0x49a4,0x3943,0x59e5,0x5a06,0x4184,
    0x51e5,0x49c5,0x5206,0x59e5,0x4184,0x51e5,0x5a06,0x4184,0x30a3,0x1861,0x28e2,0x3943,0x3943,0x5a06,0x59e5,0x5a05,0x5a06,0x51e5,0x4184,0x3123,0x2902,0x3943,0x4184,0x51c5,
    0x51e5,0x3963,0x49c5,0x49a4,0xb512,0xdeb8,0xcd53,0xce36,0x8c50,0x8410,0x9491,0xe698,0xa42f,0x2081,0x3123,0x28e2,0x3923,0x4164,0x3944,0x4164,0x3944,0x4164,0x6206,0x59e6,
    0x4164,0x4164,0x51a5,0x6a26,0x4143,0x0000,0x1061,0x4144,0x28c2,0x0000,0x0000,0x0000,0x0000,0x0000,0x0000,0x0000,0x0000,0x0000,0x0000,0x0000,0x0000,0x0000,0x0000,0x0000,
    0x0000,0x0000,0x0000,0x0000,0x0000,0x0000,0x0000,0x0000,0x0000,0x0000,0x0000,0x0000,0x0000,0x0000,0x0000,0x0000,0x0000,0x0000,0x0000,0x0000,0x0000,0x0000,0x0000,0x0000,
    0x0000,0x0000,0x0000,0x0000,0x0000,0x0000,0x0000,0x0000,0x0000,0x0000,0x0000,0x0000,0x0000,0x0000,0x0000,0x0000,0x0000,0x0000,0x0000,0x0000,0x0000,0x0000,0x0000,0x0000,
    0x0000,0x0000,0x0000,0x0000,0x0000,0x0000,0x0000,0x0000,0x0000,0x0000,0x0000,0x0000,0x0000,0x0000,0x1881,0x51a5,0x1040,0x0000,0x0000,0x51a5,0x6206,0x51c5,0x4164,0x3944,
    0x6206,0x6206,0x51c5,0x3944,0x51c6,0x3923,0x3103,0x3123,0x20c2,0x49a4,0x51e5,0x4184,0x51c5,0x59e5,0x51e5,0x4184,0x49a4,0x5a8a,0x6b8e,0x49a5,0x51e5,0x49a5,0x51e5,0x5a05,
    0x28e2,0x20a1,0x3943,0x3123,0x4184,0x5a06,0x59e5,0x59e5,0x59e5,0x59e5,0x5a06,0x5a05,0x51c5,0x4163,0x3103,0x3102,0x3123,0x3964,0x3943,0x4184,0x6b0b,0xbdd6,0xac91,0xbd75,
    0x8c30,0x6b2c,0x6b2c,0xacf3,0xa470,0x28e2,0x30e2,0x28e2,0x3103,0x4164,0x3944,0x4164,0x3944,0x3964,0x59e6,0x6206,0x4984,0x4164,0x4984,0x6206,0x59c5,0x0820,0x0820,0x4144,
    0x3903,0x0000,0x0000,0x0000,0x0000,0x0000,0x0000,0x0000,0x0000,0x0000,0x0000,0x0000,0x0000,0x0000,0x0000,0x0000,0x0000,0x0000,0x0000,0x0000,0x0000,0x0000,0x0000,0x0000,
    0x0000,0x0000,0x0000,0x0000,0x0000,0x0000,0x0000,0x0000,0x0000,0x0000,0x0000,0x0000,0x0000,0x0000,0x0000,0x0000,0x0000,0x0000,0x0000,0x0000,0x0000,0x0000,0x0000,0x0000,
    0x0000,0x0000,0x0000,0x0000,0x0000,0x0000,0x0000,0x0000,0x0000,0x0000,0x0000,0x0000,0x0000,0x0000,0x0000,0x0000,0x0000,0x0000,0x0000,0x0000,0x0000,0x0000,0x0000,0x0000,
    0x0000,0x0000,0x0000,0x0000,0x0000,0x0000,0x3103,0x4164,0x0000,0x0000,0x20a1,0x6a06,0x59e6,0x49a5,0x3923,0x3944,0x6206,0x6207,0x51c5,0x3944,0x51c6,0x3923,0x3103,0x3103,
    0x28e2,0x49a4,0x49a4,0x51e5,0x51c5,0x59e5,0x5a05,0x49a4,0x4184,0x39e7,0x31c8,0x3144,0x5a05,0x4184,0x51e5,0x51e5,0x51e5,0x3943,0x3123,0x3963,0x3943,0x6226,0x51a4,0x51c5,
    0x59e5,0x59e5,0x51e5,0x51e5,0x59e5,0x5a05,0x51e5,0x49a4,0x4143,0x3102,0x3103,0x3102,0x62a9,0xc617,0xb4b2,0xc5b5,0x8c50,0x6b4c,0x7bae,0xa513,0xb4f2,0x2903,0x20c2,0x3103,
    0x3923,0x4164,0x3943,0x4164,0x4164,0x3944,0x51c5,0x6207,0x49a5,0x4184,0x3944,0x51c5,0x6a26,0x20c2,0x0800,0x4164,0x3923,0x0820,0x0000,0x0000,0x0000,0x0000,0x0000,0x0000,
    0x0000,0x0000,0x0000,0x0000,0x0000,0x0000,0x0000,0x0000,0x0000,0x0000,0x0000,0x0000,0x0000,0x0000,0x0000,0x0000,0x0000,0x0000,0x0000,0x0000,0x0000,0x0000,0x0000,0x0000,
    0x0000,0x0000,0x0000,0x0000,0x0000,0x0000,0x0000,0x0000,0x0000,0x0000,0x0000,0x0000,0x0000,0x0000,0x0000,0x0000,0x0000,0x0000,0x0000,0x0000,0x0000,0x0000,0x0000,0x0000,
    0x0000,0x0000,0x0000,0x0000,0x0000,0x0000,0x0000,0x0000,0x0000,0x0000,0x0000,0x0000,0x0000,0x0000,0x0000,0x0000,0x0000,0x0000,0x0000,0x0000,0x0000,0x0020,0x4964,0x30e2,
    0x0000,0x0000,0x4964,0x6206,0x59c6,0x4164,0x3103,0x4164,0x6207,0x6207,0x51a5,0x3944,0x59e6,0x3923,0x3103,0x28c2,0x3943,0x5a05,0x51e5,0x4184,0x51e5,0x51e5,0x59e5,0x49c5,
    0x3943,0x41a5,0x3985,0x51c5,0x59e5,0x49c5,0x49a4,0x51e5,0x51c5,0x49c4,0x49c4,0x3102,0x4184,0x51c5,0x734c,0x528a,0x4185,0x59e5,0x51e5,0x51e5,0x51e5,0x51e5,0x51e5,0x5a26,
    0x6b0b,0x41a5,0x3102,0x3923,0x5a68,0xbdf7,0xb513,0xbd54,0x8c50,0x736d,0x840f,0x9cd2,0xc534,0x49e6,0x1881,0x3103,0x3923,0x4144,0x3923,0x4164,0x4164,0x3944,0x49a5,0x6207,
    0x51c5,0x4184,0x3944,0x4985,0x6a27,0x4964,0x0820,0x3944,0x4144,0x1041,0x0000,0x0000,0x0000,0x0000,0x0000,0x0000,0x0000,0x0000,0x0000,0x0000,0x0000,0x0000,0x0000,0x0000,
    0x0000,0x0000,0x0000,0x0000,0x0000,0x0000,0x0000,0x0000,0x0000,0x0000,0x0000,0x0000,0x0000,0x0000,0x0000,0x0000,0x0000,0x0000,0x0000,0x0000,0x0000,0x0000,0x0000,0x0000,
    0x0000,0x0000,0x0000,0x0000,0x0000,0x0000,0x0000,0x0000,0x0000,0x0000,0x0000,0x0000,0x0000,0x0000,0x0000,0x0000,0x0000,0x0000,0x0000,0x0000,0x0000,0x0000,0x0000,0x0000,
    0x0000,0x0000,0x0000,0x0000,0x0000,0x0000,0x0000,0x0000,0x0000,0x0000,0x0000,0x0000,0x0000,0x1061,0x4984,0x28c2,0x0000,0x1061,0x6a26,0x59e6,0x51c5,0x3923,0x3923,0x4985,
    0x6227,0x6206,0x4985,0x3923,0x59e6,0x3923,0x3123,0x28c2,0x49a4,0x5a06,0x51c5,0x49a4,0x5a05,0x51e5,0x51e5,0x59e5,0x4184,0x5a05,0x5a06,0x5a05,0x51e5,0x51c5,0x4184,0x4184,
    0x49c4,0x41a4,0x3103,0x3102,0x51c4,0x51e6,0x6b6e,0x4a6a,0x2124,0x51c5,0x59e5,0x51e5,0x51e5,0x5a06,0x49a4,0x6b0c,0x6b8f,0x31c7,0x3964,0x3923,0x41a5,0xb574,0xc5b5,0xc553,
    0xb574,0x83ef,0x840f,0x944f,0xbd33,0x72c9,0x28c2,0x3103,0x3923,0x4164,0x3923,0x4144,0x3944,0x3944,0x4184,0x6207,0x59e6,0x4184,0x4164,0x3944,0x59e6,0x6a06,0x28c2,0x3103,
    0x4964,0x2081,0x0000,0x0000,0x0000,0x0000,0x0000,0x0000,0x0000,0x0000,0x0000,0x0000,0x0000,0x0000,0x0000,0x0000,0x0000,0x0000,0x0000,0x0000,0x0000,0x0000,0x0000,0x0000,
    0x0000,0x0000,0x0000,0x0000,0x0000,0x0000,0x0000,0x0000,0x0000,0x0000,0x0000,0x0000,0x0000,0x0000,0x0000,0x0000,0x0000,0x0000,0x0000,0x0000,0x0000,0x0000,0x0000,0x0000,
    0x0000,0x0000,0x0000,0x0000,0x0000,0x0000,0x0000,0x0000,0x0000,0x0000,0x0000,0x0000,0x0000,0x0000,0x0000,0x0000,0x0000,0x0000,0x0000,0x0000,0x0000,0x0000,0x0000,0x0000,
    0x0000,0x0000,0x0000,0x0000,0x0000,0x20a1,0x4984,0x28c2,0x0000,0x3903,0x6a27,0x5a06,0x51a5,0x3903,0x3923,0x4985,0x6206,0x59e6,0x4984,0x3923,0x59e6,0x3923,0x3923,0x28c2,
    0x4164,0x5a06,0x51c5,0x51e5,0x59e5,0x51e5,0x51e5,0x5a05,0x49c5,0x3963,0x51e5,0x51e5,0x51e5,0x49a4,0x49a4,0x4184,0x4184,0x3102,0x2902,0x3963,0x51e5,0x51c5,0x2966,0x2966,
    0x2904,0x51e5,0x51e5,0x51e5,0x51e5,0x59e5,0x51e5,0x3185,0x31c8,0x2125,0x4163,0x3123,0x4184,0xf75a,0xff5b,0xf677,0xf79b,0xad34,0xa4f3,0xc5d5,0xffbc,0xbd12,0x20a1,0x3103,
    0x3923,0x4164,0x3923,0x4144,0x3944,0x3943,0x4164,0x6206,0x6206,0x4164,0x4984,0x3923,0x51c5,0x6a27,0x4964,0x3103,0x4964,0x20a2,0x0000,0x0000,0x0000,0x0000,0x0000,0x0000,
    0x0000,0x0000,0x0000,0x0000,0x0000,0x0000,0x0000,0x0000,0x0000,0x0000,0x0000,0x0000,0x0000,0x0000,0x0000,0x0000,0x0000,0x0000,0x0000,0x0000,0x0000,0x0000,0x0000,0x0000,
    0x0000,0x0000,0x0000,0x0000,0x0000,0x0000,0x0000,0x0000,0x0000,0x0000,0x0000,0x0000,0x0000,0x0000,0x0000,0x0000,0x0000,0x0000,0x0000,0x0000,0x0000,0x0000,0x0000,0x0000,
    0x0000,0x0000,0x0000,0x0000,0x0000,0x0000,0x0000,0x0000,0x0000,0x0000,0x0000,0x0000,0x0000,0x0000,0x0000,0x0000,0x0000,0x0000,0x0000,0x0000,0x0000,0x20a2,0x4984,0x28c2,
    0x0000,0x59a5,0x61e6,0x6206,0x4144,0x3903,0x3923,0x51a5,0x6206,0x59e6,0x4984,0x3923,0x59e6,0x3923,0x3123,0x3103,0x28e2,0x51e5,0x51e5,0x59e5,0x59e5,0x51e5,0x51e5,0x51e5,
    0x5a05,0x3943,0x4984,0x51e5,0x49c4,0x49a4,0x49c4,0x4184,0x2902,0x2902,0x3943,0x49a4,0x59e5,0x59e5,0x3964,0x3123,0x51e5,0x5a05,0x51e5,0x51e5,0x51e5,0x51e5,0x5a06,0x49a4,
    0x2903,0x3143,0x51e5,0x28e2,0x3923,0xdeb8,0xf75b,0xe5d5,0xf75a,0xa513,0xad75,0xbdf7,0xff7c,0xcd53,0x20c2,0x20c2,0x3944,0x4164,0x3923,0x3944,0x3944,0x3944,0x3944,0x59e6,
    0x6227,0x4184,0x4984,0x3903,0x4985,0x6206,0x59e6,0x3923,0x4164,0x28a2,0x0000,0x0000,0x0000,0x0000,0x0000,0x0000,0x0000,0x0000,0x0000,0x0000,0x0000,0x0000,0x0000,0x0000,
    0x0000,0x0000,0x0000,0x0000,0x0000,0x0000,0x0000,0x0000,0x0000,0x0000,0x0000,0x0000,0x0000,0x0000,0x0000,0x0000,0x0000,0x0000,0x0000,0x0000,0x0000,0x0000,0x0000,0x0000,
    0x0000,0x0000,0x0000,0x0000,0x0000,0x0000,0x0000,0x0000,0x0000,0x0000,0x0000,0x0000,0x0000,0x0000,0x0000,0x0000,0x0000,0x0000,0x0000,0x0000,0x0000,0x0000,0x0000,0x0000,
    0x0000,0x0000,0x0000,0x0000,0x0000,0x0000,0x0000,0x0000,0x0000,0x0000,0x0000,0x0000,0x0000,0x28e2,0x4984,0x28c2,0x20a2,0x6206,0x59e6,0x59e6,0x28c2,0x3923,0x3923,0x51c6,
    0x6206,0x59e6,0x4984,0x3923,0x59e6,0x3944,0x3103,0x3923,0x28c2,0x4163,0x51e5,0x59e5,0x59e5,0x51e5,0x51e5,0x51e5,0x59e5,0x51e5,0x3943,0x4184,0x49c5,0x49c5,0x4164,0x3102,
    0x3123,0x28e2,0x4184,0x5a05,0x51e5,0x51e5,0x5a05,0x5a05,0x59e5,0x51e5,0x51e5,0x59e5,0x59e5,0x51e5,0x51e5,0x5a05,0x59e5,0x59e5,0x59e5,0x2902,0x3923,0xde58,0xf71a,0xe594,
    0xf71a,0xb513,0xb513,0xacf3,0xee77,0xe5f5,0x41a5,0x2081,0x4144,0x4144,0x3123,0x3944,0x3944,0x3943,0x3943,0x51c6,0x6a27,0x49a5,0x4984,0x3903,0x3943,0x59e6,0x6207,0x4964,
    0x4164,0x28c2,0x0000,0x0000,0x0000,0x0000,0x0000,0x0000,0x0000,0x0000,0x0000,0x0000,0x0000,0x0000,0x0000,0x0000,0x0000,0x0000,0x0000,0x0000,0x0000,0x0000,0x0000,0x0000,
    0x0000,0x0000,0x0000,0x0000,0x0000,0x0000,0x0000,0x0000,0x0000,0x0000,0x0000,0x0000,0x0000,0x0000,0x0000,0x0000,0x0000,0x0000,0x0000,0x0000,0x0000,0x0000,0x0000,0x0000,
    0x0000,0x0000,0x0000,0x0000,0x0000,0x0000,0x0000,0x0000,0x0000,0x0000,0x0000,0x0000,0x0000,0x0000,0x0000,0x0000,0x0000,0x0000,0x0000,0x0000,0x0000,0x0000,0x0000,0x0000,
    0x0000,0x0000,0x0000,0x0000,0x0000,0x3103,0x4964,0x30e3,0x4964,0x6206,0x6206,0x4984,0x1861,0x4144,0x3923,0x59e6,0x6206,0x59e6,0x4164,0x3923,0x6206,0x3944,0x3103,0x3123,
    0x3103,0x3102,0x51e5,0x51e5,0x59e5,0x59e5,0x59e5,0x51e5,0x49c5,0x49c4,0x51c4,0x3943,0x3943,0x3123,0x3102,0x3943,0x3123,0x3923,0x51e5,0x51e5,0x51e5,0x51e5,0x51e5,0x51e5,
    0x59e5,0x59e5,0x59e5,0x59e5,0x51e5,0x51e5,0x51e5,0x59e5,0x51e5,0x59e5,0x51e5,0x3123,0x3102,0xc490,0xedd5,0xdd12,0xf658,0xb491,0x9bef,0x93ad,0xd532,0xe574,0x72a9,0x28c2,
    0x3923,0x3943,0x3123,0x3944,0x3944,0x3943,0x3923,0x51c5,0x6a27,0x51c5,0x4184,0x4144,0x30e2,0x59c6,0x6206,0x51a5,0x4144,0x20c2,0x0000,0x0000,0x0000,0x0000,0x0000,0x0000,
    0x0000,0x0000,0x0000,0x0000,0x0000,0x0000,0x0000,0x0000,0x0000,0x0000,0x0000,0x0000,0x0000,0x0000,0x0000,0x0000,0x0000,0x0000,0x0000,0x0000,0x0000,0x0000,0x0000,0x0000,
    0x0000,0x0000,0x0000,0x0000,0x0000,0x0000,0x0000,0x0000,0x0000,0x0000,0x0000,0x0000,0x0000,0x0000,0x0000,0x0000,0x0000,0x0000,0x0000,0x0000,0x0000,0x0000,0x0000,0x0000,
    0x0000,0x0000,0x0000,0x0000,0x0000,0x0000,0x0000,0x0000,0x0000,0x0000,0x0000,0x0000,0x0000,0x0000,0x0000,0x0000,0x0000,0x0000,0x0000,0x0000,0x0000,0x3103,0x4164,0x3923,
    0x59c5,0x59e6,0x6206,0x30e2,0x1061,0x4164,0x3923,0x59c6,0x59e6,0x59e6,0x4184,0x3923,0x59e6,0x4144,0x3103,0x3103,0x3923,0x28e2,0x3964,0x5a06,0x51c5,0x51c5,0x49a4,0x4184,
    0x49c5,0x49c5,0x4184,0x3943,0x3102,0x3102,0x3102,0x3943,0x51c5,0x4184,0x51e5,0x59e5,0x51e5,0x51e5,0x51e5,0x59e5,0x59e5,0x59e5,0x51e5,0x51e5,0x51e5,0x51e5,0x51e5,0x51e5,
    0x51e5,0x51e5,0x51e5,0x3143,0x30e2,0xbd53,0xfffd,0xee58,0xff7b,0xbdb5,0x9cf3,0xa533,0xded8,0xff5b,0x8bac,0x20a1,0x3923,0x3923,0x3103,0x3944,0x3944,0x3943,0x3923,0x4985,
    0x6206,0x51c6,0x4164,0x4964,0x20a1,0x4984,0x6206,0x59e6,0x3923,0x20a2,0x0000,0x0000,0x0000,0x0000,0x0000,0x0000,0x0000,0x0000,0x0000,0x0000,0x0000,0x0000,0x0000,0x0000,
    0x0000,0x0000,0x0000,0x0000,0x0000,0x0000,0x0000,0x0000,0x0000,0x0000,0x0000,0x0000,0x0000,0x0000,0x0000,0x0000,0x0000,0x0000,0x0000,0x0000,0x0000,0x0000,0x0000,0x0000,
    0x0000,0x0000,0x0000,0x0000,0x0000,0x0000,0x0000,0x0000,0x0000,0x0000,0x0000,0x0000,0x0000,0x0000,0x0000,0x0000,0x0000,0x0000,0x0000,0x0000,0x0000,0x0000,0x0000,0x0000,
    0x0000,0x0000,0x0000,0x0000,0x0000,0x0000,0x0000,0x0000,0x0000,0x0000,0x0000,0x0000,0x0000,0x30e2,0x4144,0x3923,0x59e6,0x59e6,0x59e6,0x1040,0x20a2,0x4164,0x3103,0x59e6,
    0x59e6,0x59e6,0x4984,0x3923,0x59e6,0x4164,0x3103,0x3103,0x3923,0x3923,0x28c2,0x4184,0x49c5,0x41a4,0x49a4,0x49a4,0x4164,0x2902,0x28e2,0x3123,0x3923,0x3123,0x3963,0x51e5,
    0x59e5,0x49a4,0x59e5,0x51e5,0x51e5,0x51e5,0x51e5,0x59e5,0x59e5,0x59e5,0x51e5,0x51e5,0x51e5,0x51e5,0x51e5,0x51e5,0x51e5,0x51e5,0x51e5,0x3943,0x3102,0xb512,0xfffd,0xe5f5,
    0xf6f9,0xd657,0xad55,0xad34,0xd678,0xff3a,0xac90,0x1881,0x3103,0x3923,0x3103,0x3943,0x3944,0x3943,0x3923,0x4184,0x6206,0x59e6,0x4144,0x4964,0x1881,0x3103,0x59e6,0x59e6,
    0x4984,0x1040,0x0000,0x0000,0x0000,0x0000,0x0000,0x0000,0x0000,0x0000,0x0000,0x0000,0x0000,0x0000,0x0000,0x0000,0x0000,0x0000,0x0000,0x0000,0x0000,0x0000,0x0000,0x0000,
    0x0000,0x0000,0x0000,0x0000,0x0000,0x0000,0x0000,0x0000,0x0000,0x0000,0x0000,0x0000,0x0000,0x0000,0x0000,0x0000,0x0000,0x0000,0x0000,0x0000,0x0000,0x0000,0x0000,0x0000,
    0x0000,0x0000,0x0000,0x0000,0x0000,0x0000,0x0000,0x0000,0x0000,0x0000,0x0000,0x0000,0x0000,0x0000,0x0000,0x0000,0x0000,0x0000,0x0000,0x0000,0x0000,0x0000,0x0000,0x0000,
    0x0000,0x0000,0x0000,0x0000,0x0000,0x28c2,0x3923,0x4164,0x61e6,0x61e6,0x4984,0x0000,0x28c2,0x4164,0x3103,0x59e6,0x59e6,0x59e6,0x4184,0x3923,0x59e6,0x4164,0x3103,0x3103,
    0x3123,0x3123,0x3103,0x20c2,0x3123,0x3943,0x3123,0x20a2,0x20c2,0x2902,0x28e2,0x3102,0x3943,0x49a4,0x5a05,0x59e5,0x51e5,0x49a4,0x59e5,0x51e5,0x51e5,0x59e5,0x59e5,0x59e5,
    0x51e5,0x51e5,0x51e5,0x51e5,0x51e5,0x51e5,0x51e5,0x51e5,0x51e5,0x51e5,0x5a05,0x3963,0x30e2,0xa490,0xef5b,0xd594,0xe678,0xce58,0x8c51,0x9492,0xb594,0xf6d8,0xc533,0x3102,
    0x28c2,0x3923,0x3103,0x3923,0x3943,0x3943,0x3103,0x4164,0x61e6,0x6206,0x4144,0x4964,0x20a2,0x1861,0x59c5,0x61e6,0x59c5,0x0820,0x0000,0x0000,0x0000,0x0000,0x0000,0x0000,
    0x0000,0x0000,0x0000,0x0000,0x0000,0x0000,0x0000,0x0000,0x0000,0x0000,0x0000,0x0000,0x0000,0x0000,0x0000,0x0000,0x0000,0x0000,0x0000,0x0000,0x0000,0x0000,0x0000,0x0000,
    0x0000,0x0000,0x0000,0x0000,0x0000,0x0000,0x0000,0x0000,0x0000,0x0000,0x0000,0x0000,0x0000,0x0000,0x0000,0x0000,0x0000,0x0000,0x0000,0x0000,0x0000,0x0000,0x0000,0x0000,
    0x0000,0x0000,0x0000,0x0000,0x0000,0x0000,0x0000,0x0000,0x0000,0x0000,0x0000,0x0000,0x0000,0x0000,0x0000,0x0000,0x0000,0x0000,0x0000,0x0000,0x0000,0x1041,0x3903,0x59c5,
    0x61e6,0x61e6,0x3103,0x0000,0x30e2,0x4164,0x3103,0x59e6,0x51c5,0x59e6,0x4984,0x3923,0x59e6,0x4985,0x3103,0x3103,0x3123,0x3123,0x3103,0x3123,0x30e2,0x28c2,0x20c2,0x1881,
    0x3103,0x3123,0x3943,0x51c5,0x49c5,0x49a4,0x59e5,0x59e5,0x51e5,0x49c4,0x59e5,0x51e5,0x59e5,0x59e5,0x59e5,0x59e5,0x51e5,0x51e5,0x51e5,0x59e5,0x59e5,0x59e5,0x59e5,0x51e5,
    0x51e5,0x51e5,0x5a05,0x3963,0x30e2,0x62ca,0xad54,0xacb2,0xb513,0x9cd2,0x62eb,0x738e,0x7bef,0xbd54,0x9bee,0x49c5,0x3923,0x30e3,0x3123,0x3923,0x3943,0x3943,0x3123,0x4164,
    0x59e6,0x6206,0x4144,0x4164,0x28e2,0x0000,0x51a5,0x6206,0x61e6,0x1881,0x0000,0x0000,0x0000,0x0000,0x0000,0x0000,0x0000,0x0000,0x0000,0x0000,0x0000,0x0000,0x0000,0x0000,
    0x0000,0x0000,0x0000,0x0000,0x0000,0x0000,0x0000,0x0000,0x0000,0x0000,0x0000,0x0000,0x0000,0x0000,0x0000,0x0000,0x0000,0x0000,0x0000,0x0000,0x0000,0x0000,0x0000,0x0000,
    0x0000,0x0000,0x0000,0x0000,0x0000,0x0000,0x0000,0x0000,0x0000,0x0000,0x0000,0x0000,0x0000,0x0000,0x0000,0x0000,0x0000,0x0000,0x0000,0x0000,0x0000,0x0000,0x0000,0x0000,
    0x0000,0x0000,0x0000,0x0000,0x0000,0x0000,0x0000,0x0000,0x0000,0x0000,0x0000,0x0000,0x0000,0x0000,0x3923,0x61e6,0x59e6,0x61e6,0x1881,0x0000,0x30e3,0x4164,0x28e2,0x59c6,
    0x51c5,0x59e6,0x4985,0x3923,0x51c6,0x49a5,0x3103,0x3103,0x3123,0x3923,0x3103,0x3103,0x3123,0x3103,0x20c2,0x20c2,0x4184,0x51c5,0x51e5,0x51c5,0x49a4,0x51c5,0x59e5,0x59e5,
    0x51c5,0x49c4,0x59e5,0x51e5,0x51e5,0x59e5,0x51e5,0x59e5,0x59e5,0x51e5,0x51e5,0x59e5,0x59e5,0x59e5,0x59e5,0x51e5,0x51e5,0x59e5,0x5a05,0x3943,0x30e2,0x6aea,0xbdf7,0xb534,
    0xacb2,0xa534,0x736d,0x7bae,0x738e,0xb554,0xb4d2,0x41c6,0x4163,0x30e3,0x3123,0x3923,0x3923,0x3943,0x3103,0x4164,0x51c5,0x61e6,0x4144,0x4144,0x3903,0x0000,0x3103,0x6206,
    0x6206,0x3923,0x0000,0x0000,0x0000,0x0000,0x0000,0x0000,0x0000,0x0000,0x0000,0x0000,0x0000,0x0000,0x0000,0x0000,0x0000,0x0000,0x0000,0x0000,0x0000,0x0000,0x0000,0x0000,
    0x0000,0x0000,0x0000,0x0000,0x0000,0x0000,0x0000,0x0000,0x0000,0x0000,0x0000,0x0000,0x0000,0x0000,0x0000,0x0000,0x0000,0x0000,0x0000,0x0000,0x0000,0x0000,0x0000,0x0000,
    0x0000,0x0000,0x0000,0x0000,0x0000,0x0000,0x0000,0x0000,0x0000,0x0000,0x0000,0x0000,0x0000,0x0000,0x0000,0x0000,0x0000,0x0000,0x0000,0x0000,0x0000,0x0000,0x0000,0x0000,
    0x0000,0x0000,0x0000,0x0000,0x0000,0x0000,0x4964,0x6206,0x59e6,0x59e6,0x0840,0x0000,0x3903,0x4144,0x28c2,0x59c6,0x51c5,0x59c6,0x4985,0x3123,0x51c5,0x51c5,0x3103,0x30e3,
    0x3923,0x3923,0x3103,0x3103,0x3103,0x30e3,0x20a2,0x49a4,0x5a05,0x5a05,0x4184,0x49a4,0x4184,0x51e5,0x59e5,0x59e5,0x51c5,0x51c5,0x59e5,0x51e5,0x51e5,0x51e5,0x5a27,0x49c5,
    0x51e5,0x59e5,0x59e5,0x59e5,0x59e5,0x59e5,0x5a05,0x51e5,0x49e6,0x49c5,0x59e5,0x3943,0x3102,0x62a9,0xb5d6,0xb534,0xb4b2,0xb5b6,0x6b6d,0x73ae,0x73ae,0xb575,0xbd34,0x5a89,
    0x4983,0x28e2,0x3103,0x3923,0x3923,0x3943,0x3103,0x3943,0x51a5,0x61e6,0x4164,0x4144,0x3923,0x0000,0x1861,0x51a5,0x6207,0x51a5,0x0000,0x0000,0x0000,0x0000,0x0000,0x0000,
    0x0000,0x0000,0x0000,0x0000,0x0000,0x0000,0x0000,0x0000,0x0000,0x0000,0x0000,0x0000,0x0000,0x0000,0x0000,0x0000,0x0000,0x0000,0x0000,0x0000,0x0000,0x0000,0x0000,0x0000,
    0x0000,0x0000,0x0000,0x0000,0x0000,0x0000,0x0000,0x0000,0x0000,0x0000,0x0000,0x0000,0x0000,0x0000,0x0000,0x0000,0x0000,0x0000,0x0000,0x0000,0x0000,0x0000,0x0000,0x0000,
    0x0000,0x0000,0x0000,0x0000,0x0000,0x0000,0x0000,0x0000,0x0000,0x0000,0x0000,0x0000,0x0000,0x0000,0x0000,0x0000,0x0000,0x0000,0x0000,0x0000,0x0000,0x0820,0x59c6,0x59e6,
    0x6206,0x51a5,0x0000,0x0000,0x3923,0x4164,0x20a1,0x51c5,0x51c5,0x51c5,0x4984,0x3123,0x4985,0x59c6,0x3103,0x28c2,0x3923,0x3123,0x3103,0x3103,0x3123,0x28e2,0x3923,0x5a05,
    0x51e5,0x51e5,0x4184,0x51e5,0x49c4,0x59e5,0x51e5,0x59e5,0x51c5,0x51e5,0x59e5,0x59e5,0x51c4,0x5a48,0x8c72,0x39e8,0x3964,0x5a06,0x59e5,0x59e5,0x59e5,0x59e5,0x51c4,0x5a88,
    0x73d0,0x39e8,0x41a4,0x3943,0x3102,0x5227,0xb595,0xb554,0xb4d1,0xbdb5,0x7b8d,0x8410,0x736d,0xad54,0xbcf2,0x730a,0x49a4,0x3123,0x30e3,0x3943,0x3923,0x3923,0x3103,0x3923,
    0x51a5,0x6206,0x4164,0x4144,0x4144,0x0000,0x1040,0x4964,0x6206,0x6206,0x1861,0x0000,0x0000,0x0000,0x0000,0x0000,0x0000,0x0000,0x0000,0x0000,0x0000,0x0000,0x0000,0x0000,
    0x0000,0x0000,0x0000,0x0000,0x0000,0x0000,0x0000,0x0000,0x0000,0x0000,0x0000,0x0000,0x0000,0x0000,0x0000,0x0000,0x0000,0x0000,0x0000,0x0000,0x0000,0x0000,0x0000,0x0000,
    0x0000,0x0000,0x0000,0x0000,0x0000,0x0000,0x0000,0x0000,0x0000,0x0000,0x0000,0x0000,0x0000,0x0000,0x0000,0x0000,0x0000,0x0000,0x0000,0x0000,0x0000,0x0000,0x0000,0x0000,
    0x0000,0x0000,0x0000,0x0000,0x0000,0x0000,0x0000,0x0000,0x0000,0x0000,0x0000,0x0000,0x0000,0x2081,0x59e6,0x51c5,0x6226,0x4144,0x0000,0x0000,0x3923,0x4164,0x1861,0x51a5,
    0x51a5,0x51c5,0x49a5,0x3923,0x4164,0x59e6,0x3103,0x20a1,0x3923,0x3103,0x3103,0x3103,0x3103,0x20a2,0x49c5,0x51e5,0x5a05,0x4184,0x49c5,0x49c5,0x51e5,0x51e5,0x51e5,0x59e5,
    0x51c5,0x51e5,0x59e5,0x59e5,0x51e5,0x41e7,0x4a6a,0x31c7,0x2903,0x5a05,0x59e5,0x59e5,0x59e5,0x59e5,0x51a4,0x41e7,0x4a8a,0x2987,0x4184,0x3963,0x3102,0x6ac9,0xff9c,0xf73a,
    0xee57,0xffbc,0xbdb5,0xad55,0xa4f3,0xef3a,0xfeb8,0xacb0,0x4163,0x49a4,0x28c2,0x3923,0x3923,0x3923,0x3103,0x3103,0x49a5,0x6206,0x4184,0x4144,0x4964,0x0820,0x0840,0x4144,
    0x59e6,0x6a26,0x28e3,0x0000,0x0000,0x0000,0x0000,0x0000,0x0000,0x0000,0x0000,0x0000,0x0000,0x0000,0x0000,0x0000,0x0000,0x0000,0x0000,0x0000,0x0000,0x0000,0x0000,0x0000,
    0x0000,0x0000,0x0000,0x0000,0x0000,0x0000,0x0000,0x0000,0x0000,0x0000,0x0000,0x0000,0x0000,0x0000,0x0000,0x0000,0x0000,0x0000,0x0000,0x0000,0x0000,0x0000,0x0000,0x0000,
    0x0000,0x0000,0x0000,0x0000,0x0000,0x0000,0x0000,0x0000,0x0000,0x0000,0x0000,0x0000,0x0000,0x0000,0x0000,0x0000,0x0000,0x0000,0x0000,0x0000,0x0000,0x0000,0x0000,0x0000,
    0x0000,0x0000,0x0000,0x0000,0x0000,0x30e3,0x59e6,0x51a5,0x6226,0x28e2,0x0000,0x0000,0x3923,0x4164,0x1061,0x4985,0x51a5,0x4985,0x51a5,0x3923,0x3944,0x59e6,0x3923,0x1881,
    0x3123,0x3103,0x3103,0x3103,0x28c2,0x3123,0x5a05,0x51e5,0x51e5,0x4164,0x51e5,0x49a4,0x59e5,0x51e5,0x51e5,0x51e5,0x51c5,0x59e5,0x59e5,0x59e5,0x5a05,0x3964,0x2125,0x18c3,
    0x4164,0x5a05,0x59e5,0x59e5,0x59e5,0x59e5,0x51c5,0x3143,0x2125,0x18c3,0x49c5,0x4164,0x3122,0x6267,0xf73a,0xf75b,0xe658,0xffbc,0xbdd6,0xa555,0xa534,0xded9,0xf6f9,0xbd32,
    0x4184,0x51e5,0x28e2,0x3923,0x3923,0x3923,0x3103,0x28c2,0x4984,0x6206,0x4184,0x3943,0x4964,0x0840,0x0820,0x3923,0x51a5,0x6a26,0x4164,0x0000,0x0000,0x0000,0x0000,0x0000,
    0x0000,0x0000,0x0000,0x0000,0x0000,0x0000,0x0000,0x0000,0x0000,0x0000,0x0000,0x0000,0x0000,0x0000,0x0000,0x0000,0x0000,0x0000,0x0000,0x0000,0x0000,0x0000,0x0000,0x0000,
    0x0000,0x0000,0x0000,0x0000,0x0000,0x0000,0x0000,0x0000,0x0000,0x0000,0x0000,0x0000,0x0000,0x0000,0x0000,0x0000,0x0000,0x0000,0x0000,0x0000,0x0000,0x0000,0x0000,0x0000,
    0x0000,0x0000,0x0000,0x0000,0x0000,0x0000,0x0000,0x0000,0x0000,0x0000,0x0000,0x0000,0x0000,0x0000,0x0000,0x0000,0x0000,0x0000,0x0000,0x0000,0x0000,0x4164,0x59c5,0x51a5,
    0x6a27,0x20a2,0x0000,0x0000,0x3923,0x4964,0x0840,0x4164,0x51c5,0x4984,0x51c5,0x3943,0x3923,0x51c6,0x3944,0x1040,0x3103,0x3103,0x3103,0x3103,0x20c2,0x51c5,0x51e5,0x5a05,
    0x4184,0x49c5,0x49a4,0x51c5,0x59e5,0x51e5,0x51e5,0x51e5,0x49a4,0x59e5,0x59e5,0x59e5,0x59e5,0x59e5,0x4984,0x49a4,0x51e5,0x51e5,0x59e5,0x59e5,0x59e5,0x51e5,0x49a4,0x4184,
    0x4164,0x49a4,0x51e5,0x3963,0x3122,0x6247,0xf6d9,0xeed9,0xdd12,0xf677,0xbd33,0x9c51,0x9c71,0xcdd5,0xf678,0xc512,0x41a4,0x5a05,0x3943,0x30e3,0x3923,0x3923,0x3103,0x2081,
    0x4964,0x6206,0x4164,0x3943,0x4964,0x1041,0x0820,0x3923,0x4984,0x6a06,0x51a5,0x0000,0x0000,0x0000,0x0000,0x0000,0x0000,0x0000,0x0000,0x0000,0x0000,0x0000,0x0000,0x0000,
    0x0000,0x0000,0x0000,0x0000,0x0000,0x0000,0x0000,0x0000,0x0000,0x0000,0x0000,0x0000,0x0000,0x0000,0x0000,0x0000,0x0000,0x0000,0x0000,0x0000,0x0000,0x0000,0x0000,0x0000,
    0x0000,0x0000,0x0000,0x0000,0x0000,0x0000,0x0000,0x0000,0x0000,0x0000,0x0000,0x0000,0x0000,0x0000,0x0000,0x0000,0x0000,0x0000,0x0000,0x0000,0x0000,0x0000,0x0000,0x0000,
    0x0000,0x0000,0x0000,0x0000,0x0000,0x0000,0x0000,0x0000,0x0000,0x0000,0x0000,0x0000,0x0000,0x4964,0x5184,0x51a5,0x6a27,0x1881,0x0000,0x0000,0x3903,0x4144,0x0000,0x3923,
    0x59e6,0x4984,0x51c5,0x3944,0x3103,0x51a5,0x4985,0x0820,0x28c2,0x3123,0x3123,0x28c2,0x3923,0x5a06,0x51e5,0x51e5,0x4164,0x51e5,0x4184,0x59e5,0x51e5,0x51e5,0x59e5,0x51e5,
    0x49c4,0x59e5,0x59e5,0x51e5,0x59e5,0x59e5,0x5a05,0x5a05,0x51e5,0x51e5,0x59e5,0x51e5,0x59e5,0x51c5,0x4184,0x4184,0x49c5,0x59e5,0x59e5,0x3963,0x3123,0x59e6,0xe5f6,0xee57,
    0xd4d1,0xf657,0xbd33,0x9c30,0x9c50,0xc574,0xee36,0xd4d1,0x5a06,0x51c5,0x51e5,0x2903,0x3103,0x3943,0x3103,0x1041,0x4144,0x6206,0x4164,0x3944,0x4985,0x1061,0x0820,0x3923,
    0x3923,0x6206,0x59c5,0x0840,0x0000,0x0000,0x0000,0x0000,0x0000,0x0000,0x0000,0x0000,0x0000,0x0000,0x0000,0x0000,0x0000,0x0000,0x0000,0x0000,0x0000,0x0000,0x0000,0x0000,
    0x0000,0x0000,0x0000,0x0000,0x0000,0x0000,0x0000,0x0000,0x0000,0x0000,0x0000,0x0000,0x0000,0x0000,0x0000,0x0000,0x0000,0x0000,0x0000,0x0000,0x0000,0x0000,0x0000,0x0000,
    0x0000,0x0000,0x0000,0x0000,0x0000,0x0000,0x0000,0x0000,0x0000,0x0000,0x0000,0x0000,0x0000,0x0000,0x0000,0x0000,0x0000,0x0000,0x0000,0x0000,0x0000,0x0000,0x0000,0x0000,
    0x0000,0x0000,0x0000,0x0000,0x0000,0x51c5,0x4964,0x4964,0x6a27,0x1861,0x0000,0x0000,0x3103,0x4964,0x0000,0x28e2,0x59e6,0x4164,0x51c5,0x3944,0x30e3,0x4964,0x51a5,0x0820,
    0x1881,0x3923,0x3103,0x20c2,0x51c5,0x51e5,0x5a05,0x4984,0x49c5,0x51c5,0x51c5,0x59e5,0x59e5,0x51e5,0x59e5,0x51c5,0x49c4,0x59e5,0x51e5,0x51e5,0x51e5,0x59e5,0x59e5,0x59e5,
    0x59e5,0x59e5,0x59e5,0x59e5,0x59e5,0x49a4,0x4184,0x49a4,0x51e5,0x51e5,0x51e5,0x3963,0x3123,0x5a26,0xef3a,0xf7bc,0xddf5,0xf75b,0xd698,0xa535,0xa514,0xc616,0xf71a,0xee57,
    0x6ae9,0x4163,0x5a05,0x3144,0x2925,0x4143,0x3103,0x0820,0x4144,0x6206,0x4164,0x3944,0x4985,0x1061,0x0820,0x4144,0x28c2,0x59c5,0x6206,0x1861,0x0000,0x0000,0x0000,0x0000,
    0x0000,0x0000,0x0000,0x0000,0x0000,0x0000,0x0000,0x0000,0x0000,0x0000,0x0000,0x0000,0x0000,0x0000,0x0000,0x0000,0x0000,0x0000,0x0000,0x0000,0x0000,0x0000,0x0000,0x0000,
    0x0000,0x0000,0x0000,0x0000,0x0000,0x0000,0x0000,0x0000,0x0000,0x0000,0x0000,0x0000,0x0000,0x0000,0x0000,0x0000,0x0000,0x0000,0x0000,0x0000,0x0000,0x0000,0x0000,0x0000,
    0x0000,0x0000,0x0000,0x0000,0x0000,0x0000,0x0000,0x0000,0x0000,0x0000,0x0000,0x0000,0x0000,0x0000,0x0000,0x0000,0x0000,0x0000,0x0000,0x0000,0x0000,0x59e6,0x3103,0x3923,
    0x6a27,0x1061,0x0000,0x0000,0x3102,0x4984,0x0020,0x1881,0x59e6,0x4164,0x51a5,0x4164,0x3103,0x4164,0x59c5,0x1061,0x0820,0x3923,0x30e2,0x3943,0x5a05,0x51e5,0x51e5,0x4184,
    0x59e5,0x49a4,0x59e5,0x59e5,0x59e5,0x59e5,0x59e5,0x51c5,0x51c5,0x59e5,0x59e5,0x59e5,0x51e5,0x59e5,0x59e5,0x59e5,0x59e5,0x59e5,0x59e5,0x59e5,0x51c5,0x4984,0x4184,0x51c5,
    0x51e5,0x51e5,0x5a05,0x4164,0x3923,0x5a26,0xeed9,0xf77b,0xe5f6,0xff3b,0xde98,0xa4f3,0xad54,0xbdb5,0xf73a,0xf6b9,0x836c,0x3102,0x5a26,0x49a4,0x2124,0x3923,0x30e2,0x0000,
    0x3923,0x61e6,0x4144,0x4144,0x51a5,0x1061,0x1040,0x4964,0x1041,0x4984,0x6a27,0x1881,0x0000,0x0000,0x0000,0x0000,0x0000,0x0000,0x0000,0x0000,0x0000,0x0000,0x0000,0x0000,
    0x0000,0x0000,0x0000,0x0000,0x0000,0x0000,0x0000,0x0000,0x0000,0x0000,0x0000,0x0000,0x0000,0x0000,0x0000,0x0000,0x0000,0x0000,0x0000,0x0000,0x0000,0x0000,0x0000,0x0000,
    0x0000,0x0000,0x0000,0x0000,0x0000,0x0000,0x0000,0x0000,0x0000,0x0000,0x0000,0x0000,0x0000,0x0000,0x0000,0x0000,0x0000,0x0000,0x0000,0x0000,0x0000,0x0000,0x0000,0x0000,
    0x0000,0x0000,0x0000,0x0000,0x0000,0x0000,0x0000,0x0000,0x0000,0x0000,0x0000,0x0000,0x0000,0x51a5,0x28c2,0x30e3,0x7247,0x1861,0x0000,0x0000,0x28c2,0x4964,0x0820,0x0820,
    0x59e6,0x4984,0x49a5,0x4984,0x30e3,0x3103,0x59e6,0x28c2,0x0000,0x3102,0x3103,0x51c5,0x59e5,0x5a06,0x49a4,0x49a4,0x51e5,0x51c5,0x59e5,0x59e5,0x59e5,0x59e5,0x59e5,0x49c4,
    0x51c5,0x59e5,0x59e5,0x59e5,0x51e5,0x59e5,0x59e5,0x59e5,0x59e5,0x59e5,0x59e5,0x59e5,0x51c5,0x4984,0x49a4,0x51e5,0x51e5,0x51e5,0x5a05,0x4184,0x3123,0x5a26,0xde57,0xef19,
    0xddf6,0xde37,0xd656,0x9450,0x9492,0x9cd2,0xe6d9,0xe617,0x834b,0x28e2,0x5a06,0x49c4,0x18c3,0x3944,0x28c2,0x0000,0x3903,0x6206,0x4144,0x4144,0x51a5,0x1041,0x1861,0x4144,
    0x0000,0x3943,0x6a26,0x1881,0x0000,0x0000,0x0000,0x0000,0x0000,0x0000,0x0000,0x0000,0x0000,0x0000,0x0000,0x0000,0x0000,0x0000,0x0000,0x0000,0x0000,0x0000,0x0000,0x0000,
    0x0000,0x0000,0x0000,0x0000,0x0000,0x0000,0x0000,0x0000,0x0000,0x0000,0x0000,0x0000,0x0000,0x0000,0x0000,0x0000,0x0000,0x0000,0x0000,0x0000,0x0000,0x0000,0x0000,0x0000,
    0x0000,0x0000,0x0000,0x0000,0x0000,0x0000,0x0000,0x0000,0x0000,0x0000,0x0000,0x0000,0x0000,0x0000,0x0000,0x0000,0x0000,0x0000,0x0000,0x0000,0x0000,0x0000,0x0000,0x0000,
    0x0000,0x0000,0x0000,0x0000,0x0000,0x51a5,0x28e2,0x20a2,0x6a26,0x1861,0x0000,0x0000,0x1861,0x5185,0x1041,0x0000,0x5185,0x51a5,0x4184,0x51c5,0x3103,0x20a2,0x51a5,0x3903,
    0x0000,0x1861,0x3943,0x5a05,0x51e5,0x59e5,0x4184,0x51e5,0x49c5,0x59e5,0x59e5,0x59e5,0x59e5,0x59e5,0x59e5,0x4984,0x51e5,0x59e5,0x59e5,0x59e5,0x59e5,0x59e5,0x59e5,0x59e5,
    0x59e5,0x59e5,0x59e5,0x59e5,0x49c5,0x49a4,0x51e5,0x51e5,0x51e5,0x51e5,0x5a05,0x49a4,0x3102,0x5a06,0xacf2,0xad12,0xbd53,0xac91,0x9c90,0x83ce,0x7bce,0x9c91,0xbd53,0xbcd1,
    0xa44f,0x3102,0x51e5,0x59e5,0x3923,0x3944,0x1881,0x0000,0x4123,0x59e6,0x4144,0x4144,0x5185,0x1040,0x2081,0x28e2,0x0000,0x3903,0x6a27,0x1881,0x0000,0x0000,0x0000,0x0000,
    0x0000,0x0000,0x0000,0x0000,0x0000,0x0000,0x0000,0x0000,0x0000,0x0000,0x0000,0x0000,0x0000,0x0000,0x0000,0x0000,0x0000,0x0000,0x0000,0x0000,0x0000,0x0000,0x0000,0x0000,
    0x0000,0x0000,0x0000,0x0000,0x0000,0x0000,0x0000,0x0000,0x0000,0x0000,0x0000,0x0000,0x0000,0x0000,0x0000,0x0000,0x0000,0x0000,0x0000,0x0000,0x0000,0x0000,0x0000,0x0000,
    0x0000,0x0000,0x0000,0x0000,0x0000,0x0000,0x0000,0x0000,0x0000,0x0000,0x0000,0x0000,0x0000,0x0000,0x0000,0x0000,0x0000,0x0000,0x0000,0x0000,0x0000,0x3943,0x3103,0x0820,
    0x5185,0x20a1,0x0000,0x0000,0x0820,0x51a5,0x1881,0x0000,0x3903,0x59c5,0x4164,0x51c5,0x3923,0x1881,0x4144,0x4143,0x0000,0x0820,0x49a4,0x59e5,0x59e5,0x59e5,0x51c5,0x49a4,
    0x49c5,0x59e5,0x51e5,0x59e5,0x51e5,0x51e5,0x51e5,0x4184,0x59e5,0x59e5,0x59e5,0x59e5,0x51e5,0x51e5,0x59e5,0x59e5,0x59e5,0x59e5,0x59e5,0x51e5,0x49c5,0x51e5,0x59e5,0x51e5,
    0x51e5,0x51e5,0x51e5,0x49a4,0x28e2,0x5a47,0xb533,0xad13,0xbd33,0xbcd2,0xacf1,0x944f,0x9470,0x9c91,0xb532,0xb44f,0xc553,0x51e5,0x4164,0x49a4,0x49a4,0x30e2,0x0820,0x0000,
    0x3923,0x51a5,0x4144,0x4144,0x5185,0x1040,0x30e2,0x1061,0x0000,0x28c2,0x6a27,0x1861,0x0000,0x0000,0x0000,0x0000,0x0000,0x0000,0x0000,0x0000,0x0000,0x0000,0x0000,0x0000,
    0x0000,0x0000,0x0000,0x0000,0x0000,0x0000,0x0000,0x0000,0x0000,0x0000,0x0000,0x0000,0x0000,0x0000,0x0000,0x0000,0x0000,0x0000,0x0000,0x0000,0x0000,0x0000,0x0000,0x0000,
    0x0000,0x0000,0x0000,0x0000,0x0000,0x0000,0x0000,0x0000,0x0000,0x0000,0x0000,0x0000,0x0000,0x0000,0x0000,0x0000,0x0000,0x0000,0x0000,0x0000,0x0000,0x0000,0x0000,0x0000,
    0x0000,0x0000,0x0000,0x0000,0x0000,0x0000,0x0000,0x0000,0x0000,0x0000,0x0000,0x0000,0x0000,0x2081,0x3923,0x0000,0x3903,0x28c2,0x0000,0x0000,0x0000,0x4143,0x20a2,0x0000,
    0x1881,0x59e6,0x4164,0x4984,0x4984,0x1041,0x28a2,0x51a5,0x1861,0x20c2,0x5a05,0x51e5,0x59e5,0x59e5,0x59e5,0x49a4,0x51e5,0x51e5,0x51e5,0x59e5,0x59e5,0x59e5,0x51e5,0x4184,
    0x59e5,0x59e5,0x59e5,0x59e5,0x51e5,0x51e5,0x59e5,0x59e5,0x59e5,0x59e5,0x59e5,0x51c5,0x49c5,0x51e5,0x51e5,0x59e5,0x51e5,0x51e5,0x59e5,0x49a4,0x28c1,0x6aa8,0xb553,0xb553,
    0xbcf2,0xbcd1,0xbd74,0x8c0e,0x942f,0x9450,0xacf1,0xb44f,0xcd54,0x6288,0x3922,0x51e5,0x51e5,0x28e2,0x0000,0x0000,0x4143,0x51a5,0x3924,0x4164,0x4964,0x1881,0x3903,0x0000,
    0x0000,0x20a2,0x59e6,0x0840,0x0000,0x0000,0x0000,0x0000,0x0000,0x0000,0x0000,0x0000,0x0000,0x0000,0x0000,0x0000,0x0000,0x0000,0x0000,0x0000,0x0000,0x0000,0x0000,0x0000,
    0x0000,0x0000,0x0000,0x0000,0x0000,0x0000,0x0000,0x0000,0x0000,0x0000,0x0000,0x0000,0x0000,0x0000,0x0000,0x0000,0x0000,0x0000,0x0000,0x0000,0x0000,0x0000,0x0000,0x0000,
    0x0000,0x0000,0x0000,0x0000,0x0000,0x0000,0x0000,0x0000,0x0000,0x0000,0x0000,0x0000,0x0000,0x0000,0x0000,0x0000,0x0000,0x0000,0x0000,0x0000,0x0000,0x0000,0x0000,0x0000,
    0x0000,0x0000,0x0000,0x0000,0x0000,0x0820,0x3102,0x0000,0x20a2,0x4964,0x0000,0x0000,0x0000,0x28e2,0x3923,0x0000,0x0020,0x4964,0x4144,0x4984,0x51a5,0x1061,0x0820,0x4984,
    0x30e2,0x4184,0x5a05,0x51e5,0x51e5,0x51e5,0x51e5,0x51c5,0x51e5,0x51e5,0x59e5,0x59e5,0x51e5,0x5a05,0x49c4,0x4984,0x5a05,0x59e5,0x59e5,0x59e5,0x59e5,0x59e5,0x59e5,0x59e5,
    0x59e5,0x59e5,0x51e5,0x49c5,0x51e5,0x51e5,0x51e5,0x51e5,0x51e5,0x51e5,0x5a05,0x49c5,0x28c1,0x730a,0xb553,0xacf1,0xbcf2,0xcd33,0xacf1,0x940e,0x9c91,0x8c0f,0xa4b1,0xbd32,
    0xcd32,0x6ac9,0x3922,0x5a05,0x51e5,0x3103,0x0000,0x0000,0x4984,0x4985,0x3923,0x4164,0x3944,0x28a2,0x1061,0x0000,0x0000,0x20c2,0x4984,0x0000,0x0000,0x0000,0x0000,0x0000,
    0x0000,0x0000,0x0000,0x0000,0x0000,0x0000,0x0000,0x0000,0x0000,0x0000,0x0000,0x0000,0x0000,0x0000,0x0000,0x0000,0x0000,0x0000,0x0000,0x0000,0x0000,0x0000,0x0000,0x0000,
    0x0000,0x0000,0x0000,0x0000,0x0000,0x0000,0x0000,0x0000,0x0000,0x0000,0x0000,0x0000,0x0000,0x0000,0x0000,0x0000,0x0000,0x0000,0x0000,0x0000,0x0000,0x0000,0x0000,0x0000,
    0x0000,0x0000,0x0000,0x0000,0x0000,0x0000,0x0000,0x0000,0x0000,0x0000,0x0000,0x0000,0x0000,0x0000,0x0000,0x0000,0x0000,0x0000,0x0000,0x0000,0x0000,0x0000,0x20a2,0x0820,
    0x0000,0x4964,0x1041,0x0000,0x0000,0x1041,0x4164,0x0000,0x0000,0x30e3,0x4143,0x4144,0x4985,0x20c2,0x0000,0x28c2,0x28e2,0x59e5,0x51e5,0x51e5,0x51e5,0x51e5,0x51c5,0x51c5,
    0x51e5,0x51e5,0x59e5,0x59e5,0x51e5,0x5a05,0x4184,0x49a4,0x59e5,0x59e5,0x59e5,0x59e5,0x59e5,0x59e5,0x59e5,0x59e5,0x59e5,0x59e5,0x51e5,0x51c5,0x51e5,0x51e5,0x51e5,0x51e5,
    0x51e5,0x51e5,0x59e5,0x49c5,0x20a1,0x834b,0xb512,0xa4b1,0xc573,0xc533,0x9c2e,0x9c6f,0x9cb2,0x9450,0xacf2,0xb512,0xb490,0x940e,0x28e2,0x4184,0x4184,0x1040,0x0000,0x0000,
    0x51a5,0x4985,0x3923,0x4164,0x3923,0x1861,0x0000,0x0000,0x0000,0x3103,0x4144,0x0000,0x0000,0x0000,0x0000,0x0000,0x0000,0x0000,0x0000,0x0000,0x0000,0x0000,0x0000,0x0000,
    0x0000,0x0000,0x0000,0x0000,0x0000,0x0000,0x0000,0x0000,0x0000,0x0000,0x0000,0x0000,0x0000,0x0000,0x0000,0x0000,0x0000,0x0000,0x0000,0x0000,0x0000,0x0000,0x0000,0x0000,
    0x0000,0x0000,0x0000,0x0000,0x0000,0x0000,0x0000,0x0000,0x0000,0x0000,0x0000,0x0000,0x0000,0x0000,0x0000,0x0000,0x0000,0x0000,0x0000,0x0000,0x0000,0x0000,0x0000,0x0000,
    0x0000,0x0000,0x0000,0x0000,0x0000,0x0000,0x0000,0x0000,0x0000,0x0000,0x0000,0x0000,0x0000,0x0000,0x1041,0x2081,0x0000,0x1061,0x20a1,0x0000,0x0000,0x0000,0x30e2,0x1861,
    0x0000,0x1881,0x3923,0x30e3,0x49a5,0x3103,0x0000,0x0000,0x4143,0x5205,0x51e5,0x51e5,0x51e5,0x59e5,0x49a4,0x51e5,0x51e5,0x51e5,0x51e5,0x51e5,0x59e5,0x5a05,0x4164,0x51c4,
    0x59e5,0x51e5,0x59e5,0x59c5,0x59e5,0x59e5,0x59e5,0x59e5,0x59e5,0x59e5,0x51e5,0x51e5,0x59e5,0x59c5,0x51e5,0x51e5,0x51e5,0x51e5,0x51e5,0x51c5,0x20a1,0x7b4b,0xacb1,0xa4f2,
    0xc574,0xbcf2,0xa470,0x8c2f,0x8c30,0xa4d1,0xbd53,0xa490,0x9c0e,0xb4f2,0x28c1,0x6a47,0x4143,0x0000,0x0000,0x0840,0x51a5,0x4144,0x30e3,0x4964,0x20a2,0x0000,0x0000,0x0000,
    0x0000,0x4164,0x28c2,0x0000,0x0000,0x0000,0x0000,0x0000,0x0000,0x0000,0x0000,0x0000,0x0000,0x0000,0x0000,0x0000,0x0000,0x0000,0x0000,0x0000,0x0000,0x0000,0x0000,0x0000,
    0x0000,0x0000,0x0000,0x0000,0x0000,0x0000,0x0000,0x0000,0x0000,0x0000,0x0000,0x0000,0x0000,0x0000,0x0000,0x0000,0x0000,0x0000,0x0000,0x0000,0x0000,0x0000,0x0000,0x0000,
    0x0000,0x0000,0x0000,0x0000,0x0000,0x0000,0x0000,0x0000,0x0000,0x0000,0x0000,0x0000,0x0000,0x0000,0x0000,0x0000,0x0000,0x0000,0x0000,0x0000,0x0000,0x0000,0x0000,0x0000,
    0x0000,0x0000,0x0000,0x0000,0x0000,0x0000,0x0000,0x1040,0x0000,0x0000,0x1040,0x0820,0x0000,0x0000,0x1040,0x28c2,0x0000,0x0000,0x28c2,0x20a1,0x4964,0x3923,0x0000,0x0820,
    0x51a4,0x5a05,0x5a05,0x51e5,0x51e5,0x51e5,0x49a4,0x59e5,0x51e5,0x51e5,0x51e5,0x59e5,0x51e5,0x51e5,0x3963,0x51e5,0x59c5,0x51c5,0x51c5,0x51c5,0x59e5,0x59e5,0x59e5,0x59e5,
    0x59e5,0x59e5,0x51e5,0x51e5,0x59e5,0x59e5,0x51e5,0x51c5,0x51e5,0x51e5,0x51e5,0x51e5,0x20a1,0x834b,0xacb1,0xa4b1,0xa4b1,0xcdd5,0xa44f,0x83ce,0x9491,0x8c50,0xacf1,0xb533,
    0xc4f1,0xac4e,0xc44e,0xff5a,0x3944,0x0000,0x0000,0x20a2,0x51a5,0x3923,0x20a2,0x4144,0x0840,0x0000,0x0000,0x0000,0x0000,0x3923,0x0820,0x0000,0x0000,0x0000,0x0000,0x0000,
    0x0000,0x0000,0x0000,0x0000,0x0000,0x0000,0x0000,0x0000,0x0000,0x0000,0x0000,0x0000,0x0000,0x0000,0x0000,0x0000,0x0000,0x0000,0x0000,0x0000,0x0000,0x0000,0x0000,0x0000,
    0x0000,0x0000,0x0000,0x0000,0x0000,0x0000,0x0000,0x0000,0x0000,0x0000,0x0000,0x0000,0x0000,0x0000,0x0000,0x0000,0x0000,0x0000,0x0000,0x0000,0x0000,0x0000,0x0000,0x0000,
    0x0000,0x0000,0x0000,0x0000,0x0000,0x0000,0x0000,0x0000,0x0000,0x0000,0x0000,0x0000,0x0000,0x0000,0x0000,0x0000,0x0000,0x0000,0x0000,0x0000,0x0000,0x0000,0x0000,0x0000,
    0x0000,0x0000,0x0000,0x0800,0x0000,0x0000,0x0000,0x1861,0x0840,0x0000,0x1861,0x1861,0x2081,0x4984,0x1881,0x0000,0x0820,0x28e2,0x49a4,0x51c5,0x5a05,0x49a4,0x49a4,0x5a05,
    0x51e5,0x51e5,0x51e5,0x51e5,0x51e5,0x49c5,0x3963,0x51e5,0x51c5,0x59c5,0x51c5,0x59c5,0x59e5,0x59e5,0x51e5,0x59e5,0x59e5,0x51e5,0x51e5,0x59e5,0x59e5,0x51e5,0x51e5,0x51e5,
    0x51e5,0x51e5,0x51e5,0x51e5,0x28a1,0x836b,0xa470,0x9c2e,0x940e,0xc5d5,0x7b2a,0x7b4b,0x7b8d,0x6b0b,0x836b,0x6b0a,0xac2e,0xbc2d,0xcc8e,0xff39,0x28e3,0x0000,0x0000,0x30e2,
    0x4964,0x28c2,0x20a2,0x3923,0x0000,0x0000,0x0000,0x0000,0x1061,0x1881,0x0000,0x0000,0x0000,0x0000,0x0000,0x0000,0x0000,0x0000,0x0000,0x0000,0x0000,0x0000,0x0000,0x0000,
    0x0000,0x0000,0x0000,0x0000,0x0000,0x0000,0x0000,0x0000,0x0000,0x0000,0x0000,0x0000,0x0000,0x0000,0x0000,0x0000,0x0000,0x0000,0x0000,0x0000,0x0000,0x0000,0x0000,0x0000,
    0x0000,0x0000,0x0000,0x0000,0x0000,0x0000,0x0000,0x0000,0x0000,0x0000,0x0000,0x0000,0x0000,0x0000,0x0000,0x0000,0x0000,0x0000,0x0000,0x0000,0x0000,0x0000,0x0000,0x0000,
    0x0000,0x0000,0x0000,0x0000,0x0000,0x0000,0x0000,0x0000,0x0000,0x0000,0x0000,0x0000,0x0000,0x0000,0x0000,0x0000,0x0000,0x0000,0x0000,0x0000,0x0000,0x0000,0x0000,0x0000,
    0x0820,0x0000,0x0000,0x2081,0x0000,0x30e2,0x28c2,0x0000,0x0000,0x0000,0x1082,0x20c2,0x3943,0x4163,0x51e5,0x5a05,0x5a05,0x5a05,0x51e5,0x51e5,0x51e5,0x4184,0x3943,0x5a05,
    0x51e5,0x59e5,0x59e5,0x59e5,0x59e5,0x59e5,0x51e5,0x51e5,0x59e5,0x59e5,0x51e5,0x51e5,0x51e5,0x51e5,0x51e5,0x51e5,0x51e5,0x51e5,0x51e5,0x51e5,0x3123,0x49a4,0x4184,0x4184,
    0x49a4,0x3964,0x3102,0x3923,0x28e2,0x3922,0x3902,0x3902,0x92c8,0xcc4d,0xddb4,0xbd11,0x0000,0x0000,0x0000,0x3923,0x4123,0x0820,0x28e2,0x20a1,0x0000,0x0000,0x0000,0x0000,
    0x1861,0x0000,0x0000,0x0000,0x0000,0x0000,0x0000,0x0000,0x0000,0x0000,0x0000,0x0000,0x0000,0x0000,0x0000,0x0000,0x0000,0x0000,0x0000,0x0000,0x0000,0x0000,0x0000,0x0000,
    0x0000,0x0000,0x0000,0x0000,0x0000,0x0000,0x0000,0x0000,0x0000,0x0000,0x0000,0x0000,0x0000,0x0000,0x0000,0x0000,0x0000,0x0000,0x0000,0x0000,0x0000,0x0000,0x0000,0x0000,
    0x0000,0x0000,0x0000,0x0000,0x0000,0x0000,0x0000,0x0000,0x0000,0x0000,0x0000,0x0000,0x0000,0x0000,0x0000,0x0000,0x0000,0x0000,0x0000,0x0000,0x0000,0x0000,0x0000,0x0000,
    0x0000,0x0000,0x0000,0x0000,0x0000,0x0000,0x0000,0x0000,0x0000,0x0000,0x0000,0x0000,0x0000,0x0000,0x0000,0x0000,0x0000,0x0000,0x0000,0x0820,0x0820,0x0000,0x20a1,0x1861,
    0x0000,0x0020,0x39a6,0x3166,0x18c3,0x2104,0x3144,0x3123,0x4184,0x49c4,0x51c5,0x51e5,0x5a05,0x3964,0x4164,0x5a05,0x51e5,0x51e5,0x51e5,0x51e5,0x51e5,0x51e5,0x51e5,0x51e5,
    0x51e5,0x51e5,0x51e5,0x51e5,0x51e5,0x51e5,0x51e5,0x51e5,0x51e5,0x51e5,0x51e5,0x51e5,0x3923,0x4184,0x59e5,0x51e5,0x51c5,0x4163,0x4984,0x3123,0x20c2,0x20c2,0x18c3,0x7247,
    0xcc4d,0xcc4d,0xf6b8,0x4165,0x0000,0x0000,0x1041,0x4984,0x28c2,0x0000,0x28c2,0x0000,0x0000,0x0000,0x0000,0x0820,0x0000,0x0000,0x0000,0x0000,0x0000,0x0000,0x0000,0x0000,
    0x0000,0x0000,0x0000,0x0000,0x0000,0x0000,0x0000,0x0000,0x0000,0x0000,0x0000,0x0000,0x0000,0x0000,0x0000,0x0000,0x0000,0x0000,0x0000,0x0000,0x0000,0x0000,0x0000,0x0000,
    0x0000,0x0000,0x0000,0x0000,0x0000,0x0000,0x0000,0x0000,0x0000,0x0000,0x0000,0x0000,0x0000,0x0000,0x0000,0x0000,0x0000,0x0000,0x0000,0x0000,0x0000,0x0000,0x0000,0x0000,
    0x0000,0x0000,0x0000,0x0000,0x0000,0x0000,0x0000,0x0000,0x0000,0x0000,0x0000,0x0000,0x0000,0x0000,0x0000,0x0000,0x0000,0x0000,0x0000,0x0000,0x0000,0x0000,0x0000,0x0000,
    0x0000,0x0000,0x0000,0x0000,0x0000,0x0000,0x0000,0x0000,0x0000,0x0000,0x0000,0x0000,0x0000,0x0000,0x0000,0x1041,0x0000,0x10a2,0x4a28,0x4208,0x3165,0x41e7,0x39c7,0x3165,
    0x18e3,0x20e3,0x20e3,0x2903,0x3123,0x28e2,0x4184,0x51e5,0x51c5,0x59e5,0x5a05,0x5a05,0x5a05,0x5a05,0x59e5,0x5a05,0x59e5,0x5a05,0x5a05,0x5a05,0x5a05,0x5a05,0x5a05,0x5a06,
    0x5a05,0x5a05,0x5a05,0x51e5,0x28e2,0x3943,0x49a4,0x3944,0x2903,0x2103,0x20e3,0x2945,0x2925,0x18c3,0x2945,0x0861,0x3103,0x3103,0x51c6,0x0000,0x0000,0x0000,0x30c2,0x28c2,
    0x0000,0x1861,0x1041,0x0000,0x0000,0x0000,0x0000,0x0000,0x0000,0x0000,0x0000,0x0000,0x0000,0x0000,0x0000,0x0000,0x0000,0x0000,0x0000,0x0000,0x0000,0x0000,0x0000,0x0000,
    0x0000,0x0000,0x0000,0x0000,0x0000,0x0000,0x0000,0x0000,0x0000,0x0000,0x0000,0x0000,0x0000,0x0000,0x0000,0x0000,0x0000,0x0000,0x0000,0x0000,0x0000,0x0000,0x0000,0x0000,
    0x0000,0x0000,0x0000,0x0000,0x0000,0x0000,0x0000,0x0000,0x0000,0x0000,0x0000,0x0000,0x0000,0x0000,0x0000,0x0000,0x0000,0x0000,0x0000,0x0000,0x0000,0x0000,0x0000,0x0000,
    0x0000,0x0000,0x0000,0x0000,0x0000,0x0000,0x0000,0x0000,0x0000,0x0000,0x0000,0x0000,0x0000,0x0000,0x0000,0x0000,0x0000,0x0000,0x0000,0x0000,0x0000,0x0000,0x0000,0x0000,
    0x0000,0x0000,0x0000,0x0000,0x0000,0x0000,0x0000,0x0000,0x0000,0x3165,0x4a28,0x39a6,0x3186,0x4a08,0x4207,0x5228,0x3186,0x2945,0x41e7,0x39a6,0x31a6,0x3165,0x20e3,0x2903,
    0x2903,0x3123,0x3123,0x3943,0x3964,0x4184,0x4184,0x4184,0x4184,0x4184,0x4184,0x49a4,0x49a4,0x4184,0x4184,0x3964,0x3964,0x3944,0x3143,0x3123,0x18c2,0x2945,0x3186,0x39a6,
    0x2124,0x3166,0x39a7,0x41e7,0x41e7,0x2104,0x2124,0x20e3,0x0000,0x0000,0x0000,0x0000,0x0000,0x2081,0x28a2,0x0000,0x0000,0x0820,0x0000,0x0000,0x0000,0x0000,0x0000,0x0000,
    0x0000,0x0000,0x0000,0x0000,0x0000,0x0000,0x0000,0x0000,0x0000,0x0000,0x0000,0x0000,0x0000,0x0000,0x0000,0x0000,0x0000,0x0000,0x0000,0x0000,0x0000,0x0000,0x0000,0x0000,
    0x0000,0x0000,0x0000,0x0000,0x0000,0x0000,0x0000,0x0000,0x0000,0x0000,0x0000,0x0000,0x0000,0x0000,0x0000,0x0000,0x0000,0x0000,0x0000,0x0000,0x0000,0x0000,0x0000,0x0000,
    0x0000,0x0000,0x0000,0x0000,0x0000,0x0000,0x0000,0x0000,0x0000,0x0000,0x0000,0x0000,0x0000,0x0000,0x0000,0x0000,0x0000,0x0000,0x0000,0x0000,0x0000,0x0000,0x0000,0x0000,
    0x0000,0x0000,0x0000,0x0000,0x0000,0x0000,0x0000,0x0000,0x0000,0x0000,0x0000,0x0000,0x0000,0x0000,0x0000,0x0000,0x0000,0x0000,0x0000,0x0000,0x0000,0x0000,0x0000,0x0000,
    0x0000,0x2924,0x41e7,0x3186,0x39a6,0x4a08,0x41e7,0x4a28,0x3165,0x3186,0x4a28,0x4a08,0x4a08,0x4a28,0x2124,0x3166,0x39a6,0x3186,0x3165,0x3186,0x2104,0x20e4,0x2104,0x2924,
    0x2924,0x2924,0x2945,0x20e4,0x20e3,0x2104,0x2924,0x2945,0x2945,0x3186,0x2925,0x2124,0x39c7,0x4a08,0x4a08,0x5249,0x3186,0x3165,0x41e7,0x39c7,0x4208,0x3166,0x2945,0x10a2,
    0x0000,0x0000,0x0000,0x0000,0x0820,0x1040,0x0000,0x0000,0x0000,0x0000,0x0000,0x0000,0x0000,0x0000,0x0000,0x0000,0x0000,0x0000,0x0000,0x0000,0x0000,0x0000,0x0000,0x0000,
    0x0000,0x0000,0x0000,0x0000,0x0000,0x0000,0x0000,0x0000,0x0000,0x0000,0x0000,0x0000,0x0000,0x0000,0x0000,0x0000,0x0000,0x0000,0x0000,0x0000,0x0000,0x0000,0x0000,0x0000,
    0x0000,0x0000,0x0000,0x0000,0x0000,0x0000,0x0000,0x0000,0x0000,0x0000,0x0000,0x0000,0x0000,0x0000,0x0000,0x0000,0x0000,0x0000,0x0000,0x0000,0x0000,0x0000,0x0000,0x0000,
    0x0000,0x0000,0x0000,0x0000,0x0000,0x0000,0x0000,0x0000,0x0000,0x0000,0x0000,0x0000,0x0000,0x0000,0x0000,0x0000,0x0000,0x0000,0x0000,0x0000,0x0000,0x0000,0x0000,0x0000,
    0x0000,0x0000,0x0000,0x0000,0x0000,0x0000,0x0000,0x0000,0x0000,0x0000,0x0000,0x0000,0x0000,0x0000,0x0000,0x0000,0x0000,0x0000,0x0020,0x18c3,0x4208,0x4a08,0x4a08,0x4a28,
    0x2945,0x39a6,0x4a08,0x41e7,0x4208,0x4208,0x2124,0x41c7,0x4a28,0x4a28,0x4a28,0x5228,0x3165,0x2945,0x41e8,0x41e7,0x4208,0x4208,0x4a28,0x39a6,0x2945,0x4208,0x4a08,0x4a08,
    0x4a08,0x4a28,0x39a7,0x2945,0x4a28,0x4a08,0x41e7,0x4a08,0x3986,0x2924,0x4a08,0x4208,0x4208,0x3165,0x0861,0x0000,0x0000,0x0000,0x0000,0x0000,0x0000,0x0000,0x0000,0x0000,
    0x0000,0x0000,0x0000,0x0000,0x0000,0x0000,0x0000,0x0000,0x0000,0x0000,0x0000,0x0000,0x0000,0x0000,0x0000,0x0000,0x0000,0x0000,0x0000,0x0000,0x0000,0x0000,0x0000,0x0000,
    0x0000,0x0000,0x0000,0x0000,0x0000,0x0000,0x0000,0x0000,0x0000,0x0000,0x0000,0x0000,0x0000,0x0000,0x0000,0x0000,0x0000,0x0000,0x0000,0x0000,0x0000,0x0000,0x0000,0x0000,
    0x0000,0x0000,0x0000,0x0000,0x0000,0x0000,0x0000,0x0000,0x0000,0x0000,0x0000,0x0000,0x0000,0x0000,0x0000,0x0000,0x0000,0x0000,0x0000,0x0000,0x0000,0x0000,0x0000,0x0000,
    0x0000,0x0000,0x0000,0x0000,0x0000,0x0000,0x0000,0x0000,0x0000,0x0000,0x0000,0x0000,0x0000,0x0000,0x0000,0x0000,0x0000,0x0000,0x0000,0x0000,0x0000,0x0000,0x0000,0x0000,
    0x0000,0x0000,0x0000,0x0000,0x0000,0x0000,0x0000,0x0000,0x0000,0x0000,0x0000,0x0000,0x18a2,0x2945,0x4a08,0x4a28,0x2104,0x39c7,0x4208,0x4a08,0x4a28,0x41e7,0x2124,0x41e7,
    0x4a08,0x4a08,0x4a08,0x4a28,0x2945,0x2945,0x4a28,0x41e7,0x41e8,0x41e7,0x4a08,0x39a6,0x2925,0x4a08,0x4a08,0x4a08,0x41e7,0x4a08,0x39a6,0x2945,0x4a28,0x4a08,0x4a08,0x4a28,
    0x41e7,0x2104,0x39c7,0x3186,0x18c3,0x0841,0x0000,0x0000,0x0000,0x0000,0x0000,0x0000,0x0000,0x0000,0x0000,0x0000,0x0000,0x0000,0x0000,0x0000,0x0000,0x0000,0x0000,0x0000,
    0x0000,0x0000,0x0000,0x0000,0x0000,0x0000,0x0000,0x0000,0x0000,0x0000,0x0000,0x0000,0x0000,0x0000,0x0000,0x0000,0x0000,0x0000,0x0000,0x0000,0x0000,0x0000,0x0000,0x0000,
    0x0000,0x0000,0x0000,0x0000,0x0000,0x0000,0x0000,0x0000,0x0000,0x0000,0x0000,0x0000,0x0000,0x0000,0x0000,0x0000,0x0000,0x0000,0x0000,0x0000,0x0000,0x0000,0x0000,0x0000,
    0x0000,0x0000,0x0000,0x0000,0x0000,0x0000,0x0000,0x0000,0x0000,0x0000,0x0000,0x0000,0x0000,0x0000,0x0000,0x0000,0x0000,0x0000,0x0000,0x0000,0x0000,0x0000,0x0000,0x0000,
    0x0000,0x0000,0x0000,0x0000,0x0000,0x0000,0x0000,0x0000,0x0000,0x0000,0x0000,0x0000,0x0000,0x0000,0x0000,0x0000,0x0000,0x0000,0x0000,0x0000,0x0000,0x0000,0x0000,0x0000,
    0x0000,0x0000,0x0000,0x0000,0x0000,0x0000,0x0841,0x18c3,0x0841,0x1082,0x49c6,0x41c7,0x39c7,0x3186,0x18c3,0x31a6,0x41e7,0x41e8,0x4a08,0x4a28,0x2925,0x3186,0x4a28,0x4a08,
    0x4208,0x4a08,0x4a28,0x39c7,0x2104,0x39c7,0x41e8,0x41e7,0x41e7,0x4208,0x3166,0x2104,0x41e7,0x41e7,0x41e7,0x3986,0x3165,0x0841,0x0000,0x0000,0x0000,0x0000,0x0000,0x0000,
    0x0000,0x0000,0x0000,0x0000,0x0000,0x0000,0x0000,0x0000,0x0000,0x0000,0x0000,0x0000,0x0000,0x0000,0x0000,0x0000,0x0000,0x0000,0x0000,0x0000,0x0000,0x0000,0x0000,0x0000,
    0x0000,0x0000,0x0000,0x0000,0x0000,0x0000,0x0000,0x0000,0x0000,0x0000,0x0000,0x0000,0x0000,0x0000,0x0000,0x0000,0x0000,0x0000,0x0000,0x0000,0x0000,0x0000,0x0000,0x0000,
    0x0000,0x0000,0x0000,0x0000,0x0000,0x0000,0x0000,0x0000,0x0000,0x0000,0x0000,0x0000,0x0000,0x0000,0x0000,0x0000,0x0000,0x0000,0x0000,0x0000,0x0000,0x0000,0x0000,0x0000,
    0x0000,0x0000,0x0000,0x0000,0x0000,0x0000,0x0000,0x0000,0x0000,0x0000,0x0000,0x0000,0x0000,0x0000,0x0000,0x0000,0x0000,0x0000,0x0000,0x0000,0x0000,0x0000,0x0000,0x0000,
    0x0000,0x0000,0x0000,0x0000,0x0000,0x0000,0x0000,0x0000,0x0000,0x0000,0x0000,0x0000,0x0000,0x0000,0x0000,0x0000,0x0000,0x0000,0x0000,0x0000,0x0000,0x0000,0x0000,0x0000,
    0x0000,0x0000,0x9b4a,0xdcf0,0xa3ac,0x82e9,0xac0c,0x9b8c,0x72a9,0x5a48,0x4a28,0x39c7,0x2103,0x20e3,0x3165,0x3986,0x39c7,0x41e7,0x4a28,0x3186,0x2903,0x6aa9,0x6289,0x5a48,
    0x5a48,0x5228,0x5207,0xac0d,0xccae,0xd4cf,0xabcc,0x0000,0x0000,0x0000,0x0000,0x0000,0x0000,0x0000,0x0000,0x0000,0x0000,0x0000,0x0000,0x0000,0x0000,0x0000,0x0000,0x0000,
    0x0000,0x0000,0x0000,0x0000,0x0000,0x0000,0x0000,0x0000,0x0000,0x0000,0x0000,0x0000,0x0000,0x0000,0x0000,0x0000,0x0000,0x0000,0x0000,0x0000,0x0000,0x0000,0x0000,0x0000,
    0x0000,0x0000,0x0000,0x0000,0x0000,0x0000,0x0000,0x0000,0x0000,0x0000,0x0000,0x0000,0x0000,0x0000,0x0000,0x0000,0x0000,0x0000,0x0000,0x0000,0x0000,0x0000,0x0000,0x0000,
    0x0000,0x0000,0x0000,0x0000,0x0000,0x0000,0x0000,0x0000,0x0000,0x0000,0x0000,0x0000,0x0000,0x0000,0x0000,0x0000,0x0000,0x0000,0x0000,0x0000,0x0000,0x0000,0x0000,0x0000,
    0x0000,0x0000,0x0000,0x0000,0x0000,0x0000,0x0000,0x0000,0x0000,0x0000,0x0000,0x0000,0x0000,0x0000,0x0000,0x0000,0x0000,0x0000,0x0000,0x0000,0x0000,0x0000,0x0000,0x0000,
    0x0000,0x0000,0x0000,0x0000,0x0000,0x0000,0x0000,0x0000,0x0000,0x0000,0x0000,0x0000,0x0000,0x0000,0x0000,0x0000,0x0000,0x0000,0x8ae9,0xfe76,0xfe76,0xfeb7,0xfe55,0xfdf3,
    0xf592,0xe530,0xdcaf,0xcccf,0x4984,0x0000,0x0000,0x0000,0x0020,0x0820,0x0861,0x0020,0x3923,0xf571,0xed50,0xed51,0xed51,0xe551,0xf5d3,0xfe76,0xfe35,0xfeb6,0xabcc,0x0000,
    0x0000,0x0000,0x0000,0x0000,0x0000,0x0000,0x0000,0x0000,0x0000,0x0000,0x0000,0x0000,0x0000,0x0000,0x0000,0x0000,0x0000,0x0000,0x0000,0x0000,0x0000,0x0000,0x0000,0x0000,
    0x0000,0x0000,0x0000,0x0000,0x0000,0x0000,0x0000,0x0000,0x0000,0x0000,0x0000,0x0000,0x0000,0x0000,0x0000,0x0000,0x0000,0x0000,0x0000,0x0000,0x0000,0x0000,0x0000,0x0000,
    0x0000,0x0000,0x0000,0x0000,0x0000,0x0000,0x0000,0x0000,0x0000,0x0000,0x0000,0x0000,0x0000,0x0000,0x0000,0x0000,0x0000,0x0000,0x0000,0x0000,0x0000,0x0000,0x0000,0x0000,
    0x0000,0x0000,0x0000,0x0000,0x0000,0x0000,0x0000,0x0000,0x0000,0x0000,0x0000,0x0000,0x0000,0x0000,0x0000,0x0000,0x0000,0x0000,0x0000,0x0000,0x0000,0x0000,0x0000,0x0000,
    0x0000,0x0000,0x0000,0x0000,0x0000,0x0000,0x0000,0x0000,0x0000,0x0000,0x0000,0x0000,0x0000,0x0000,0x0000,0x0000,0x0000,0x0000,0x0000,0x0000,0x0000,0x0000,0x0000,0x0000,
    0x0000,0x0000,0x0000,0x0000,0x0000,0x0000,0x0000,0x0000,0x0000,0x0000,0x7aa9,0xff9b,0xf73a,0xff5a,0xff3a,0xf719,0xf6f9,0xf6b7,0xfe76,0xfdf3,0x3903,0x0000,0x0000,0x0000,
    0x0000,0x0000,0x0000,0x0000,0x1841,0xdccf,0xf676,0xf697,0xfed8,0xff19,0xff39,0xff3a,0xf73a,0xffbc,0x832a,0x0000,0x0000,0x0000,0x0000,0x0000,0x0000,0x0000,0x0000,0x0000,
    0x0000,0x0000,0x0000,0x0000,0x0000,0x0000,0x0000,0x0000,0x0000,0x0000,0x0000,0x0000,0x0000,0x0000,0x0000,0x0000,0x0000,0x0000,0x0000,0x0000,0x0000,0x0000,0x0000,0x0000,
    0x0000,0x0000,0x0000,0x0000,0x0000,0x0000,0x0000,0x0000,0x0000,0x0000,0x0000,0x0000,0x0000,0x0000,0x0000,0x0000,0x0000,0x0000,0x0000,0x0000,0x0000,0x0000,0x0000,0x0000,
    0x0000,0x0000,0x0000,0x0000,0x0000,0x0000,0x0000,0x0000,0x0000,0x0000,0x0000,0x0000,0x0000,0x0000,0x0000,0x0000,0x0000,0x0000,0x0000,0x0000,0x0000,0x0000,0x0000,0x0000,
    0x0000,0x0000,0x0000,0x0000,0x0000,0x0000,0x0000,0x0000,0x0000,0x0000,0x0000,0x0000,0x0000,0x0000,0x0000,0x0000,0x0000,0x0000,0x0000,0x0000,0x0000,0x0000,0x0000,0x0000,
    0x0000,0x0000,0x0000,0x0000,0x0000,0x0000,0x0000,0x0000,0x0000,0x0000,0x0000,0x0000,0x0000,0x0000,0x0000,0x0000,0x0000,0x0000,0x0000,0x0000,0x0000,0x0000,0x0000,0x0000,
    0x0000,0x0000,0x6a68,0xff9b,0xf719,0xff3a,0xff3a,0xff3a,0xff3a,0xff3a,0xff9c,0xdd31,0x0800,0x0000,0x0000,0x0000,0x0000,0x0000,0x0000,0x0000,0x0000,0xccf0,0xff9b,0xff3a,
    0xff3a,0xff3a,0xff3a,0xff3a,0xf71a,0xff9b,0x7288,0x0000,0x0000,0x0000,0x0000,0x0000,0x0000,0x0000,0x0000,0x0000,0x0000,0x0000,0x0000,0x0000,0x0000,0x0000,0x0000,0x0000,
    0x0000,0x0000,0x0000,0x0000,0x0000,0x0000,0x0000,0x0000,0x0000,0x0000,0x0000,0x0000,0x0000,0x0000,0x0000,0x0000,0x0000,0x0000,0x0000,0x0000,0x0000,0x0000,0x0000,0x0000,
    0x0000,0x0000,0x0000,0x0000,0x0000,0x0000,0x0000,0x0000,0x0000,0x0000,0x0000,0x0000,0x0000,0x0000,0x0000,0x0000,0x0000,0x0000,0x0000,0x0000,0x0000,0x0000,0x0000,0x0000,
    0x0000,0x0000,0x0000,0x0000,0x0000,0x0000,0x0000,0x0000,0x0000,0x0000,0x0000,0x0000,0x0000,0x0000,0x0000,0x0000,0x0000,0x0000,0x0000,0x0000,0x0000,0x0000,0x0000,0x0000,
    0x0000,0x0000,0x0000,0x0000,0x0000,0x0000,0x0000,0x0000,0x0000,0x0000,0x0000,0x0000,0x0000,0x0000,0x0000,0x0000,0x0000,0x0000,0x0000,0x0000,0x0000,0x0000,0x0000,0x0000,
    0x0000,0x0000,0x0000,0x0000,0x0000,0x0000,0x0000,0x0000,0x0000,0x0000,0x0000,0x0000,0x0000,0x0000,0x0000,0x0000,0x0000,0x0000,0x6a67,0xff7a,0xf719,0xff3a,0xff3a,0xff3a,
    0xff3a,0xff19,0xff9b,0xb46f,0x0000,0x0000,0x0000,0x0000,0x0000,0x0000,0x0000,0x0000,0x0000,0xac4f,0xff9b,0xf719,0xff3a,0xff3a,0xff3a,0xff3a,0xf71a,0xff7b,0x6a68,0x0000,
    0x0000,0x0000,0x0000,0x0000,0x0000,0x0000,0x0000,0x0000,0x0000,0x0000,0x0000,0x0000,0x0000,0x0000,0x0000,0x0000,0x0000,0x0000,0x0000,0x0000,0x0000,0x0000,0x0000,0x0000,
    0x0000,0x0000,0x0000,0x0000,0x0000,0x0000,0x0000,0x0000,0x0000,0x0000,0x0000,0x0000,0x0000,0x0000,0x0000,0x0000,0x0000,0x0000,0x0000,0x0000,0x0000,0x0000,0x0000,0x0000,
    0x0000,0x0000,0x0000,0x0000,0x0000,0x0000,0x0000,0x0000,0x0000,0x0000,0x0000,0x0000,0x0000,0x0000,0x0000,0x0000,0x0000,0x0000,0x0000,0x0000,0x0000,0x0000,0x0000,0x0000,
    0x0000,0x0000,0x0000,0x0000,0x0000,0x0000,0x0000,0x0000,0x0000,0x0000,0x0000,0x0000,0x0000,0x0000,0x0000,0x0000,0x0000,0x0000,0x0000,0x0000,0x0000,0x0000,0x0000,0x0000,
    0x0000,0x0000,0x0000,0x0000,0x0000,0x0000,0x0000,0x0000,0x0000,0x0000,0x0000,0x0000,0x0000,0x0000,0x0000,0x0000,0x0000,0x0000,0x0000,0x0000,0x0000,0x0000,0x0000,0x0000,
    0x0000,0x0000,0x0000,0x0000,0x0000,0x0000,0x0000,0x0000,0x0000,0x0000,0x936b,0xff9b,0xf719,0xff3a,0xff3a,0xff3a,0xff3a,0xf719,0xff9b,0x830a,0x0000,0x0000,0x0000,0x0000,
    0x0000,0x0000,0x0000,0x0000,0x0000,0x7288,0xff9b,0xf71a,0xff3a,0xff3a,0xff3a,0xff3a,0xf71a,0xff9b,0x830a,0x0000,0x0000,0x0000,0x0000,0x0000,0x0000,0x0000,0x0000,0x0000,
    0x0000,0x0000,0x0000,0x0000,0x0000,0x0000,0x0000,0x0000,0x0000,0x0000,0x0000,0x0000,0x0000,0x0000,0x0000,0x0000,0x0000,0x0000,0x0000,0x0000,0x0000,0x0000,0x0000,0x0000,
    0x0000,0x0000,0x0000,0x0000,0x0000,0x0000,0x0000,0x0000,0x0000,0x0000,0x0000,0x0000,0x0000,0x0000,0x0000,0x0000,0x0000,0x0000,0x0000,0x0000,0x0000,0x0000,0x0000,0x0000,
    0x0000,0x0000,0x0000,0x0000,0x0000,0x0000,0x0000,0x0000,0x0000,0x0000,0x0000,0x0000,0x0000,0x0000,0x0000,0x0000,0x0000,0x0000,0x0000,0x0000,0x0000,0x0000,0x0000,0x0000,
    0x0000,0x0000,0x0000,0x0000,0x0000,0x0000,0x0000,0x0000,0x0000,0x0000,0x0000,0x0000,0x0000,0x0000,0x0000,0x0000,0x0000,0x0000,0x0000,0x0000,0x0000,0x0000,0x0000,0x0000,
    0x0000,0x0000,0x0000,0x0000,0x0000,0x0000,0x0000,0x0000,0x0000,0x0000,0x0000,0x0000,0x0000,0x0000,0x0000,0x0000,0x0000,0x0000,0x0000,0x0000,0x0000,0x0000,0x0000,0x0000,
    0x0000,0x0800,0xd573,0xff7b,0xff19,0xfef9,0xff19,0xff3a,0xff19,0xff5b,0xf676,0x30c2,0x0000,0x0000,0x0000,0x0000,0x0000,0x0000,0x0000,0x0000,0x0000,0x20a1,0xf676,0xff5a,
    0xff19,0xff3a,0xff3a,0xff19,0xf719,0xffbb,0xbcd1,0x0000,0x0000,0x0000,0x0000,0x0000,0x0000,0x0000,0x0000,0x0000,0x0000,0x0000,0x0000,0x0000,0x0000,0x0000,0x0000,0x0000,
    0x0000,0x0000,0x0000,0x0000,0x0000,0x0000,0x0000,0x0000,0x0000,0x0000,0x0000,0x0000,0x0000,0x0000,0x0000,0x0000,0x0000,0x0000,0x0000,0x0000,0x0000,0x0000,0x0000,0x0000,
    0x0000,0x0000,0x0000,0x0000,0x0000,0x0000,0x0000,0x0000,0x0000,0x0000,0x0000,0x0000,0x0000,0x0000,0x0000,0x0000,0x0000,0x0000,0x0000,0x0000,0x0000,0x0000,0x0000,0x0000,
    0x0000,0x0000,0x0000,0x0000,0x0000,0x0000,0x0000,0x0000,0x0000,0x0000,0x0000,0x0000,0x0000,0x0000,0x0000,0x0000,0x0000,0x0000,0x0000,0x0000,0x0000,0x0000,0x0000,0x0000,
    0x0000,0x0000,0x0000,0x0000,0x0000,0x0000,0x0000,0x0000,0x0000,0x0000,0x0000,0x0000,0x0000,0x0000,0x0000,0x0000,0x0000,0x0000,0x0000,0x0000,0x0000,0x0000,0x0000,0x0000,
    0x0000,0x0000,0x0000,0x0000,0x0000,0x0000,0x0000,0x0000,0x0000,0x0000,0x0000,0x0000,0x0000,0x0000,0x0000,0x0000,0x0000,0x4144,0xfef9,0xff3a,0xff39,0xff19,0xff39,0xff3a,
    0xf71a,0xff7a,0xabcc,0x0000,0x0000,0x0000,0x0000,0x0000,0x0000,0x0000,0x0000,0x0000,0x0000,0x0000,0xabec,0xff7a,0xff1a,0xff3a,0xff3a,0xff19,0xff19,0xff5a,0xee35,0x1861,
    0x0000,0x0000,0x0000,0x0000,0x0000,0x0000,0x0000,0x0000,0x0000,0x0000,0x0000,0x0000,0x0000,0x0000,0x0000,0x0000,0x0000,0x0000,0x0000,0x0000,0x0000,0x0000,0x0000,0x0000,
    0x0000,0x0000,0x0000,0x0000,0x0000,0x0000,0x0000,0x0000,0x0000,0x0000,0x0000,0x0000,0x0000,0x0000,0x0000,0x0000,0x0000,0x0000,0x0000,0x0000,0x0000,0x0000,0x0000,0x0000,
    0x0000,0x0000,0x0000,0x0000,0x0000,0x0000,0x0000,0x0000,0x0000,0x0000,0x0000,0x0000,0x0000,0x0000,0x0000,0x0000,0x0000,0x0000,0x0000,0x0000,0x0000,0x0000,0x0000,0x0000,
    0x0000,0x0000,0x0000,0x0000,0x0000,0x0000,0x0000,0x0000,0x0000,0x0000,0x0000,0x0000,0x0000,0x0000,0x0000,0x0000,0x0000,0x0000,0x0000,0x0000,0x0000,0x0000,0x0000,0x0000,
    0x0000,0x0000,0x0000,0x0000,0x0000,0x0000,0x0000,0x0000,0x0000,0x0000,0x0000,0x0000,0x0000,0x0000,0x0000,0x0000,0x0000,0x0000,0x0000,0x0000,0x0000,0x0000,0x0000,0x0000,
    0x0000,0x0000,0x0000,0x0000,0x0000,0x0000,0x0000,0x0000,0x0000,0x72a9,0xffdc,0xf6f9,0xf719,0xff19,0xff19,0xff19,0xf71a,0xfef8,0x7a88,0x0000,0x0000,0x0000,0x0000,0x0000,
    0x0000,0x0000,0x0000,0x0000,0x0000,0x0000,0x82c9,0xff39,0xf71a,0xff39,0xff39,0xff19,0xf719,0xf719,0xff7a,0x49a5,0x0000,0x0000,0x0000,0x0000,0x0000,0x0000,0x0000,0x0000,
    0x0000,0x0000,0x0000,0x0000,0x0000,0x0000,0x0000,0x0000,0x0000,0x0000,0x0000,0x0000,0x0000,0x0000,0x0000,0x0000,0x0000,0x0000,0x0000,0x0000,0x0000,0x0000,0x0000,0x0000,
    0x0000,0x0000,0x0000,0x0000,0x0000,0x0000,0x0000,0x0000,0x0000,0x0000,0x0000,0x0000,0x0000,0x0000,0x0000,0x0000,0x0000,0x0000,0x0000,0x0000,0x0000,0x0000,0x0000,0x0000,
    0x0000,0x0000,0x0000,0x0000,0x0000,0x0000,0x0000,0x0000,0x0000,0x0000,0x0000,0x0000,0x0000,0x0000,0x0000,0x0000,0x0000,0x0000,0x0000,0x0000,0x0000,0x0000,0x0000,0x0000,
    0x0000,0x0000,0x0000,0x0000,0x0000,0x0000,0x0000,0x0000,0x0000,0x0000,0x0000,0x0000,0x0000,0x0000,0x0000,0x0000,0x0000,0x0000,0x0000,0x0000,0x0000,0x0000,0x0000,0x0000,
    0x0000,0x0000,0x0000,0x0000,0x0000,0x0000,0x0000,0x0000,0x0000,0x0000,0x0000,0x0000,0x0000,0x0000,0x0000,0x0000,0x0000,0x0000,0x0000,0x0000,0x0000,0x0000,0x0000,0x0000,
    0x0000,0x2924,0xc5d5,0xff9b,0xff7a,0xff5a,0xff3a,0xff3a,0xff5b,0xff9a,0x51a5,0x0000,0x0000,0x0000,0x0000,0x0000,0x0000,0x0000,0x0000,0x0000,0x0000,0x0000,0x6a47,0xffbb,
    0xff5a,0xff5a,0xff5a,0xff5a,0xff7b,0xff9b,0xb574,0x18c3,0x0000,0x0000,0x0000,0x0000,0x0000,0x0000,0x0000,0x0000,0x0000,0x0000,0x0000,0x0000,0x0000,0x0000,0x0000,0x0000,
    0x0000,0x0000,0x0000,0x0000,0x0000,0x0000,0x0000,0x0000,0x0000,0x0000,0x0000,0x0000,0x0000,0x0000,0x0000,0x0000,0x0000,0x0000,0x0000,0x0000,0x0000,0x0000,0x0000,0x0000,
    0x0000,0x0000,0x0000,0x0000,0x0000,0x0000,0x0000,0x0000,0x0000,0x0000,0x0000,0x0000,0x0000,0x0000,0x0000,0x0000,0x0000,0x0000,0x0000,0x0000,0x0000,0x0000,0x0000,0x0000,
    0x0000,0x0000,0x0000,0x0000,0x0000,0x0000,0x0000,0x0000,0x0000,0x0000,0x0000,0x0000,0x0000,0x0000,0x0000,0x0000,0x0000,0x0000,0x0000,0x0000,0x0000,0x0000,0x0000,0x0000,
    0x0000,0x0000,0x0000,0x0000,0x0000,0x0000,0x0000,0x0000,0x0000,0x0000,0x0000,0x0000,0x0000,0x0000,0x0000,0x0000,0x0000,0x0000,0x0000,0x0000,0x0000,0x0000,0x0000,0x0000,
    0x0000,0x0000,0x0000,0x0000,0x0000,0x0000,0x0000,0x0000,0x0000,0x0000,0x0000,0x0000,0x0000,0x0000,0x0000,0x0000,0x0000,0x2104,0x3186,0x736d,0xbd94,0xde77,0xeed9,0xeed8,
    0xd677,0x942f,0x1061,0x0000,0x0000,0x0000,0x0000,0x0000,0x0000,0x0000,0x0000,0x0000,0x0000,0x0000,0x18a2,0x9c70,0xde56,0xeed8,0xeed9,0xde77,0xbd74,0x6b4c,0x3166,0x18c3,
    0x0000,0x0000,0x0000,0x0000,0x0000,0x0000,0x0000,0x0000,0x0000,0x0000,0x0000,0x0000,0x0000,0x0000,0x0000,0x0000,0x0000,0x0000,0x0000,0x0000,0x0000,0x0000,0x0000,0x0000,
    0x0000,0x0000,0x0000,0x0000,0x0000,0x0000,0x0000,0x0000,0x0000,0x0000,0x0000,0x0000,0x0000,0x0000,0x0000,0x0000,0x0000,0x0000,0x0000,0x0000,0x0000,0x0000,0x0000,0x0000,
    0x0000,0x0000,0x0000,0x0000,0x0000,0x0000,0x0000,0x0000,0x0000,0x0000,0x0000,0x0000,0x0000,0x0000,0x0000,0x0000,0x0000,0x0000,0x0000,0x0000,0x0000,0x0000,0x0000,0x0000,
    0x0000,0x0000,0x0000,0x0000,0x0000,0x0000,0x0000,0x0000,0x0000,0x0000,0x0000,0x0000,0x0000,0x0000,0x0000,0x0000,0x0000,0x0000,0x0000,0x0000,0x0000,0x0000,0x0000,0x0000,
    0x0000,0x0000,0x0000,0x0000,0x0000,0x0000,0x0000,0x0000,0x0000,0x0000,0x0000,0x0000,0x0000,0x0000,0x0000,0x0000,0x0000,0x0000,0x0000,0x0000,0x0000,0x0000,0x0000,0x0000,
    0x0000,0x0000,0x0000,0x0000,0x0000,0x0000,0x0000,0x0000,0x0020,0x3165,0x3986,0x2925,0x2945,0x39a7,0x4208,0x39c7,0x3186,0x18e4,0x0000,0x0000,0x0000,0x0000,0x0000,0x0000,
    0x0000,0x0000,0x0000,0x0000,0x0000,0x0000,0x0020,0x18c3,0x3186,0x41e7,0x41e7,0x31a6,0x2925,0x2925,0x3986,0x2924,0x0000,0x0000,0x0000,0x0000,0x0000,0x0000,0x0000,0x0000,
    0x0000,0x0000,0x0000,0x0000,0x0000,0x0000,0x0000,0x0000,0x0000,0x0000,0x0000,0x0000,0x0000,0x0000,0x0000,0x0000,0x0000,0x0000,0x0000,0x0000,0x0000,0x0000,0x0000,0x0000,
    0x0000,0x0000,0x0000,0x0000,0x0000,0x0000,0x0000,0x0000,0x0000,0x0000,0x0000,0x0000,0x0000,0x0000,0x0000,0x0000,0x0000,0x0000,0x0000,0x0000,0x0000,0x0000,0x0000,0x0000,
    0x0000,0x0000,0x0000,0x0000,0x0000,0x0000,0x0000,0x0000,0x0000,0x0000,0x0000,0x0000,0x0000,0x0000,0x0000,0x0000,0x0000,0x0000,0x0000,0x0000,0x0000,0x0000,0x0000,0x0000,
    0x0000,0x0000,0x0000,0x0000,0x0000,0x0000,0x0000,0x0000,0x0000,0x0000,0x0000,0x0000,0x0000,0x0000,0x0000,0x0000,0x0000,0x0000,0x0000,0x0000,0x0000,0x0000,0x0000,0x0000,
    0x0000,0x0000,0x0000,0x0000,0x0000,0x0000,0x0000,0x0000,0x0000,0x0000,0x0000,0x0000,0x0000,0x0000,0x0000,0x0000,0x0000,0x0000,0x0000,0x0000,0x0000,0x0000,0x0000,0x0000,
    0x0821,0x3166,0x3186,0x39a6,0x39a7,0x3186,0x3166,0x3186,0x3186,0x2925,0x0000,0x0000,0x0000,0x0000,0x0000,0x0000,0x0000,0x0000,0x0000,0x0000,0x0000,0x0000,0x0020,0x2945,
    0x39a6,0x3166,0x3166,0x3186,0x39a6,0x39a6,0x3186,0x2945,0x0000,0x0000,0x0000,0x0000,0x0000,0x0000,0x0000,0x0000,0x0000,0x0000,0x0000,0x0000,0x0000,0x0000,0x0000,0x0000,
    0x0000,0x0000,0x0000,0x0000,0x0000,0x0000,0x0000,0x0000,0x0000,0x0000,0x0000,0x0000,0x0000,0x0000,0x0000,0x0000,0x0000,0x0000,0x0000,0x0000,0x0000,0x0000,0x0000,0x0000,
    0x0000,0x0000,0x0000,0x0000,0x0000,0x0000,0x0000,0x0000,0x0000,0x0000,0x0000,0x0000,0x0000,0x0000,0x0000,0x0000,0x0000,0x0000,0x0000,0x0000,0x0000,0x0000,0x0000,0x0000,
    0x0000,0x0000,0x0000,0x0000,0x0000,0x0000,0x0000,0x0000,0x0000,0x0000,0x0000,0x0000,0x0000,0x0000,0x0000,0x0000,0x0000,0x0000,0x0000,0x0000,0x0000,0x0000,0x0000,0x0000,
    0x0000,0x0000,0x0000,0x0000,0x0000,0x0000,0x0000,0x0000,0x0000,0x0000,0x0000,0x0000,0x0000,0x0000,0x0000,0x0000,0x0000,0x0000,0x0000,0x0000,0x0000,0x0000,0x0000,0x0000,
    0x0000,0x0000,0x0000,0x0000,0x0000,0x0000,0x0000,0x0000,0x0000,0x0000,0x0000,0x0000,0x0000,0x0000,0x0000,0x0000,0x0841,0x3166,0x3186,0x3186,0x39a6,0x39a6,0x39a6,0x3186,
    0x39a6,0x20e4,0x0000,0x0000,0x0000,0x0000,0x0000,0x0000,0x0000,0x0000,0x0000,0x0000,0x0000,0x0000,0x0000,0x2124,0x39a6,0x3186,0x39a6,0x39a6,0x3186,0x3186,0x3986,0x2965,
    0x0000,0x0000,0x0000,0x0000,0x0000,0x0000,0x0000,0x0000,0x0000,0x0000,0x0000,0x0000,0x0000,0x0000,0x0000,0x0000,0x0000,0x0000,0x0000,0x0000,0x0000,0x0000,0x0000,0x0000,
    0x0000,0x0000,0x0000,0x0000,0x0000,0x0000,0x0000,0x0000,0x0000,0x0000,0x0000,0x0000,0x0000,0x0000,0x0000,0x0000,0x0000,0x0000,0x0000,0x0000,0x0000,0x0000,0x0000,0x0000,
    0x0000,0x0000,0x0000,0x0000,0x0000,0x0000,0x0000,0x0000,0x0000,0x0000,0x0000,0x0000,0x0000,0x0000,0x0000,0x0000,0x0000,0x0000,0x0000,0x0000,0x0000,0x0000,0x0000,0x0000,
    0x0000,0x0000,0x0000,0x0000,0x0000,0x0000,0x0000,0x0000,0x0000,0x0000,0x0000,0x0000,0x0000,0x0000,0x0000,0x0000,0x0000,0x0000,0x0000,0x0000,0x0000,0x0000,0x0000,0x0000,
    0x0000,0x0000,0x0000,0x0000,0x0000,0x0000,0x0000,0x0000,0x0000,0x0000,0x0000,0x0000,0x0000,0x0000,0x0000,0x0000,0x0000,0x0000,0x0000,0x0000,0x0000,0x0000,0x0000,0x0000,
    0x0000,0x0000,0x0000,0x0000,0x0000,0x0000,0x0000,0x0000,0x0841,0x3166,0x3186,0x3186,0x3186,0x39a6,0x3186,0x3186,0x39a6,0x18c3,0x0000,0x0000,0x0000,0x0000,0x0000,0x0000,
    0x0000,0x0000,0x0000,0x0000,0x0000,0x0000,0x0000,0x20e3,0x39a6,0x3186,0x3186,0x3186,0x3186,0x3186,0x3986,0x2965,0x0000,0x0000,0x0000,0x0000,0x0000,0x0000,0x0000,0x0000,
    0x0000,0x0000,0x0000,0x0000,0x0000,0x0000,0x0000,0x0000,0x0000,0x0000,0x0000,0x0000,0x0000,0x0000,0x0000,0x0000,0x0000,0x0000,0x0000,0x0000,0x0000,0x0000,0x0000,0x0000,
    0x0000,0x0000,0x0000,0x0000,0x0000,0x0000,0x0000,0x0000,0x0000,0x0000,0x0000,0x0000,0x0000,0x0000,0x0000,0x0000,0x0000,0x0000,0x0000,0x0000,0x0000,0x0000,0x0000,0x0000,
    0x0000,0x0000,0x0000,0x0000,0x0000,0x0000,0x0000,0x0000,0x0000,0x0000,0x0000,0x0000,0x0000,0x0000,0x0000,0x0000,0x0000,0x0000,0x0000,0x0000,0x0000,0x0000,0x0000,0x0000,
    0x0000,0x0000,0x0000,0x0000,0x0000,0x0000,0x0000,0x0000,0x0000,0x0000,0x0000,0x0000,0x0000,0x0000,0x0000,0x0000,0x0000,0x0000,0x0000,0x0000,0x0000,0x0000,0x0000,0x0000,
    0x0000,0x0000,0x0000,0x0000,0x0000,0x0000,0x0000,0x0000,0x0000,0x0000,0x0000,0x0000,0x0000,0x0000,0x0000,0x0000,0x0000,0x0000,0x0000,0x0000,0x0000,0x0000,0x0000,0x0000,
    0x0020,0x3165,0x3186,0x3186,0x3986,0x3186,0x3186,0x3186,0x3186,0x1082,0x0000,0x0000,0x0000,0x0000,0x0000,0x0000,0x0000,0x0000,0x0000,0x0000,0x0000,0x0000,0x0000,0x10a2,
    0x39a6,0x3186,0x3986,0x3986,0x3186,0x3186,0x39a6,0x2945,0x0000,0x0000,0x0000,0x0000,0x0000,0x0000,0x0000,0x0000,0x0000,0x0000,0x0000,0x0000,0x0000,0x0000,0x0000,0x0000,
    0x0000,0x0000,0x0000,0x0000,0x0000,0x0000,0x0000,0x0000,0x0000,0x0000,0x0000,0x0000,0x0000,0x0000,0x0000,0x0000,0x0000,0x0000,0x0000,0x0000,0x0000,0x0000,0x0000,0x0000,
    0x0000,0x0000,0x0000,0x0000,0x0000,0x0000,0x0000,0x0000,0x0000,0x0000,0x0000,0x0000,0x0000,0x0000,0x0000,0x0000,0x0000,0x0000,0x0000,0x0000,0x0000,0x0000,0x0000,0x0000,
    0x0000,0x0000,0x0000,0x0000,0x0000,0x0000,0x0000,0x0000,0x0000,0x0000,0x0000,0x0000,0x0000,0x0000,0x0000,0x0000,0x0000,0x0000,0x0000,0x0000,0x0000,0x0000,0x0000,0x0000,
    0x0000,0x0000,0x0000,0x0000,0x0000,0x0000,0x0000,0x0000,0x0000,0x0000,0x0000,0x0000,0x0000,0x0000,0x0000,0x0000,0x0000,0x0000,0x0000,0x0000,0x0000,0x0000,0x0000,0x0000,
    0x0000,0x0000,0x0000,0x0000,0x0000,0x0000,0x0000,0x0000,0x0000,0x0000,0x0000,0x0000,0x0000,0x0000,0x0000,0x0000,0x0020,0x2945,0x3986,0x3186,0x3186,0x3986,0x3186,0x3186,
    0x3166,0x0841,0x0000,0x0000,0x0000,0x0000,0x0000,0x0000,0x0000,0x0000,0x0000,0x0000,0x0000,0x0000,0x0000,0x0861,0x3986,0x3186,0x3186,0x3186,0x3186,0x3186,0x39a7,0x2925,
    0x0000,0x0000,0x0000,0x0000,0x0000,0x0000,0x0000,0x0000,0x0000,0x0000,0x0000,0x0000,0x0000,0x0000,0x0000,0x0000,0x0000,0x0000,0x0000,0x0000,0x0000,0x0000,0x0000,0x0000,
    0x0000,0x0000,0x0000,0x0000,0x0000,0x0000,0x0000,0x0000,0x0000,0x0000,0x0000,0x0000,0x0000,0x0000,0x0000,0x0000,0x0000,0x0000,0x0000,0x0000,0x0000,0x0000,0x0000,0x0000,
    0x0000,0x0000,0x0000,0x0000,0x0000,0x0000,0x0000,0x0000,0x0000,0x0000,0x0000,0x0000,0x0000,0x0000,0x0000,0x0000,0x0000,0x0000,0x0000,0x0000,0x0000,0x0000,0x0000,0x0000,
    0x0000,0x0000,0x0000,0x0000,0x0000,0x0000,0x0000,0x0000,0x0000,0x0000,0x0000,0x0000,0x0000,0x0000,0x0000,0x0000,0x0000,0x0000,0x0000,0x0000,0x0000,0x0000,0x0000,0x0000,
    0x0000,0x0000,0x0000,0x0000,0x0000,0x0000,0x0000,0x0000,0x0000,0x0000,0x0000,0x0000,0x0000,0x0000,0x0000,0x0000,0x0000,0x0000,0x0000,0x0000,0x0000,0x0000,0x0000,0x0000,
    0x0000,0x0000,0x0000,0x0000,0x0000,0x0000,0x0000,0x0000,0x0000,0x2945,0x39a6,0x3186,0x3186,0x3186,0x3186,0x3186,0x2945,0x0000,0x0000,0x0000,0x0000,0x0000,0x0000,0x0000,
    0x0000,0x0000,0x0000,0x0000,0x0000,0x0000,0x0000,0x0020,0x3166,0x39a6,0x3186,0x3186,0x3186,0x3186,0x39a7,0x2104,0x0000,0x0000,0x0000,0x0000,0x0000,0x0000,0x0000,0x0000,
    0x0000,0x0000,0x0000,0x0000,0x0000,0x0000,0x0000,0x0000,0x0000,0x0000,0x0000,0x0000,0x0000,0x0000,0x0000,0x0000,0x0000,0x0000,0x0000,0x0000,0x0000,0x0000,0x0000,0x0000,
    0x0000,0x0000,0x0000,0x0000,0x0000,0x0000,0x0000,0x0000,0x0000,0x0000,0x0000,0x0000,0x0000,0x0000,0x0000,0x0000,0x0000,0x0000,0x0000,0x0000,0x0000,0x0000,0x0000,0x0000,
    0x0000,0x0000,0x0000,0x0000,0x0000,0x0000,0x0000,0x0000,0x0000,0x0000,0x0000,0x0000,0x0000,0x0000,0x0000,0x0000,0x0000,0x0000,0x0000,0x0000,0x0000,0x0000,0x0000,0x0000,
    0x0000,0x0000,0x0000,0x0000,0x0000,0x0000,0x0000,0x0000,0x0000,0x0000,0x0000,0x0000,0x0000,0x0000,0x0000,0x0000,0x0000,0x0000,0x0000,0x0000,0x0000,0x0000,0x0000,0x0000,
    0x0000,0x0000,0x0000,0x0000,0x0000,0x0000,0x0000,0x0000,0x0000,0x0000,0x0000,0x0000,0x0000,0x0000,0x0000,0x0000,0x0000,0x0000,0x0000,0x0000,0x0000,0x0000,0x0000,0x0000,
    0x0000,0x2924,0x39a7,0x3186,0x3186,0x3186,0x3166,0x39a6,0x2104,0x0000,0x0000,0x0000,0x0000,0x0000,0x0000,0x0000,0x0000,0x0000,0x0000,0x0000,0x0000,0x0000,0x0000,0x0000,
    0x2945,0x39a7,0x3186,0x3186,0x3186,0x3186,0x39a7,0x18c3,0x0000,0x0000,0x0000,0x0000,0x0000,0x0000,0x0000,0x0000,0x0000,0x0000,0x0000,0x0000,0x0000,0x0000,0x0000,0x0000,
    0x0000,0x0000,0x0000,0x0000,0x0000,0x0000,0x0000,0x0000,0x0000,0x0000,0x0000,0x0000,0x0000,0x0000,0x0000,0x0000,0x0000,0x0000,0x0000,0x0000,0x0000,0x0000,0x0000,0x0000,
    0x0000,0x0000,0x0000,0x0000,0x0000,0x0000,0x0000,0x0000,0x0000,0x0000,0x0000,0x0000,0x0000,0x0000,0x0000,0x0000,0x0000,0x0000,0x0000,0x0000,0x0000,0x0000,0x0000,0x0000,
    0x0000,0x0000,0x0000,0x0000,0x0000,0x0000,0x0000,0x0000,0x0000,0x0000,0x0000,0x0000,0x0000,0x0000,0x0000,0x0000,0x0000,0x0000,0x0000,0x0000,0x0000,0x0000,0x0000,0x0000,
    0x0000,0x0000,0x0000,0x0000,0x0000,0x0000,0x0000,0x0000,0x0000,0x0000,0x0000,0x0000,0x0000,0x0000,0x0000,0x0000,0x0000,0x0000,0x0000,0x0000,0x0000,0x0000,0x0000,0x0000,
    0x0000,0x0000,0x0000,0x0000,0x0000,0x0000,0x0000,0x0000,0x0000,0x0000,0x0000,0x0000,0x0000,0x0000,0x0000,0x0000,0x0000,0x18e3,0x39a7,0x3186,0x3186,0x3186,0x3186,0x39a7,
    0x10a2,0x0000,0x0000,0x0000,0x0000,0x0000,0x0000,0x0000,0x0000,0x0000,0x0000,0x0000,0x0000,0x0000,0x0000,0x0000,0x2104,0x39a7,0x3166,0x3186,0x3986,0x3186,0x39a6,0x1082,
    0x0000,0x0000,0x0000,0x0000,0x0000,0x0000,0x0000,0x0000,0x0000,0x0000,0x0000,0x0000,0x0000,0x0000,0x0000,0x0000,0x0000,0x0000,0x0000,0x0000,0x0000,0x0000,0x0000,0x0000,
    0x0000,0x0000,0x0000,0x0000,0x0000,0x0000,0x0000,0x0000,0x0000,0x0000,0x0000,0x0000,0x0000,0x0000,0x0000,0x0000,0x0000,0x0000,0x0000,0x0000,0x0000,0x0000,0x0000,0x0000,
    0x0000,0x0000,0x0000,0x0000,0x0000,0x0000,0x0000,0x0000,0x0000,0x0000,0x0000,0x0000,0x0000,0x0000,0x0000,0x0000,0x0000,0x0000,0x0000,0x0000,0x0000,0x0000,0x0000,0x0000,
    0x0000,0x0000,0x0000,0x0000,0x0000,0x0000,0x0000,0x0000,0x0000,0x0000,0x0000,0x0000,0x0000,0x0000,0x0000,0x0000,0x0000,0x0000,0x0000,0x0000,0x0000,0x0000,0x0000,0x0000,
    0x0000,0x0000,0x0000,0x0000,0x0000,0x0000,0x0000,0x0000,0x0000,0x0000,0x0000,0x0000,0x0000,0x0000,0x0000,0x0000,0x0000,0x0000,0x0000,0x0000,0x0000,0x0000,0x0000,0x0000,
    0x0000,0x0000,0x0000,0x0000,0x0000,0x0000,0x0000,0x0000,0x0000,0x10a2,0x39a7,0x3186,0x3186,0x3186,0x3986,0x39a6,0x0861,0x0000,0x0000,0x0000,0x0000,0x0000,0x0000,0x0000,
    0x0000,0x0000,0x0000,0x0000,0x0000,0x0000,0x0000,0x0000,0x18c3,0x39a7,0x3186,0x3166,0x3166,0x3186,0x3166,0x0820,0x0000,0x0000,0x0000,0x0000,0x0000,0x0000,0x0000,0x0000,
    0x0000,0x0000,0x0000,0x0000,0x0000,0x0000,0x0000,0x0000,0x0000,0x0000,0x0000,0x0000,0x0000,0x0000,0x0000,0x0000,0x0000,0x0000,0x0000,0x0000,0x0000,0x0000,0x0000,0x0000,
    0x0000,0x0000,0x0000,0x0000,0x0000,0x0000,0x0000,0x0000,0x0000,0x0000,0x0000,0x0000,0x0000,0x0000,0x0000,0x0000,0x0000,0x0000,0x0000,0x0000,0x0000,0x0000,0x0000,0x0000,
    0x0000,0x0000,0x0000,0x0000,0x0000,0x0000,0x0000,0x0000,0x0000,0x0000,0x0000,0x0000,0x0000,0x0000,0x0000,0x0000,0x0000,0x0000,0x0000,0x0000,0x0000,0x0000,0x0000,0x0000,
    0x0000,0x0000,0x0000,0x0000,0x0000,0x0000,0x0000,0x0000,0x0000,0x0000,0x0000,0x0000,0x0000,0x0000,0x0000,0x0000,0x0000,0x0000,0x0000,0x0000,0x0000,0x0000,0x0000,0x0000,
    0x0000,0x0000,0x0000,0x0000,0x0000,0x0000,0x0000,0x0000,0x0000,0x0000,0x0000,0x0000,0x0000,0x0000,0x0000,0x0000,0x0000,0x0000,0x0000,0x0000,0x0000,0x0000,0x0000,0x0000,
    0x0000,0x0861,0x3986,0x3186,0x3186,0x3186,0x39a6,0x3186,0x0820,0x0000,0x0000,0x0000,0x0000,0x0000,0x0000,0x0000,0x0000,0x0000,0x0000,0x0000,0x0000,0x0000,0x0000,0x0000,
    0x1082,0x39a6,0x3186,0x3166,0x3166,0x3186,0x2945,0x0000,0x0000,0x0000,0x0000,0x0000,0x0000,0x0000,0x0000,0x0000,0x0000,0x0000,0x0000,0x0000,0x0000,0x0000,0x0000,0x0000,
    0x0000,0x0000,0x0000,0x0000,0x0000,0x0000,0x0000,0x0000,0x0000,0x0000,0x0000,0x0000,0x0000,0x0000,0x0000,0x0000,0x0000,0x0000,0x0000,0x0000,0x0000,0x0000,0x0000,0x0000,
    0x0000,0x0000,0x0000,0x0000,0x0000,0x0000,0x0000,0x0000,0x0000,0x0000,0x0000,0x0000,0x0000,0x0000,0x0000,0x0000,0x0000,0x0000,0x0000,0x0000,0x0000,0x0000,0x0000,0x0000,
    0x0000,0x0000,0x0000,0x0000,0x0000,0x0000,0x0000,0x0000,0x0000,0x0000,0x0000,0x0000,0x0000,0x0000,0x0000,0x0000,0x0000,0x0000,0x0000,0x0000,0x0000,0x0000,0x0000,0x0000,
    0x0000,0x0000,0x0000,0x0000,0x0000,0x0000,0x0000,0x0000,0x0000,0x0000,0x0000,0x0000,0x0000,0x0000,0x0000,0x0000,0x0000,0x0000,0x0000,0x0000,0x0000,0x0000,0x0000,0x0000,
    0x0000,0x0000,0x0000,0x0000,0x0000,0x0000,0x0000,0x0000,0x0000,0x0000,0x0000,0x0000,0x0000,0x0000,0x0000,0x0000,0x0000,0x0841,0x3166,0x3986,0x3186,0x3186,0x3186,0x2945,
    0x0000,0x0000,0x0000,0x0000,0x0000,0x0000,0x0000,0x0000,0x0000,0x0000,0x0000,0x0000,0x0000,0x0000,0x0000,0x0000,0x0841,0x3186,0x3186,0x3166,0x3166,0x39a6,0x2924,0x0000,
    0x0000,0x0000,0x0000,0x0000,0x0000,0x0000,0x0000,0x0000,0x0000,0x0000,0x0000,0x0000,0x0000,0x0000,0x0000,0x0000,0x0000,0x0000,0x0000,0x0000,0x0000,0x0000,0x0000,0x0000,
    0x0000,0x0000,0x0000,0x0000,0x0000,0x0000,0x0000,0x0000,0x0000,0x0000,0x0000,0x0000,0x0000,0x0000,0x0000,0x0000,0x0000,0x0000,0x0000,0x0000,0x0000,0x0000,0x0000,0x0000,
    0x0000,0x0000,0x0000,0x0000,0x0000,0x0000,0x0000,0x0000,0x0000,0x0000,0x0000,0x0000,0x0000,0x0000,0x0000,0x0000,0x0000,0x0000,0x0000,0x0000,0x0000,0x0000,0x0000,0x0000,
    0x0000,0x0000,0x0000,0x0000,0x0000,0x0000,0x0000,0x0000,0x0000,0x0000,0x0000,0x0000,0x0000,0x0000,0x0000,0x0000,0x0000,0x0000,0x0000,0x0000,0x0000,0x0000,0x0000,0x0000,
    0x0000,0x0000,0x0000,0x0000,0x0000,0x0000,0x0000,0x0000,0x0000,0x0000,0x0000,0x0000,0x0000,0x0000,0x0000,0x0000,0x0000,0x0000,0x0000,0x0000,0x0000,0x0000,0x0000,0x0000,
    0x0000,0x0000,0x0000,0x0000,0x0000,0x0000,0x0000,0x0000,0x0000,0x0020,0x2945,0x3186,0x3186,0x3186,0x39a6,0x2924,0x0000,0x0000,0x0000,0x0000,0x0000,0x0000,0x0000,0x0000,
    0x0000,0x0000,0x0000,0x0000,0x0000,0x0000,0x0000,0x0000,0x0841,0x3166,0x3186,0x3166,0x3186,0x39a7,0x2104,0x0000,0x0000,0x0000,0x0000,0x0000,0x0000,0x0000,0x0000,0x0000,
    0x0000,0x0000,0x0000,0x0000,0x0000,0x0000,0x0000,0x0000,0x0000,0x0000,0x0000,0x0000,0x0000,0x0000,0x0000,0x0000,0x0000,0x0000,0x0000,0x0000,0x0000,0x0000,0x0000,0x0000,
    0x0000,0x0000,0x0000,0x0000,0x0000,0x0000,0x0000,0x0000,0x0000,0x0000,0x0000,0x0000,0x0000,0x0000,0x0000,0x0000,0x0000,0x0000,0x0000,0x0000,0x0000,0x0000,0x0000,0x0000,
    0x0000,0x0000,0x0000,0x0000,0x0000,0x0000,0x0000,0x0000,0x0000,0x0000,0x0000,0x0000,0x0000,0x0000,0x0000,0x0000,0x0000,0x0000,0x0000,0x0000,0x0000,0x0000,0x0000,0x0000,
    0x0000,0x0000,0x0000,0x0000,0x0000,0x0000,0x0000,0x0000,0x0000,0x0000,0x0000,0x0000,0x0000,0x0000,0x0000,0x0000,0x0000,0x0000,0x0000,0x0000,0x0000,0x0000,0x0000,0x0000,
    0x0000,0x0000,0x0000,0x0000,0x0000,0x0000,0x0000,0x0000,0x0000,0x0000,0x0000,0x0000,0x0000,0x0000,0x0000,0x0000,0x0000,0x0000,0x0000,0x0000,0x0000,0x0000,0x0000,0x0000,
    0x0000,0x0020,0x2945,0x3986,0x39a6,0x3186,0x39a6,0x2124,0x0000,0x0000,0x0000,0x0000,0x0000,0x0000,0x0000,0x0000,0x0000,0x0000,0x0000,0x0000,0x0000,0x0000,0x0000,0x0000,
    0x0841,0x3166,0x3186,0x3186,0x3186,0x39a7,0x18e3,0x0000,0x0000,0x0000,0x0000,0x0000,0x0000,0x0000,0x0000,0x0000,0x0000,0x0000,0x0000,0x0000,0x0000,0x0000,0x0000,0x0000,
    0x0000,0x0000,0x0000,0x0000,0x0000,0x0000,0x0000,0x0000,0x0000,0x0000,0x0000,0x0000,0x0000,0x0000,0x0000,0x0000,0x0000,0x0000,0x0000,0x0000,0x0000,0x0000,0x0000,0x0000,
    0x0000,0x0000,0x0000,0x0000,0x0000,0x0000,0x0000,0x0000,0x0000,0x0000,0x0000,0x0000,0x0000,0x0000,0x0000,0x0000,0x0000,0x0000,0x0000,0x0000,0x0000,0x0000,0x0000,0x0000,
    0x0000,0x0000,0x0000,0x0000,0x0000,0x0000,0x0000,0x0000,0x0000,0x0000,0x0000,0x0000,0x0000,0x0000,0x0000,0x0000,0x0000,0x0000,0x0000,0x0000,0x0000,0x0000,0x0000,0x0000,
    0x0000,0x0000,0x0000,0x0000,0x0000,0x0000,0x0000,0x0000,0x0000,0x0000,0x0000,0x0000,0x0000,0x0000,0x0000,0x0000,0x0000,0x0000,0x0000,0x0000,0x0000,0x0000,0x0000,0x0000,
    0x0000,0x0000,0x0000,0x0000,0x0000,0x0000,0x0000,0x0000,0x0000,0x0000,0x0000,0x0000,0x0000,0x0000,0x0000,0x0000,0x0000,0x0820,0x3186,0x39a6,0x31a6,0x3186,0x39a6,0x2945,
    0x0000,0x0000,0x0000,0x0000,0x0000,0x0000,0x0000,0x0000,0x0000,0x0000,0x0000,0x0000,0x0000,0x0000,0x0000,0x0000,0x0841,0x3166,0x3186,0x3186,0x3186,0x39a7,0x2104,0x0000,
    0x0000,0x0000,0x0000,0x0000,0x0000,0x0000,0x0000,0x0000,0x0000,0x0000,0x0000,0x0000,0x0000,0x0000,0x0000,0x0000,0x0000,0x0000,0x0000,0x0000,0x0000,0x0000,0x0000,0x0000,
    0x0000,0x0000,0x0000,0x0000,0x0000,0x0000,0x0000,0x0000,0x0000,0x0000,0x0000,0x0000,0x0000,0x0000,0x0000,0x0000,0x0000,0x0000,0x0000,0x0000,0x0000,0x0000,0x0000,0x0000,
    0x0000,0x0000,0x0000,0x0000,0x0000,0x0000,0x0000,0x0000,0x0000,0x0000,0x0000,0x0000,0x0000,0x0000,0x0000,0x0000,0x0000,0x0000,0x0000,0x0000,0x0000,0x0000,0x0000,0x0000,
    0x0000,0x0000,0x0000,0x0000,0x0000,0x0000,0x0000,0x0000,0x0000,0x0000,0x0000,0x0000,0x0000,0x0000,0x0000,0x0000,0x0000,0x0000,0x0000,0x0000,0x0000,0x0000,0x0000,0x0000,
    0x0000,0x0000,0x0000,0x0000,0x0000,0x0000,0x0000,0x0000,0x0000,0x0000,0x0000,0x0000,0x0000,0x0000,0x0000,0x0000,0x0000,0x0000,0x0000,0x0000,0x0000,0x0000,0x0000,0x0000,
    0x0000,0x0000,0x0000,0x0000,0x0000,0x0000,0x0000,0x0000,0x0000,0x0861,0x39a7,0x39a6,0x39a6,0x3986,0x39a7,0x3165,0x0000,0x0000,0x0000,0x0000,0x0000,0x0000,0x0000,0x0000,
    0x0000,0x0000,0x0000,0x0000,0x0000,0x0000,0x0000,0x0000,0x0861,0x3186,0x39a6,0x3186,0x3986,0x39a6,0x2945,0x0000,0x0000,0x0000,0x0000,0x0000,0x0000,0x0000,0x0000,0x0000,
    0x0000,0x0000,0x0000,0x0000,0x0000,0x0000,0x0000,0x0000,0x0000,0x0000,0x0000,0x0000,0x0000,0x0000,0x0000,0x0000,0x0000,0x0000,0x0000,0x0000,0x0000,0x0000,0x0000,0x0000,
    0x0000,0x0000,0x0000,0x0000,0x0000,0x0000,0x0000,0x0000,0x0000,0x0000,0x0000,0x0000,0x0000,0x0000,0x0000,0x0000,0x0000,0x0000,0x0000,0x0000,0x0000,0x0000,0x0000,0x0000,
    0x0000,0x0000,0x0000,0x0000,0x0000,0x0000,0x0000,0x0000,0x0000,0x0000,0x0000,0x0000,0x0000,0x0000,0x0000,0x0000,0x0000,0x0000,0x0000,0x0000,0x0000,0x0000,0x0000,0x0000,
    0x0000,0x0000,0x0000,0x0000,0x0000,0x0000,0x0000,0x0000,0x0000,0x0000,0x0000,0x0000,0x0000,0x0000,0x0000,0x0000,0x0000,0x0000,0x0000,0x0000,0x0000,0x0000,0x0000,0x0000,
    0x0000,0x0000,0x0000,0x0000,0x0000,0x0000,0x0000,0x0000,0x0000,0x0000,0x0000,0x0000,0x0000,0x0000,0x0000,0x0000,0x0000,0x0000,0x0000,0x0000,0x0000,0x0000,0x0000,0x0000,
    0x0000,0x1082,0x3186,0x2966,0x31a6,0x39a6,0x39a7,0x3165,0x0820,0x0000,0x0000,0x0000,0x0000,0x0000,0x0000,0x0000,0x0000,0x0000,0x0000,0x0000,0x0000,0x0000,0x0000,0x0000,
    0x1082,0x39a6,0x39a6,0x39a6,0x3186,0x3166,0x2125,0x0000,0x0000,0x0000,0x0000,0x0000,0x0000,0x0000,0x0000,0x0000,0x0000,0x0000,0x0000,0x0000,0x0000,0x0000,0x0000,0x0000,
    0x0000,0x0000,0x0000,0x0000,0x0000,0x0000,0x0000,0x0000,0x0000,0x0000,0x0000,0x0000,0x0000,0x0000,0x0000,0x0000,0x0000,0x0000,0x0000,0x0000,0x0000,0x0000,0x0000,0x0000,
    0x0000,0x0000,0x0000,0x0000,0x0000,0x0000,0x0000,0x0000,0x0000,0x0000,0x0000,0x0000,0x0000,0x0000,0x0000,0x0000,0x0000,0x0000,0x0000,0x0000,0x0000,0x0000,0x0000,0x0000,
    0x0000,0x0000,0x0000,0x0000,0x0000,0x0000,0x0000,0x0000,0x0000,0x0000,0x0000,0x0000,0x0000,0x0000,0x0000,0x0000,0x0000,0x0000,0x0000,0x0000,0x0000,0x0000,0x0000,0x0000,
    0x0000,0x0000,0x0000,0x0000,0x0000,0x0000,0x0000,0x0000,0x0000,0x0000,0x0000,0x0000,0x0000,0x0000,0x0000,0x0000,0x0000,0x0000,0x0000,0x0000,0x0000,0x0000,0x0000,0x0000,
    0x0000,0x0000,0x0000,0x0000,0x0000,0x0000,0x0000,0x0000,0x0000,0x0000,0x0000,0x0000,0x0000,0x0000,0x0000,0x0000,0x0820,0x3123,0x49a5,0x5a27,0x3986,0x3186,0x3186,0x2104,
    0x1881,0x0000,0x0000,0x0000,0x0000,0x0000,0x0000,0x0000,0x0000,0x0000,0x0000,0x0000,0x0000,0x0000,0x0000,0x0820,0x20c2,0x2945,0x39a6,0x3186,0x49e6,0x51c5,0x3944,0x20a2,
    0x0000,0x0000,0x0000,0x0000,0x0000,0x0000,0x0000,0x0000,0x0000,0x0000,0x0000,0x0000,0x0000,0x0000,0x0000,0x0000,0x0000,0x0000,0x0000,0x0000,0x0000,0x0000,0x0000,0x0000,
    0x0000,0x0000,0x0000,0x0000,0x0000,0x0000,0x0000,0x0000,0x0000,0x0000,0x0000,0x0000,0x0000,0x0000,0x0000,0x0000,0x0000,0x0000,0x0000,0x0000,0x0000,0x0000,0x0000,0x0000,
    0x0000,0x0000,0x0000,0x0000,0x0000,0x0000,0x0000,0x0000,0x0000,0x0000,0x0000,0x0000,0x0000,0x0000,0x0000,0x0000,0x0000,0x0000,0x0000,0x0000,0x0000,0x0000,0x0000,0x0000,
    0x0000,0x0000,0x0000,0x0000,0x0000,0x0000,0x0000,0x0000,0x0000,0x0000,0x0000,0x0000,0x0000,0x0000,0x0000,0x0000,0x0000,0x0000,0x0000,0x0000,0x0000,0x0000,0x0000,0x0000,
    0x0000,0x0000,0x0000,0x0000,0x0000,0x0000,0x0000,0x0000,0x0000,0x0000,0x0000,0x0000,0x0000,0x0000,0x0000,0x0000,0x0000,0x0000,0x0000,0x0000,0x0000,0x0000,0x0000,0x0000,
    0x0000,0x0000,0x0000,0x0000,0x0000,0x0000,0x0000,0x0000,0x4143,0x5184,0x7267,0xbc0c,0x6205,0x3965,0x3186,0x2104,0x3102,0x0000,0x0000,0x0000,0x0000,0x0000,0x0000,0x0000,
    0x0000,0x0000,0x0000,0x0000,0x0000,0x0000,0x0000,0x1881,0x30e2,0x2945,0x39a6,0x51a5,0xb3ab,0x8ae8,0x4984,0x4984,0x1881,0x0000,0x0000,0x0000,0x0000,0x0000,0x0000,0x0000,
    0x0000,0x0000,0x0000,0x0000,0x0000,0x0000,0x0000,0x0000,0x0000,0x0000,0x0000,0x0000,0x0000,0x0000,0x0000,0x0000,0x0000,0x0000,0x0000,0x0000,0x0000,0x0000,0x0000,0x0000,
    0x0000,0x0000,0x0000,0x0000,0x0000,0x0000,0x0000,0x0000,0x0000,0x0000,0x0000,0x0000,0x0000,0x0000,0x0000,0x0000,0x0000,0x0000,0x0000,0x0000,0x0000,0x0000,0x0000,0x0000,
    0x0000,0x0000,0x0000,0x0000,0x0000,0x0000,0x0000,0x0000,0x0000,0x0000,0x0000,0x0000,0x0000,0x0000,0x0000,0x0000,0x0000,0x0000,0x0000,0x0000,0x0000,0x0000,0x0000,0x0000,
    0x0000,0x0000,0x0000,0x0000,0x0000,0x0000,0x0000,0x0000,0x0000,0x0000,0x0000,0x0000,0x0000,0x0000,0x0000,0x0000,0x0000,0x0000,0x0000,0x0000,0x0000,0x0000,0x0000,0x0000,
    0x0000,0x0000,0x0000,0x0000,0x0000,0x0000,0x0000,0x0000,0x0000,0x0000,0x0000,0x0000,0x0000,0x0000,0x0000,0x0000,0x0000,0x0000,0x0000,0x0000,0x0000,0x0000,0x0000,0x20a1,
    0x4964,0x4964,0x7aa8,0x7267,0x51c5,0x51a4,0x2945,0x4164,0x4143,0x1881,0x0000,0x0000,0x0000,0x0000,0x0000,0x0000,0x0000,0x0000,0x0000,0x0000,0x0000,0x0000,0x0000,0x30e2,
    0x4143,0x3145,0x4185,0x51a4,0x6a26,0x8b09,0x51a5,0x4984,0x30e2,0x0020,0x0000,0x0000,0x0000,0x0000,0x0000,0x0000,0x0000,0x0000,0x0000,0x0000,0x0000,0x0000,0x0000,0x0000,
    0x0000,0x0000,0x0000,0x0000,0x0000,0x0000,0x0000,0x0000,0x0000,0x0000,0x0000,0x0000,0x0000,0x0000,0x0000,0x0000,0x0000,0x0000,0x0000,0x0000,0x0000,0x0000,0x0000,0x0000,
    0x0000,0x0000,0x0000,0x0000,0x0000,0x0000,0x0000,0x0000,0x0000,0x0000,0x0000,0x0000,0x0000,0x0000,0x0000,0x0000,0x0000,0x0000,0x0000,0x0000,0x0000,0x0000,0x0000,0x0000,
    0x0000,0x0000,0x0000,0x0000,0x0000,0x0000,0x0000,0x0000,0x0000,0x0000,0x0000,0x0000,0x0000,0x0000,0x0000,0x0000,0x0000,0x0000,0x0000,0x0000,0x0000,0x0000,0x0000,0x0000,
    0x0000,0x0000,0x0000,0x0000,0x0000,0x0000,0x0000,0x0000,0x0000,0x0000,0x0000,0x0000,0x0000,0x0000,0x0000,0x0000,0x0000,0x0000,0x0000,0x0000,0x0000,0x0000,0x0000,0x0000,
    0x0000,0x0000,0x0000,0x0000,0x0000,0x0000,0x0000,0x0000,0x0000,0x0000,0x0000,0x0000,0x0000,0x0000,0x1861,0x4964,0x4984,0x6a26,0x8ac8,0x61e5,0x51c5,0x3943,0x3944,0x4964,
    0x4143,0x20a1,0x0000,0x0000,0x0000,0x0000,0x0000,0x0000,0x0000,0x0000,0x0000,0x0000,0x0000,0x0000,0x0000,0x3923,0x4143,0x4143,0x3923,0x5184,0x59c5,0x8b09,0x7a67,0x51c5,
    0x4964,0x30e2,0x0000,0x0000,0x0000,0x0000,0x0000,0x0000,0x0000,0x0000,0x0000,0x0000,0x0000,0x0000,0x0000,0x0000,0x0000,0x0000,0x0000,0x0000,0x0000,0x0000,0x0000,0x0000,
    0x0000,0x0000,0x0000,0x0000,0x0000,0x0000,0x0000,0x0000,0x0000,0x0000,0x0000,0x0000,0x0000,0x0000,0x0000,0x0000,0x0000,0x0000,0x0000,0x0000,0x0000,0x0000,0x0000,0x0000,
    0x0000,0x0000,0x0000,0x0000,0x0000,0x0000,0x0000,0x0000,0x0000,0x0000,0x0000,0x0000,0x0000,0x0000,0x0000,0x0000,0x0000,0x0000,0x0000,0x0000,0x0000,0x0000,0x0000,0x0000,
    0x0000,0x0000,0x0000,0x0000,0x0000,0x0000,0x0000,0x0000,0x0000,0x0000,0x0000,0x0000,0x0000,0x0000,0x0000,0x0000,0x0000,0x0000,0x0000,0x0000,0x0000,0x0000,0x0000,0x0000,
    0x0000,0x0000,0x0000,0x0000,0x0000,0x0000,0x0000,0x0000,0x0000,0x0000,0x0000,0x0000,0x0000,0x0000,0x0000,0x0000,0x0000,0x0000,0x0000,0x0000,0x0000,0x0000,0x0000,0x0000,
    0x0000,0x0000,0x0000,0x0000,0x0000,0x0000,0x3923,0x4163,0x3923,0x7246,0x6a46,0x59c5,0x59e5,0x4964,0x4143,0x4143,0x4143,0x1881,0x0000,0x0000,0x0000,0x0000,0x0000,0x0000,
    0x0000,0x0000,0x0000,0x0000,0x0000,0x0000,0x0000,0x3903,0x4964,0x4964,0x4963,0x59e5,0x51a5,0x6a26,0x7a87,0x4143,0x4143,0x4143,0x1881,0x0000,0x0000,0x0000,0x0000,0x0000,
    0x0000,0x0000,0x0000,0x0000,0x0000,0x0000,0x0000,0x0000,0x0000,0x0000,0x0000,0x0000,0x0000,0x0000,0x0000,0x0000,0x0000,0x0000,0x0000,0x0000,0x0000,0x0000,0x0000,0x0000,
    0x0000,0x0000,0x0000,0x0000,0x0000,0x0000,0x0000,0x0000,0x0000,0x0000,0x0000,0x0000,0x0000,0x0000,0x0000,0x0000,0x0000,0x0000,0x0000,0x0000,0x0000,0x0000,0x0000,0x0000,
    0x0000,0x0000,0x0000,0x0000,0x0000,0x0000,0x0000,0x0000,0x0000,0x0000,0x0000,0x0000,0x0000,0x0000,0x0000,0x0000,0x0000,0x0000,0x0000,0x0000,0x0000,0x0000,0x0000,0x0000,
    0x0000,0x0000,0x0000,0x0000,0x0000,0x0000,0x0000,0x0000,0x0000,0x0000,0x0000,0x0000,0x0000,0x0000,0x0000,0x0000,0x0000,0x0000,0x0000,0x0000,0x0000,0x0000,0x0000,0x0000,
    0x0000,0x0000,0x0000,0x0000,0x0000,0x0000,0x0000,0x0000,0x0000,0x0000,0x0000,0x0000,0x0000,0x0000,0x0000,0x0000,0x0000,0x0000,0x0000,0x0000,0x0000,0x28c2,0x4984,0x51a4,
    0x59c5,0x7a67,0x51a4,0x4164,0x4984,0x4123,0x4964,0x3923,0x3923,0x1881,0x0000,0x0000,0x0000,0x0000,0x0000,0x0000,0x0000,0x0000,0x0000,0x0000,0x0000,0x0000,0x0000,0x38e2,
    0x4143,0x51a4,0x4123,0x51a4,0x49a4,0x4984,0x82a7,0x6206,0x59c5,0x51a4,0x3923,0x1061,0x0000,0x0000,0x0000,0x0000,0x0000,0x0000,0x0000,0x0000,0x0000,0x0000,0x0000,0x0000,
    0x0000,0x0000,0x0000,0x0000,0x0000,0x0000,0x0000,0x0000,0x0000,0x0000,0x0000,0x0000,0x0000,0x0000,0x0000,0x0000,0x0000,0x0000,0x0000,0x0000,0x0000,0x0000,0x0000,0x0000,
    0x0000,0x0000,0x0000,0x0000,0x0000,0x0000,0x0000,0x0000,0x0000,0x0000,0x0000,0x0000,0x0000,0x0000,0x0000,0x0000,0x0000,0x0000,0x0000,0x0000,0x0000,0x0000,0x0000,0x0000,
    0x0000,0x0000,0x0000,0x0000,0x0000,0x0000,0x0000,0x0000,0x0000,0x0000,0x0000,0x0000,0x0000,0x0000,0x0000,0x0000,0x0000,0x0000,0x0000,0x0000,0x0000,0x0000,0x0000,0x0000,
    0x0000,0x0000,0x0000,0x0000,0x0000,0x0000,0x0000,0x0000,0x0000,0x0000,0x0000,0x0000,0x0000,0x0000,0x0000,0x0000,0x0000,0x0000,0x0000,0x0000,0x0000,0x0000,0x0000,0x0000,
    0x0000,0x0000,0x0000,0x0000,0x0000,0x0000,0x0000,0x0000,0x0000,0x0000,0x0000,0x0000,0x28c2,0x51a5,0x59e5,0x59c5,0x59e5,0x7247,0x51c5,0x3923,0x3903,0x4143,0x4964,0x3903,
    0x4143,0x28c2,0x0000,0x0000,0x0000,0x0000,0x0000,0x0000,0x0000,0x0000,0x0000,0x0000,0x0000,0x0000,0x0820,0x4944,0x3923,0x4143,0x4984,0x3903,0x3923,0x4964,0x7247,0x6226,
    0x59e5,0x51c5,0x51a5,0x3903,0x0820,0x0000,0x0000,0x0000,0x0000,0x0000,0x0000,0x0000,0x0000,0x0000,0x0000,0x0000,0x0000,0x0000,0x0000,0x0000,0x0000,0x0000,0x0000,0x0000,
    0x0000,0x0000,0x0000,0x0000,0x0000,0x0000,0x0000,0x0000,0x0000,0x0000,0x0000,0x0000,0x0000,0x0000,0x0000,0x0000,0x0000,0x0000,0x0000,0x0000,0x0000,0x0000,0x0000,0x0000,
    0x0000,0x0000,0x0000,0x0000,0x0000,0x0000,0x0000,0x0000,0x0000,0x0000,0x0000,0x0000,0x0000,0x0000,0x0000,0x0000,0x0000,0x0000,0x0000,0x0000,0x0000,0x0000,0x0000,0x0000,
    0x0000,0x0000,0x0000,0x0000,0x0000,0x0000,0x0000,0x0000,0x0000,0x0000,0x0000,0x0000,0x0000,0x0000,0x0000,0x0000,0x0000,0x0000,0x0000,0x0000,0x0000,0x0000,0x0000,0x0000,
    0x0000,0x0000,0x0000,0x0000,0x0000,0x0000,0x0000,0x0000,0x0000,0x0000,0x0000,0x0000,0x0000,0x0000,0x0000,0x0000,0x0000,0x0000,0x0000,0x0000,0x0000,0x0000,0x0000,0x0000,
    0x0000,0x0000,0x0000,0x20a1,0x4964,0x4123,0x59c5,0x7267,0x6206,0x5184,0x3923,0x4143,0x4984,0x49a4,0x3103,0x3102,0x4984,0x28c2,0x0000,0x0000,0x0000,0x0000,0x0000,0x0000,
    0x0000,0x0000,0x0000,0x0000,0x0000,0x0000,0x0000,0x5184,0x4143,0x30c2,0x4964,0x51c5,0x4964,0x4143,0x4964,0x6205,0x7a87,0x61e5,0x3923,0x4123,0x3903,0x0000,0x0000,0x0000,
    0x0000,0x0000,0x0000,0x0000,0x0000,0x0000,0x0000,0x0000,0x0000,0x0000,0x0000,0x0000,0x0000,0x0000,0x0000,0x0000,0x0000,0x0000,0x0000,0x0000,0x0000,0x0000,0x0000,0x0000,
    0x0000,0x0000,0x0000,0x0000,0x0000,0x0000,0x0000,0x0000,0x0000,0x0000,0x0000,0x0000,0x0000,0x0000,0x0000,0x0000,0x0000,0x0000,0x0000,0x0000,0x0000,0x0000,0x0000,0x0000,
    0x0000,0x0000,0x0000,0x0000,0x0000,0x0000,0x0000,0x0000,0x0000,0x0000,0x0000,0x0000,0x0000,0x0000,0x0000,0x0000,0x0000,0x0000,0x0000,0x0000,0x0000,0x0000,0x0000,0x0000,
    0x0000,0x0000,0x0000,0x0000,0x0000,0x0000,0x0000,0x0000,0x0000,0x0000,0x0000,0x0000,0x0000,0x0000,0x0000,0x0000,0x0000,0x0000,0x0000,0x0000,0x0000,0x0000,0x0000,0x0000,
    0x0000,0x0000,0x0000,0x0000,0x0000,0x0000,0x0000,0x0000,0x0000,0x0000,0x0000,0x0000,0x0000,0x0000,0x0000,0x0000,0x0000,0x0000,0x0000,0x3923,0x59c5,0x6205,0x82c8,0x82a8,
    0x59c5,0x4964,0x4964,0x51a4,0x51a5,0x4164,0x28c2,0x28c2,0x3923,0x1041,0x0000,0x0000,0x0000,0x0000,0x0000,0x0000,0x0000,0x0000,0x0000,0x0000,0x0000,0x0000,0x0000,0x28a2,
    0x3903,0x28c2,0x3903,0x51c5,0x59e5,0x51c5,0x4984,0x59c5,0x7a87,0x7267,0x59c5,0x4984,0x59c5,0x1041,0x0000,0x0000,0x0000,0x0000,0x0000,0x0000,0x0000,0x0000,0x0000,0x0000,
    0x0000,0x0000,0x0000,0x0000,0x0000,0x0000,0x0000,0x0000,0x0000,0x0000,0x0000,0x0000,0x0000,0x0000,0x0000,0x0000,0x0000,0x0000,0x0000,0x0000,0x0000,0x0000,0x0000,0x0000,
    0x0000,0x0000,0x0000,0x0000,0x0000,0x0000,0x0000,0x0000,0x0000,0x0000,0x0000,0x0000,0x0000,0x0000,0x0000,0x0000,0x0000,0x0000,0x0000,0x0000,0x0000,0x0000,0x0000,0x0000,
    0x0000,0x0000,0x0000,0x0000,0x0000,0x0000,0x0000,0x0000,0x0000,0x0000,0x0000,0x0000,0x0000,0x0000,0x0000,0x0000,0x0000,0x0000,0x0000,0x0000,0x0000,0x0000,0x0000,0x0000,
    0x0000,0x0000,0x0000,0x0000,0x0000,0x0000,0x0000,0x0000,0x0000,0x0000,0x0000,0x0000,0x0000,0x0000,0x0000,0x0000,0x0000,0x0000,0x0000,0x0000,0x0000,0x0000,0x0000,0x0000,
    0x0000,0x0000,0x0000,0x0000,0x0000,0x0000,0x0000,0x0000,0x0000,0x0000,0x0000,0x30e2,0x49a4,0x59c5,0x9b4a,0x9329,0x61e6,0x59e5,0x51c5,0x51a5,0x4164,0x3923,0x20a1,0x1041,
    0x0820,0x0000,0x0000,0x0000,0x0000,0x0000,0x0000,0x0000,0x0000,0x0000,0x0000,0x0000,0x0000,0x0000,0x0000,0x0000,0x0840,0x1040,0x3903,0x4143,0x4984,0x51c5,0x59c5,0x6a26,
    0x9b4a,0x9329,0x59e5,0x49a4,0x4144,0x1061,0x0000,0x0000,0x0000,0x0000,0x0000,0x0000,0x0000,0x0000,0x0000,0x0000,0x0000,0x0000,0x0000,0x0000,0x0000,0x0000,0x0000,0x0000,
    0x0000,0x0000,0x0000,0x0000,0x0000,0x0000,0x0000,0x0000,0x0000,0x0000,0x0000,0x0000,0x0000,0x0000,0x0000,0x0000,0x0000,0x0000,0x0000,0x0000,0x0000,0x0000,0x0000,0x0000,
    0x0000,0x0000,0x0000,0x0000,0x0000,0x0000,0x0000,0x0000,0x0000,0x0000,0x0000,0x0000,0x0000,0x0000,0x0000,0x0000,0x0000,0x0000,0x0000,0x0000,0x0000,0x0000,0x0000,0x0000,
    0x0000,0x0000,0x0000,0x0000,0x0000,0x0000,0x0000,0x0000,0x0000,0x0000,0x0000,0x0000,0x0000,0x0000,0x0000,0x0000,0x0000,0x0000,0x0000,0x0000,0x0000,0x0000,0x0000,0x0000,
    0x0000,0x0000,0x0000,0x0000,0x0000,0x0000,0x0000,0x0000,0x0000,0x0000,0x0000,0x0000,0x0000,0x0000,0x0000,0x0000,0x0000,0x0000,0x0000,0x0000,0x0000,0x0000,0x0000,0x0000,
    0x0000,0x0000,0x0000,0x4143,0x4163,0x4143,0x4143,0x4143,0x4164,0x51a4,0x4964,0x3943,0x3923,0x4123,0x0820,0x0000,0x0000,0x0000,0x0000,0x0000,0x0000,0x0000,0x0000,0x0000,
    0x0000,0x0000,0x0000,0x0000,0x0000,0x0000,0x0000,0x0000,0x0000,0x0000,0x28c2,0x4964,0x3923,0x4163,0x4984,0x4964,0x4143,0x4143,0x4143,0x4143,0x4964,0x1881,0x0000,0x0000,
    0x0000,0x0000,0x0000,0x0000,0x0000,0x0000,0x0000,0x0000,0x0000,0x0000,0x0000,0x0000,0x0000,0x0000,0x0000,0x0000,0x0000,0x0000,0x0000,0x0000,0x0000,0x0000,0x0000,0x0000,
    0x0000,0x0000,0x0000,0x0000,0x0000,0x0000,0x0000,0x0000,0x0000,0x0000,0x0000,0x0000,0x0000,0x0000,0x0000,0x0000,0x0000,0x0000,0x0000,0x0000,0x0000,0x0000,0x0000,0x0000,
    0x0000,0x0000,0x0000,0x0000,0x0000,0x0000,0x0000,0x0000,0x0000,0x0000,0x0000,0x0000,0x0000,0x0000,0x0000,0x0000,0x0000,0x0000,0x0000,0x0000,0x0000,0x0000,0x0000,0x0000,
    0x0000,0x0000,0x0000,0x0000,0x0000,0x0000,0x0000,0x0000,0x0000,0x0000,0x0000,0x0000,0x0000,0x0000,0x0000,0x0000,0x0000,0x0000,0x0000,0x0000,0x0000,0x0000,0x0000,0x0000,
    0x0000,0x0000,0x0000,0x0000,0x0000,0x0000,0x0000,0x0000,0x0000,0x0000,0x0000,0x0000,0x0000,0x0000,0x0000,0x0000,0x0000,0x0000,0x0000,0x20a1,0x59a5,0x59c5,0x6a26,0x61e5,
    0x61e5,0x59e5,0x51a4,0x5184,0x3903,0x1040,0x0000,0x0000,0x0000,0x0000,0x0000,0x0000,0x0000,0x0000,0x0000,0x0000,0x0000,0x0000,0x0000,0x0000,0x0000,0x0000,0x0000,0x0000,
    0x0000,0x0000,0x0000,0x20c2,0x4984,0x51a4,0x59c5,0x59c5,0x61e5,0x6205,0x59c5,0x51a5,0x3923,0x0840,0x0000,0x0000,0x0000,0x0000,0x0000,0x0000,0x0000,0x0000,0x0000,0x0000,
    0x0000,0x0000,0x0000,0x0000,0x0000,0x0000,0x0000,0x0000,0x0000,0x0000,0x0000,0x0000,0x0000,0x0000,0x0000,0x0000,0x0000,0x0000,0x0000,0x0000,0x0000,0x0000,0x0000,0x0000,
    0x0000,0x0000,0x0000,0x0000,0x0000,0x0000,0x0000,0x0000,0x0000,0x0000,0x0000,0x0000,0x0000,0x0000,0x0000,0x0000,0x0000,0x0000,0x0000,0x0000,0x0000,0x0000,0x0000,0x0000,
    0x0000,0x0000,0x0000,0x0000,0x0000,0x0000,0x0000,0x0000,0x0000,0x0000,0x0000,0x0000,0x0000,0x0000,0x0000,0x0000,0x0000,0x0000,0x0000,0x0000,0x0000,0x0000,0x0000,0x0000,
    0x0000,0x0000,0x0000,0x0000,0x0000,0x0000,0x0000,0x0000,0x0000,0x0000,0x0000,0x0000,0x0000,0x0000,0x0000,0x0000,0x0000,0x0000,0x0000,0x0000,0x0000,0x0000,0x0000,0x0000,
    0x0000,0x0000,0x0000,0x0000,0x0000,0x0000,0x0000,0x0000,0x0000,0x0000,0x0000,0x0000,0x0840,0x20a1,0x4143,0x4144,0x4964,0x3903,0x28c2,0x1061,0x0000,0x0000,0x0000,0x0000,
    0x0000,0x0000,0x0000,0x0000,0x0000,0x0000,0x0000,0x0000,0x0000,0x0000,0x0000,0x0000,0x0000,0x0000,0x0000,0x0000,0x0000,0x0000,0x0000,0x0000,0x0820,0x20a1,0x30e2,0x3923,
    0x4964,0x4143,0x28e2,0x1861,0x0000,0x0000,0x0000,0x0000,0x0000,0x0000,0x0000,0x0000,0x0000,0x0000,0x0000,0x0000,0x0000,0x0000,0x0000,0x0000,0x0000,0x0000,0x0000,0x0000,
    0x0000,0x0000,0x0000,0x0000,0x0000,0x0000,0x0000,0x0000,0x0000,0x0000,0x0000,0x0000,0x0000,0x0000,0x0000,0x0000,0x0000,0x0000,0x0000,0x0000,0x0000,0x0000,0x0000,0x0000,
    0x0000,0x0000,0x0000,0x0000,0x0000,0x0000,0x0000,0x0000,0x0000,0x0000,0x0000,0x0000,0x0000,0x0000,0x0000,0x0000,0x0000,0x0000,0x0000,0x0000,0x0000,0x0000,0x0000,0x0000,
    0x0000,0x0000,0x0000,0x0000,0x0000,0x0000,0x0000,0x0000,0x0000,0x0000,0x0000,0x0000,0x0000,0x0000,0x0000,0x0000,0x0000,0x0000,0x0000,0x0000,0x0000,0x0000,0x0000,0x0000,
    0x0000,0x0000,0x0000,0x0000,0x0000,0x0000,0x0000,0x0000,0x0000,0x0000,0x0000,0x0000,0x0000,0x0000,0x0000,0x0000,0x0000,0x0000,0x0000,0x0000,0x0000,0x0000,0x0000,0x0000,
    0x0000,0x0000,0x0000,0x0000,0x0000,0x0000,0x0000,0x0000,0x0000,0x0000,0x0000,0x0000,0x0000,0x0000,0x0000,0x0000,0x0000,0x0000,0x0000,0x0000,0x0000,0x0000,0x0000,0x0000,
    0x0000,0x0000,0x0000,0x0000,0x0000,0x0000,0x0000,0x0000,0x0000,0x0000,0x0000,0x0000,0x0000,0x0000,0x0000,0x0000,0x0000,0x0000,0x0000,0x0000,0x0000,0x0000,0x0000,0x0000,
    0x0000,0x0000,0x0000,0x0000,0x0000,0x0000,0x0000,0x0000,0x0000,0x0000,0x0000,0x0000,0x0000,0x0000,0x0000,0x0000,0x0000,0x0000,0x0000,0x0000,0x0000,0x0000,0x0000,0x0000,
    0x0000,0x0000,0x0000,0x0000,0x0000,0x0000,0x0000,0x0000,0x0000,0x0000,0x0000,0x0000,0x0000,0x0000,0x0000,0x0000,0x0000,0x0000,0x0000,0x0000,0x0000,0x0000,0x0000,0x0000,
    0x0000,0x0000,0x0000,0x0000,0x0000,0x0000,0x0000,0x0000,0x0000,0x0000,0x0000,0x0000,0x0000,0x0000,0x0000,0x0000,0x0000,0x0000,0x0000,0x0000,0x0000,0x0000,0x0000,0x0000,
    0x0000,0x0000,0x0000,0x0000,0x0000,0x0000,0x0000,0x0000,0x0000,0x0000,0x0000,0x0000,0x0000,0x0000,0x0000,0x0000,0x0000,0x0000,0x0000,0x0000,0x0000,0x0000,0x0000,0x0000,
    0x0000,0x0000,0x0000,0x0000,0x0000,0x0000,0x0000,0x0000,0x0000,0x0000,0x0000,0x0000,0x0000,0x0000,0x0000,0x0000,0x0000,0x0000,0x0000,0x0000,0x0000,0x0000,0x0000,0x0000,
    0x0000,0x0000,0x0000,0x0000,0x0000,0x0000,0x0000,0x0000,0x0000,0x0000,0x0000,0x0000,0x0000,0x0000,0x0000,0x0000,0x0000,0x0000,0x0000,0x0000,0x0000,0x0000,0x0000,0x0000,
    0x0000,0x0000,0x0000,0x0000,0x0000,0x0000,0x0000,0x0000,0x0000,0x0000,0x0000,0x0000,0x0000,0x0000,0x0000,0x0000,0x0000,0x0000,0x0000,0x0000,0x0000,0x0000,0x0000,0x0000,
    0x0000,0x0000,0x0000,0x0000,0x0000,0x0000,0x0000,0x0000,0x0000,0x0000,0x0000,0x0000,0x0000,0x0000,0x0000,0x0000,0x0000,0x0000,0x0000,0x0000,0x0000,0x0000,0x0000,0x0000,
    0x0000,0x0000,0x0000,0x0000,0x0000,0x0000,0x0000,0x0000,0x0000,0x0000,0x0000,0x0000,0x0000,0x0000,0x0000,0x0000,0x0000,0x0000,0x0000,0x0000,0x0000,0x0000,0x0000,0x0000,
    0x0000,0x0000,0x0000,0x0000,0x0000,0x0000,0x0000,0x0000,0x0000,0x0000,0x0000,0x0000,0x0000,0x0000,0x0000,0x0000,0x0000,0x0000,0x0000,0x0000,0x0000,0x0000,0x0000,0x0000,
    0x0000,0x0000,0x0000,0x0000,0x0000,0x0000,0x0000,0x0000,0x0000,0x0000,0x0000,0x0000,0x0000,0x0000,0x0000,0x0000,0x0000,0x0000,0x0000,0x0000,0x0000,0x0000,0x0000,0x0000,
    0x0000,0x0000,0x0000,0x0000,0x0000,0x0000,0x0000,0x0000,0x0000,0x0000,0x0000,0x0000,0x0000,0x0000,0x0000,0x0000,0x0000,0x0000,0x0000,0x0000,0x0000,0x0000,0x0000,0x0000,
    0x0000,0x0000,0x0000,0x0000,0x0000,0x0000,0x0000,0x0000,0x0000,0x0000,0x0000,0x0000,0x0000,0x0000,0x0000,0x0000,0x0000,0x0000,0x0000,0x0000,0x0000,0x0000,0x0000,0x0000,
    0x0000,0x0000,0x0000,0x0000,0x0000,0x0000,0x0000,0x0000,0x0000,0x0000,0x0000,0x0000,0x0000,0x0000,0x0000,0x0000,0x0000,0x0000,0x0000,0x0000,0x0000,0x0000,0x0000,0x0000,
    0x0000,0x0000,0x0000,0x0000,0x0000,0x0000,0x0000,0x0000,0x0000,0x0000,0x0000,0x0000,0x0000,0x0000,0x0000,0x0000,0x0000,0x0000,0x0000,0x0000,0x0000,0x0000,0x0000,0x0000,
    0x0000,0x0000,0x0000,0x0000,0x0000,0x0000,0x0000,0x0000,0x0000,0x0000,0x0000,0x0000,0x0000,0x0000,0x0000,0x0000,
};
const uint16_t passport_avatar_mage[PASSPORT_BUILTIN_AVATAR_SIZE * PASSPORT_BUILTIN_AVATAR_SIZE] = {
    0x0000,0x0000,0x0000,0x0000,0x0000,0x0000,0x0000,0x0000,0x0000,0x0000,0x0000,0x0000,0x0000,0x0000,0x0000,0x0000,0x0000,0x0000,0x0000,0x0000,0x0000,0x0000,0x0000,0x0000,
    0x0000,0x0000,0x0000,0x0000,0x0000,0x0000,0x0000,0x0000,0x0000,0x0000,0x0000,0x0000,0x0000,0x0000,0x0000,0x0000,0x0000,0x0000,0x0000,0x0000,0x0000,0x0000,0x0000,0x0000,
    0x0000,0x0000,0x0000,0x0000,0x0000,0x0000,0x0000,0x0000,0x0000,0x0000,0x0000,0x0000,0x0000,0x0000,0x0000,0x0000,0x0000,0x0000,0x0000,0x0000,0x0000,0x0000,0x0000,0x0000,
    0x0000,0x0000,0x0000,0x0000,0x0000,0x0000,0x0000,0x0000,0x0000,0x0000,0x0000,0x0000,0x0000,0x0000,0x0000,0x0000,0x0000,0x0000,0x0000,0x0000,0x0000,0x0000,0x0000,0x0000,
    0x0000,0x0000,0x0000,0x0000,0x0000,0x0000,0x0000,0x0000,0x0000,0x0000,0x0000,0x0000,0x0000,0x0000,0x0000,0x0000,0x0000,0x0000,0x0000,0x0000,0x0000,0x0000,0x0000,0x0000,
    0x0000,0x0000,0x0000,0x0000,0x0000,0x0000,0x0000,0x0000,0x0000,0x0000,0x0000,0x0000,0x0000,0x0000,0x0000,0x0000,0x0000,0x0000,0x0000,0x0000,0x0000,0x0000,0x0000,0x0000,
    0x0000,0x0000,0x0000,0x0000,0x0000,0x0000,0x0000,0x0000,0x0000,0x0000,0x0000,0x0000,0x0000,0x0000,0x0000,0x0000,0x0000,0x0000,0x0000,0x0000,0x0000,0x0000,0x0000,0x0000,
    0x0000,0x0000,0x0000,0x0000,0x0000,0x0000,0x0000,0x0000,0x0000,0x0000,0x0000,0x0000,0x0000,0x0000,0x0000,0x0000,0x0000,0x0000,0x0000,0x0000,0x0000,0x0000,0x0000,0x0000,
    0x0000,0x0000,0x0000,0x0000,0x0000,0x0000,0x0000,0x0000,0x0000,0x0000,0x0000,0x0000,0x0000,0x0000,0x0000,0x0000,0x0000,0x0000,0x0000,0x0000,0x0000,0x0000,0x0000,0x0000,
    0x0000,0x0000,0x0000,0x0000,0x0000,0x0000,0x0000,0x0000,0x0000,0x0000,0x0000,0x0000,0x0000,0x0000,0x0000,0x0000,0x0000,0x0000,0x0000,0x0000,0x0000,0x0000,0x0000,0x0000,
    0x0000,0x0000,0x0000,0x0000,0x0000,0x0000,0x0000,0x0000,0x0000,0x0000,0x0000,0x0000,0x0000,0x0000,0x0000,0x0000,0x0000,0x0000,0x0000,0x0000,0x0000,0x0000,0x0000,0x0000,
    0x0000,0x0000,0x0000,0x0000,0x0000,0x0000,0x0000,0x0000,0x0000,0x0000,0x0000,0x0000,0x0000,0x0000,0x0000,0x0000,0x0000,0x0000,0x0000,0x0000,0x0000,0x0000,0x0000,0x0000,
    0x0000,0x0000,0x0000,0x0000,0x0000,0x0000,0x0000,0x0000,0x0000,0x0000,0x0000,0x0000,0x0000,0x0000,0x0000,0x0000,0x0000,0x0000,0x0000,0x0000,0x0000,0x0000,0x0000,0x0000,
    0x0000,0x0000,0x0000,0x0000,0x0000,0x0000,0x0000,0x0000,0x0000,0x0000,0x0000,0x0000,0x0000,0x0000,0x0000,0x0000,0x0000,0x0000,0x0000,0x0000,0x0000,0x0000,0x0000,0x0000,
    0x0000,0x0000,0x0000,0x0000,0x0000,0x0000,0x0000,0x0000,0x0000,0x0000,0x0000,0x0000,0x0000,0x0000,0x0000,0x0000,0x0000,0x0000,0x0000,0x0000,0x0000,0x0000,0x0000,0x0000,
    0x0000,0x0000,0x0000,0x0000,0x0000,0x0000,0x0000,0x0000,0x0000,0x0000,0x0000,0x0000,0x0000,0x0000,0x0000,0x0000,0x0000,0x0000,0x0000,0x0000,0x0000,0x0000,0x0000,0x0000,
    0x0000,0x0000,0x0000,0x0000,0x0000,0x0000,0x0000,0x0820,0x1041,0x1861,0x1881,0x20a2,0x20a2,0x1881,0x1861,0x0820,0x0000,0x1040,0x1881,0x20a2,0x28c2,0x28c2,0x20a2,0x1861,
    0x0820,0x0000,0x0000,0x0000,0x0000,0x0000,0x0000,0x0000,0x0000,0x0000,0x0000,0x0000,0x0000,0x0000,0x0000,0x0000,0x0000,0x0000,0x0000,0x0000,0x0000,0x0000,0x0000,0x0000,
    0x0000,0x0000,0x0000,0x0000,0x0000,0x0000,0x0000,0x0000,0x0000,0x0000,0x0000,0x0000,0x0000,0x0000,0x0000,0x0000,0x0000,0x0000,0x0000,0x0000,0x0000,0x0000,0x0000,0x0000,
    0x0000,0x0000,0x0000,0x0000,0x0000,0x0000,0x0000,0x0000,0x0000,0x0000,0x0000,0x0000,0x0000,0x0000,0x0000,0x0000,0x0000,0x0000,0x0000,0x0000,0x0000,0x0000,0x0000,0x0000,
    0x0000,0x0000,0x0000,0x0000,0x0000,0x0000,0x0000,0x0000,0x0000,0x0000,0x0000,0x0000,0x0000,0x0000,0x0000,0x0000,0x0000,0x0000,0x0000,0x0000,0x0000,0x0000,0x0000,0x0000,
    0x0000,0x0000,0x0000,0x0000,0x0000,0x0000,0x0000,0x0000,0x0000,0x0000,0x0000,0x0000,0x0000,0x0000,0x0000,0x0000,0x0000,0x0000,0x0000,0x0000,0x0000,0x0000,0x0000,0x0000,
    0x0000,0x0000,0x0000,0x0000,0x0000,0x0000,0x0000,0x0000,0x0000,0x0000,0x0000,0x0000,0x0000,0x0000,0x0000,0x0000,0x0000,0x0000,0x0000,0x0000,0x1061,0x28e2,0x4964,0x59c6,
    0x61e6,0x61e6,0x6a06,0x61e6,0x59c6,0x59c6,0x4984,0x4144,0x4944,0x59a5,0x5185,0x4985,0x5185,0x4985,0x4985,0x4964,0x4144,0x30e3,0x1881,0x0800,0x0000,0x0000,0x0000,0x0000,
    0x0000,0x0000,0x0000,0x0000,0x0000,0x0000,0x0000,0x0000,0x0000,0x0000,0x0000,0x0000,0x0000,0x0000,0x0000,0x0000,0x0000,0x0000,0x0000,0x0000,0x0000,0x0000,0x0000,0x0000,
    0x0000,0x0000,0x0000,0x0000,0x0000,0x0000,0x0000,0x0000,0x0000,0x0000,0x0000,0x0000,0x0000,0x0000,0x0000,0x0000,0x0000,0x0000,0x0000,0x0000,0x0000,0x0000,0x0000,0x0000,
    0x0000,0x0000,0x0000,0x0000,0x0000,0x0000,0x0000,0x0000,0x0000,0x0000,0x0000,0x0000,0x0000,0x0000,0x0000,0x0000,0x0000,0x0000,0x0000,0x0000,0x0000,0x0000,0x0000,0x0000,
    0x0000,0x0000,0x0000,0x0000,0x0000,0x0000,0x0000,0x0000,0x0000,0x0000,0x0000,0x0000,0x0000,0x0000,0x0000,0x0000,0x0000,0x0000,0x0000,0x0000,0x0000,0x0000,0x0000,0x0000,
    0x0000,0x0000,0x0000,0x0000,0x0000,0x0000,0x0000,0x0000,0x0000,0x0000,0x0000,0x0000,0x0000,0x0000,0x0000,0x0000,0x0000,0x0000,0x0000,0x0000,0x0000,0x0000,0x0000,0x0000,
    0x0000,0x0000,0x0000,0x0000,0x0000,0x0000,0x0000,0x0000,0x0000,0x0840,0x1881,0x30e2,0x4164,0x59c6,0x6a07,0x6206,0x61e6,0x61e6,0x61e6,0x61e6,0x59e6,0x51a5,0x51a5,0x61e6,
    0x61e6,0x59c6,0x51a5,0x51a5,0x4985,0x4985,0x4964,0x4964,0x4964,0x4964,0x4964,0x4144,0x28c2,0x0820,0x0000,0x0000,0x0000,0x0000,0x0000,0x0000,0x0000,0x0000,0x0000,0x0000,
    0x0000,0x0000,0x0000,0x0000,0x0000,0x0000,0x0000,0x0000,0x0000,0x0000,0x0000,0x0000,0x0000,0x0000,0x0000,0x0000,0x0000,0x0000,0x0000,0x0000,0x0000,0x0000,0x0000,0x0000,
    0x0000,0x0000,0x0000,0x0000,0x0000,0x0000,0x0000,0x0000,0x0000,0x0000,0x0000,0x0000,0x0000,0x0000,0x0000,0x0000,0x0000,0x0000,0x0000,0x0000,0x0000,0x0000,0x0000,0x0000,
    0x0000,0x0000,0x0000,0x0000,0x0000,0x0000,0x0000,0x0000,0x0000,0x0000,0x0000,0x0000,0x0000,0x0000,0x0000,0x0000,0x0000,0x0000,0x0000,0x0000,0x0000,0x0000,0x0000,0x0000,
    0x0000,0x0000,0x0000,0x0000,0x0000,0x0000,0x0000,0x0000,0x0000,0x0000,0x0000,0x0000,0x0000,0x0000,0x0000,0x0000,0x0000,0x0000,0x0000,0x0000,0x0000,0x0000,0x0000,0x0000,
    0x0000,0x0000,0x0000,0x0000,0x0000,0x0000,0x0000,0x0000,0x0000,0x0000,0x0000,0x0000,0x0000,0x0000,0x0000,0x0000,0x0000,0x0000,0x0000,0x0000,0x0000,0x0000,0x0000,0x2081,
    0x4123,0x59a5,0x61e6,0x59c6,0x59c6,0x59c5,0x51a5,0x59c6,0x59e6,0x61e6,0x61e6,0x59e6,0x59e6,0x59c6,0x59e6,0x59e6,0x59e6,0x59c6,0x59c5,0x51a5,0x4985,0x4985,0x4164,0x4164,
    0x4164,0x4164,0x4984,0x4985,0x4964,0x30e3,0x1861,0x0800,0x0000,0x0000,0x0000,0x0000,0x0000,0x0000,0x0000,0x0000,0x0000,0x0000,0x0000,0x0000,0x0000,0x0000,0x0000,0x0000,
    0x0000,0x0000,0x0000,0x0000,0x0000,0x0000,0x0000,0x0000,0x0000,0x0000,0x0000,0x0000,0x0000,0x0000,0x0000,0x0000,0x0000,0x0000,0x0000,0x0000,0x0000,0x0000,0x0000,0x0000,
    0x0000,0x0000,0x0000,0x0000,0x0000,0x0000,0x0000,0x0000,0x0000,0x0000,0x0000,0x0000,0x0000,0x0000,0x0000,0x0000,0x0000,0x0000,0x0000,0x0000,0x0000,0x0000,0x0000,0x0000,
    0x0000,0x0000,0x0000,0x0000,0x0000,0x0000,0x0000,0x0000,0x0000,0x0000,0x0000,0x0000,0x0000,0x0000,0x0000,0x0000,0x0000,0x0000,0x0000,0x0000,0x0000,0x0000,0x0000,0x0000,
    0x0000,0x0000,0x0000,0x0000,0x0000,0x0000,0x0000,0x0000,0x0000,0x0000,0x0000,0x0000,0x0000,0x0000,0x0000,0x0000,0x0000,0x0000,0x0000,0x0000,0x0000,0x0000,0x0000,0x0000,
    0x0000,0x0000,0x0000,0x0000,0x0000,0x0000,0x0000,0x0000,0x0000,0x0000,0x0000,0x0000,0x0000,0x0820,0x3903,0x5185,0x51a5,0x59e6,0x59e6,0x61e6,0x61e6,0x61e6,0x59e6,0x51c5,
    0x59c6,0x59c5,0x61e6,0x59e6,0x49a5,0x51c5,0x59e6,0x61e6,0x59e6,0x59c6,0x51c5,0x51a5,0x51a5,0x51a5,0x49a5,0x49a5,0x51a5,0x4964,0x4164,0x4164,0x4964,0x51a5,0x61e6,0x59a5,
    0x4144,0x3103,0x1041,0x0000,0x0000,0x0000,0x0000,0x0000,0x0000,0x0000,0x0000,0x0000,0x0000,0x0000,0x0000,0x0000,0x0000,0x0000,0x0000,0x0000,0x0000,0x0000,0x0000,0x0000,
    0x0000,0x0000,0x0000,0x0000,0x0000,0x0000,0x0000,0x0000,0x0000,0x0000,0x0000,0x0000,0x0000,0x0000,0x0000,0x0000,0x0000,0x0000,0x0000,0x0000,0x0000,0x0000,0x0000,0x0000,
    0x0000,0x0000,0x0000,0x0000,0x0000,0x0000,0x0000,0x0000,0x0000,0x0000,0x0000,0x0000,0x0000,0x0000,0x0000,0x0000,0x0000,0x0000,0x0000,0x0000,0x0000,0x0000,0x0000,0x0000,
    0x0000,0x0000,0x0000,0x0000,0x0000,0x0000,0x0000,0x0000,0x0000,0x0000,0x0000,0x0000,0x0000,0x0000,0x0000,0x0000,0x0000,0x0000,0x0000,0x0000,0x0000,0x0000,0x0000,0x0000,
    0x0000,0x0000,0x0000,0x0000,0x0000,0x0000,0x0000,0x0000,0x0000,0x0000,0x0000,0x0000,0x0000,0x0000,0x0000,0x0000,0x0000,0x0000,0x0000,0x0000,0x0000,0x0000,0x0000,0x0000,
    0x0000,0x0000,0x0000,0x0000,0x0840,0x3924,0x5185,0x59c6,0x59e6,0x59c6,0x59e6,0x59e6,0x61e6,0x59e6,0x59e6,0x59e6,0x51c5,0x51a5,0x51c5,0x51a5,0x59c6,0x61e6,0x6206,0x59e6,
    0x61e6,0x61e6,0x61e6,0x61e6,0x59e6,0x59e6,0x61e6,0x6206,0x6206,0x61e6,0x51c5,0x51a5,0x4985,0x4984,0x4984,0x4985,0x61e6,0x7247,0x59a5,0x0000,0x0000,0x0000,0x0000,0x0000,
    0x0000,0x0000,0x0000,0x0000,0x0000,0x0000,0x0000,0x0000,0x0000,0x0000,0x0000,0x0000,0x0000,0x0000,0x0000,0x0000,0x0000,0x0000,0x0000,0x0000,0x0000,0x0000,0x0000,0x0000,
    0x0000,0x0000,0x0000,0x0000,0x0000,0x0000,0x0000,0x0000,0x0000,0x0000,0x0000,0x0000,0x0000,0x0000,0x0000,0x0000,0x0000,0x0000,0x0000,0x0000,0x0000,0x0000,0x0000,0x0000,
    0x0000,0x0000,0x0000,0x0000,0x0000,0x0000,0x0000,0x0000,0x0000,0x0000,0x0000,0x0000,0x0000,0x0000,0x0000,0x0000,0x0000,0x0000,0x0000,0x0000,0x0000,0x0000,0x0000,0x0000,
    0x0000,0x0000,0x0000,0x0000,0x0000,0x0000,0x0000,0x0000,0x0000,0x0000,0x0000,0x0000,0x0000,0x0000,0x0000,0x0000,0x0000,0x0000,0x0000,0x0000,0x0000,0x0000,0x0000,0x0000,
    0x0000,0x0000,0x0000,0x0000,0x0000,0x0000,0x0000,0x0000,0x0000,0x0000,0x0000,0x0000,0x0000,0x0000,0x0000,0x0000,0x0000,0x0000,0x0000,0x0820,0x3103,0x4144,0x4144,0x4164,
    0x4164,0x4164,0x49a5,0x51a5,0x59c6,0x59e6,0x61e6,0x61e6,0x61e6,0x51c6,0x51c6,0x59e6,0x6207,0x59c6,0x4964,0x3943,0x4144,0x4144,0x3903,0x30e2,0x28e2,0x3903,0x4964,0x51a5,
    0x61e6,0x59e6,0x59e6,0x6206,0x6207,0x61e6,0x59c6,0x4144,0x59c5,0x6206,0x4985,0x1040,0x0000,0x0000,0x0000,0x0000,0x0000,0x0000,0x0000,0x0000,0x0000,0x0000,0x0000,0x0000,
    0x0000,0x0000,0x0000,0x0000,0x0000,0x0000,0x0000,0x0000,0x0000,0x0000,0x0000,0x0000,0x0000,0x0000,0x0000,0x0000,0x0000,0x0000,0x0000,0x0000,0x0000,0x0000,0x0000,0x0000,
    0x0000,0x0000,0x0000,0x0000,0x0000,0x0000,0x0000,0x0000,0x0000,0x0000,0x0000,0x0000,0x0000,0x0000,0x0000,0x0000,0x0000,0x0000,0x0000,0x0000,0x0000,0x0000,0x0000,0x0000,
    0x0000,0x0000,0x0000,0x0000,0x0000,0x0000,0x0000,0x0000,0x0000,0x0000,0x0000,0x0000,0x0000,0x0000,0x0000,0x0000,0x0000,0x0000,0x0000,0x0000,0x0000,0x0000,0x0000,0x0000,
    0x0000,0x0000,0x0000,0x0000,0x0000,0x0000,0x0000,0x0000,0x0000,0x0000,0x0000,0x0000,0x0000,0x0000,0x0000,0x0000,0x0000,0x0000,0x0000,0x0000,0x0000,0x0000,0x0000,0x0000,
    0x0000,0x0000,0x0000,0x0000,0x0000,0x0000,0x0000,0x0000,0x0000,0x0820,0x1881,0x4144,0x4985,0x5185,0x51a5,0x59c6,0x59e6,0x6206,0x6a07,0x51a5,0x4985,0x4985,0x59c6,0x61e6,
    0x61e6,0x61e6,0x61e6,0x6206,0x59e6,0x61e6,0x59c6,0x61e6,0x61e6,0x59e6,0x59c6,0x51a5,0x4964,0x30e2,0x28e2,0x30e3,0x30e2,0x3923,0x59c6,0x6207,0x59e6,0x59e6,0x6207,0x59c6,
    0x4964,0x61e6,0x51a5,0x20a2,0x0000,0x0000,0x0000,0x0000,0x0000,0x0000,0x0000,0x0000,0x0000,0x0000,0x0000,0x0000,0x0000,0x0000,0x0000,0x0000,0x0000,0x0000,0x0000,0x0000,
    0x0000,0x0000,0x0000,0x0000,0x0000,0x0000,0x0000,0x0000,0x0000,0x0000,0x0000,0x0000,0x0000,0x0000,0x0000,0x0000,0x0000,0x0000,0x0000,0x0000,0x0000,0x0000,0x0000,0x0000,
    0x0000,0x0000,0x0000,0x0000,0x0000,0x0000,0x0000,0x0000,0x0000,0x0000,0x0000,0x0000,0x0000,0x0000,0x0000,0x0000,0x0000,0x0000,0x0000,0x0000,0x0000,0x0000,0x0000,0x0000,
    0x0000,0x0000,0x0000,0x0000,0x0000,0x0000,0x0000,0x0000,0x0000,0x0000,0x0000,0x0000,0x0000,0x0000,0x0000,0x0000,0x0000,0x0000,0x0000,0x0000,0x0000,0x0000,0x0000,0x0000,
    0x0000,0x0000,0x0000,0x0000,0x0000,0x0000,0x0000,0x0000,0x0000,0x0000,0x0000,0x0000,0x0000,0x0000,0x0000,0x0000,0x0000,0x0000,0x0000,0x0000,0x0000,0x0000,0x0000,0x0820,
    0x28c2,0x5185,0x59c5,0x59e6,0x61e6,0x6a07,0x6a07,0x61e6,0x51a5,0x4164,0x4144,0x4144,0x4164,0x4985,0x4985,0x4984,0x51a5,0x61e6,0x6206,0x61e6,0x51c5,0x51a5,0x4985,0x51a5,
    0x6206,0x59e6,0x59e6,0x61e6,0x6a07,0x61e6,0x3944,0x28c2,0x30e3,0x30e3,0x4144,0x6a07,0x59e6,0x59e6,0x61e6,0x59e6,0x4164,0x59c6,0x51a5,0x3903,0x1040,0x0000,0x0000,0x0000,
    0x0000,0x0000,0x0000,0x0000,0x0000,0x0000,0x0000,0x0000,0x0000,0x0000,0x0000,0x0000,0x0000,0x0000,0x0000,0x0000,0x0000,0x0000,0x0000,0x0000,0x0000,0x0000,0x0000,0x0000,
    0x0000,0x0000,0x0000,0x0000,0x0000,0x0000,0x0000,0x0000,0x0000,0x0000,0x0000,0x0000,0x0000,0x0000,0x0000,0x0000,0x0000,0x0000,0x0000,0x0000,0x0000,0x0000,0x0000,0x0000,
    0x0000,0x0000,0x0000,0x0000,0x0000,0x0000,0x0000,0x0000,0x0000,0x0000,0x0000,0x0000,0x0000,0x0000,0x0000,0x0000,0x0000,0x0000,0x0000,0x0000,0x0000,0x0000,0x0000,0x0000,
    0x0000,0x0000,0x0000,0x0000,0x0000,0x0000,0x0000,0x0000,0x0000,0x0000,0x0000,0x0000,0x0000,0x0000,0x0000,0x0000,0x0000,0x0000,0x0000,0x0000,0x0000,0x0000,0x0000,0x0000,
    0x0000,0x0000,0x0000,0x0000,0x0000,0x0000,0x0000,0x0000,0x0000,0x0000,0x0000,0x0000,0x0000,0x0000,0x2081,0x51a5,0x6206,0x61e6,0x59e6,0x61e6,0x61e6,0x59c6,0x4164,0x28e2,
    0x3103,0x4985,0x49a5,0x4964,0x51a5,0x61e6,0x51a5,0x51a5,0x51a5,0x61e6,0x61e6,0x6206,0x59c6,0x51a5,0x59c6,0x4985,0x4164,0x59e6,0x61e6,0x61e6,0x61e6,0x6207,0x6a07,0x4985,
    0x28e2,0x3923,0x30e3,0x59c5,0x61e6,0x59e6,0x59e6,0x61e6,0x51a5,0x4985,0x51a5,0x3944,0x28c2,0x0000,0x0000,0x0000,0x0000,0x0000,0x0000,0x0000,0x0000,0x0000,0x0000,0x0000,
    0x0000,0x0000,0x0000,0x0000,0x0000,0x0000,0x0000,0x0000,0x0000,0x0000,0x0000,0x0000,0x0000,0x0000,0x0000,0x0000,0x0000,0x0000,0x0000,0x0000,0x0000,0x0000,0x0000,0x0000,
    0x0000,0x0000,0x0000,0x0000,0x0000,0x0000,0x0000,0x0000,0x0000,0x0000,0x0000,0x0000,0x0000,0x0000,0x0000,0x0000,0x0000,0x0000,0x0000,0x0000,0x0000,0x0000,0x0000,0x0000,
    0x0000,0x0000,0x0000,0x0000,0x0000,0x0000,0x0000,0x0000,0x0000,0x0000,0x0000,0x0000,0x0000,0x0000,0x0000,0x0000,0x0000,0x0000,0x0000,0x0000,0x0000,0x0000,0x0000,0x0000,
    0x0000,0x0000,0x0000,0x0000,0x0000,0x0000,0x0000,0x0000,0x0000,0x0000,0x0000,0x0000,0x0000,0x0000,0x0000,0x0000,0x0000,0x0000,0x0000,0x0000,0x0000,0x0000,0x0000,0x0000,
    0x0000,0x0000,0x0000,0x0000,0x0000,0x28c2,0x61e6,0x61e6,0x59e6,0x61e6,0x6206,0x51c6,0x3944,0x28e2,0x20a2,0x3944,0x61e6,0x61e6,0x4164,0x51a5,0x61e6,0x4985,0x51c6,0x59e6,
    0x61e6,0x6207,0x61e6,0x61e6,0x6206,0x61e6,0x61e6,0x6a06,0x4985,0x4144,0x61e6,0x6207,0x61e6,0x61e6,0x59e6,0x6a27,0x51a5,0x28e2,0x28e2,0x4964,0x6206,0x59e6,0x59e6,0x61e6,
    0x59c6,0x4984,0x51a5,0x3944,0x3103,0x1041,0x0000,0x0000,0x0000,0x0000,0x0000,0x0000,0x0000,0x0000,0x0000,0x0000,0x0000,0x0000,0x0000,0x0000,0x0000,0x0000,0x0000,0x0000,
    0x0000,0x0000,0x0000,0x0000,0x0000,0x0000,0x0000,0x0000,0x0000,0x0000,0x0000,0x0000,0x0000,0x0000,0x0000,0x0000,0x0000,0x0000,0x0000,0x0000,0x0000,0x0000,0x0000,0x0000,
    0x0000,0x0000,0x0000,0x0000,0x0000,0x0000,0x0000,0x0000,0x0000,0x0000,0x0000,0x0000,0x0000,0x0000,0x0000,0x0000,0x0000,0x0000,0x0000,0x0000,0x0000,0x0000,0x0000,0x0000,
    0x0000,0x0000,0x0000,0x0000,0x0000,0x0000,0x0000,0x0000,0x0000,0x0000,0x0000,0x0000,0x0000,0x0000,0x0000,0x0000,0x0000,0x0000,0x0000,0x0000,0x0000,0x0000,0x0000,0x0000,
    0x0000,0x0000,0x0000,0x0000,0x0000,0x0000,0x0000,0x0000,0x0000,0x0000,0x0000,0x0000,0x0000,0x0000,0x0000,0x0000,0x0000,0x0000,0x0000,0x0000,0x0820,0x51a5,0x61e6,0x59c6,
    0x59e6,0x61e6,0x4964,0x3103,0x28e2,0x28c2,0x4164,0x61e6,0x59e6,0x4985,0x51c5,0x6206,0x59c6,0x49a5,0x61e6,0x59e6,0x61e6,0x61e6,0x61e6,0x51a5,0x61e6,0x61e6,0x61e6,0x59e6,
    0x6207,0x51a5,0x4985,0x6207,0x61e6,0x61e6,0x61e6,0x59c6,0x6207,0x5185,0x20c2,0x3923,0x6a07,0x61e6,0x61e6,0x59e6,0x59e6,0x4984,0x4985,0x4144,0x30e3,0x28c2,0x0000,0x0000,
    0x0000,0x0000,0x0000,0x0000,0x0000,0x0000,0x0000,0x0000,0x0000,0x0000,0x0000,0x0000,0x0000,0x0000,0x0000,0x0000,0x0000,0x0000,0x0000,0x0000,0x0000,0x0000,0x0000,0x0000,
    0x0000,0x0000,0x0000,0x0000,0x0000,0x0000,0x0000,0x0000,0x0000,0x0000,0x0000,0x0000,0x0000,0x0000,0x0000,0x0000,0x0000,0x0000,0x0000,0x0000,0x0000,0x0000,0x0000,0x0000,
    0x0000,0x0000,0x0000,0x0000,0x0000,0x0000,0x0000,0x0000,0x0000,0x0000,0x0000,0x0000,0x0000,0x0000,0x0000,0x0000,0x0000,0x0000,0x0000,0x0000,0x0000,0x0000,0x0000,0x0000,
    0x0000,0x0000,0x0000,0x0000,0x0000,0x0000,0x0000,0x0000,0x0000,0x0000,0x0000,0x0000,0x0000,0x0000,0x0000,0x0000,0x0000,0x0000,0x0000,0x0000,0x0000,0x0000,0x0000,0x0000,
    0x0000,0x0000,0x0000,0x0000,0x0000,0x0000,0x0000,0x0000,0x0000,0x0000,0x0000,0x0000,0x1881,0x59c6,0x59c6,0x59e6,0x59c6,0x3943,0x28e2,0x30e3,0x28c2,0x4164,0x59e6,0x61e6,
    0x51c6,0x59c6,0x61e6,0x61e6,0x51a5,0x59e6,0x61e6,0x61e6,0x61e6,0x61e6,0x61e6,0x51c5,0x59c5,0x6206,0x61e6,0x61e6,0x61e6,0x6a07,0x49a5,0x51a5,0x6a07,0x61e6,0x61e6,0x61e6,
    0x51a5,0x59e6,0x4985,0x20a2,0x61e6,0x6207,0x61e6,0x61e6,0x61e6,0x51a5,0x4985,0x4164,0x30e3,0x4144,0x0820,0x0000,0x0000,0x0000,0x0000,0x0000,0x0000,0x0000,0x0000,0x0000,
    0x0000,0x0000,0x0000,0x0000,0x0000,0x0000,0x0000,0x0000,0x0000,0x0000,0x0000,0x0000,0x0000,0x0000,0x0000,0x0000,0x0000,0x0000,0x0000,0x0000,0x0000,0x0000,0x0000,0x0000,
    0x0000,0x0000,0x0000,0x0000,0x0000,0x0000,0x0000,0x0000,0x0000,0x0000,0x0000,0x0000,0x0000,0x0000,0x0000,0x0000,0x0000,0x0000,0x0000,0x0000,0x0000,0x0000,0x0000,0x0000,
    0x0000,0x0000,0x0000,0x0000,0x0000,0x0000,0x0000,0x0000,0x0000,0x0000,0x0000,0x0000,0x0000,0x0000,0x0000,0x0000,0x0000,0x0000,0x0000,0x0000,0x0000,0x0000,0x0000,0x0000,
    0x0000,0x0000,0x0000,0x0000,0x0000,0x0000,0x0000,0x0000,0x0000,0x0000,0x0000,0x0000,0x0000,0x0000,0x0000,0x0000,0x0000,0x0000,0x0000,0x0000,0x0000,0x0000,0x0000,0x0000,
    0x0000,0x0000,0x0000,0x0000,0x30c2,0x61e6,0x59c5,0x59e6,0x4985,0x28e2,0x3103,0x28c2,0x4984,0x61e6,0x61e6,0x59e6,0x59e6,0x61e6,0x61e6,0x61e6,0x51c5,0x59e6,0x59e6,0x61e6,
    0x61e6,0x61e6,0x61e6,0x61e6,0x4985,0x61e6,0x61e6,0x61e6,0x61e6,0x61e6,0x59e6,0x4144,0x61e6,0x6a07,0x61e6,0x6206,0x61e6,0x4985,0x59e6,0x30e3,0x4985,0x6207,0x59e6,0x61e6,
    0x61e6,0x59c6,0x4984,0x4985,0x3103,0x5185,0x20a2,0x0000,0x0000,0x0000,0x0000,0x0000,0x0000,0x0000,0x0000,0x0000,0x0000,0x0000,0x0000,0x0000,0x0000,0x0000,0x0000,0x0000,
    0x0000,0x0000,0x0000,0x0000,0x0000,0x0000,0x0000,0x0000,0x0000,0x0000,0x0000,0x0000,0x0000,0x0000,0x0000,0x0000,0x0000,0x0000,0x0000,0x0000,0x0000,0x0000,0x0000,0x0000,
    0x0000,0x0000,0x0000,0x0000,0x0000,0x0000,0x0000,0x0000,0x0000,0x0000,0x0000,0x0000,0x0000,0x0000,0x0000,0x0000,0x0000,0x0000,0x0000,0x0000,0x0000,0x0000,0x0000,0x0000,
    0x0000,0x0000,0x0000,0x0000,0x0000,0x0000,0x0000,0x0000,0x0000,0x0000,0x0000,0x0000,0x0000,0x0000,0x0000,0x0000,0x0000,0x0000,0x0000,0x0000,0x0000,0x0000,0x0000,0x0000,
    0x0000,0x0000,0x0000,0x0000,0x0000,0x0000,0x0000,0x0000,0x0000,0x0000,0x0000,0x0000,0x0000,0x0000,0x0000,0x0000,0x0000,0x0000,0x0000,0x0000,0x4144,0x61e6,0x59c6,0x59e6,
    0x3923,0x30e2,0x28c2,0x3923,0x61e6,0x59e6,0x61e6,0x59c6,0x61e6,0x61e6,0x61e6,0x59e6,0x59c6,0x61e6,0x59e6,0x61e6,0x61e6,0x61e6,0x61e6,0x6207,0x4964,0x59c5,0x61e6,0x61e6,
    0x61e6,0x61e6,0x6206,0x51a5,0x4164,0x6a06,0x6a07,0x6a07,0x6a07,0x59e6,0x4984,0x4144,0x4144,0x6207,0x59e6,0x61e6,0x61e6,0x59e6,0x4984,0x4985,0x3923,0x51a5,0x4143,0x0000,
    0x0000,0x0000,0x0000,0x0000,0x0000,0x0000,0x0000,0x0000,0x0000,0x0000,0x0000,0x0000,0x0000,0x0000,0x0000,0x0000,0x0000,0x0000,0x0000,0x0000,0x0000,0x0000,0x0000,0x0000,
    0x0000,0x0000,0x0000,0x0000,0x0000,0x0000,0x0000,0x0000,0x0000,0x0000,0x0000,0x0000,0x0000,0x0000,0x0000,0x0000,0x0000,0x0000,0x0000,0x0000,0x0000,0x0000,0x0000,0x0000,
    0x0000,0x0000,0x0000,0x0000,0x0000,0x0000,0x0000,0x0000,0x0000,0x0000,0x0000,0x0000,0x0000,0x0000,0x0000,0x0000,0x0000,0x0000,0x0000,0x0000,0x0000,0x0000,0x0000,0x0000,
    0x0000,0x0000,0x0000,0x0000,0x0000,0x0000,0x0000,0x0000,0x0000,0x0000,0x0000,0x0000,0x0000,0x0000,0x0000,0x0000,0x0000,0x0000,0x0000,0x0000,0x0000,0x0000,0x0000,0x0000,
    0x0000,0x0000,0x0000,0x0000,0x0000,0x0000,0x0000,0x0000,0x0000,0x0000,0x0000,0x0000,0x4985,0x61e6,0x59e6,0x51a5,0x3923,0x28c2,0x30e2,0x59c6,0x61e6,0x61e6,0x59c6,0x59c6,
    0x61e6,0x61e6,0x61e6,0x59c6,0x59e6,0x59e6,0x59e6,0x61e6,0x61e6,0x61e6,0x61e6,0x6207,0x51a5,0x4985,0x6207,0x61e6,0x61e6,0x61e6,0x61e6,0x6a07,0x4144,0x51a5,0x6a07,0x6a27,
    0x6207,0x6206,0x51c5,0x4164,0x4144,0x61e6,0x59e6,0x61e6,0x59e6,0x59e6,0x4985,0x4984,0x3944,0x4984,0x59a5,0x0820,0x0000,0x0000,0x0000,0x0000,0x0000,0x0000,0x0000,0x0000,
    0x0000,0x0000,0x0000,0x0000,0x0000,0x0000,0x0000,0x0000,0x0000,0x0000,0x0000,0x0000,0x0000,0x0000,0x0000,0x0000,0x0000,0x0000,0x0000,0x0000,0x0000,0x0000,0x0000,0x0000,
    0x0000,0x0000,0x0000,0x0000,0x0000,0x0000,0x0000,0x0000,0x0000,0x0000,0x0000,0x0000,0x0000,0x0000,0x0000,0x0000,0x0000,0x0000,0x0000,0x0000,0x0000,0x0000,0x0000,0x0000,
    0x0000,0x0000,0x0000,0x0000,0x0000,0x0000,0x0000,0x0000,0x0000,0x0000,0x0000,0x0000,0x0000,0x0000,0x0000,0x0000,0x0000,0x0000,0x0000,0x0000,0x0000,0x0000,0x0000,0x0000,
    0x0000,0x0000,0x0000,0x0000,0x0000,0x0000,0x0000,0x0000,0x0000,0x0000,0x0000,0x0000,0x0000,0x0000,0x0000,0x0000,0x0000,0x0000,0x0000,0x0000,0x0000,0x0000,0x0000,0x0000,
    0x0000,0x0000,0x0000,0x0820,0x51a5,0x61e6,0x59c6,0x4984,0x3923,0x28c2,0x51a5,0x6a07,0x61e6,0x59e6,0x4985,0x61e6,0x61e6,0x61e6,0x61e6,0x59c6,0x61e6,0x51c5,0x59e6,0x61e6,
    0x61e6,0x61e6,0x61e6,0x61e6,0x59e6,0x4164,0x61e6,0x61e6,0x61e7,0x6207,0x61e6,0x6a27,0x51c5,0x4164,0x61e6,0x61e6,0x6207,0x61e6,0x61e6,0x4985,0x3944,0x59c5,0x61e6,0x59e6,
    0x59e6,0x61e6,0x51a5,0x4164,0x3923,0x4964,0x61e6,0x2081,0x0000,0x0000,0x0000,0x0000,0x0000,0x0000,0x0000,0x0000,0x0000,0x0000,0x0000,0x0000,0x0000,0x0000,0x0000,0x0000,
    0x0000,0x0000,0x0000,0x0000,0x0000,0x0000,0x0000,0x0000,0x0000,0x0000,0x0000,0x0000,0x0000,0x0000,0x0000,0x0000,0x0000,0x0000,0x0000,0x0000,0x0000,0x0000,0x0000,0x0000,
    0x0000,0x0000,0x0000,0x0000,0x0000,0x0000,0x0000,0x0000,0x0000,0x0000,0x0000,0x0000,0x0000,0x0000,0x0000,0x0000,0x0000,0x0000,0x0000,0x0000,0x0000,0x0000,0x0000,0x0000,
    0x0000,0x0000,0x0000,0x0000,0x0000,0x0000,0x0000,0x0000,0x0000,0x0000,0x0000,0x0000,0x0000,0x0000,0x0000,0x0000,0x0000,0x0000,0x0000,0x0000,0x0000,0x0000,0x0000,0x0000,
    0x0000,0x0000,0x0000,0x0000,0x0000,0x0000,0x0000,0x0000,0x0000,0x0000,0x0000,0x0000,0x0000,0x0000,0x0000,0x0000,0x0000,0x0000,0x0000,0x1861,0x59e6,0x61e6,0x51c5,0x4164,
    0x28e2,0x4144,0x6a27,0x61e6,0x61e6,0x51a5,0x51a5,0x6a07,0x61e6,0x61e6,0x59c6,0x51a5,0x61e6,0x51a5,0x61e6,0x61e6,0x61e6,0x61e6,0x61e6,0x61e6,0x6207,0x3944,0x59c5,0x6a07,
    0x6a07,0x6a07,0x6a27,0x59e6,0x6a27,0x4164,0x59c6,0x59e6,0x61e6,0x61e6,0x61e6,0x59c6,0x3103,0x5185,0x61e6,0x59e6,0x59e6,0x59e6,0x59c6,0x4164,0x3944,0x4144,0x6206,0x3903,
    0x0000,0x0000,0x0000,0x0000,0x0000,0x0000,0x0000,0x0000,0x0000,0x0000,0x0000,0x0000,0x0000,0x0000,0x0000,0x0000,0x0000,0x0000,0x0000,0x0000,0x0000,0x0000,0x0000,0x0000,
    0x0000,0x0000,0x0000,0x0000,0x0000,0x0000,0x0000,0x0000,0x0000,0x0000,0x0000,0x0000,0x0000,0x0000,0x0000,0x0000,0x0000,0x0000,0x0000,0x0000,0x0000,0x0000,0x0000,0x0000,
    0x0000,0x0000,0x0000,0x0000,0x0000,0x0000,0x0000,0x0000,0x0000,0x0000,0x0000,0x0000,0x0000,0x0000,0x0000,0x0000,0x0000,0x0000,0x0000,0x0000,0x0000,0x0000,0x0000,0x0000,
    0x0000,0x0000,0x0000,0x0000,0x0000,0x0000,0x0000,0x0000,0x0000,0x0000,0x0000,0x0000,0x0000,0x0000,0x0000,0x0000,0x0000,0x0000,0x0000,0x0000,0x0000,0x0000,0x0000,0x0000,
    0x0000,0x0000,0x0000,0x0000,0x0000,0x0000,0x0000,0x0000,0x0000,0x0000,0x0000,0x20a2,0x6206,0x59e6,0x49a5,0x4164,0x28c2,0x59c6,0x6a27,0x6a27,0x6206,0x4984,0x59e6,0x6a07,
    0x61e6,0x6207,0x51a5,0x51a5,0x61e6,0x4985,0x61e6,0x6207,0x6207,0x61e6,0x61e6,0x59c6,0x6a07,0x4144,0x4164,0x6a27,0x6a07,0x7227,0x6a07,0x51c6,0x6a27,0x51a5,0x51a5,0x61e6,
    0x61e6,0x61e7,0x59c6,0x61e6,0x3923,0x4144,0x61e6,0x59e6,0x59e6,0x59e6,0x59c6,0x4984,0x3944,0x4144,0x6207,0x51a5,0x0000,0x0000,0x0000,0x0000,0x0000,0x0000,0x0000,0x0000,
    0x0000,0x0000,0x0000,0x0000,0x0000,0x0000,0x0000,0x0000,0x0000,0x0000,0x0000,0x0000,0x0000,0x0000,0x0000,0x0000,0x0000,0x0000,0x0000,0x0000,0x0000,0x0000,0x0000,0x0000,
    0x0000,0x0000,0x0000,0x0000,0x0000,0x0000,0x0000,0x0000,0x0000,0x0000,0x0000,0x0000,0x0000,0x0000,0x0000,0x0000,0x0000,0x0000,0x0000,0x0000,0x0000,0x0000,0x0000,0x0000,
    0x0000,0x0000,0x0000,0x0000,0x0000,0x0000,0x0000,0x0000,0x0000,0x0000,0x0000,0x0000,0x0000,0x0000,0x0000,0x0000,0x0000,0x0000,0x0000,0x0000,0x0000,0x0000,0x0000,0x0000,
    0x0000,0x0000,0x0000,0x0000,0x0000,0x0000,0x0000,0x0000,0x0000,0x0000,0x0000,0x0000,0x0000,0x0000,0x0000,0x0000,0x0000,0x0000,0x0000,0x0000,0x0000,0x0000,0x0000,0x0000,
    0x0000,0x0000,0x0000,0x28e2,0x6206,0x59e6,0x4985,0x3923,0x4144,0x6206,0x59e6,0x6a27,0x51c6,0x4164,0x61e6,0x7227,0x6a07,0x6206,0x4164,0x59e6,0x59c6,0x4164,0x61e6,0x6a27,
    0x7227,0x6a07,0x6206,0x59c5,0x61e6,0x4985,0x3103,0x6a27,0x6206,0x6206,0x61e6,0x61e6,0x51a5,0x61e6,0x4985,0x61e6,0x61e6,0x61e6,0x59e6,0x5185,0x4985,0x3923,0x61e6,0x59e6,
    0x59e6,0x59e6,0x59e6,0x4985,0x4144,0x3944,0x59e6,0x61e6,0x1861,0x0000,0x0000,0x0000,0x0000,0x0000,0x0000,0x0000,0x0000,0x0000,0x0000,0x0000,0x0000,0x0000,0x0000,0x0000,
    0x0000,0x0000,0x0000,0x0000,0x0000,0x0000,0x0000,0x0000,0x0000,0x0000,0x0000,0x0000,0x0000,0x0000,0x0000,0x0000,0x0000,0x0000,0x0000,0x0000,0x0000,0x0000,0x0000,0x0000,
    0x0000,0x0000,0x0000,0x0000,0x0000,0x0000,0x0000,0x0000,0x0000,0x0000,0x0000,0x0000,0x0000,0x0000,0x0000,0x0000,0x0000,0x0000,0x0000,0x0000,0x0000,0x0000,0x0000,0x0000,
    0x0000,0x0000,0x0000,0x0000,0x0000,0x0000,0x0000,0x0000,0x0000,0x0000,0x0000,0x0000,0x0000,0x0000,0x0000,0x0000,0x0000,0x0000,0x0000,0x0000,0x0000,0x0000,0x0000,0x0000,
    0x0000,0x0000,0x0000,0x0000,0x0000,0x0000,0x0000,0x0000,0x0000,0x0000,0x0000,0x0000,0x0000,0x0000,0x0000,0x0000,0x0000,0x0000,0x0000,0x3103,0x6206,0x59c5,0x4985,0x3103,
    0x59c6,0x6207,0x59e6,0x59e6,0x4964,0x51a5,0x6a07,0x6a07,0x6206,0x59e6,0x4144,0x6a07,0x51c6,0x4144,0x61e6,0x6a07,0x7247,0x6a07,0x61e6,0x59c6,0x51a5,0x61e6,0x4944,0x61e6,
    0x61e6,0x61e6,0x61e6,0x6207,0x4985,0x61e6,0x4985,0x59e6,0x59e6,0x59e6,0x59e6,0x4985,0x51a5,0x4144,0x59e6,0x61e6,0x59e6,0x59c6,0x59c6,0x51a5,0x4964,0x3923,0x51a5,0x61e6,
    0x28c2,0x0000,0x0000,0x0000,0x0000,0x0000,0x0000,0x0000,0x0000,0x0000,0x0000,0x0000,0x0000,0x0000,0x0000,0x0000,0x0000,0x0000,0x0000,0x0000,0x0000,0x0000,0x0000,0x0000,
    0x0000,0x0000,0x0000,0x0000,0x0000,0x0000,0x0000,0x0000,0x0000,0x0000,0x0000,0x0000,0x0000,0x0000,0x0000,0x0000,0x0000,0x0000,0x0000,0x0000,0x0000,0x0000,0x0000,0x0000,
    0x0000,0x0000,0x0000,0x0000,0x0000,0x0000,0x0000,0x0000,0x0000,0x0000,0x0000,0x0000,0x0000,0x0000,0x0000,0x0000,0x0000,0x0000,0x0000,0x0000,0x0000,0x0000,0x0000,0x0000,
    0x0000,0x0000,0x0000,0x0000,0x0000,0x0000,0x0000,0x0000,0x0000,0x0000,0x0000,0x0000,0x0000,0x0000,0x0000,0x0000,0x0000,0x0000,0x0000,0x0000,0x0000,0x0000,0x0000,0x0000,
    0x0000,0x0000,0x0000,0x0000,0x0000,0x0000,0x0000,0x0000,0x0000,0x0000,0x0000,0x3923,0x6206,0x5185,0x4164,0x4144,0x59e6,0x59e6,0x59e6,0x61e6,0x4144,0x51a5,0x6207,0x61e6,
    0x61e6,0x59c6,0x4144,0x6a07,0x51a5,0x4144,0x61e6,0x61e6,0x6a07,0x61e7,0x61e6,0x61e6,0x4184,0x59e6,0x82a9,0x51a5,0x59e6,0x61e6,0x6206,0x61e6,0x59c6,0x51a5,0x4985,0x51a5,
    0x59e6,0x59e6,0x59e6,0x51c5,0x4964,0x4144,0x51a5,0x61e6,0x59e6,0x59c6,0x59c6,0x51c5,0x4984,0x3923,0x51a5,0x61e6,0x3923,0x0000,0x0000,0x0000,0x0000,0x0000,0x0000,0x0000,
    0x0000,0x0000,0x0000,0x0000,0x0000,0x0000,0x0000,0x0000,0x0000,0x0000,0x0000,0x0000,0x0000,0x0000,0x0000,0x0000,0x0000,0x0000,0x0000,0x0000,0x0000,0x0000,0x0000,0x0000,
    0x0000,0x0000,0x0000,0x0000,0x0000,0x0000,0x0000,0x0000,0x0000,0x0000,0x0000,0x0000,0x0000,0x0000,0x0000,0x0000,0x0000,0x0000,0x0000,0x0000,0x0000,0x0000,0x0000,0x0000,
    0x0000,0x0000,0x0000,0x0000,0x0000,0x0000,0x0000,0x0000,0x0000,0x0000,0x0000,0x0000,0x0000,0x0000,0x0000,0x0000,0x0000,0x0000,0x0000,0x0000,0x0000,0x0000,0x0000,0x0000,
    0x0000,0x0000,0x0000,0x0000,0x0000,0x0000,0x0000,0x0000,0x0000,0x0000,0x0000,0x0000,0x0000,0x0000,0x0000,0x0000,0x0000,0x0000,0x0000,0x0000,0x0000,0x0000,0x0000,0x0000,
    0x0000,0x0000,0x0000,0x4144,0x61e6,0x5185,0x3923,0x51a5,0x6206,0x51c6,0x59e6,0x59e6,0x4144,0x59c5,0x59e6,0x61e6,0x6206,0x49a5,0x3923,0x6a27,0x51a5,0x4144,0x61e6,0x59e6,
    0x61e6,0x61e6,0x61e6,0x61e6,0x4984,0x59c6,0x8ae9,0x6a06,0x59c6,0x59c6,0x61e6,0x59e6,0x61e6,0x4144,0x59e6,0x51a5,0x51c5,0x59c6,0x59e6,0x51a5,0x4164,0x4144,0x51a5,0x61e6,
    0x59e6,0x59c6,0x59c6,0x59c6,0x4984,0x3923,0x5185,0x61e6,0x4964,0x0000,0x0000,0x0000,0x0000,0x0000,0x0000,0x0000,0x0000,0x0000,0x0000,0x0000,0x0000,0x0000,0x0000,0x0000,
    0x0000,0x0000,0x0000,0x0000,0x0000,0x0000,0x0000,0x0000,0x0000,0x0000,0x0000,0x0000,0x0000,0x0000,0x0000,0x0000,0x0000,0x0000,0x0000,0x0000,0x0000,0x0000,0x0000,0x0000,
    0x0000,0x0000,0x0000,0x0000,0x0000,0x0000,0x0000,0x0000,0x0000,0x0000,0x0000,0x0000,0x0000,0x0000,0x0000,0x0000,0x0000,0x0000,0x0000,0x0000,0x0000,0x0000,0x0000,0x0000,
    0x0000,0x0000,0x0000,0x0000,0x0000,0x0000,0x0000,0x0000,0x0000,0x0000,0x0000,0x0000,0x0000,0x0000,0x0000,0x0000,0x0000,0x0000,0x0000,0x0000,0x0000,0x0000,0x0000,0x0000,
    0x0000,0x0000,0x0000,0x0000,0x0000,0x0000,0x0000,0x0000,0x0000,0x0000,0x0000,0x0000,0x0000,0x0000,0x0000,0x0000,0x0000,0x0000,0x0000,0x4964,0x59e6,0x51a5,0x3923,0x61e6,
    0x61e6,0x51c6,0x59e6,0x51c6,0x4164,0x59e6,0x59c6,0x61e6,0x6207,0x4964,0x3923,0x6a27,0x49a5,0x3923,0x61e6,0x59e6,0x61e6,0x61e6,0x61e6,0x61e6,0x51a5,0x51a5,0x7247,0x9b29,
    0x61e6,0x51a5,0x59c6,0x51c6,0x61e6,0x61e6,0x5185,0x6227,0x6207,0x5185,0x51c5,0x4985,0x4164,0x3903,0x4985,0x61e6,0x59e6,0x59e6,0x51c5,0x59c6,0x4985,0x4144,0x4964,0x59e6,
    0x59c5,0x1040,0x0000,0x0000,0x0000,0x0000,0x0000,0x0000,0x0000,0x0000,0x0000,0x0000,0x0000,0x0000,0x0000,0x0000,0x0000,0x0000,0x0000,0x0000,0x0000,0x0000,0x0000,0x0000,
    0x0000,0x0000,0x0000,0x0000,0x0000,0x0000,0x0000,0x0000,0x0000,0x0000,0x0000,0x0000,0x0000,0x0000,0x0000,0x0000,0x0000,0x0000,0x0000,0x0000,0x0000,0x0000,0x0000,0x0000,
    0x0000,0x0000,0x0000,0x0000,0x0000,0x0000,0x0000,0x0000,0x0000,0x0000,0x0000,0x0000,0x0000,0x0000,0x0000,0x0000,0x0000,0x0000,0x0000,0x0000,0x0000,0x0000,0x0000,0x0000,
    0x0000,0x0000,0x0000,0x0000,0x0000,0x0000,0x0000,0x0000,0x0000,0x0000,0x0000,0x0000,0x0000,0x0000,0x0000,0x0000,0x0000,0x0000,0x0000,0x0000,0x0000,0x0000,0x0000,0x0000,
    0x0000,0x0000,0x0000,0x0000,0x0000,0x0000,0x0000,0x0000,0x0000,0x0000,0x0000,0x4985,0x59e6,0x4985,0x4144,0x6206,0x59e6,0x51a5,0x61e6,0x51a5,0x4164,0x59e6,0x59c6,0x59e6,
    0x61e6,0x4985,0x59c5,0x6207,0x4984,0x3923,0x61e6,0x59c6,0x61e6,0x59e6,0x59e6,0x6207,0x4985,0x4144,0x7a68,0xc42d,0x51a5,0x51c5,0x59c6,0x51c5,0x4164,0x7267,0x6a06,0x7268,
    0x7288,0x4964,0x51a5,0x4985,0x4985,0x30e3,0x4144,0x6206,0x59e6,0x59e6,0x51c5,0x59e6,0x4985,0x4144,0x4144,0x59e6,0x61e6,0x2081,0x0000,0x0000,0x0000,0x0000,0x0000,0x0000,
    0x0000,0x0000,0x0000,0x0000,0x0000,0x0000,0x0000,0x0000,0x0000,0x0000,0x0000,0x0000,0x0000,0x0000,0x0000,0x0000,0x0000,0x0000,0x0000,0x0000,0x0000,0x0000,0x0000,0x0000,
    0x0000,0x0000,0x0000,0x0000,0x0000,0x0000,0x0000,0x0000,0x0000,0x0000,0x0000,0x0000,0x0000,0x0000,0x0000,0x0000,0x0000,0x0000,0x0000,0x0000,0x0000,0x0000,0x0000,0x0000,
    0x0000,0x0000,0x0000,0x0000,0x0000,0x0000,0x0000,0x0000,0x0000,0x0000,0x0000,0x0000,0x0000,0x0000,0x0000,0x0000,0x0000,0x0000,0x0000,0x0000,0x0000,0x0000,0x0000,0x0000,
    0x0000,0x0000,0x0000,0x0000,0x0000,0x0000,0x0000,0x0000,0x0000,0x0000,0x0000,0x0000,0x0000,0x0000,0x0000,0x0000,0x0000,0x0000,0x0000,0x0000,0x0000,0x0000,0x0000,0x0000,
    0x0000,0x0000,0x0820,0x51a5,0x59e6,0x4164,0x4985,0x6207,0x51c6,0x51a5,0x61e6,0x4985,0x4164,0x59c6,0x51c5,0x59e6,0x59e6,0x59e6,0x7247,0x61e6,0x4985,0x3103,0x59e6,0x51c6,
    0x61e6,0x59c6,0x59e6,0x61e6,0x51a5,0x5185,0x6a07,0xdccf,0x7247,0x4985,0x51a5,0x59c5,0x3923,0x6a27,0xa38c,0x59c6,0x7288,0x51a5,0x6227,0x4985,0x4984,0x3103,0x3923,0x6206,
    0x59e6,0x59e6,0x59c5,0x59e6,0x4984,0x4144,0x3923,0x61e6,0x6206,0x30e3,0x0000,0x0000,0x0000,0x0000,0x0000,0x0000,0x0000,0x0000,0x0000,0x0000,0x0000,0x0000,0x0000,0x0000,
    0x0000,0x0000,0x0000,0x0000,0x0000,0x0000,0x0000,0x0000,0x0000,0x0000,0x0000,0x0000,0x0000,0x0000,0x0000,0x0000,0x0000,0x0000,0x0000,0x0000,0x0000,0x0000,0x0000,0x0000,
    0x0000,0x0000,0x0000,0x0000,0x0000,0x0000,0x0000,0x0000,0x0000,0x0000,0x0000,0x0000,0x0000,0x0000,0x0000,0x0000,0x0000,0x0000,0x0000,0x0000,0x0000,0x0000,0x0000,0x0000,
    0x0000,0x0000,0x0000,0x0000,0x0000,0x0000,0x0000,0x0000,0x0000,0x0000,0x0000,0x0000,0x0000,0x0000,0x0000,0x0000,0x0000,0x0000,0x0000,0x0000,0x0000,0x0000,0x0000,0x0000,
    0x0000,0x0000,0x0000,0x0000,0x0000,0x0000,0x0000,0x0000,0x0000,0x0000,0x0000,0x0000,0x0000,0x0000,0x0000,0x0000,0x0000,0x0000,0x0820,0x51a5,0x59e6,0x4144,0x51a5,0x61e6,
    0x51c5,0x51a5,0x61e6,0x4985,0x4985,0x59c5,0x51a5,0x59c6,0x59c6,0x7a88,0x82c8,0x61e6,0x4985,0x3903,0x61e6,0x59c6,0x59e6,0x51a5,0x51c6,0x61e6,0x6206,0x7247,0x3903,0xd511,
    0xbc4e,0x5184,0x4143,0x51a5,0x4164,0x6206,0xc42d,0x3944,0x9329,0x7267,0x7aa8,0x49a5,0x4985,0x3923,0x3903,0x61e6,0x59e6,0x61e6,0x51c5,0x59e6,0x4985,0x4164,0x3103,0x59c5,
    0x6206,0x4144,0x0000,0x0000,0x0000,0x0000,0x0000,0x0000,0x0000,0x0000,0x0000,0x0000,0x0000,0x0000,0x0000,0x0000,0x0000,0x0000,0x0000,0x0000,0x0000,0x0000,0x0000,0x0000,
    0x0000,0x0000,0x0000,0x0000,0x0000,0x0000,0x0000,0x0000,0x0000,0x0000,0x0000,0x0000,0x0000,0x0000,0x0000,0x0000,0x0000,0x0000,0x0000,0x0000,0x0000,0x0000,0x0000,0x0000,
    0x0000,0x0000,0x0000,0x0000,0x0000,0x0000,0x0000,0x0000,0x0000,0x0000,0x0000,0x0000,0x0000,0x0000,0x0000,0x0000,0x0000,0x0000,0x0000,0x0000,0x0000,0x0000,0x0000,0x0000,
    0x0000,0x0000,0x0000,0x0000,0x0000,0x0000,0x0000,0x0000,0x0000,0x0000,0x0000,0x0000,0x0000,0x0000,0x0000,0x0000,0x0000,0x0000,0x0000,0x0000,0x0000,0x0000,0x0000,0x0000,
    0x0000,0x0000,0x0000,0x0000,0x0000,0x0000,0x0000,0x0000,0x0000,0x0000,0x0820,0x51a5,0x6206,0x4144,0x51a5,0x61e6,0x51a5,0x51a5,0x59e6,0x4984,0x4985,0x51a5,0x4985,0x51a5,
    0x51a5,0x932a,0x9309,0x59c6,0x4984,0x59e6,0x6a27,0x4985,0x51c5,0x51a5,0x51a5,0x59e6,0x61e6,0x8ac8,0x4123,0xbcd0,0xedf4,0x4943,0x59c5,0x51a5,0x4985,0x51a5,0xedb2,0x6227,
    0x7267,0x7267,0x6a26,0x5185,0x4164,0x3923,0x3103,0x59e6,0x59e6,0x59e6,0x51a5,0x59e6,0x4985,0x4164,0x30e3,0x5185,0x6206,0x5185,0x0800,0x0000,0x0000,0x0000,0x0000,0x0000,
    0x0000,0x0000,0x0000,0x0000,0x0000,0x0000,0x0000,0x0000,0x0000,0x0000,0x0000,0x0000,0x0000,0x0000,0x0000,0x0000,0x0000,0x0000,0x0000,0x0000,0x0000,0x0000,0x0000,0x0000,
    0x0000,0x0000,0x0000,0x0000,0x0000,0x0000,0x0000,0x0000,0x0000,0x0000,0x0000,0x0000,0x0000,0x0000,0x0000,0x0000,0x0000,0x0000,0x0000,0x0000,0x0000,0x0000,0x0000,0x0000,
    0x0000,0x0000,0x0000,0x0000,0x0000,0x0000,0x0000,0x0000,0x0000,0x0000,0x0000,0x0000,0x0000,0x0000,0x0000,0x0000,0x0000,0x0000,0x0000,0x0000,0x0000,0x0000,0x0000,0x0000,
    0x0000,0x0000,0x0000,0x0000,0x0000,0x0000,0x0000,0x0000,0x0000,0x0000,0x0000,0x0000,0x0000,0x0000,0x0000,0x0000,0x0000,0x0000,0x0000,0x0000,0x0000,0x0000,0x0000,0x0000,
    0x0000,0x0000,0x1040,0x59c6,0x59e6,0x4144,0x51c5,0x61e6,0x51a5,0x51a5,0x61e6,0x4985,0x4964,0x4985,0x4985,0x51a5,0x4985,0xb40d,0xabed,0x59c6,0x4984,0x6a26,0x7267,0x4164,
    0x51a5,0x51c5,0x4984,0x51c5,0x59c6,0xa36b,0x59a5,0xac0e,0xff7a,0x59e6,0x6206,0x7a88,0x3944,0x4984,0xb490,0x6aa8,0x59c5,0x82a8,0x7267,0x92e9,0x3944,0x4144,0x30e3,0x59c6,
    0x59e6,0x59e6,0x51c5,0x59e6,0x4985,0x4164,0x3103,0x4964,0x61e6,0x59c5,0x1040,0x0000,0x0000,0x0000,0x0000,0x0000,0x0000,0x0000,0x0000,0x0000,0x0000,0x0000,0x0000,0x0000,
    0x0000,0x0000,0x0000,0x0000,0x0000,0x0000,0x0000,0x0000,0x0000,0x0000,0x0000,0x0000,0x0000,0x0000,0x0000,0x0000,0x0000,0x0000,0x0000,0x0000,0x0000,0x0000,0x0000,0x0000,
    0x0000,0x0000,0x0000,0x0000,0x0000,0x0000,0x0000,0x0000,0x0000,0x0000,0x0000,0x0000,0x0000,0x0000,0x0000,0x0000,0x0000,0x0000,0x0000,0x0000,0x0000,0x0000,0x0000,0x0000,
    0x0000,0x0000,0x0000,0x0000,0x0000,0x0000,0x0000,0x0000,0x0000,0x0000,0x0000,0x0000,0x0000,0x0000,0x0000,0x0000,0x0000,0x0000,0x0000,0x0000,0x0000,0x0000,0x0000,0x0000,
    0x0000,0x0000,0x0000,0x0000,0x0000,0x0000,0x0000,0x0000,0x0000,0x0000,0x0000,0x0000,0x0000,0x0000,0x0000,0x0000,0x0000,0x0000,0x1040,0x59c5,0x59c6,0x4144,0x51a5,0x59c6,
    0x4985,0x51c5,0x61e6,0x4985,0x4984,0x5185,0x4964,0x49a5,0x4985,0xbc4d,0xbcf1,0x61e6,0x51a5,0x7267,0x9b2a,0x4164,0x4985,0x59c6,0x4164,0x51a5,0x51c5,0xb3cc,0x6a27,0x82e9,
    0xfffd,0x838d,0x5a07,0xac4f,0x4123,0x4143,0xa44f,0xcd32,0x7247,0xa36a,0x5a47,0xccaf,0x4964,0x49a5,0x51a5,0x51a5,0x61e6,0x61e6,0x59c5,0x59c6,0x51a5,0x4144,0x30e3,0x4144,
    0x61e6,0x61e6,0x2081,0x0000,0x0000,0x0000,0x0000,0x0000,0x0000,0x0000,0x0000,0x0000,0x0000,0x0000,0x0000,0x0000,0x0000,0x0000,0x0000,0x0000,0x0000,0x0000,0x0000,0x0000,
    0x0000,0x0000,0x0000,0x0000,0x0000,0x0000,0x0000,0x0000,0x0000,0x0000,0x0000,0x0000,0x0000,0x0000,0x0000,0x0000,0x0000,0x0000,0x0000,0x0000,0x0000,0x0000,0x0000,0x0000,
    0x0000,0x0000,0x0000,0x0000,0x0000,0x0000,0x0000,0x0000,0x0000,0x0000,0x0000,0x0000,0x0000,0x0000,0x0000,0x0000,0x0000,0x0000,0x0000,0x0000,0x0000,0x0000,0x0000,0x0000,
    0x0000,0x0000,0x0000,0x0000,0x0000,0x0000,0x0000,0x0000,0x0000,0x0000,0x0000,0x0000,0x0000,0x0000,0x0000,0x0000,0x0000,0x0000,0x0000,0x0000,0x0000,0x0000,0x0000,0x0000,
    0x0000,0x0000,0x0000,0x0000,0x0000,0x0000,0x0000,0x0000,0x0000,0x0000,0x1040,0x59c5,0x51c5,0x4965,0x51a5,0x59c5,0x4984,0x51a5,0x61e6,0x4985,0x4984,0x59c5,0x4984,0x49a5,
    0x59a5,0xcc4d,0xcd94,0x59a5,0x4985,0x6a26,0xd552,0x51c5,0x4964,0x51a5,0x4164,0x4985,0x51a5,0xb3cc,0x93ad,0x7267,0xffbc,0xbd53,0x4144,0x8bad,0x49a5,0x4123,0xe615,0xff7a,
    0x7aea,0xc4f1,0x6a89,0xfef9,0x7247,0x4984,0x6a27,0x4964,0x6206,0x61c6,0x59c5,0x59c5,0x51a5,0x3923,0x3103,0x3924,0x59e6,0x61e6,0x30e2,0x0000,0x0000,0x0000,0x0000,0x0000,
    0x0000,0x0000,0x0000,0x0000,0x0000,0x0000,0x0000,0x0000,0x0000,0x0000,0x0000,0x0000,0x0000,0x0000,0x0000,0x0000,0x0000,0x0000,0x0000,0x0000,0x0000,0x0000,0x0000,0x0000,
    0x0000,0x0000,0x0000,0x0000,0x0000,0x0000,0x0000,0x0000,0x0000,0x0000,0x0000,0x0000,0x0000,0x0000,0x0000,0x0000,0x0000,0x0000,0x0000,0x0000,0x0000,0x0000,0x0000,0x0000,
    0x0000,0x0000,0x0000,0x0000,0x0000,0x0000,0x0000,0x0000,0x0000,0x0000,0x0000,0x0000,0x0000,0x0000,0x0000,0x0000,0x0000,0x0000,0x0000,0x0000,0x0000,0x0000,0x0000,0x0000,
    0x0000,0x0000,0x0000,0x0000,0x0000,0x0000,0x0000,0x0000,0x0000,0x0000,0x0000,0x0000,0x0000,0x0000,0x0000,0x0000,0x0000,0x0000,0x0000,0x0000,0x0000,0x0000,0x0000,0x0000,
    0x0000,0x0000,0x1061,0x59e6,0x51a5,0x4964,0x4985,0x59c6,0x4964,0x4985,0x61e6,0x51c5,0x59a5,0x61e6,0x51a5,0x4164,0x4964,0xbc4d,0xe6fa,0x7268,0x5185,0x61e5,0xf6b8,0x7b0b,
    0x3902,0x4964,0x49a5,0x4984,0x4985,0xa36b,0xbcf1,0x6a47,0xff9c,0xacf2,0x5184,0xe6b8,0x72ea,0x4102,0xe616,0xc5f6,0x5207,0x39a6,0x3903,0x39c6,0x3944,0x3923,0x82e9,0x4964,
    0x6206,0x61e6,0x59e6,0x59c5,0x51c5,0x3924,0x3923,0x3923,0x59c6,0x61e6,0x4123,0x0000,0x0000,0x0000,0x0000,0x0000,0x0000,0x0000,0x0000,0x0000,0x0000,0x0000,0x0000,0x0000,
    0x0000,0x0000,0x0000,0x0000,0x0000,0x0000,0x0000,0x0000,0x0000,0x0000,0x0000,0x0000,0x0000,0x0000,0x0000,0x0000,0x0000,0x0000,0x0000,0x0000,0x0000,0x0000,0x0000,0x0000,
    0x0000,0x0000,0x0000,0x0000,0x0000,0x0000,0x0000,0x0000,0x0000,0x0000,0x0000,0x0000,0x0000,0x0000,0x0000,0x0000,0x0000,0x0000,0x0000,0x0000,0x0000,0x0000,0x0000,0x0000,
    0x0000,0x0000,0x0000,0x0000,0x0000,0x0000,0x0000,0x0000,0x0000,0x0000,0x0000,0x0000,0x0000,0x0000,0x0000,0x0000,0x0000,0x0000,0x0000,0x0000,0x0000,0x0000,0x0000,0x0000,
    0x0000,0x0000,0x0000,0x0000,0x0000,0x0000,0x0000,0x0000,0x0000,0x0000,0x0000,0x0000,0x0000,0x0000,0x0000,0x0000,0x0000,0x0000,0x1861,0x61e6,0x51a5,0x4964,0x4984,0x59c6,
    0x4164,0x4164,0x61e6,0x51c5,0x61e6,0x59a5,0x59c5,0x4144,0x3903,0x82e9,0x942f,0x59e6,0x4985,0x61e5,0xff7b,0xacf2,0x30a1,0x59a5,0x4985,0x4164,0x4985,0x9b29,0xd593,0x6247,
    0xe698,0xc617,0x6206,0xedf4,0xb4d1,0x4103,0x3164,0x0000,0x1041,0x0021,0x1082,0x3165,0x20e3,0x1040,0x20c2,0x4984,0x6206,0x59e6,0x59e6,0x59c5,0x51c5,0x4144,0x4144,0x3103,
    0x51c5,0x61e6,0x5164,0x0000,0x0000,0x0000,0x0000,0x0000,0x0000,0x0000,0x0000,0x0000,0x0000,0x0000,0x0000,0x0000,0x0000,0x0000,0x0000,0x0000,0x0000,0x0000,0x0000,0x0000,
    0x0000,0x0000,0x0000,0x0000,0x0000,0x0000,0x0000,0x0000,0x0000,0x0000,0x0000,0x0000,0x0000,0x0000,0x0000,0x0000,0x0000,0x0000,0x0000,0x0000,0x0000,0x0000,0x0000,0x0000,
    0x0000,0x0000,0x0000,0x0000,0x0000,0x0000,0x0000,0x0000,0x0000,0x0000,0x0000,0x0000,0x0000,0x0000,0x0000,0x0000,0x0000,0x0000,0x0000,0x0000,0x0000,0x0000,0x0000,0x0000,
    0x0000,0x0000,0x0000,0x0000,0x0000,0x0000,0x0000,0x0000,0x0000,0x0000,0x0000,0x0000,0x0000,0x0000,0x0000,0x0000,0x0000,0x0000,0x0000,0x0000,0x0000,0x0000,0x0000,0x0000,
    0x0000,0x0000,0x0000,0x0000,0x0000,0x0000,0x0000,0x0000,0x0000,0x0000,0x1881,0x6206,0x51a5,0x4964,0x4164,0x51a5,0x4964,0x3924,0x61e6,0x51a5,0x7a67,0x6206,0x9309,0x4964,
    0x5984,0xedd3,0xff9b,0x838c,0x59c6,0x61c5,0x9c0e,0xd637,0x51c6,0x59e5,0x49a5,0x4164,0x4985,0x8ac8,0xee77,0x832a,0xfef8,0xff19,0x7a88,0xde16,0x5aaa,0x1840,0x0001,0x0906,
    0x1107,0x0927,0x00e7,0x5acb,0xbd75,0x41e7,0x0820,0x5185,0x6206,0x59e6,0x61e6,0x51c5,0x59c5,0x4144,0x4144,0x30e3,0x51a5,0x6206,0x59c5,0x0820,0x0000,0x0000,0x0000,0x0000,
    0x0000,0x0000,0x0000,0x0000,0x0000,0x0000,0x0000,0x0000,0x0000,0x0000,0x0000,0x0000,0x0000,0x0000,0x0000,0x0000,0x0000,0x0000,0x0000,0x0000,0x0000,0x0000,0x0000,0x0000,
    0x0000,0x0000,0x0000,0x0000,0x0000,0x0000,0x0000,0x0000,0x0000,0x0000,0x0000,0x0000,0x0000,0x0000,0x0000,0x0000,0x0000,0x0000,0x0000,0x0000,0x0000,0x0000,0x0000,0x0000,
    0x0000,0x0000,0x0000,0x0000,0x0000,0x0000,0x0000,0x0000,0x0000,0x0000,0x0000,0x0000,0x0000,0x0000,0x0000,0x0000,0x0000,0x0000,0x0000,0x0000,0x0000,0x0000,0x0000,0x0000,
    0x0000,0x0000,0x0000,0x0000,0x0000,0x0000,0x0000,0x0000,0x0000,0x0000,0x0000,0x0000,0x0000,0x0000,0x0000,0x0000,0x0000,0x0000,0x0000,0x0000,0x0000,0x0000,0x0000,0x0000,
    0x0000,0x0000,0x20a1,0x6206,0x51a5,0x4984,0x4144,0x4964,0x4985,0x3923,0x59e6,0x4985,0x8287,0x7206,0xc48f,0x51c6,0x59c5,0xf697,0xffbc,0xddf5,0x936b,0x59a4,0xc4b0,0xdefa,
    0x8bee,0x4964,0x7aa8,0x4144,0x4144,0x8287,0xfef8,0xa470,0xfef9,0xfe97,0x936b,0x41a6,0x2924,0x5227,0x6c11,0x11ca,0x00c6,0x0907,0x00e6,0x10e4,0xce58,0xb555,0x3923,0x61c5,
    0x59e6,0x59e6,0x59e6,0x51c5,0x59c6,0x4164,0x3923,0x30e2,0x51a5,0x6206,0x61e6,0x1881,0x0000,0x0000,0x0000,0x0000,0x0000,0x0000,0x0000,0x0000,0x0000,0x0000,0x0000,0x0000,
    0x0000,0x0000,0x0000,0x0000,0x0000,0x0000,0x0000,0x0000,0x0000,0x0000,0x0000,0x0000,0x0000,0x0000,0x0000,0x0000,0x0000,0x0000,0x0000,0x0000,0x0000,0x0000,0x0000,0x0000,
    0x0000,0x0000,0x0000,0x0000,0x0000,0x0000,0x0000,0x0000,0x0000,0x0000,0x0000,0x0000,0x0000,0x0000,0x0000,0x0000,0x0000,0x0000,0x0000,0x0000,0x0000,0x0000,0x0000,0x0000,
    0x0000,0x0000,0x0000,0x0000,0x0000,0x0000,0x0000,0x0000,0x0000,0x0000,0x0000,0x0000,0x0000,0x0000,0x0000,0x0000,0x0000,0x0000,0x0000,0x0000,0x0000,0x0000,0x0000,0x0000,
    0x0000,0x0000,0x0000,0x0000,0x0000,0x0000,0x0000,0x0000,0x0000,0x0000,0x0000,0x0000,0x0000,0x0000,0x0000,0x0000,0x0000,0x0000,0x20a2,0x61e6,0x4984,0x51a5,0x3923,0x3923,
    0x51a5,0x3103,0x51a5,0x51c5,0x6a06,0x8267,0xc4b0,0x6289,0x2061,0x2104,0x2945,0x41c6,0x5a27,0x38e2,0xc4d1,0xffdc,0xe677,0x4985,0xa36a,0x4985,0x3924,0x82a8,0xfef9,0xbd53,
    0xf6d8,0xff9c,0x7b2b,0x28a1,0xce38,0x5aeb,0x1106,0x00c6,0x2a8d,0x226c,0x00e7,0x0023,0xce59,0xbdf7,0x7a67,0x6206,0x51c6,0x59e6,0x59e6,0x51c5,0x59e6,0x3903,0x72ea,0x51e6,
    0x4144,0x6206,0x61e6,0x28c2,0x0000,0x0000,0x0000,0x0000,0x0000,0x0000,0x0000,0x0000,0x0000,0x0000,0x0000,0x0000,0x0000,0x0000,0x0000,0x0000,0x0000,0x0000,0x0000,0x0000,
    0x0000,0x0000,0x0000,0x0000,0x0000,0x0000,0x0000,0x0000,0x0000,0x0000,0x0000,0x0000,0x0000,0x0000,0x0000,0x0000,0x0000,0x0000,0x0000,0x0000,0x0000,0x0000,0x0000,0x0000,
    0x0000,0x0000,0x0000,0x0000,0x0000,0x0000,0x0000,0x0000,0x0000,0x0000,0x0000,0x0000,0x0000,0x0000,0x0000,0x0000,0x0000,0x0000,0x0000,0x0000,0x0000,0x0000,0x0000,0x0000,
    0x0000,0x0000,0x0000,0x0000,0x0000,0x0000,0x0000,0x0000,0x0000,0x0000,0x0000,0x0000,0x0000,0x0000,0x0000,0x0000,0x0000,0x0000,0x0000,0x0000,0x0000,0x0000,0x0000,0x0000,
    0x0000,0x0000,0x0000,0x0000,0x0000,0x0000,0x0000,0x0000,0x0000,0x0000,0x28c2,0x6206,0x4964,0x4985,0x3923,0x3103,0x4985,0x30e2,0x4984,0x59c6,0x6206,0xcc2d,0x6247,0x0020,
    0x3944,0x39a6,0x0001,0x0084,0x0042,0x1882,0x41c6,0xc593,0xffdc,0x940e,0x8ae9,0x9b6b,0x28e2,0x82a8,0xfef8,0xe6b8,0xf719,0xff7a,0x93cd,0xad13,0xffde,0x634d,0x00a6,0x224d,
    0x11ca,0x11eb,0x3311,0x6bb0,0xd69a,0xe6db,0xd552,0x61e6,0x59c6,0x59e6,0x61e6,0x51a5,0x59c6,0x3923,0x9b4a,0x936b,0x30c2,0x6206,0x6206,0x3923,0x0000,0x0000,0x0000,0x0000,
    0x0000,0x0000,0x0000,0x0000,0x0000,0x0000,0x0000,0x0000,0x0000,0x0000,0x0000,0x0000,0x0000,0x0000,0x0000,0x0000,0x0000,0x0000,0x0000,0x0000,0x0000,0x0000,0x0000,0x0000,
    0x0000,0x0000,0x0000,0x0000,0x0000,0x0000,0x0000,0x0000,0x0000,0x0000,0x0000,0x0000,0x0000,0x0000,0x0000,0x0000,0x0000,0x0000,0x0000,0x0000,0x0000,0x0000,0x0000,0x0000,
    0x0000,0x0000,0x0000,0x0000,0x0000,0x0000,0x0000,0x0000,0x0000,0x0000,0x0000,0x0000,0x0000,0x0000,0x0000,0x0000,0x0000,0x0000,0x0000,0x0000,0x0000,0x0000,0x0000,0x0000,
    0x0000,0x0000,0x0000,0x0000,0x0000,0x0000,0x0000,0x0000,0x0000,0x0000,0x0000,0x0000,0x0000,0x0000,0x0000,0x0000,0x0000,0x0000,0x0000,0x0000,0x0000,0x0000,0x0000,0x0000,
    0x0000,0x0000,0x30e2,0x6a06,0x4144,0x4985,0x3923,0x28e2,0x4984,0x28c2,0x3103,0x59e6,0x6206,0x7a67,0x0800,0x4228,0xc5b5,0x5aaa,0x4aac,0x42ee,0x00c6,0x08e6,0x0862,0x3124,
    0xee77,0xf75b,0x7b2b,0xe592,0x4943,0x72a9,0xff5a,0xff3a,0xff3a,0xf6d8,0xd5f5,0xffbe,0xffff,0x9471,0x120d,0x5519,0x19c9,0x1a0a,0x5519,0x9d97,0xef5d,0xff3a,0xee15,0x59a5,
    0x59e6,0x59e6,0x59e6,0x51a5,0x59e6,0x3903,0xa42e,0xac2e,0x2081,0x61e6,0x61e6,0x4985,0x0000,0x0000,0x0000,0x0000,0x0000,0x0000,0x0000,0x0000,0x0000,0x0000,0x0000,0x0000,
    0x0000,0x0000,0x0000,0x0000,0x0000,0x0000,0x0000,0x0000,0x0000,0x0000,0x0000,0x0000,0x0000,0x0000,0x0000,0x0000,0x0000,0x0000,0x0000,0x0000,0x0000,0x0000,0x0000,0x0000,
    0x0000,0x0000,0x0000,0x0000,0x0000,0x0000,0x0000,0x0000,0x0000,0x0000,0x0000,0x0000,0x0000,0x0000,0x0000,0x0000,0x0000,0x0000,0x0000,0x0000,0x0000,0x0000,0x0000,0x0000,
    0x0000,0x0000,0x0000,0x0000,0x0000,0x0000,0x0000,0x0000,0x0000,0x0000,0x0000,0x0000,0x0000,0x0000,0x0000,0x0000,0x0000,0x0000,0x0000,0x0000,0x0000,0x0000,0x0000,0x0000,
    0x0000,0x0000,0x0000,0x0000,0x0000,0x0000,0x0000,0x0000,0x0000,0x0000,0x0000,0x0000,0x0000,0x0000,0x0000,0x0000,0x0000,0x0000,0x3923,0x6a06,0x4164,0x49a5,0x3923,0x3903,
    0x4164,0x28c2,0x28c2,0x51c5,0x59c5,0x7267,0x28a1,0xb554,0xdeba,0x7bef,0x08c5,0x1189,0x0968,0x328c,0x00a4,0x2167,0xbd74,0xffbc,0xde16,0xee77,0xcd10,0x834b,0xff9c,0xff19,
    0xff3a,0xff3a,0xff3a,0xff3a,0xffdf,0xe6fb,0x2a2c,0x5d59,0x7618,0x7618,0x4d58,0x32ad,0xf77c,0xff3a,0xf6b7,0x6a06,0x59e6,0x59c6,0x59e6,0x51a5,0x59e6,0x38e2,0xacd1,0x938b,
    0x2081,0x61e6,0x61e6,0x59c5,0x1041,0x0000,0x0000,0x0000,0x0000,0x0000,0x0000,0x0000,0x0000,0x0000,0x0000,0x0000,0x0000,0x0000,0x0000,0x0000,0x0000,0x0000,0x0000,0x0000,
    0x0000,0x0000,0x0000,0x0000,0x0000,0x0000,0x0000,0x0000,0x0000,0x0000,0x0000,0x0000,0x0000,0x0000,0x0000,0x0000,0x0000,0x0000,0x0000,0x0000,0x0000,0x0000,0x0000,0x0000,
    0x0000,0x0000,0x0000,0x0000,0x0000,0x0000,0x0000,0x0000,0x0000,0x0000,0x0000,0x0000,0x0000,0x0000,0x0000,0x0000,0x0000,0x0000,0x0000,0x0000,0x0000,0x0000,0x0000,0x0000,
    0x0000,0x0000,0x0000,0x0000,0x0000,0x0000,0x0000,0x0000,0x0000,0x0000,0x0000,0x0000,0x0000,0x0000,0x0000,0x0000,0x0000,0x0000,0x0000,0x0000,0x0000,0x0000,0x0000,0x0000,
    0x0000,0x0000,0x0000,0x0000,0x0000,0x0000,0x0000,0x0000,0x0000,0x0000,0x4144,0x61e6,0x4164,0x51a5,0x3923,0x4144,0x3103,0x3903,0x20c2,0x3944,0x4964,0xbc0d,0x82ea,0x7b4c,
    0xffff,0xc618,0x0064,0x098a,0x11ca,0x324a,0x19ca,0x9516,0xeefa,0xff19,0xff5a,0xff3a,0xff39,0xf6b8,0xff3a,0xff3a,0xff3a,0xff3a,0xff1a,0xff19,0xf75b,0xffff,0x8c51,0x22ce,
    0x6e19,0x6619,0x1a6b,0xad14,0xff9b,0xff19,0xf6d8,0x6a27,0x59c5,0x51c6,0x61e6,0x51a5,0x59c6,0x3944,0xa3ab,0x59e5,0x30e2,0x51a5,0x61e6,0x59c6,0x2081,0x0000,0x0000,0x0000,
    0x0000,0x0000,0x0000,0x0000,0x0000,0x0000,0x0000,0x0000,0x0000,0x0000,0x0000,0x0000,0x0000,0x0000,0x0000,0x0000,0x0000,0x0000,0x0000,0x0000,0x0000,0x0000,0x0000,0x0000,
    0x0000,0x0000,0x0000,0x0000,0x0000,0x0000,0x0000,0x0000,0x0000,0x0000,0x0000,0x0000,0x0000,0x0000,0x0000,0x0000,0x0000,0x0000,0x0000,0x0000,0x0000,0x0000,0x0000,0x0000,
    0x0000,0x0000,0x0000,0x0000,0x0000,0x0000,0x0000,0x0000,0x0000,0x0000,0x0000,0x0000,0x0000,0x0000,0x0000,0x0000,0x0000,0x0000,0x0000,0x0000,0x0000,0x0000,0x0000,0x0000,
    0x0000,0x0000,0x0000,0x0000,0x0000,0x0000,0x0000,0x0000,0x0000,0x0000,0x0000,0x0000,0x0000,0x0000,0x0000,0x0000,0x0000,0x0000,0x0000,0x0000,0x0000,0x0000,0x0000,0x0000,
    0x0000,0x0000,0x5185,0x59c5,0x4144,0x59c6,0x3103,0x3944,0x3923,0x4123,0x30e3,0x28e2,0x3923,0x7247,0xf656,0xb46f,0xf77d,0xf7be,0x5b4e,0x4393,0x3393,0x0127,0x332f,0x6cd7,
    0xde58,0xff5a,0xf73a,0xff3a,0xff3a,0xff5a,0xff3a,0xff3a,0xff3a,0xff3a,0xff3a,0xff3a,0xff19,0xff5b,0xff9d,0x736d,0x5baf,0x7c91,0xa4b2,0xf719,0xff19,0xff3a,0xf6f9,0x6a27,
    0x51a5,0x51c5,0x6206,0x51a5,0x51c5,0x51a5,0x59c5,0x28e2,0x3903,0x4985,0x59e6,0x59c6,0x3903,0x0000,0x0000,0x0000,0x0000,0x0000,0x0000,0x0000,0x0000,0x0000,0x0000,0x0000,
    0x0000,0x0000,0x0000,0x0000,0x0000,0x0000,0x0000,0x0000,0x0000,0x0000,0x0000,0x0000,0x0000,0x0000,0x0000,0x0000,0x0000,0x0000,0x0000,0x0000,0x0000,0x0000,0x0000,0x0000,
    0x0000,0x0000,0x0000,0x0000,0x0000,0x0000,0x0000,0x0000,0x0000,0x0000,0x0000,0x0000,0x0000,0x0000,0x0000,0x0000,0x0000,0x0000,0x0000,0x0000,0x0000,0x0000,0x0000,0x0000,
    0x0000,0x0000,0x0000,0x0000,0x0000,0x0000,0x0000,0x0000,0x0000,0x0000,0x0000,0x0000,0x0000,0x0000,0x0000,0x0000,0x0000,0x0000,0x0000,0x0000,0x0000,0x0000,0x0000,0x0000,
    0x0000,0x0000,0x0000,0x0000,0x0000,0x0000,0x0000,0x0000,0x0000,0x0000,0x0000,0x0000,0x0000,0x0000,0x0000,0x0000,0x0000,0x0000,0x59c5,0x5185,0x4144,0x59c6,0x3103,0x3923,
    0x49a5,0x3923,0x3903,0x28c2,0x30e2,0x30c1,0xbc6e,0xff39,0xf73b,0xffff,0xf77d,0x5bb2,0x4d18,0x7639,0x6e59,0x2330,0xd637,0xff7b,0xff3a,0xff3a,0xff3a,0xff3a,0xff3a,0xff3a,
    0xff3a,0xff3a,0xff3a,0xff3a,0xff3a,0xff19,0xff19,0xff7b,0xff5a,0xff5a,0xffbc,0xff3a,0xff1a,0xff3a,0xf6f9,0x6a27,0x51a5,0x51a5,0x6206,0x49a5,0x51a5,0x4984,0x28a2,0x3923,
    0x30e3,0x4164,0x61e6,0x59c6,0x4984,0x0000,0x0000,0x0000,0x0000,0x0000,0x0000,0x0000,0x0000,0x0000,0x0000,0x0000,0x0000,0x0000,0x0000,0x0000,0x0000,0x0000,0x0000,0x0000,
    0x0000,0x0000,0x0000,0x0000,0x0000,0x0000,0x0000,0x0000,0x0000,0x0000,0x0000,0x0000,0x0000,0x0000,0x0000,0x0000,0x0000,0x0000,0x0000,0x0000,0x0000,0x0000,0x0000,0x0000,
    0x0000,0x0000,0x0000,0x0000,0x0000,0x0000,0x0000,0x0000,0x0000,0x0000,0x0000,0x0000,0x0000,0x0000,0x0000,0x0000,0x0000,0x0000,0x0000,0x0000,0x0000,0x0000,0x0000,0x0000,
    0x0000,0x0000,0x0000,0x0000,0x0000,0x0000,0x0000,0x0000,0x0000,0x0000,0x0000,0x0000,0x0000,0x0000,0x0000,0x0000,0x0000,0x0000,0x0000,0x0000,0x0000,0x0000,0x0000,0x0000,
    0x0000,0x0000,0x0000,0x0000,0x0000,0x0000,0x0000,0x0000,0x0000,0x0820,0x59c6,0x4985,0x4164,0x51c5,0x3923,0x4984,0x51a5,0x3903,0x28c2,0x28e2,0x8b2a,0x38e2,0x6206,0xff3a,
    0xff19,0xff7c,0xf7be,0x5b0d,0x2b71,0x767a,0x5576,0x4b6e,0xf71a,0xff3a,0xff3a,0xff3a,0xff3a,0xff3a,0xff3a,0xff3a,0xff3a,0xff3a,0xff3a,0xff3a,0xff3a,0xff3a,0xff3a,0xf719,
    0xfed9,0xf6f9,0xf6f9,0xfed9,0xff19,0xff5a,0xee97,0x59c5,0x59c6,0x51a5,0x6206,0x4985,0x51a5,0x4964,0x4143,0x4144,0x3103,0x3923,0x61e6,0x59c5,0x5185,0x0820,0x0000,0x0000,
    0x0000,0x0000,0x0000,0x0000,0x0000,0x0000,0x0000,0x0000,0x0000,0x0000,0x0000,0x0000,0x0000,0x0000,0x0000,0x0000,0x0000,0x0000,0x0000,0x0000,0x0000,0x0000,0x0000,0x0000,
    0x0000,0x0000,0x0000,0x0000,0x0000,0x0000,0x0000,0x0000,0x0000,0x0000,0x0000,0x0000,0x0000,0x0000,0x0000,0x0000,0x0000,0x0000,0x0000,0x0000,0x0000,0x0000,0x0000,0x0000,
    0x0000,0x0000,0x0000,0x0000,0x0000,0x0000,0x0000,0x0000,0x0000,0x0000,0x0000,0x0000,0x0000,0x0000,0x0000,0x0000,0x0000,0x0000,0x0000,0x0000,0x0000,0x0000,0x0000,0x0000,
    0x0000,0x0000,0x0000,0x0000,0x0000,0x0000,0x0000,0x0000,0x0000,0x0000,0x0000,0x0000,0x0000,0x0000,0x0000,0x0000,0x0000,0x0000,0x0000,0x0000,0x0000,0x0000,0x0000,0x0000,
    0x0000,0x1061,0x59c5,0x4164,0x4144,0x51c5,0x3903,0x59c5,0x51a5,0x3103,0x3923,0x2081,0x9b8b,0xbbec,0x4102,0xc4d0,0xff7b,0xf71a,0xff7b,0xffdd,0x5b0d,0x532d,0x94d2,0xde37,
    0xff5a,0xff3a,0xff3a,0xff3a,0xff1a,0xff3a,0xff3a,0xff3a,0xff3a,0xff3a,0xff3a,0xff3a,0xff3a,0xff3a,0xff3a,0xff19,0xff1a,0xff1a,0xff19,0xff19,0xff1a,0xff7b,0xe5d4,0x59a5,
    0x59e6,0x51a5,0x61e6,0x4985,0x51a5,0x4144,0x4144,0x4164,0x3923,0x28e2,0x59e6,0x59c6,0x51a5,0x1881,0x0000,0x0000,0x0000,0x0000,0x0000,0x0000,0x0000,0x0000,0x0000,0x0000,
    0x0000,0x0000,0x0000,0x0000,0x0000,0x0000,0x0000,0x0000,0x0000,0x0000,0x0000,0x0000,0x0000,0x0000,0x0000,0x0000,0x0000,0x0000,0x0000,0x0000,0x0000,0x0000,0x0000,0x0000,
    0x0000,0x0000,0x0000,0x0000,0x0000,0x0000,0x0000,0x0000,0x0000,0x0000,0x0000,0x0000,0x0000,0x0000,0x0000,0x0000,0x0000,0x0000,0x0000,0x0000,0x0000,0x0000,0x0000,0x0000,
    0x0000,0x0000,0x0000,0x0000,0x0000,0x0000,0x0000,0x0000,0x0000,0x0000,0x0000,0x0000,0x0000,0x0000,0x0000,0x0000,0x0000,0x0000,0x0000,0x0000,0x0000,0x0000,0x0000,0x0000,
    0x0000,0x0000,0x0000,0x0000,0x0000,0x0000,0x0000,0x0000,0x0000,0x0000,0x0000,0x0000,0x0000,0x0000,0x0000,0x0000,0x0000,0x20a2,0x59c6,0x4144,0x4164,0x59c6,0x3944,0x51a5,
    0x51a5,0x3103,0x4164,0x28e2,0x3943,0xdccf,0xc40c,0x8ac8,0xeed9,0xff7b,0xff19,0xff5a,0xff5b,0xff39,0xff7b,0xff5b,0xff3a,0xff3a,0xff3a,0xff3a,0xf6f9,0xf6f9,0xff3a,0xff3a,
    0xff3a,0xff3a,0xff3a,0xff3a,0xff3a,0xff3a,0xff3a,0xff3a,0xff3a,0xff3a,0xff19,0xff19,0xff3a,0xff19,0x7a88,0x4984,0x59e6,0x4985,0x61e6,0x4984,0x51a5,0x3103,0x3944,0x4984,
    0x4144,0x28e2,0x51a5,0x59e6,0x51a5,0x30e3,0x0000,0x0000,0x0000,0x0000,0x0000,0x0000,0x0000,0x0000,0x0000,0x0000,0x0000,0x0000,0x0000,0x0000,0x0000,0x0000,0x0000,0x0000,
    0x0000,0x0000,0x0000,0x0000,0x0000,0x0000,0x0000,0x0000,0x0000,0x0000,0x0000,0x0000,0x0000,0x0000,0x0000,0x0000,0x0000,0x0000,0x0000,0x0000,0x0000,0x0000,0x0000,0x0000,
    0x0000,0x0000,0x0000,0x0000,0x0000,0x0000,0x0000,0x0000,0x0000,0x0000,0x0000,0x0000,0x0000,0x0000,0x0000,0x0000,0x0000,0x0000,0x0000,0x0000,0x0000,0x0000,0x0000,0x0000,
    0x0000,0x0000,0x0000,0x0000,0x0000,0x0000,0x0000,0x0000,0x0000,0x0000,0x0000,0x0000,0x0000,0x0000,0x0000,0x0000,0x0000,0x0000,0x0000,0x0000,0x0000,0x0000,0x0000,0x0000,
    0x0000,0x0000,0x0000,0x0000,0x0000,0x0000,0x0000,0x0000,0x0000,0x30e3,0x51a5,0x3944,0x4144,0x59e6,0x4144,0x4985,0x59e6,0x3944,0x4964,0x3923,0x20a2,0x59e6,0xe510,0xab49,
    0xacd1,0xffbc,0xf71a,0xff1a,0xfed9,0xfef9,0xf71a,0xff3a,0xff3a,0xff3a,0xff3a,0xff3a,0xff3a,0xff3a,0xff3a,0xff3a,0xff3a,0xff1a,0xff3a,0xff3a,0xff3a,0xff3a,0xff3a,0xff3a,
    0xff3a,0xff3a,0xff3a,0xf719,0xff9b,0xa3cd,0x1840,0x59c6,0x51c5,0x4164,0x61e6,0x4985,0x51a5,0x4143,0x4964,0x4985,0x4144,0x30e2,0x4164,0x59c6,0x4984,0x4964,0x0000,0x0000,
    0x0000,0x0000,0x0000,0x0000,0x0000,0x0000,0x0000,0x0000,0x0000,0x0000,0x0000,0x0000,0x0000,0x0000,0x0000,0x0000,0x0000,0x0000,0x0000,0x0000,0x0000,0x0000,0x0000,0x0000,
    0x0000,0x0000,0x0000,0x0000,0x0000,0x0000,0x0000,0x0000,0x0000,0x0000,0x0000,0x0000,0x0000,0x0000,0x0000,0x0000,0x0000,0x0000,0x0000,0x0000,0x0000,0x0000,0x0000,0x0000,
    0x0000,0x0000,0x0000,0x0000,0x0000,0x0000,0x0000,0x0000,0x0000,0x0000,0x0000,0x0000,0x0000,0x0000,0x0000,0x0000,0x0000,0x0000,0x0000,0x0000,0x0000,0x0000,0x0000,0x0000,
    0x0000,0x0000,0x0000,0x0000,0x0000,0x0000,0x0000,0x0000,0x0000,0x0000,0x0000,0x0000,0x0000,0x0000,0x0000,0x0000,0x0000,0x0000,0x0000,0x0000,0x0000,0x0000,0x0000,0x0000,
    0x0000,0x3923,0x4985,0x4144,0x4164,0x61e6,0x3943,0x4985,0x61e6,0x4984,0x4164,0x3923,0x30e3,0x1861,0x51c6,0xcc4d,0xabcc,0xeef9,0xff5b,0xff1a,0xfed9,0xff1a,0xff3a,0xff3a,
    0xff3a,0xff3a,0xff3a,0xff3a,0xff3a,0xff3a,0xff3a,0xff3a,0xff3a,0xff5a,0xff3a,0xff3a,0xff3a,0xff3a,0xff3a,0xff3a,0xff3a,0xff3a,0xf719,0xffbc,0xb48f,0x2081,0x20c2,0x61e6,
    0x59c5,0x4164,0x61e6,0x4164,0x4144,0xd532,0x7b0a,0x4123,0x3944,0x3103,0x3923,0x61e6,0x4964,0x51a5,0x0820,0x0000,0x0000,0x0000,0x0000,0x0000,0x0000,0x0000,0x0000,0x0000,
    0x0000,0x0000,0x0000,0x0000,0x0000,0x0000,0x0000,0x0000,0x0000,0x0000,0x0000,0x0000,0x0000,0x0000,0x0000,0x0000,0x0000,0x0000,0x0000,0x0000,0x0000,0x0000,0x0000,0x0000,
    0x0000,0x0000,0x0000,0x0000,0x0000,0x0000,0x0000,0x0000,0x0000,0x0000,0x0000,0x0000,0x0000,0x0000,0x0000,0x0000,0x0000,0x0000,0x0000,0x0000,0x0000,0x0000,0x0000,0x0000,
    0x0000,0x0000,0x0000,0x0000,0x0000,0x0000,0x0000,0x0000,0x0000,0x0000,0x0000,0x0000,0x0000,0x0000,0x0000,0x0000,0x0000,0x0000,0x0000,0x0000,0x0000,0x0000,0x0000,0x0000,
    0x0000,0x0000,0x0000,0x0000,0x0000,0x0000,0x0000,0x0000,0x0000,0x0000,0x0000,0x0000,0x0000,0x0000,0x0000,0x0000,0x0000,0x4144,0x4964,0x4164,0x4964,0x61e6,0x3923,0x4964,
    0x61e6,0x51a5,0x4164,0x3923,0x30e3,0x28e2,0x1061,0x3944,0x69e6,0xac70,0xfffd,0xf71a,0xff3a,0xff3a,0xff3a,0xff3a,0xff3a,0xff3a,0xff3a,0xff3a,0xff3a,0xff3a,0xff3a,0xff3a,
    0xff3a,0xde57,0xeed8,0xff3a,0xff3a,0xff3a,0xff3a,0xff3a,0xf71a,0xff3a,0xffbc,0xb4d1,0x2081,0x20a2,0x28c2,0x59e6,0x4985,0x4964,0x61e6,0x4184,0x38c2,0xa40d,0xe697,0x3923,
    0x3923,0x3923,0x3103,0x61e6,0x4164,0x51a5,0x2082,0x0000,0x0000,0x0000,0x0000,0x0000,0x0000,0x0000,0x0000,0x0000,0x0000,0x0000,0x0000,0x0000,0x0000,0x0000,0x0000,0x0000,
    0x0000,0x0000,0x0000,0x0000,0x0000,0x0000,0x0000,0x0000,0x0000,0x0000,0x0000,0x0000,0x0000,0x0000,0x0000,0x0000,0x0000,0x0000,0x0000,0x0000,0x0000,0x0000,0x0000,0x0000,
    0x0000,0x0000,0x0000,0x0000,0x0000,0x0000,0x0000,0x0000,0x0000,0x0000,0x0000,0x0000,0x0000,0x0000,0x0000,0x0000,0x0000,0x0000,0x0000,0x0000,0x0000,0x0000,0x0000,0x0000,
    0x0000,0x0000,0x0000,0x0000,0x0000,0x0000,0x0000,0x0000,0x0000,0x0000,0x0000,0x0000,0x0000,0x0000,0x0000,0x0000,0x0000,0x0000,0x0000,0x0000,0x0000,0x0000,0x0000,0x0000,
    0x0000,0x0000,0x0000,0x0000,0x0000,0x0000,0x0000,0x0000,0x0820,0x51a5,0x4964,0x4964,0x4144,0x61e6,0x3923,0x4964,0x59e6,0x51c5,0x4985,0x4164,0x3923,0x28e2,0x20a2,0x28c2,
    0x2081,0x30e2,0xcdb5,0xffbc,0xff3a,0xf71a,0xff3a,0xff3a,0xff3a,0xff3a,0xff3a,0xff3a,0xff5a,0xe698,0xeeb8,0xff39,0xeed8,0xeeb8,0xff3a,0xff3a,0xff3a,0xff3a,0xff3a,0xf719,
    0xff7b,0xff7b,0x9c0e,0x2081,0x28c2,0x20c2,0x3103,0x6206,0x4164,0x4985,0x59e6,0x4123,0x8b4b,0xc552,0xee35,0xc532,0x4143,0x3903,0x30e2,0x59e6,0x4964,0x59a5,0x4123,0x0000,
    0x0000,0x0000,0x0000,0x0000,0x0000,0x0000,0x0000,0x0000,0x0000,0x0000,0x0000,0x0000,0x0000,0x0000,0x0000,0x0000,0x0000,0x0000,0x0000,0x0000,0x0000,0x0000,0x0000,0x0000,
    0x0000,0x0000,0x0000,0x0000,0x0000,0x0000,0x0000,0x0000,0x0000,0x0000,0x0000,0x0000,0x0000,0x0000,0x0000,0x0000,0x0000,0x0000,0x0000,0x0000,0x0000,0x0000,0x0000,0x0000,
    0x0000,0x0000,0x0000,0x0000,0x0000,0x0000,0x0000,0x0000,0x0000,0x0000,0x0000,0x0000,0x0000,0x0000,0x0000,0x0000,0x0000,0x0000,0x0000,0x0000,0x0000,0x0000,0x0000,0x0000,
    0x0000,0x0000,0x0000,0x0000,0x0000,0x0000,0x0000,0x0000,0x0000,0x0000,0x0000,0x0000,0x0000,0x0000,0x0000,0x0000,0x0000,0x0000,0x0000,0x0000,0x0000,0x0000,0x0000,0x0000,
    0x1861,0x59a5,0x4164,0x4985,0x4144,0x61e6,0x3923,0x4144,0x59c6,0x59e6,0x51a5,0x4164,0x3944,0x30e3,0x20a2,0x30e2,0x28e3,0x20a2,0x20a1,0xa44e,0xff5b,0xffbc,0xff3a,0xf719,
    0xf71a,0xff3a,0xff3a,0xff3a,0xff3a,0xff3a,0xff19,0xff3a,0xff3a,0xff5a,0xff3a,0xff3a,0xff3a,0xf71a,0xff5a,0xffbc,0xde36,0x6247,0x1860,0x20c2,0x28e2,0x20c2,0x3103,0x61e6,
    0x3923,0x51a5,0x59e6,0x30e2,0xbcd0,0xff5a,0xf6f9,0xffbb,0x832b,0x28a1,0x3103,0x51a5,0x59a5,0x4964,0x5185,0x0000,0x0000,0x0000,0x0000,0x0000,0x0000,0x0000,0x0000,0x0000,
    0x0000,0x0000,0x0000,0x0000,0x0000,0x0000,0x0000,0x0000,0x0000,0x0000,0x0000,0x0000,0x0000,0x0000,0x0000,0x0000,0x0000,0x0000,0x0000,0x0000,0x0000,0x0000,0x0000,0x0000,
    0x0000,0x0000,0x0000,0x0000,0x0000,0x0000,0x0000,0x0000,0x0000,0x0000,0x0000,0x0000,0x0000,0x0000,0x0000,0x0000,0x0000,0x0000,0x0000,0x0000,0x0000,0x0000,0x0000,0x0000,
    0x0000,0x0000,0x0000,0x0000,0x0000,0x0000,0x0000,0x0000,0x0000,0x0000,0x0000,0x0000,0x0000,0x0000,0x0000,0x0000,0x0000,0x0000,0x0000,0x0000,0x0000,0x0000,0x0000,0x0000,
    0x0000,0x0000,0x0000,0x0000,0x0000,0x0000,0x0000,0x0000,0x0000,0x0000,0x0000,0x0000,0x0000,0x0000,0x0000,0x0000,0x28c2,0x51a5,0x3923,0x4985,0x4143,0x61e6,0x3103,0x3923,
    0x59c6,0x61e6,0x51a5,0x4984,0x3944,0x3103,0x20a2,0x28e2,0x28e2,0x28c2,0x20c2,0x1861,0x5207,0xb512,0xf6f9,0xffbc,0xff9b,0xff3a,0xf71a,0xf71a,0xff1a,0xff3a,0xff3a,0xff3a,
    0xff3a,0xff3a,0xff3a,0xf719,0xff5a,0xff9b,0xeef9,0x93cd,0x28c2,0x1861,0x28e2,0x20c2,0x28e2,0x20c2,0x3923,0x59c6,0x3103,0x59c5,0x4985,0x51e6,0xe635,0xff3a,0xf73a,0xff7b,
    0xb4d1,0x28a1,0x3103,0x4964,0x51a5,0x3102,0x61c6,0x1881,0x0000,0x0000,0x0000,0x0000,0x0000,0x0000,0x0000,0x0000,0x0000,0x0000,0x0000,0x0000,0x0000,0x0000,0x0000,0x0000,
    0x0000,0x0000,0x0000,0x0000,0x0000,0x0000,0x0000,0x0000,0x0000,0x0000,0x0000,0x0000,0x0000,0x0000,0x0000,0x0000,0x0000,0x0000,0x0000,0x0000,0x0000,0x0000,0x0000,0x0000,
    0x0000,0x0000,0x0000,0x0000,0x0000,0x0000,0x0000,0x0000,0x0000,0x0000,0x0000,0x0000,0x0000,0x0000,0x0000,0x0000,0x0000,0x0000,0x0000,0x0000,0x0000,0x0000,0x0000,0x0000,
    0x0000,0x0000,0x0000,0x0000,0x0000,0x0000,0x0000,0x0000,0x0000,0x0000,0x0000,0x0000,0x0000,0x0000,0x0000,0x0000,0x0000,0x0000,0x0000,0x0000,0x0000,0x0000,0x0000,0x0000,
    0x0000,0x0000,0x0000,0x0000,0x0000,0x0000,0x0000,0x0000,0x4144,0x59a5,0x3923,0x4985,0x3923,0x61e6,0x3103,0x30e2,0x51c5,0x61e6,0x59e6,0x4985,0x3944,0x3923,0x20a2,0x28e2,
    0x28e2,0x28c2,0x28e2,0x28e2,0x1861,0x1860,0x49a5,0x8bad,0xcdd5,0xf71a,0xffbc,0xff9c,0xff5a,0xff3a,0xff3a,0xff3a,0xff1a,0xff1a,0xff5b,0xffbc,0xeed9,0xb4d0,0x51c5,0x0820,
    0x20c2,0x28e3,0x28c2,0x20c2,0x28e2,0x20c2,0x4164,0x51a5,0x3103,0x51c6,0x30e2,0x8b8c,0xff7b,0xff19,0xff19,0xff5a,0xde15,0x3903,0x3103,0x3944,0x51a5,0x20a2,0x59c5,0x30e3,
    0x0000,0x0000,0x0000,0x0000,0x0000,0x0000,0x0000,0x0000,0x0000,0x0000,0x0000,0x0000,0x0000,0x0000,0x0000,0x0000,0x0000,0x0000,0x0000,0x0000,0x0000,0x0000,0x0000,0x0000,
    0x0000,0x0000,0x0000,0x0000,0x0000,0x0000,0x0000,0x0000,0x0000,0x0000,0x0000,0x0000,0x0000,0x0000,0x0000,0x0000,0x0000,0x0000,0x0000,0x0000,0x0000,0x0000,0x0000,0x0000,
    0x0000,0x0000,0x0000,0x0000,0x0000,0x0000,0x0000,0x0000,0x0000,0x0000,0x0000,0x0000,0x0000,0x0000,0x0000,0x0000,0x0000,0x0000,0x0000,0x0000,0x0000,0x0000,0x0000,0x0000,
    0x0000,0x0000,0x0000,0x0000,0x0000,0x0000,0x0000,0x0000,0x0000,0x0000,0x0000,0x0000,0x0000,0x0000,0x0000,0x0000,0x0000,0x0000,0x0000,0x0000,0x0000,0x0000,0x0000,0x0000,
    0x4984,0x4144,0x4144,0x59c6,0x4144,0x61e6,0x3103,0x28e2,0x51a5,0x59e6,0x61e6,0x51a5,0x4144,0x3943,0x20a2,0x28e2,0x28e2,0x28e2,0x28e2,0x20c2,0x28c2,0x28e3,0x20a2,0x1840,
    0x2081,0x49a5,0x7b2b,0xb512,0xe677,0xff5b,0xff9c,0xff7b,0xff9c,0xff9c,0xde78,0xacd1,0x934a,0xa329,0x3103,0x1082,0x1882,0x28c2,0x28c2,0x20c2,0x28e2,0x20c2,0x4985,0x4144,
    0x28e2,0x59c6,0x4144,0x92a8,0xbc8f,0xff7a,0xff1a,0xff5a,0xf6d9,0x4164,0x3923,0x3923,0x59e6,0x1861,0x4123,0x4964,0x0000,0x0000,0x0000,0x0000,0x0000,0x0000,0x0000,0x0000,
    0x0000,0x0000,0x0000,0x0000,0x0000,0x0000,0x0000,0x0000,0x0000,0x0000,0x0000,0x0000,0x0000,0x0000,0x0000,0x0000,0x0000,0x0000,0x0000,0x0000,0x0000,0x0000,0x0000,0x0000,
    0x0000,0x0000,0x0000,0x0000,0x0000,0x0000,0x0000,0x0000,0x0000,0x0000,0x0000,0x0000,0x0000,0x0000,0x0000,0x0000,0x0000,0x0000,0x0000,0x0000,0x0000,0x0000,0x0000,0x0000,
    0x0000,0x0000,0x0000,0x0000,0x0000,0x0000,0x0000,0x0000,0x0000,0x0000,0x0000,0x0000,0x0000,0x0000,0x0000,0x0000,0x0000,0x0000,0x0000,0x0000,0x0000,0x0000,0x0000,0x0000,
    0x0000,0x0000,0x0000,0x0000,0x0000,0x0000,0x0000,0x0000,0x0000,0x0000,0x0000,0x0000,0x0000,0x0000,0x0000,0x1061,0x51a5,0x30e3,0x4124,0x59c6,0x4143,0x59e6,0x30e3,0x28e2,
    0x51a5,0x51a5,0x6206,0x61e6,0x4164,0x3944,0x20c2,0x28e2,0x28e2,0x28e2,0x28e3,0x28c2,0x28c2,0x28e2,0x28e2,0x20c2,0x20c2,0x1881,0x1040,0x1860,0x3924,0x49e6,0x730a,0xb4b0,
    0xbd12,0xac4f,0xab8b,0xb34a,0xdccf,0xd4d0,0x20a2,0x20c2,0x18a2,0x20a2,0x28e2,0x28c2,0x28e2,0x28c2,0x51a5,0x3103,0x28e2,0x61e6,0x3923,0x3903,0x7a88,0xff7b,0xff3a,0xff3a,
    0xff5a,0x5a27,0x3903,0x3923,0x59c5,0x20a2,0x20a2,0x61e6,0x1061,0x0000,0x0000,0x0000,0x0000,0x0000,0x0000,0x0000,0x0000,0x0000,0x0000,0x0000,0x0000,0x0000,0x0000,0x0000,
    0x0000,0x0000,0x0000,0x0000,0x0000,0x0000,0x0000,0x0000,0x0000,0x0000,0x0000,0x0000,0x0000,0x0000,0x0000,0x0000,0x0000,0x0000,0x0000,0x0000,0x0000,0x0000,0x0000,0x0000,
    0x0000,0x0000,0x0000,0x0000,0x0000,0x0000,0x0000,0x0000,0x0000,0x0000,0x0000,0x0000,0x0000,0x0000,0x0000,0x0000,0x0000,0x0000,0x0000,0x0000,0x0000,0x0000,0x0000,0x0000,
    0x0000,0x0000,0x0000,0x0000,0x0000,0x0000,0x0000,0x0000,0x0000,0x0000,0x0000,0x0000,0x0000,0x0000,0x0000,0x0000,0x0000,0x0000,0x0000,0x0000,0x0000,0x0000,0x0000,0x0000,
    0x0000,0x0000,0x0000,0x0000,0x0000,0x0000,0x0000,0x30e2,0x61e6,0x20a2,0x4144,0x51a5,0x4144,0x59e6,0x3103,0x20c2,0x4985,0x4985,0x6206,0x61e6,0x4964,0x4144,0x3103,0x28c2,
    0x28e2,0x28e2,0x30e3,0x28c2,0x28c2,0x20c2,0x20c2,0x20a2,0x20a2,0x20c2,0x28e3,0x20c2,0x1081,0x1882,0x1881,0x30c2,0x38e2,0x59a5,0x8ae9,0x8b0a,0x7ac9,0x49c6,0x2904,0x2904,
    0x18a2,0x20c2,0x20c2,0x20c2,0x28e2,0x3103,0x51a5,0x28c2,0x3923,0x59c5,0x28e3,0x30e3,0x3923,0xee76,0xff7b,0xf6f9,0xff9b,0x8b8d,0x28a1,0x3923,0x51a5,0x3923,0x0820,0x59c5,
    0x3103,0x0000,0x0000,0x0000,0x0000,0x0000,0x0000,0x0000,0x0000,0x0000,0x0000,0x0000,0x0000,0x0000,0x0000,0x0000,0x0000,0x0000,0x0000,0x0000,0x0000,0x0000,0x0000,0x0000,
    0x0000,0x0000,0x0000,0x0000,0x0000,0x0000,0x0000,0x0000,0x0000,0x0000,0x0000,0x0000,0x0000,0x0000,0x0000,0x0000,0x0000,0x0000,0x0000,0x0000,0x0000,0x0000,0x0000,0x0000,
    0x0000,0x0000,0x0000,0x0000,0x0000,0x0000,0x0000,0x0000,0x0000,0x0000,0x0000,0x0000,0x0000,0x0000,0x0000,0x0000,0x0000,0x0000,0x0000,0x0000,0x0000,0x0000,0x0000,0x0000,
    0x0000,0x0000,0x0000,0x0000,0x0000,0x0000,0x0000,0x0000,0x0000,0x0000,0x0000,0x0000,0x0000,0x0000,0x0000,0x0000,0x0000,0x0000,0x0000,0x0000,0x0000,0x0000,0x0000,0x4964,
    0x4944,0x1041,0x51a5,0x4985,0x4144,0x59e6,0x3103,0x20a1,0x4164,0x4985,0x61e6,0x61e6,0x49a5,0x4144,0x3923,0x28c2,0x28e2,0x28e2,0x28e2,0x28c2,0x1881,0x1882,0x20c2,0x20c2,
    0x3082,0x58c2,0x2082,0x18a2,0x20c2,0x28e3,0x2903,0x28e3,0x3124,0x2924,0x20e3,0x2904,0x2903,0x20e3,0x2903,0x2903,0x20c2,0x1881,0x2881,0x30a2,0x20a2,0x3923,0x4964,0x20a2,
    0x4164,0x4985,0x30e3,0x4964,0x1861,0x6247,0xff5a,0xff9b,0xffdc,0x9bed,0x0820,0x4164,0x5185,0x4964,0x0000,0x4144,0x51a5,0x0000,0x0000,0x0000,0x0000,0x0000,0x0000,0x0000,
    0x0000,0x0000,0x0000,0x0000,0x0000,0x0000,0x0000,0x0000,0x0000,0x0000,0x0000,0x0000,0x0000,0x0000,0x0000,0x0000,0x0000,0x0000,0x0000,0x0000,0x0000,0x0000,0x0000,0x0000,
    0x0000,0x0000,0x0000,0x0000,0x0000,0x0000,0x0000,0x0000,0x0000,0x0000,0x0000,0x0000,0x0000,0x0000,0x0000,0x0000,0x0000,0x0000,0x0000,0x0000,0x0000,0x0000,0x0000,0x0000,
    0x0000,0x0000,0x0000,0x0000,0x0000,0x0000,0x0000,0x0000,0x0000,0x0000,0x0000,0x0000,0x0000,0x0000,0x0000,0x0000,0x0000,0x0000,0x0000,0x0000,0x0000,0x0000,0x0000,0x0000,
    0x0000,0x0000,0x0000,0x0000,0x0000,0x0000,0x0000,0x0000,0x0000,0x0000,0x0000,0x0000,0x0000,0x0000,0x1040,0x61e6,0x28c2,0x1881,0x59c6,0x4964,0x4164,0x51a5,0x3923,0x20a2,
    0x3944,0x4144,0x5185,0x6206,0x59c6,0x3923,0x3923,0x30e3,0x28e2,0x28e2,0x3103,0x20a2,0x20c3,0x3144,0x3945,0x3145,0x3904,0x80e3,0x38a2,0x20e3,0x20c3,0x20e3,0x28e3,0x28e3,
    0x3124,0x3945,0x3945,0x3945,0x3124,0x2904,0x2904,0x2903,0x20e3,0x18c2,0x4882,0x60a2,0x1882,0x4985,0x3923,0x18a1,0x4985,0x4964,0x3103,0x4144,0x20c2,0x1882,0x72a8,0xbd74,
    0xddf5,0x82e9,0x0841,0x28e3,0x4964,0x59a5,0x0820,0x1881,0x6a06,0x1861,0x0000,0x0000,0x0000,0x0000,0x0000,0x0000,0x0000,0x0000,0x0000,0x0000,0x0000,0x0000,0x0000,0x0000,
    0x0000,0x0000,0x0000,0x0000,0x0000,0x0000,0x0000,0x0000,0x0000,0x0000,0x0000,0x0000,0x0000,0x0000,0x0000,0x0000,0x0000,0x0000,0x0000,0x0000,0x0000,0x0000,0x0000,0x0000,
    0x0000,0x0000,0x0000,0x0000,0x0000,0x0000,0x0000,0x0000,0x0000,0x0000,0x0000,0x0000,0x0000,0x0000,0x0000,0x0000,0x0000,0x0000,0x0000,0x0000,0x0000,0x0000,0x0000,0x0000,
    0x0000,0x0000,0x0000,0x0000,0x0000,0x0000,0x0000,0x0000,0x0000,0x0000,0x0000,0x0000,0x0000,0x0000,0x0000,0x0000,0x0000,0x0000,0x0000,0x0000,0x0000,0x0000,0x0000,0x0000,
    0x0000,0x0000,0x0000,0x0000,0x0000,0x0000,0x28e2,0x61e6,0x1040,0x3103,0x59c6,0x4144,0x51a5,0x51a5,0x3103,0x28c2,0x3923,0x3923,0x3923,0x6a07,0x61e6,0x3923,0x3103,0x3103,
    0x28e2,0x28e2,0x28e2,0x20c2,0x3965,0x3965,0x3945,0x3965,0x3144,0x8124,0x7104,0x20e3,0x3124,0x2904,0x28e3,0x3124,0x3144,0x3945,0x3945,0x3945,0x3144,0x3124,0x3124,0x28e3,
    0x20c3,0x20e3,0x6103,0x7904,0x3103,0x4144,0x20c3,0x18a2,0x51a5,0x3944,0x3103,0x3103,0x28e3,0x3124,0x2904,0x2903,0x3124,0x3944,0x3945,0x1882,0x3103,0x6a06,0x20a2,0x0000,
    0x4964,0x3103,0x0000,0x0000,0x0000,0x0000,0x0000,0x0000,0x0000,0x0000,0x0000,0x0000,0x0000,0x0000,0x0000,0x0000,0x0000,0x0000,0x0000,0x0000,0x0000,0x0000,0x0000,0x0000,
    0x0000,0x0000,0x0000,0x0000,0x0000,0x0000,0x0000,0x0000,0x0000,0x0000,0x0000,0x0000,0x0000,0x0000,0x0000,0x0000,0x0000,0x0000,0x0000,0x0000,0x0000,0x0000,0x0000,0x0000,
    0x0000,0x0000,0x0000,0x0000,0x0000,0x0000,0x0000,0x0000,0x0000,0x0000,0x0000,0x0000,0x0000,0x0000,0x0000,0x0000,0x0000,0x0000,0x0000,0x0000,0x0000,0x0000,0x0000,0x0000,
    0x0000,0x0000,0x0000,0x0000,0x0000,0x0000,0x0000,0x0000,0x0000,0x0000,0x0000,0x0000,0x0000,0x0000,0x0000,0x0000,0x0000,0x0000,0x0000,0x0000,0x0000,0x0000,0x5164,0x4143,
    0x0000,0x4985,0x51c5,0x4164,0x59c6,0x51a5,0x3103,0x28e2,0x3103,0x4964,0x28e2,0x59c5,0x6206,0x49a5,0x28c2,0x3103,0x28e2,0x30e3,0x20c2,0x2904,0x3965,0x3965,0x3965,0x3945,
    0x2944,0x7944,0x8104,0x3124,0x3965,0x3945,0x3945,0x3124,0x2903,0x2904,0x3124,0x3124,0x3124,0x3144,0x3144,0x3124,0x3124,0x2924,0x6924,0x80e4,0x3103,0x3123,0x2904,0x3103,
    0x51a5,0x3923,0x30e3,0x3923,0x2082,0x2904,0x3965,0x3965,0x3945,0x3944,0x3124,0x20c2,0x30e3,0x59c5,0x4123,0x0000,0x28c2,0x59a5,0x0820,0x0000,0x0000,0x0000,0x0000,0x0000,
    0x0000,0x0000,0x0000,0x0000,0x0000,0x0000,0x0000,0x0000,0x0000,0x0000,0x0000,0x0000,0x0000,0x0000,0x0000,0x0000,0x0000,0x0000,0x0000,0x0000,0x0000,0x0000,0x0000,0x0000,
    0x0000,0x0000,0x0000,0x0000,0x0000,0x0000,0x0000,0x0000,0x0000,0x0000,0x0000,0x0000,0x0000,0x0000,0x0000,0x0000,0x0000,0x0000,0x0000,0x0000,0x0000,0x0000,0x0000,0x0000,
    0x0000,0x0000,0x0000,0x0000,0x0000,0x0000,0x0000,0x0000,0x0000,0x0000,0x0000,0x0000,0x0000,0x0000,0x0000,0x0000,0x0000,0x0000,0x0000,0x0000,0x0000,0x0000,0x0000,0x0000,
    0x0000,0x0000,0x0000,0x0000,0x0000,0x0000,0x0000,0x0000,0x0000,0x0000,0x0000,0x0000,0x0000,0x1041,0x5985,0x1061,0x0820,0x61e6,0x4985,0x4985,0x59c5,0x4984,0x3923,0x28e2,
    0x30e3,0x4964,0x3103,0x4144,0x6a07,0x59c6,0x28e2,0x30e2,0x30e2,0x30e2,0x20a2,0x3145,0x3965,0x3945,0x3144,0x3945,0x2924,0x6104,0x9124,0x3924,0x3965,0x3945,0x3945,0x3965,
    0x3945,0x3124,0x3124,0x3144,0x3945,0x3965,0x3145,0x3144,0x3945,0x2944,0x6104,0x8924,0x3923,0x3145,0x3144,0x3124,0x4964,0x3923,0x3103,0x3903,0x18a2,0x3124,0x3945,0x3945,
    0x3965,0x3945,0x3124,0x28e3,0x3923,0x4964,0x59a5,0x0000,0x0820,0x59a5,0x28c2,0x0000,0x0000,0x0000,0x0000,0x0000,0x0000,0x0000,0x0000,0x0000,0x0000,0x0000,0x0000,0x0000,
    0x0000,0x0000,0x0000,0x0000,0x0000,0x0000,0x0000,0x0000,0x0000,0x0000,0x0000,0x0000,0x0000,0x0000,0x0000,0x0000,0x0000,0x0000,0x0000,0x0000,0x0000,0x0000,0x0000,0x0000,
    0x0000,0x0000,0x0000,0x0000,0x0000,0x0000,0x0000,0x0000,0x0000,0x0000,0x0000,0x0000,0x0000,0x0000,0x0000,0x0000,0x0000,0x0000,0x0000,0x0000,0x0000,0x0000,0x0000,0x0000,
    0x0000,0x0000,0x0000,0x0000,0x0000,0x0000,0x0000,0x0000,0x0000,0x0000,0x0000,0x0000,0x0000,0x0000,0x0000,0x0000,0x0000,0x0000,0x0000,0x0000,0x0000,0x0000,0x0000,0x0000,
    0x0000,0x0000,0x0000,0x0000,0x0000,0x30e3,0x4964,0x0000,0x20a2,0x61c6,0x4144,0x49a5,0x59c5,0x4164,0x3103,0x30e2,0x3103,0x4164,0x3944,0x28c2,0x59c6,0x6206,0x3923,0x28c2,
    0x30e2,0x28e2,0x20c2,0x3945,0x3145,0x3145,0x3144,0x3144,0x2924,0x5903,0x9924,0x4104,0x3965,0x3945,0x3945,0x3945,0x3965,0x3945,0x3144,0x3144,0x3144,0x3144,0x3145,0x3145,
    0x3945,0x2924,0x6904,0x7104,0x2903,0x3124,0x2904,0x3924,0x4984,0x3923,0x3923,0x28e3,0x2904,0x3124,0x3124,0x3144,0x3124,0x3124,0x2904,0x20c2,0x3103,0x4144,0x61e6,0x1861,
    0x0000,0x3923,0x4984,0x0000,0x0000,0x0000,0x0000,0x0000,0x0000,0x0000,0x0000,0x0000,0x0000,0x0000,0x0000,0x0000,0x0000,0x0000,0x0000,0x0000,0x0000,0x0000,0x0000,0x0000,
    0x0000,0x0000,0x0000,0x0000,0x0000,0x0000,0x0000,0x0000,0x0000,0x0000,0x0000,0x0000,0x0000,0x0000,0x0000,0x0000,0x0000,0x0000,0x0000,0x0000,0x0000,0x0000,0x0000,0x0000,
    0x0000,0x0000,0x0000,0x0000,0x0000,0x0000,0x0000,0x0000,0x0000,0x0000,0x0000,0x0000,0x0000,0x0000,0x0000,0x0000,0x0000,0x0000,0x0000,0x0000,0x0000,0x0000,0x0000,0x0000,
    0x0000,0x0000,0x0000,0x0000,0x0000,0x0000,0x0000,0x0000,0x0000,0x0000,0x0000,0x0000,0x0000,0x0000,0x0000,0x0000,0x0000,0x0000,0x0000,0x0000,0x0000,0x5164,0x2081,0x0000,
    0x4123,0x59c6,0x4164,0x51c5,0x51c5,0x3924,0x30e3,0x3103,0x3103,0x3923,0x4144,0x20c2,0x3944,0x6a06,0x4985,0x28c2,0x30e2,0x20a2,0x28e3,0x3945,0x3145,0x3945,0x3124,0x3124,
    0x2904,0x5104,0x9124,0x38c3,0x2944,0x3165,0x3965,0x3945,0x3945,0x3945,0x3144,0x3144,0x3945,0x3945,0x3945,0x3945,0x3145,0x2124,0x48e3,0x58e3,0x2903,0x2904,0x2904,0x4164,
    0x4164,0x28e3,0x30e2,0x28c2,0x3145,0x3965,0x3945,0x3945,0x3124,0x3124,0x3144,0x20e3,0x30e3,0x3923,0x61e6,0x3103,0x0000,0x1061,0x61e6,0x1881,0x0000,0x0000,0x0000,0x0000,
    0x0000,0x0000,0x0000,0x0000,0x0000,0x0000,0x0000,0x0000,0x0000,0x0000,0x0000,0x0000,0x0000,0x0000,0x0000,0x0000,0x0000,0x0000,0x0000,0x0000,0x0000,0x0000,0x0000,0x0000,
    0x0000,0x0000,0x0000,0x0000,0x0000,0x0000,0x0000,0x0000,0x0000,0x0000,0x0000,0x0000,0x0000,0x0000,0x0000,0x0000,0x0000,0x0000,0x0000,0x0000,0x0000,0x0000,0x0000,0x0000,
    0x0000,0x0000,0x0000,0x0000,0x0000,0x0000,0x0000,0x0000,0x0000,0x0000,0x0000,0x0000,0x0000,0x0000,0x0000,0x0000,0x0000,0x0000,0x0000,0x0000,0x0000,0x0000,0x0000,0x0000,
    0x0000,0x0000,0x0000,0x0000,0x0000,0x0000,0x0000,0x0000,0x0000,0x0000,0x0000,0x0000,0x20a2,0x4144,0x0000,0x0820,0x59a5,0x51a5,0x4164,0x59e6,0x51a5,0x3923,0x30e2,0x3103,
    0x30e3,0x3923,0x3923,0x28e2,0x20c2,0x4985,0x61e6,0x3103,0x30e2,0x20a2,0x3124,0x3965,0x3945,0x3945,0x3124,0x2903,0x2103,0x58e3,0x9104,0x70e3,0x6103,0x4924,0x3124,0x3165,
    0x3144,0x3124,0x3144,0x3124,0x3945,0x3965,0x3165,0x3124,0x4904,0x50e3,0x58c3,0x70e3,0x3103,0x20c3,0x2903,0x3923,0x3923,0x2903,0x3103,0x20a2,0x3144,0x3965,0x3945,0x3965,
    0x3945,0x3945,0x3945,0x2903,0x3944,0x3944,0x59c6,0x4985,0x0000,0x0000,0x4964,0x4144,0x0000,0x0000,0x0000,0x0000,0x0000,0x0000,0x0000,0x0000,0x0000,0x0000,0x0000,0x0000,
    0x0000,0x0000,0x0000,0x0000,0x0000,0x0000,0x0000,0x0000,0x0000,0x0000,0x0000,0x0000,0x0000,0x0000,0x0000,0x0000,0x0000,0x0000,0x0000,0x0000,0x0000,0x0000,0x0000,0x0000,
    0x0000,0x0000,0x0000,0x0000,0x0000,0x0000,0x0000,0x0000,0x0000,0x0000,0x0000,0x0000,0x0000,0x0000,0x0000,0x0000,0x0000,0x0000,0x0000,0x0000,0x0000,0x0000,0x0000,0x0000,
    0x0000,0x0000,0x0000,0x0000,0x0000,0x0000,0x0000,0x0000,0x0000,0x0000,0x0000,0x0000,0x0000,0x0000,0x0000,0x0000,0x0000,0x0000,0x0000,0x0000,0x0000,0x0000,0x0000,0x0000,
    0x0000,0x0000,0x0000,0x0000,0x4944,0x20a2,0x0000,0x20a2,0x61e6,0x4164,0x4164,0x61e6,0x51a5,0x3923,0x28e2,0x3103,0x28e3,0x3103,0x3923,0x28e2,0x28e2,0x28e2,0x59c5,0x4144,
    0x28c2,0x20a2,0x3144,0x3965,0x3945,0x3144,0x3124,0x18c2,0x48e3,0x9924,0x9124,0x9124,0x9924,0x9924,0x8124,0x5124,0x3144,0x3145,0x3124,0x3144,0x3165,0x3924,0x6104,0x8104,
    0x9124,0x9124,0x8904,0x9104,0x48c3,0x18a2,0x3124,0x3923,0x3944,0x3124,0x20c2,0x1881,0x3124,0x3965,0x3945,0x3945,0x3945,0x3945,0x3124,0x20c2,0x4164,0x3923,0x4984,0x59c5,
    0x1041,0x0000,0x1881,0x61c6,0x0820,0x0000,0x0000,0x0000,0x0000,0x0000,0x0000,0x0000,0x0000,0x0000,0x0000,0x0000,0x0000,0x0000,0x0000,0x0000,0x0000,0x0000,0x0000,0x0000,
    0x0000,0x0000,0x0000,0x0000,0x0000,0x0000,0x0000,0x0000,0x0000,0x0000,0x0000,0x0000,0x0000,0x0000,0x0000,0x0000,0x0000,0x0000,0x0000,0x0000,0x0000,0x0000,0x0000,0x0000,
    0x0000,0x0000,0x0000,0x0000,0x0000,0x0000,0x0000,0x0000,0x0000,0x0000,0x0000,0x0000,0x0000,0x0000,0x0000,0x0000,0x0000,0x0000,0x0000,0x0000,0x0000,0x0000,0x0000,0x0000,
    0x0000,0x0000,0x0000,0x0000,0x0000,0x0000,0x0000,0x0000,0x0000,0x0000,0x0000,0x0000,0x0000,0x0000,0x0000,0x0000,0x0000,0x0000,0x0000,0x1881,0x4144,0x0000,0x0000,0x3923,
    0x61e6,0x4144,0x4985,0x61e6,0x4985,0x3923,0x28e2,0x3103,0x30e3,0x30e3,0x3944,0x28e2,0x28e2,0x28e2,0x3103,0x4984,0x28e2,0x20c2,0x3965,0x3965,0x3145,0x3145,0x2904,0x28a2,
    0x8904,0x9145,0x9124,0x9124,0x9124,0x9125,0x9945,0x9945,0x7924,0x4924,0x2904,0x3103,0x6104,0x8904,0x9924,0x9924,0x9144,0x9124,0x9124,0x9925,0x88e3,0x28a2,0x3103,0x3103,
    0x3144,0x28e3,0x28e3,0x18a2,0x3124,0x3965,0x3945,0x3145,0x3145,0x3945,0x3124,0x20a2,0x49a5,0x4144,0x4144,0x61e6,0x28c2,0x0000,0x0000,0x4985,0x30e3,0x0000,0x0000,0x0000,
    0x0000,0x0000,0x0000,0x0000,0x0000,0x0000,0x0000,0x0000,0x0000,0x0000,0x0000,0x0000,0x0000,0x0000,0x0000,0x0000,0x0000,0x0000,0x0000,0x0000,0x0000,0x0000,0x0000,0x0000,
    0x0000,0x0000,0x0000,0x0000,0x0000,0x0000,0x0000,0x0000,0x0000,0x0000,0x0000,0x0000,0x0000,0x0000,0x0000,0x0000,0x0000,0x0000,0x0000,0x0000,0x0000,0x0000,0x0000,0x0000,
    0x0000,0x0000,0x0000,0x0000,0x0000,0x0000,0x0000,0x0000,0x0000,0x0000,0x0000,0x0000,0x0000,0x0000,0x0000,0x0000,0x0000,0x0000,0x0000,0x0000,0x0000,0x0000,0x0000,0x0000,
    0x0000,0x0000,0x0000,0x0000,0x0000,0x0000,0x0000,0x0000,0x0000,0x0000,0x0000,0x3923,0x20a1,0x0000,0x0820,0x51a5,0x51a5,0x3944,0x51a5,0x59e6,0x4985,0x4144,0x28e2,0x3103,
    0x3103,0x28e2,0x3944,0x28e2,0x28e2,0x28e2,0x28c2,0x3103,0x28e2,0x20e3,0x3965,0x3945,0x3144,0x3945,0x2103,0x50a2,0x9924,0x9124,0x9124,0x9124,0x9145,0x9145,0x9125,0x9145,
    0x9945,0x8904,0x50c3,0x68e3,0x9124,0x9945,0x9145,0x9124,0x9124,0x9124,0x9124,0x9124,0x9924,0x50c3,0x2903,0x3945,0x3945,0x3144,0x28e3,0x20c3,0x3124,0x3945,0x3945,0x3145,
    0x3145,0x3945,0x2903,0x20a2,0x51a5,0x4164,0x3944,0x59c6,0x4144,0x0000,0x0000,0x20a2,0x51a5,0x0000,0x0000,0x0000,0x0000,0x0000,0x0000,0x0000,0x0000,0x0000,0x0000,0x0000,
    0x0000,0x0000,0x0000,0x0000,0x0000,0x0000,0x0000,0x0000,0x0000,0x0000,0x0000,0x0000,0x0000,0x0000,0x0000,0x0000,0x0000,0x0000,0x0000,0x0000,0x0000,0x0000,0x0000,0x0000,
    0x0000,0x0000,0x0000,0x0000,0x0000,0x0000,0x0000,0x0000,0x0000,0x0000,0x0000,0x0000,0x0000,0x0000,0x0000,0x0000,0x0000,0x0000,0x0000,0x0000,0x0000,0x0000,0x0000,0x0000,
    0x0000,0x0000,0x0000,0x0000,0x0000,0x0000,0x0000,0x0000,0x0000,0x0000,0x0000,0x0000,0x0000,0x0000,0x0000,0x0000,0x0000,0x0000,0x0000,0x0000,0x0000,0x0000,0x0000,0x0000,
    0x0000,0x0000,0x1061,0x4944,0x0000,0x0000,0x20a1,0x59c5,0x4164,0x4144,0x59e6,0x59c5,0x4985,0x4144,0x28e2,0x3103,0x3103,0x28c2,0x3923,0x30e3,0x28e2,0x28e2,0x28c2,0x3103,
    0x20a2,0x2904,0x3965,0x3965,0x3144,0x3144,0x28c3,0x68c3,0x9124,0x9124,0x9124,0x9124,0x9145,0x9124,0x9124,0x9125,0x9124,0x4903,0x38c2,0x78e3,0x9124,0x9945,0x9145,0x9145,
    0x9124,0x9124,0x9124,0x9124,0x9124,0x60c3,0x20c2,0x3144,0x3124,0x2904,0x20a2,0x3124,0x3944,0x3965,0x3945,0x3145,0x3145,0x3965,0x28e3,0x20c2,0x51a5,0x51a5,0x3923,0x5185,
    0x61e6,0x1041,0x0000,0x0000,0x51a5,0x20a2,0x0000,0x0000,0x0000,0x0000,0x0000,0x0000,0x0000,0x0000,0x0000,0x0000,0x0000,0x0000,0x0000,0x0000,0x0000,0x0000,0x0000,0x0000,
    0x0000,0x0000,0x0000,0x0000,0x0000,0x0000,0x0000,0x0000,0x0000,0x0000,0x0000,0x0000,0x0000,0x0000,0x0000,0x0000,0x0000,0x0000,0x0000,0x0000,0x0000,0x0000,0x0000,0x0000,
    0x0000,0x0000,0x0000,0x0000,0x0000,0x0000,0x0000,0x0000,0x0000,0x0000,0x0000,0x0000,0x0000,0x0000,0x0000,0x0000,0x0000,0x0000,0x0000,0x0000,0x0000,0x0000,0x0000,0x0000,
    0x0000,0x0000,0x0000,0x0000,0x0000,0x0000,0x0000,0x0000,0x0000,0x0000,0x0000,0x0000,0x0000,0x0000,0x0000,0x0000,0x0000,0x0000,0x4144,0x28c2,0x0000,0x0000,0x4144,0x59a5,
    0x3944,0x4164,0x59e6,0x51a5,0x51a5,0x4144,0x30e2,0x3103,0x3103,0x28c2,0x3103,0x3103,0x28e2,0x28e2,0x28c2,0x3103,0x20c2,0x3144,0x3965,0x3965,0x3945,0x2924,0x28a2,0x70c3,
    0x9924,0x9124,0x9124,0x9124,0x9124,0x9124,0x9124,0x9125,0x9124,0x8924,0x50a2,0x8924,0x9945,0x9144,0x9145,0x9124,0x9124,0x9124,0x9124,0x9124,0x9924,0x78e3,0x2082,0x28e3,
    0x2903,0x2904,0x20e3,0x3965,0x3945,0x3965,0x3945,0x3145,0x3945,0x3965,0x20c3,0x28e2,0x4964,0x59c6,0x3923,0x4144,0x6a06,0x30e2,0x0000,0x0000,0x30e3,0x4124,0x0000,0x0000,
    0x0000,0x0000,0x0000,0x0000,0x0000,0x0000,0x0000,0x0000,0x0000,0x0000,0x0000,0x0000,0x0000,0x0000,0x0000,0x0000,0x0000,0x0000,0x0000,0x0000,0x0000,0x0000,0x0000,0x0000,
    0x0000,0x0000,0x0000,0x0000,0x0000,0x0000,0x0000,0x0000,0x0000,0x0000,0x0000,0x0000,0x0000,0x0000,0x0000,0x0000,0x0000,0x0000,0x0000,0x0000,0x0000,0x0000,0x0000,0x0000,
    0x0000,0x0000,0x0000,0x0000,0x0000,0x0000,0x0000,0x0000,0x0000,0x0000,0x0000,0x0000,0x0000,0x0000,0x0000,0x0000,0x0000,0x0000,0x0000,0x0000,0x0000,0x0000,0x0000,0x0000,
    0x0000,0x0000,0x0000,0x0000,0x0000,0x0000,0x0000,0x0000,0x0000,0x1061,0x4964,0x0000,0x0000,0x1040,0x59a5,0x4984,0x3944,0x4985,0x59e6,0x4985,0x51a5,0x4144,0x3103,0x3103,
    0x3103,0x28e2,0x30e3,0x3103,0x28e2,0x28e2,0x28c2,0x30e2,0x20c2,0x3945,0x3945,0x3945,0x3145,0x2904,0x28a2,0x68c3,0x8904,0x9124,0x8924,0x9124,0x9124,0x9124,0x9124,0x9124,
    0x9124,0x9124,0x60e3,0x8924,0x9945,0x9124,0x9124,0x9124,0x9124,0x9124,0x9124,0x9124,0x8904,0x60a2,0x2082,0x2903,0x3945,0x28e3,0x28e3,0x3965,0x3965,0x3965,0x3945,0x3145,
    0x3965,0x3144,0x20a2,0x3103,0x3944,0x59e6,0x3944,0x3944,0x59c5,0x5185,0x0000,0x0000,0x0840,0x5185,0x1041,0x0000,0x0000,0x0000,0x0000,0x0000,0x0000,0x0000,0x0000,0x0000,
    0x0000,0x0000,0x0000,0x0000,0x0000,0x0000,0x0000,0x0000,0x0000,0x0000,0x0000,0x0000,0x0000,0x0000,0x0000,0x0000,0x0000,0x0000,0x0000,0x0000,0x0000,0x0000,0x0000,0x0000,
    0x0000,0x0000,0x0000,0x0000,0x0000,0x0000,0x0000,0x0000,0x0000,0x0000,0x0000,0x0000,0x0000,0x0000,0x0000,0x0000,0x0000,0x0000,0x0000,0x0000,0x0000,0x0000,0x0000,0x0000,
    0x0000,0x0000,0x0000,0x0000,0x0000,0x0000,0x0000,0x0000,0x0000,0x0000,0x0000,0x0000,0x0000,0x0000,0x0000,0x0000,0x0000,0x0000,0x0000,0x0000,0x0000,0x0000,0x0000,0x0000,
    0x0000,0x3923,0x28c2,0x0000,0x0000,0x30e2,0x61e6,0x4144,0x4144,0x51c5,0x59e6,0x4984,0x51a5,0x4144,0x3103,0x3923,0x3103,0x28e2,0x28e3,0x3923,0x30e3,0x28e2,0x28c2,0x28c2,
    0x20c3,0x3965,0x3945,0x3945,0x3145,0x2904,0x28a2,0x68a2,0x68c3,0x70e3,0x78e3,0x8904,0x9124,0x9124,0x9124,0x9144,0x9124,0x9924,0x48c2,0x70e3,0x9124,0x9124,0x9124,0x9124,
    0x9124,0x9124,0x8904,0x80e4,0x70c3,0x5882,0x20a2,0x2904,0x2903,0x20c3,0x28e3,0x3965,0x3945,0x3965,0x3945,0x3145,0x3945,0x3124,0x18a2,0x3103,0x3923,0x61e6,0x4985,0x3923,
    0x4985,0x6a06,0x1881,0x0000,0x0000,0x4143,0x3903,0x0000,0x0000,0x0000,0x0000,0x0000,0x0000,0x0000,0x0000,0x0000,0x0000,0x0000,0x0000,0x0000,0x0000,0x0000,0x0000,0x0000,
    0x0000,0x0000,0x0000,0x0000,0x0000,0x0000,0x0000,0x0000,0x0000,0x0000,0x0000,0x0000,0x0000,0x0000,0x0000,0x0000,0x0000,0x0000,0x0000,0x0000,0x0000,0x0000,0x0000,0x0000,
    0x0000,0x0000,0x0000,0x0000,0x0000,0x0000,0x0000,0x0000,0x0000,0x0000,0x0000,0x0000,0x0000,0x0000,0x0000,0x0000,0x0000,0x0000,0x0000,0x0000,0x0000,0x0000,0x0000,0x0000,
    0x0000,0x0000,0x0000,0x0000,0x0000,0x0000,0x0000,0x0000,0x0000,0x0000,0x0000,0x0000,0x0000,0x0000,0x0000,0x0000,0x0820,0x3903,0x0000,0x0000,0x0000,0x51a5,0x51a5,0x4144,
    0x4164,0x59c5,0x59c6,0x4164,0x59c6,0x4144,0x3103,0x3123,0x3103,0x28e2,0x28e2,0x3923,0x3103,0x28c2,0x28c2,0x20c2,0x28e3,0x3965,0x3945,0x3945,0x3945,0x2904,0x20c3,0x50a2,
    0x68c3,0x60c3,0x68c3,0x68c3,0x70e3,0x70e3,0x70e3,0x7903,0x8904,0x58e3,0x3881,0x58a2,0x78e3,0x8104,0x80e3,0x78e3,0x70e3,0x68c3,0x68c3,0x60a3,0x68c3,0x4882,0x18c2,0x28e3,
    0x20e3,0x28e3,0x20c3,0x3945,0x3965,0x3965,0x3945,0x3945,0x3144,0x28e3,0x20a2,0x3923,0x3123,0x59c6,0x51a5,0x3923,0x4164,0x6206,0x3923,0x0000,0x0000,0x1881,0x4144,0x0820,
    0x0000,0x0000,0x0000,0x0000,0x0000,0x0000,0x0000,0x0000,0x0000,0x0000,0x0000,0x0000,0x0000,0x0000,0x0000,0x0000,0x0000,0x0000,0x0000,0x0000,0x0000,0x0000,0x0000,0x0000,
    0x0000,0x0000,0x0000,0x0000,0x0000,0x0000,0x0000,0x0000,0x0000,0x0000,0x0000,0x0000,0x0000,0x0000,0x0000,0x0000,0x0000,0x0000,0x0000,0x0000,0x0000,0x0000,0x0000,0x0000,
    0x0000,0x0000,0x0000,0x0000,0x0000,0x0000,0x0000,0x0000,0x0000,0x0000,0x0000,0x0000,0x0000,0x0000,0x0000,0x0000,0x0000,0x0000,0x0000,0x0000,0x0000,0x0000,0x0000,0x0000,
    0x0000,0x0000,0x0000,0x0000,0x0000,0x0000,0x0000,0x0000,0x28c2,0x2081,0x0000,0x0000,0x20a2,0x61c6,0x4164,0x4144,0x4984,0x59c6,0x59c5,0x4164,0x59c6,0x3944,0x3103,0x3103,
    0x3103,0x28e2,0x28e2,0x3103,0x3103,0x28c2,0x28e2,0x20a2,0x3104,0x3945,0x3144,0x3965,0x3945,0x2903,0x20c3,0x3082,0x68a3,0x68c3,0x60c3,0x60a3,0x60a3,0x60a3,0x60a3,0x60a3,
    0x60a3,0x50a2,0x3061,0x60a2,0x60a2,0x60a2,0x60a2,0x60a2,0x60a2,0x58a2,0x58a2,0x68c3,0x68a3,0x2881,0x18a2,0x20c3,0x28e3,0x2904,0x20c3,0x3144,0x3965,0x3945,0x3945,0x3945,
    0x3124,0x20c3,0x20c2,0x3923,0x3123,0x51a5,0x59e6,0x4144,0x4144,0x59c5,0x59c5,0x0820,0x0000,0x0820,0x4964,0x1881,0x0000,0x0000,0x0000,0x0000,0x0000,0x0000,0x0000,0x0000,
    0x0000,0x0000,0x0000,0x0000,0x0000,0x0000,0x0000,0x0000,0x0000,0x0000,0x0000,0x0000,0x0000,0x0000,0x0000,0x0000,0x0000,0x0000,0x0000,0x0000,0x0000,0x0000,0x0000,0x0000,
    0x0000,0x0000,0x0000,0x0000,0x0000,0x0000,0x0000,0x0000,0x0000,0x0000,0x0000,0x0000,0x0000,0x0000,0x0000,0x0000,0x0000,0x0000,0x0000,0x0000,0x0000,0x0000,0x0000,0x0000,
    0x0000,0x0000,0x0000,0x0000,0x0000,0x0000,0x0000,0x0000,0x0000,0x0000,0x0000,0x0000,0x0000,0x0000,0x0000,0x0000,0x0000,0x0000,0x0000,0x0000,0x0000,0x0000,0x0000,0x0820,
    0x4144,0x0020,0x0000,0x0000,0x4944,0x59a5,0x4144,0x3903,0x4985,0x59e6,0x51c5,0x4164,0x59c6,0x3923,0x3103,0x3103,0x3923,0x28e2,0x28e3,0x3103,0x30e3,0x28c2,0x28e2,0x20a2,
    0x3124,0x3144,0x3144,0x3965,0x3965,0x2903,0x20c3,0x1061,0x5882,0x70c3,0x60a2,0x60a2,0x60a3,0x60a3,0x68c3,0x60a3,0x58a2,0x60a2,0x4061,0x60a2,0x58a2,0x58a2,0x60a2,0x60a3,
    0x60a3,0x60a2,0x60c3,0x60a3,0x3881,0x20c2,0x28e2,0x18a2,0x20c3,0x3104,0x2903,0x3124,0x3965,0x3945,0x3965,0x3124,0x28e3,0x20a2,0x3103,0x3923,0x3103,0x4985,0x61e6,0x4164,
    0x3944,0x4984,0x6a06,0x28c2,0x0000,0x0000,0x4123,0x3103,0x0000,0x0000,0x0000,0x0000,0x0000,0x0000,0x0000,0x0000,0x0000,0x0000,0x0000,0x0000,0x0000,0x0000,0x0000,0x0000,
    0x0000,0x0000,0x0000,0x0000,0x0000,0x0000,0x0000,0x0000,0x0000,0x0000,0x0000,0x0000,0x0000,0x0000,0x0000,0x0000,0x0000,0x0000,0x0000,0x0000,0x0000,0x0000,0x0000,0x0000,
    0x0000,0x0000,0x0000,0x0000,0x0000,0x0000,0x0000,0x0000,0x0000,0x0000,0x0000,0x0000,0x0000,0x0000,0x0000,0x0000,0x0000,0x0000,0x0000,0x0000,0x0000,0x0000,0x0000,0x0000,
    0x0000,0x0000,0x0000,0x0000,0x0000,0x0000,0x0000,0x0000,0x0000,0x0000,0x0000,0x0000,0x0000,0x0000,0x0000,0x28c2,0x28c2,0x0000,0x0000,0x1861,0x61c5,0x4985,0x3944,0x3103,
    0x51a5,0x59e6,0x51c5,0x4144,0x51c5,0x3103,0x3103,0x3103,0x3923,0x28e2,0x28e2,0x3103,0x3103,0x28e2,0x20c2,0x18a2,0x3944,0x3944,0x3124,0x3945,0x3965,0x2904,0x20a2,0x1861,
    0x58a2,0x68a2,0x60a2,0x5882,0x58a2,0x58a2,0x58a2,0x58a2,0x58a2,0x40c3,0x48a2,0x48a2,0x58a2,0x58a2,0x58a2,0x60a2,0x60a3,0x60a2,0x60a3,0x4862,0x2081,0x28e2,0x28e2,0x28e2,
    0x1882,0x20e3,0x2904,0x2904,0x3965,0x3945,0x3945,0x2904,0x18a2,0x20a2,0x3943,0x3923,0x3103,0x4164,0x6206,0x4985,0x3944,0x4164,0x61e6,0x5185,0x0000,0x0000,0x28c2,0x4144,
    0x0820,0x0000,0x0000,0x0000,0x0000,0x0000,0x0000,0x0000,0x0000,0x0000,0x0000,0x0000,0x0000,0x0000,0x0000,0x0000,0x0000,0x0000,0x0000,0x0000,0x0000,0x0000,0x0000,0x0000,
    0x0000,0x0000,0x0000,0x0000,0x0000,0x0000,0x0000,0x0000,0x0000,0x0000,0x0000,0x0000,0x0000,0x0000,0x0000,0x0000,0x0000,0x0000,0x0000,0x0000,0x0000,0x0000,0x0000,0x0000,
    0x0000,0x0000,0x0000,0x0000,0x0000,0x0000,0x0000,0x0000,0x0000,0x0000,0x0000,0x0000,0x0000,0x0000,0x0000,0x0000,0x0000,0x0000,0x0000,0x0000,0x0000,0x0000,0x0000,0x0000,
    0x0000,0x0000,0x0000,0x0000,0x0000,0x0000,0x0000,0x4123,0x1061,0x0000,0x0000,0x3923,0x69e6,0x4964,0x3923,0x3903,0x59c6,0x59e6,0x51a5,0x3944,0x51a5,0x3103,0x3103,0x3103,
    0x3123,0x28e2,0x30e3,0x3103,0x3103,0x28c2,0x18a2,0x2924,0x3965,0x3945,0x2903,0x3144,0x3965,0x2904,0x20a2,0x18a1,0x3882,0x68a3,0x68a3,0x70c3,0x68a3,0x70e3,0x70c3,0x70e3,
    0x8124,0x5903,0x48a2,0x60c3,0x70e3,0x70e3,0x68c3,0x60a2,0x58a2,0x60a3,0x68c3,0x4882,0x20a2,0x28e2,0x28c2,0x28c2,0x28c2,0x18a2,0x20c2,0x2903,0x3945,0x3965,0x3945,0x20e3,
    0x18a2,0x3103,0x3923,0x3923,0x3103,0x3944,0x61e6,0x51a5,0x3944,0x4144,0x51a5,0x61e6,0x20a1,0x0000,0x1881,0x4123,0x1861,0x0000,0x0000,0x0000,0x0000,0x0000,0x0000,0x0000,
    0x0000,0x0000,0x0000,0x0000,0x0000,0x0000,0x0000,0x0000,0x0000,0x0000,0x0000,0x0000,0x0000,0x0000,0x0000,0x0000,0x0000,0x0000,0x0000,0x0000,0x0000,0x0000,0x0000,0x0000,
    0x0000,0x0000,0x0000,0x0000,0x0000,0x0000,0x0000,0x0000,0x0000,0x0000,0x0000,0x0000,0x0000,0x0000,0x0000,0x0000,0x0000,0x0000,0x0000,0x0000,0x0000,0x0000,0x0000,0x0000,
    0x0000,0x0000,0x0000,0x0000,0x0000,0x0000,0x0000,0x0000,0x0000,0x0000,0x0000,0x0000,0x0000,0x0000,0x0000,0x0000,0x0000,0x0000,0x0000,0x0000,0x0000,0x0000,0x2081,0x4123,
    0x0000,0x0000,0x0820,0x51a5,0x59c5,0x4184,0x3103,0x3944,0x59e6,0x59e6,0x4985,0x3943,0x51a5,0x3923,0x3123,0x3103,0x3123,0x28e2,0x30e3,0x3103,0x3103,0x28c2,0x20c2,0x3144,
    0x3944,0x3945,0x2904,0x3124,0x3945,0x2904,0x1882,0x20a2,0x2881,0x70c3,0x8904,0x9104,0x9924,0x9924,0x9124,0x9124,0x9945,0x78e3,0x4061,0x88e3,0x9124,0x9124,0x9124,0x8104,
    0x80e3,0x70c3,0x68a3,0x3081,0x20c2,0x28e2,0x28c2,0x28c2,0x28e2,0x28c2,0x1881,0x18a2,0x2904,0x3945,0x3124,0x18a2,0x3103,0x3923,0x3103,0x3923,0x3123,0x3923,0x59e6,0x59c6,
    0x4144,0x3944,0x4964,0x61e6,0x4944,0x0000,0x1040,0x3923,0x30e2,0x0000,0x0000,0x0000,0x0000,0x0000,0x0000,0x0000,0x0000,0x0000,0x0000,0x0000,0x0000,0x0000,0x0000,0x0000,
    0x0000,0x0000,0x0000,0x0000,0x0000,0x0000,0x0000,0x0000,0x0000,0x0000,0x0000,0x0000,0x0000,0x0000,0x0000,0x0000,0x0000,0x0000,0x0000,0x0000,0x0000,0x0000,0x0000,0x0000,
    0x0000,0x0000,0x0000,0x0000,0x0000,0x0000,0x0000,0x0000,0x0000,0x0000,0x0000,0x0000,0x0000,0x0000,0x0000,0x0000,0x0000,0x0000,0x0000,0x0000,0x0000,0x0000,0x0000,0x0000,
    0x0000,0x0000,0x0000,0x0000,0x0000,0x0000,0x0000,0x0000,0x0000,0x0000,0x0000,0x0000,0x0000,0x0000,0x3903,0x30e2,0x0000,0x0000,0x28a2,0x61e6,0x49a5,0x4164,0x30e3,0x4984,
    0x61e6,0x59c5,0x4164,0x4144,0x51a5,0x3103,0x3123,0x3103,0x3923,0x28e2,0x30e3,0x3103,0x3103,0x20c2,0x20a2,0x3144,0x3124,0x3965,0x3944,0x2904,0x3124,0x28e3,0x1881,0x20c2,
    0x2881,0x70c3,0x9124,0x9124,0x9124,0x9124,0x9124,0x9124,0x9944,0x70e3,0x58c2,0x9924,0x9124,0x8924,0x9124,0x9124,0x8904,0x8904,0x60a2,0x2881,0x28e2,0x28e2,0x28c2,0x28e2,
    0x28e2,0x28c2,0x28e2,0x28c2,0x20a2,0x18a2,0x18a2,0x28c2,0x3923,0x3944,0x3103,0x3923,0x3923,0x3923,0x51c5,0x61e6,0x4164,0x3944,0x4144,0x59c5,0x59c5,0x0840,0x0820,0x3923,
    0x3903,0x0000,0x0000,0x0000,0x0000,0x0000,0x0000,0x0000,0x0000,0x0000,0x0000,0x0000,0x0000,0x0000,0x0000,0x0000,0x0000,0x0000,0x0000,0x0000,0x0000,0x0000,0x0000,0x0000,
    0x0000,0x0000,0x0000,0x0000,0x0000,0x0000,0x0000,0x0000,0x0000,0x0000,0x0000,0x0000,0x0000,0x0000,0x0000,0x0000,0x0000,0x0000,0x0000,0x0000,0x0000,0x0000,0x0000,0x0000,
    0x0000,0x0000,0x0000,0x0000,0x0000,0x0000,0x0000,0x0000,0x0000,0x0000,0x0000,0x0000,0x0000,0x0000,0x0000,0x0000,0x0000,0x0000,0x0000,0x0000,0x0000,0x0000,0x0000,0x0000,
    0x0000,0x0000,0x0000,0x0000,0x0000,0x0820,0x4123,0x1881,0x0000,0x0000,0x4944,0x59c5,0x4984,0x3923,0x30e3,0x51a5,0x59e6,0x59c6,0x4164,0x4144,0x51a5,0x3103,0x3103,0x3103,
    0x3923,0x28e2,0x30e3,0x3103,0x3103,0x20a2,0x2904,0x3945,0x3144,0x3945,0x3945,0x3124,0x2903,0x28e3,0x20a2,0x20a2,0x4082,0x68c3,0x68c3,0x8904,0x8904,0x8904,0x9124,0x9924,
    0x6124,0x50e3,0x68e3,0x7904,0x8924,0x9124,0x8924,0x8904,0x8104,0x78e3,0x5882,0x20a1,0x28e2,0x28e2,0x28e2,0x28e2,0x30e3,0x28c2,0x28c2,0x30e3,0x30e3,0x28e2,0x28e2,0x28e3,
    0x3103,0x3943,0x3103,0x3923,0x3923,0x3923,0x4985,0x6206,0x4984,0x4144,0x3924,0x5185,0x61e6,0x30e2,0x0000,0x3923,0x3923,0x0820,0x0000,0x0000,0x0000,0x0000,0x0000,0x0000,
    0x0000,0x0000,0x0000,0x0000,0x0000,0x0000,0x0000,0x0000,0x0000,0x0000,0x0000,0x0000,0x0000,0x0000,0x0000,0x0000,0x0000,0x0000,0x0000,0x0000,0x0000,0x0000,0x0000,0x0000,
    0x0000,0x0000,0x0000,0x0000,0x0000,0x0000,0x0000,0x0000,0x0000,0x0000,0x0000,0x0000,0x0000,0x0000,0x0000,0x0000,0x0000,0x0000,0x0000,0x0000,0x0000,0x0000,0x0000,0x0000,
    0x0000,0x0000,0x0000,0x0000,0x0000,0x0000,0x0000,0x0000,0x0000,0x0000,0x0000,0x0000,0x0000,0x0000,0x0000,0x0000,0x0000,0x0000,0x0000,0x0000,0x0000,0x2081,0x3903,0x1040,
    0x0000,0x20a2,0x61c5,0x5185,0x4164,0x3103,0x3103,0x51c5,0x59c6,0x59c6,0x4144,0x4144,0x51a5,0x3103,0x3103,0x3103,0x3923,0x28e2,0x28e3,0x3103,0x30e2,0x20a2,0x3965,0x3945,
    0x3145,0x3145,0x3145,0x3144,0x3104,0x20c3,0x20a2,0x20a2,0x4882,0x68c3,0x80e3,0x8104,0x8904,0x8924,0x8924,0x9124,0x7924,0x60e3,0x68e3,0x8924,0x8924,0x9124,0x8904,0x8104,
    0x8104,0x80e3,0x70a2,0x3081,0x20c2,0x28e2,0x28e2,0x28e2,0x28e3,0x28c2,0x20c2,0x28e2,0x30e3,0x3103,0x30e3,0x28e2,0x3103,0x3923,0x3103,0x3923,0x3923,0x3103,0x4164,0x6a06,
    0x51a5,0x4164,0x4144,0x4164,0x59e6,0x5184,0x1040,0x3103,0x3923,0x1861,0x0000,0x0000,0x0000,0x0000,0x0000,0x0000,0x0000,0x0000,0x0000,0x0000,0x0000,0x0000,0x0000,0x0000,
    0x0000,0x0000,0x0000,0x0000,0x0000,0x0000,0x0000,0x0000,0x0000,0x0000,0x0000,0x0000,0x0000,0x0000,0x0000,0x0000,0x0000,0x0000,0x0000,0x0000,0x0000,0x0000,0x0000,0x0000,
    0x0000,0x0000,0x0000,0x0000,0x0000,0x0000,0x0000,0x0000,0x0000,0x0000,0x0000,0x0000,0x0000,0x0000,0x0000,0x0000,0x0000,0x0000,0x0000,0x0000,0x0000,0x0000,0x0000,0x0000,
    0x0000,0x0000,0x0000,0x0000,0x0000,0x0000,0x0000,0x0000,0x0000,0x0000,0x0000,0x0000,0x0000,0x30e3,0x3103,0x0820,0x0000,0x4964,0x61e6,0x4985,0x4144,0x30e3,0x3923,0x59c6,
    0x51c5,0x51c5,0x3943,0x4144,0x51a5,0x3103,0x3103,0x3103,0x3123,0x30e3,0x28e2,0x3923,0x28c2,0x2903,0x3945,0x3145,0x3145,0x3145,0x3145,0x3144,0x28e3,0x1881,0x18a2,0x3881,
    0x60a2,0x78e3,0x8104,0x70e3,0x8904,0x9124,0x9124,0x8924,0x9945,0x68e3,0x60c2,0x9924,0x8904,0x9124,0x8924,0x8924,0x8103,0x8904,0x68a3,0x3061,0x20c2,0x28e2,0x28c2,0x28e2,
    0x2903,0x28e2,0x20c2,0x28e2,0x30e3,0x30e2,0x30e3,0x28e3,0x3103,0x3944,0x3103,0x3923,0x3123,0x3103,0x4144,0x61e6,0x59c5,0x4144,0x4164,0x3923,0x51a5,0x6a06,0x30e2,0x28c2,
    0x4144,0x28a2,0x0000,0x0000,0x0000,0x0000,0x0000,0x0000,0x0000,0x0000,0x0000,0x0000,0x0000,0x0000,0x0000,0x0000,0x0000,0x0000,0x0000,0x0000,0x0000,0x0000,0x0000,0x0000,
    0x0000,0x0000,0x0000,0x0000,0x0000,0x0000,0x0000,0x0000,0x0000,0x0000,0x0000,0x0000,0x0000,0x0000,0x0000,0x0000,0x0000,0x0000,0x0000,0x0000,0x0000,0x0000,0x0000,0x0000,
    0x0000,0x0000,0x0000,0x0000,0x0000,0x0000,0x0000,0x0000,0x0000,0x0000,0x0000,0x0000,0x0000,0x0000,0x0000,0x0000,0x0000,0x0000,0x0000,0x0000,0x0000,0x0000,0x0000,0x0000,
    0x0000,0x0000,0x0000,0x0000,0x0000,0x30e3,0x3903,0x0000,0x1040,0x59c5,0x59c5,0x51a5,0x3103,0x3103,0x3923,0x59e6,0x51a5,0x51a5,0x3923,0x3944,0x51a5,0x3103,0x3103,0x3103,
    0x3123,0x3103,0x28e2,0x3103,0x20c2,0x3144,0x3145,0x3145,0x3145,0x3945,0x3944,0x3104,0x20c3,0x1881,0x3081,0x60a2,0x70c3,0x8904,0x8104,0x8904,0x8104,0x8924,0x8924,0x8924,
    0x8924,0x70e3,0x70c3,0x8904,0x8924,0x8924,0x8924,0x8104,0x8104,0x80e3,0x68c3,0x58a2,0x20a2,0x28e2,0x28c2,0x28e3,0x3103,0x28e2,0x20c2,0x28e2,0x3103,0x30e2,0x28e2,0x28e3,
    0x3123,0x4144,0x3103,0x3923,0x3123,0x3923,0x3923,0x59c6,0x59e6,0x4144,0x4164,0x3923,0x51a5,0x61e6,0x4984,0x30e3,0x4144,0x30e2,0x0000,0x0000,0x0000,0x0000,0x0000,0x0000,
    0x0000,0x0000,0x0000,0x0000,0x0000,0x0000,0x0000,0x0000,0x0000,0x0000,0x0000,0x0000,0x0000,0x0000,0x0000,0x0000,0x0000,0x0000,0x0000,0x0000,0x0000,0x0000,0x0000,0x0000,
    0x0000,0x0000,0x0000,0x0000,0x0000,0x0000,0x0000,0x0000,0x0000,0x0000,0x0000,0x0000,0x0000,0x0000,0x0000,0x0000,0x0000,0x0000,0x0000,0x0000,0x0000,0x0000,0x0000,0x0000,
    0x0000,0x0000,0x0000,0x0000,0x0000,0x0000,0x0000,0x0000,0x0000,0x0000,0x0000,0x0000,0x0000,0x0000,0x0000,0x0000,0x0000,0x0000,0x0000,0x0000,0x0820,0x3103,0x4123,0x0000,
    0x30e2,0x59c5,0x51a5,0x4964,0x28c2,0x3103,0x3944,0x61e6,0x49a5,0x51c5,0x3923,0x3924,0x51c5,0x3923,0x3103,0x3103,0x3123,0x3103,0x30e3,0x28e2,0x28e3,0x3945,0x3124,0x3144,
    0x3145,0x3945,0x3124,0x28e3,0x18a2,0x1861,0x58a2,0x68c3,0x8104,0x8904,0x8924,0x8924,0x8924,0x9124,0x9124,0x8924,0x8924,0x78e3,0x78e3,0x8904,0x8924,0x9124,0x9124,0x8904,
    0x8104,0x8904,0x70e3,0x70c3,0x4082,0x20a2,0x28e2,0x28e3,0x3103,0x28e2,0x20c2,0x28e3,0x3103,0x3103,0x28e2,0x28e3,0x3923,0x4164,0x3103,0x3123,0x3123,0x3923,0x3923,0x51c5,
    0x6206,0x4164,0x4144,0x3923,0x4164,0x59e6,0x59c6,0x3923,0x3923,0x30e2,0x0000,0x0000,0x0000,0x0000,0x0000,0x0000,0x0000,0x0000,0x0000,0x0000,0x0000,0x0000,0x0000,0x0000,
    0x0000,0x0000,0x0000,0x0000,0x0000,0x0000,0x0000,0x0000,0x0000,0x0000,0x0000,0x0000,0x0000,0x0000,0x0000,0x0000,0x0000,0x0000,0x0000,0x0000,0x0000,0x0000,0x0000,0x0000,
    0x0000,0x0000,0x0000,0x0000,0x0000,0x0000,0x0000,0x0000,0x0000,0x0000,0x0000,0x0000,0x0000,0x0000,0x0000,0x0000,0x0000,0x0000,0x0000,0x0000,0x0000,0x0000,0x0000,0x0000,
    0x0000,0x0000,0x0000,0x0000,0x0000,0x0000,0x0000,0x0000,0x0000,0x0000,0x0000,0x0000,0x0840,0x3903,0x3923,0x1861,0x4984,0x59a5,0x51a5,0x3903,0x28c2,0x3103,0x4144,0x59e6,
    0x4985,0x51c5,0x3903,0x4144,0x59c6,0x3103,0x3103,0x3103,0x3123,0x3103,0x3103,0x20c2,0x3124,0x3945,0x3144,0x3144,0x3945,0x3124,0x20e3,0x20c3,0x1061,0x4882,0x70c3,0x70c3,
    0x8904,0x8924,0x8904,0x8924,0x8924,0x8924,0x8924,0x8924,0x9124,0x70e3,0x8103,0x8924,0x8924,0x9124,0x8924,0x8904,0x8904,0x8904,0x8103,0x68c3,0x60a2,0x2881,0x28e3,0x28e3,
    0x2903,0x28e2,0x28c2,0x2903,0x3103,0x3103,0x30e3,0x3103,0x3923,0x4164,0x3103,0x3123,0x3923,0x3923,0x3923,0x49a5,0x6206,0x4984,0x3944,0x3903,0x3923,0x51c5,0x61e6,0x4984,
    0x3923,0x30e2,0x0000,0x0000,0x0000,0x0000,0x0000,0x0000,0x0000,0x0000,0x0000,0x0000,0x0000,0x0000,0x0000,0x0000,0x0000,0x0000,0x0000,0x0000,0x0000,0x0000,0x0000,0x0000,
    0x0000,0x0000,0x0000,0x0000,0x0000,0x0000,0x0000,0x0000,0x0000,0x0000,0x0000,0x0000,0x0000,0x0000,0x0000,0x0000,0x0000,0x0000,0x0000,0x0000,0x0000,0x0000,0x0000,0x0000,
    0x0000,0x0000,0x0000,0x0000,0x0000,0x0000,0x0000,0x0000,0x0000,0x0000,0x0000,0x0000,0x0000,0x0000,0x0000,0x0000,0x0000,0x0000,0x0000,0x0000,0x0000,0x0000,0x0000,0x0000,
    0x0000,0x0000,0x0000,0x0000,0x1061,0x3923,0x30e3,0x30e2,0x59c5,0x59a5,0x59a5,0x2081,0x28c2,0x30e3,0x4144,0x59c6,0x4985,0x51a5,0x3103,0x4164,0x59e6,0x3103,0x3103,0x3103,
    0x3923,0x3103,0x28e2,0x20c2,0x3145,0x3144,0x3145,0x3145,0x3124,0x28e3,0x28e3,0x18a2,0x3061,0x78c3,0x68c3,0x80e3,0x8904,0x8904,0x8904,0x8904,0x8924,0x8924,0x8904,0x8924,
    0x8924,0x8104,0x8904,0x8924,0x8924,0x8904,0x8904,0x8904,0x8904,0x8924,0x8104,0x60a3,0x70c3,0x4882,0x28c2,0x3103,0x3103,0x30e3,0x28c2,0x3103,0x3103,0x3103,0x3103,0x3103,
    0x3923,0x4144,0x3103,0x3923,0x3923,0x3923,0x3103,0x4964,0x61e6,0x51a5,0x3923,0x3923,0x30e3,0x51a5,0x59c6,0x51a5,0x3923,0x28e2,0x0000,0x0000,0x0000,0x0000,0x0000,0x0000,
    0x0000,0x0000,0x0000,0x0000,0x0000,0x0000,0x0000,0x0000,0x0000,0x0000,0x0000,0x0000,0x0000,0x0000,0x0000,0x0000,0x0000,0x0000,0x0000,0x0000,0x0000,0x0000,0x0000,0x0000,
    0x0000,0x0000,0x0000,0x0000,0x0000,0x0000,0x0000,0x0000,0x0000,0x0000,0x0000,0x0000,0x0000,0x0000,0x0000,0x0000,0x0000,0x0000,0x0000,0x0000,0x0000,0x0000,0x0000,0x0000,
    0x0000,0x0000,0x0000,0x0000,0x0000,0x0000,0x0000,0x0000,0x0000,0x0000,0x0000,0x0000,0x0000,0x0000,0x0000,0x0000,0x0000,0x0000,0x0000,0x0000,0x1041,0x3923,0x3103,0x4144,
    0x59a5,0x59c5,0x4964,0x1040,0x3103,0x28e2,0x4164,0x59c5,0x4984,0x51a5,0x3103,0x4144,0x59e6,0x3923,0x3103,0x3123,0x3123,0x3123,0x20c2,0x2904,0x3945,0x3145,0x3145,0x3144,
    0x28e3,0x28e3,0x20e3,0x2082,0x68c3,0x70c3,0x68c3,0x8904,0x8924,0x8904,0x78e3,0x8904,0x8924,0x8924,0x8924,0x8924,0x8924,0x8104,0x8924,0x8924,0x8904,0x8904,0x8904,0x8904,
    0x8904,0x8904,0x8104,0x68c3,0x70c3,0x68a3,0x28a2,0x3103,0x3103,0x3103,0x28e2,0x3103,0x3103,0x3103,0x3103,0x3103,0x3923,0x4144,0x3103,0x3923,0x3923,0x3923,0x3103,0x4144,
    0x59e6,0x51c5,0x3923,0x4144,0x2081,0x3923,0x59c6,0x59c5,0x3923,0x28c2,0x0000,0x0000,0x0000,0x0000,0x0000,0x0000,0x0000,0x0000,0x0000,0x0000,0x0000,0x0000,0x0000,0x0000,
    0x0000,0x0000,0x0000,0x0000,0x0000,0x0000,0x0000,0x0000,0x0000,0x0000,0x0000,0x0000,0x0000,0x0000,0x0000,0x0000,0x0000,0x0000,0x0000,0x0000,0x0000,0x0000,0x0000,0x0000,
    0x0000,0x0000,0x0000,0x0000,0x0000,0x0000,0x0000,0x0000,0x0000,0x0000,0x0000,0x0000,0x0000,0x0000,0x0000,0x0000,0x0000,0x0000,0x0000,0x0000,0x0000,0x0000,0x0000,0x0000,
    0x0000,0x0000,0x0000,0x0000,0x0000,0x0000,0x0000,0x0000,0x0000,0x0000,0x0000,0x0000,0x0840,0x3923,0x30e3,0x5185,0x59a5,0x59c5,0x20a2,0x1041,0x4144,0x28c2,0x4964,0x59c5,
    0x4964,0x4985,0x3103,0x3923,0x59e6,0x3923,0x3103,0x3103,0x3123,0x30e3,0x20a2,0x3945,0x3945,0x3945,0x3144,0x2904,0x2903,0x2903,0x18a2,0x58a2,0x8904,0x60a3,0x78e3,0x8904,
    0x9124,0x80e4,0x70c3,0x8904,0x8924,0x8924,0x8924,0x8924,0x8924,0x8904,0x8904,0x8904,0x8904,0x8904,0x8904,0x8904,0x8904,0x8904,0x8924,0x68c3,0x68c3,0x78c3,0x4882,0x28e2,
    0x3123,0x3103,0x28e2,0x3103,0x3103,0x3103,0x3103,0x3103,0x3923,0x4144,0x3103,0x3923,0x3923,0x3923,0x3103,0x3923,0x59c6,0x59e6,0x3923,0x4144,0x2081,0x20a2,0x51a5,0x59a5,
    0x51a5,0x1881,0x0000,0x0000,0x0000,0x0000,0x0000,0x0000,0x0000,0x0000,0x0000,0x0000,0x0000,0x0000,0x0000,0x0000,0x0000,0x0000,0x0000,0x0000,0x0000,0x0000,0x0000,0x0000,
    0x0000,0x0000,0x0000,0x0000,0x0000,0x0000,0x0000,0x0000,0x0000,0x0000,0x0000,0x0000,0x0000,0x0000,0x0000,0x0000,0x0000,0x0000,0x0000,0x0000,0x0000,0x0000,0x0000,0x0000,
    0x0000,0x0000,0x0000,0x0000,0x0000,0x0000,0x0000,0x0000,0x0000,0x0000,0x0000,0x0000,0x0000,0x0000,0x0000,0x0000,0x0000,0x0000,0x0000,0x0000,0x0000,0x0000,0x0000,0x0000,
    0x0000,0x0000,0x0000,0x0000,0x0820,0x3903,0x3903,0x51a5,0x59a5,0x59a5,0x0840,0x1061,0x3923,0x28c2,0x4984,0x51a5,0x4964,0x4985,0x3103,0x3923,0x59e6,0x3923,0x30e3,0x3103,
    0x3923,0x28c2,0x3124,0x3945,0x3945,0x3945,0x3124,0x3124,0x3124,0x20c3,0x3861,0x88e4,0x78e3,0x60a2,0x8904,0x8904,0x8904,0x80e3,0x68c3,0x8904,0x8924,0x8924,0x8924,0x8924,
    0x8924,0x8924,0x8904,0x8904,0x8904,0x8924,0x8904,0x8104,0x8904,0x8904,0x9124,0x70e3,0x60a2,0x78e3,0x70c3,0x38a2,0x3103,0x3103,0x28e2,0x3103,0x3103,0x3103,0x30e3,0x3103,
    0x3944,0x4144,0x3103,0x3923,0x3923,0x3923,0x3103,0x3923,0x51a5,0x59e6,0x3923,0x3923,0x28e2,0x0840,0x4144,0x51a5,0x61e6,0x2081,0x0000,0x0000,0x0000,0x0000,0x0000,0x0000,
    0x0000,0x0000,0x0000,0x0000,0x0000,0x0000,0x0000,0x0000,0x0000,0x0000,0x0000,0x0000,0x0000,0x0000,0x0000,0x0000,0x0000,0x0000,0x0000,0x0000,0x0000,0x0000,0x0000,0x0000,
    0x0000,0x0000,0x0000,0x0000,0x0000,0x0000,0x0000,0x0000,0x0000,0x0000,0x0000,0x0000,0x0000,0x0000,0x0000,0x0000,0x0000,0x0000,0x0000,0x0000,0x0000,0x0000,0x0000,0x0000,
    0x0000,0x0000,0x0000,0x0000,0x0000,0x0000,0x0000,0x0000,0x0000,0x0000,0x0000,0x0000,0x0000,0x0000,0x0000,0x0000,0x0000,0x0000,0x0000,0x0000,0x0000,0x28c2,0x4964,0x51a5,
    0x51a5,0x4124,0x0000,0x1881,0x3923,0x28c2,0x4984,0x51a5,0x4964,0x49a5,0x3123,0x3923,0x59c6,0x4144,0x30e3,0x3103,0x3903,0x20c2,0x3145,0x3945,0x3145,0x3945,0x3144,0x3944,
    0x2924,0x2082,0x70c3,0x8904,0x60a3,0x68c3,0x8924,0x8904,0x8904,0x78e3,0x68c3,0x8904,0x8924,0x8924,0x8924,0x8924,0x8924,0x8904,0x8904,0x8904,0x8904,0x8904,0x8104,0x70e3,
    0x8904,0x8904,0x8924,0x78e3,0x58a2,0x70e3,0x8104,0x5082,0x28c2,0x3103,0x28e2,0x3103,0x3103,0x3103,0x28e2,0x30e3,0x3944,0x4144,0x3103,0x3923,0x3923,0x3923,0x3103,0x3923,
    0x4985,0x59e6,0x4144,0x3923,0x30e2,0x0000,0x4123,0x59c6,0x59c5,0x30e2,0x0000,0x0000,0x0000,0x0000,0x0000,0x0000,0x0000,0x0000,0x0000,0x0000,0x0000,0x0000,0x0000,0x0000,
    0x0000,0x0000,0x0000,0x0000,0x0000,0x0000,0x0000,0x0000,0x0000,0x0000,0x0000,0x0000,0x0000,0x0000,0x0000,0x0000,0x0000,0x0000,0x0000,0x0000,0x0000,0x0000,0x0000,0x0000,
    0x0000,0x0000,0x0000,0x0000,0x0000,0x0000,0x0000,0x0000,0x0000,0x0000,0x0000,0x0000,0x0000,0x0000,0x0000,0x0000,0x0000,0x0000,0x0000,0x0000,0x0000,0x0000,0x0000,0x0000,
    0x0000,0x0000,0x0000,0x0000,0x0000,0x0000,0x0000,0x0000,0x0000,0x0000,0x0000,0x0000,0x0000,0x2081,0x51a5,0x5185,0x59a5,0x30e2,0x0000,0x28c2,0x3923,0x20a2,0x4164,0x51c5,
    0x4964,0x4985,0x3923,0x3923,0x59c6,0x4144,0x28e2,0x3103,0x3923,0x20c2,0x2904,0x3124,0x3945,0x3945,0x3944,0x3144,0x18c2,0x5082,0x9104,0x80e3,0x58a2,0x78e3,0x8924,0x8904,
    0x8904,0x80e3,0x68c3,0x8104,0x8924,0x8104,0x8924,0x8924,0x8924,0x8904,0x8904,0x8904,0x8904,0x8904,0x78e3,0x70e3,0x8904,0x8104,0x8904,0x8104,0x58a2,0x68c3,0x8904,0x70c3,
    0x3882,0x28e2,0x28e2,0x3103,0x3103,0x3103,0x28e2,0x3103,0x3944,0x3943,0x3103,0x3923,0x3923,0x3923,0x3103,0x3923,0x4985,0x59e6,0x4144,0x3903,0x3103,0x0000,0x2081,0x59c5,
    0x59c5,0x4964,0x0000,0x0000,0x0000,0x0000,0x0000,0x0000,0x0000,0x0000,0x0000,0x0000,0x0000,0x0000,0x0000,0x0000,0x0000,0x0000,0x0000,0x0000,0x0000,0x0000,0x0000,0x0000,
    0x0000,0x0000,0x0000,0x0000,0x0000,0x0000,0x0000,0x0000,0x0000,0x0000,0x0000,0x0000,0x0000,0x0000,0x0000,0x0000,0x0000,0x0000,0x0000,0x0000,0x0000,0x0000,0x0000,0x0000,
    0x0000,0x0000,0x0000,0x0000,0x0000,0x0000,0x0000,0x0000,0x0000,0x0000,0x0000,0x0000,0x0000,0x0000,0x0000,0x0000,0x0000,0x0000,0x0000,0x0000,0x0000,0x0000,0x0000,0x0000,
    0x0000,0x0000,0x0000,0x0000,0x0000,0x1881,0x5185,0x5185,0x59c5,0x20a2,0x0000,0x20a2,0x3923,0x20a2,0x4144,0x51c5,0x4164,0x5185,0x3923,0x3103,0x59c5,0x4144,0x28e3,0x3103,
    0x3103,0x20c3,0x3144,0x3124,0x3124,0x3124,0x3124,0x20e3,0x3061,0x80e3,0x8904,0x68c3,0x60a2,0x8904,0x8924,0x8924,0x8904,0x8104,0x68c3,0x8103,0x8924,0x8104,0x8124,0x8124,
    0x8924,0x8924,0x8904,0x8904,0x8904,0x8104,0x68c3,0x78e3,0x8904,0x8104,0x8904,0x8904,0x60a2,0x60a2,0x8904,0x80e3,0x60a2,0x28a2,0x3103,0x3103,0x3103,0x3103,0x28c2,0x30e3,
    0x4144,0x3923,0x3103,0x3923,0x3923,0x3923,0x3103,0x3903,0x4964,0x59e6,0x4144,0x3103,0x3923,0x0820,0x0820,0x4144,0x59c5,0x61e6,0x1881,0x0000,0x0000,0x0000,0x0000,0x0000,
    0x0000,0x0000,0x0000,0x0000,0x0000,0x0000,0x0000,0x0000,0x0000,0x0000,0x0000,0x0000,0x0000,0x0000,0x0000,0x0000,0x0000,0x0000,0x0000,0x0000,0x0000,0x0000,0x0000,0x0000,
    0x0000,0x0000,0x0000,0x0000,0x0000,0x0000,0x0000,0x0000,0x0000,0x0000,0x0000,0x0000,0x0000,0x0000,0x0000,0x0000,0x0000,0x0000,0x0000,0x0000,0x0000,0x0000,0x0000,0x0000,
    0x0000,0x0000,0x0000,0x0000,0x0000,0x0000,0x0000,0x0000,0x0000,0x0000,0x0000,0x0000,0x0000,0x0000,0x0000,0x0000,0x0000,0x0000,0x0000,0x0000,0x0000,0x30e3,0x59a5,0x5185,
    0x59a5,0x1041,0x0000,0x28c2,0x3923,0x2081,0x3923,0x5185,0x4144,0x4985,0x3923,0x3103,0x51a5,0x4964,0x30e2,0x3103,0x28e3,0x2924,0x3945,0x3965,0x3124,0x28e3,0x20c3,0x2082,
    0x68a2,0x8904,0x80e3,0x5882,0x70c3,0x8924,0x8924,0x8924,0x8924,0x8104,0x68c3,0x78e3,0x9124,0x8104,0x8104,0x8124,0x8924,0x8904,0x8904,0x8904,0x8904,0x70c3,0x60a2,0x8104,
    0x8924,0x8924,0x8924,0x8924,0x68c3,0x58a2,0x80e3,0x8904,0x78c3,0x4082,0x28e3,0x3903,0x3103,0x3103,0x20a2,0x28e2,0x4144,0x3923,0x3103,0x3923,0x3923,0x3923,0x3103,0x30e3,
    0x4164,0x59e6,0x4164,0x3103,0x3923,0x1040,0x0000,0x3923,0x59c5,0x61e6,0x30e2,0x0000,0x0000,0x0000,0x0000,0x0000,0x0000,0x0000,0x0000,0x0000,0x0000,0x0000,0x0000,0x0000,
    0x0000,0x0000,0x0000,0x0000,0x0000,0x0000,0x0000,0x0000,0x0000,0x0000,0x0000,0x0000,0x0000,0x0000,0x0000,0x0000,0x0000,0x0000,0x0000,0x0000,0x0000,0x0000,0x0000,0x0000,
    0x0000,0x0000,0x0000,0x0000,0x0000,0x0000,0x0000,0x0000,0x0000,0x0000,0x0000,0x0000,0x0000,0x0000,0x0000,0x0000,0x0000,0x0000,0x0000,0x0000,0x0000,0x0000,0x0000,0x0000,
    0x0000,0x0000,0x0000,0x0000,0x0000,0x0000,0x0000,0x0000,0x0000,0x0000,0x0000,0x0000,0x0000,0x4144,0x51a5,0x59c5,0x4964,0x0000,0x0000,0x28c2,0x3923,0x1861,0x3923,0x51a5,
    0x4144,0x51a5,0x3923,0x3103,0x5185,0x51a5,0x28e2,0x28c2,0x20c3,0x3145,0x3965,0x3945,0x3945,0x3124,0x20c2,0x5082,0x88e3,0x8904,0x70c3,0x58a2,0x8104,0x8924,0x8924,0x8924,
    0x8924,0x80e3,0x68c3,0x78e3,0x9124,0x8104,0x8104,0x8904,0x8904,0x8904,0x8104,0x8904,0x78e4,0x68c3,0x68c3,0x8104,0x8904,0x8904,0x8904,0x8924,0x70c3,0x58a2,0x78e3,0x9104,
    0x78e3,0x60a2,0x28a2,0x3923,0x3103,0x3103,0x20a1,0x28e2,0x4144,0x3923,0x3103,0x3923,0x3923,0x3923,0x3103,0x30e2,0x4144,0x59c6,0x4964,0x3123,0x3943,0x1861,0x0000,0x3103,
    0x51a5,0x61c6,0x4944,0x0000,0x0000,0x0000,0x0000,0x0000,0x0000,0x0000,0x0000,0x0000,0x0000,0x0000,0x0000,0x0000,0x0000,0x0000,0x0000,0x0000,0x0000,0x0000,0x0000,0x0000,
    0x0000,0x0000,0x0000,0x0000,0x0000,0x0000,0x0000,0x0000,0x0000,0x0000,0x0000,0x0000,0x0000,0x0000,0x0000,0x0000,0x0000,0x0000,0x0000,0x0000,0x0000,0x0000,0x0000,0x0000,
    0x0000,0x0000,0x0000,0x0000,0x0000,0x0000,0x0000,0x0000,0x0000,0x0000,0x0000,0x0000,0x0000,0x0000,0x0000,0x0000,0x0000,0x0000,0x0000,0x0000,0x0000,0x0000,0x0000,0x0000,
    0x0000,0x0000,0x0000,0x0000,0x0820,0x4964,0x5184,0x59c5,0x4123,0x0000,0x0000,0x28c2,0x3923,0x1861,0x3103,0x51a5,0x3923,0x4985,0x3944,0x3103,0x4964,0x59c5,0x28e2,0x28a2,
    0x28c2,0x30e3,0x2904,0x3965,0x3944,0x20e3,0x2881,0x70c3,0x8904,0x8904,0x68a3,0x58a2,0x8924,0x8924,0x8924,0x8924,0x8924,0x78e3,0x70c3,0x7903,0x8924,0x8904,0x8104,0x8904,
    0x8904,0x8904,0x8904,0x8104,0x70e3,0x60c3,0x70e3,0x8904,0x8924,0x8104,0x8904,0x8904,0x78e3,0x5082,0x70c3,0x8904,0x8904,0x70c3,0x4081,0x3103,0x3903,0x3103,0x1881,0x30e3,
    0x4144,0x3923,0x3103,0x3923,0x3923,0x3923,0x3123,0x28a2,0x3923,0x59c6,0x4985,0x3103,0x3944,0x1881,0x0000,0x28e2,0x4964,0x59c5,0x59a5,0x0840,0x0000,0x0000,0x0000,0x0000,
    0x0000,0x0000,0x0000,0x0000,0x0000,0x0000,0x0000,0x0000,0x0000,0x0000,0x0000,0x0000,0x0000,0x0000,0x0000,0x0000,0x0000,0x0000,0x0000,0x0000,0x0000,0x0000,0x0000,0x0000,
    0x0000,0x0000,0x0000,0x0000,0x0000,0x0000,0x0000,0x0000,0x0000,0x0000,0x0000,0x0000,0x0000,0x0000,0x0000,0x0000,0x0000,0x0000,0x0000,0x0000,0x0000,0x0000,0x0000,0x0000,
    0x0000,0x0000,0x0000,0x0000,0x0000,0x0000,0x0000,0x0000,0x0000,0x0000,0x0000,0x0000,0x0000,0x0000,0x0000,0x0000,0x0000,0x0000,0x0000,0x0000,0x1061,0x59a5,0x4964,0x61c5,
    0x3903,0x0000,0x0000,0x28c2,0x3923,0x1041,0x28c2,0x59a5,0x3923,0x4985,0x4144,0x3103,0x3944,0x59e6,0x3103,0x1861,0x7288,0xdd93,0x6a68,0x3124,0x28e3,0x2082,0x5882,0x8904,
    0x8904,0x80e4,0x5882,0x68c3,0x9124,0x8924,0x8924,0x8924,0x8924,0x78e3,0x70e3,0x78e3,0x8924,0x8924,0x8104,0x8904,0x8904,0x8904,0x8924,0x78e3,0x68c3,0x60a3,0x78e3,0x8924,
    0x8924,0x8924,0x8104,0x8924,0x8104,0x5882,0x68a3,0x8904,0x8904,0x78c3,0x6082,0x30a2,0x3103,0x28e3,0x1041,0x3103,0x4144,0x3923,0x3103,0x3923,0x3923,0x3923,0x3923,0x2081,
    0x3903,0x59c6,0x4964,0x3903,0x4144,0x2081,0x0000,0x30e2,0x3923,0x59c5,0x61c5,0x1881,0x0000,0x0000,0x0000,0x0000,0x0000,0x0000,0x0000,0x0000,0x0000,0x0000,0x0000,0x0000,
    0x0000,0x0000,0x0000,0x0000,0x0000,0x0000,0x0000,0x0000,0x0000,0x0000,0x0000,0x0000,0x0000,0x0000,0x0000,0x0000,0x0000,0x0000,0x0000,0x0000,0x0000,0x0000,0x0000,0x0000,
    0x0000,0x0000,0x0000,0x0000,0x0000,0x0000,0x0000,0x0000,0x0000,0x0000,0x0000,0x0000,0x0000,0x0000,0x0000,0x0000,0x0000,0x0000,0x0000,0x0000,0x0000,0x0000,0x0000,0x0000,
    0x0000,0x0000,0x0000,0x0000,0x0000,0x0000,0x0000,0x0000,0x0000,0x0000,0x0000,0x0000,0x2081,0x59a5,0x4123,0x59c5,0x28e2,0x0000,0x0000,0x20a2,0x3923,0x1041,0x20a2,0x59c5,
    0x3923,0x4985,0x4144,0x3103,0x3103,0x51a5,0x3944,0x1020,0xbd53,0xfffd,0xff19,0xdd11,0x7247,0x4882,0x80e3,0x8904,0x8904,0x70c3,0x5082,0x80e3,0x9124,0x8924,0x8924,0x8924,
    0x8904,0x78e3,0x70c3,0x70e3,0x8924,0x8924,0x8104,0x8104,0x8904,0x8924,0x8104,0x68c3,0x60c3,0x68c3,0x8104,0x8924,0x8924,0x8924,0x8924,0x8924,0x8924,0x58a2,0x58a2,0x80e3,
    0x8904,0x80e3,0x68a3,0x4081,0x28e2,0x28c2,0x0820,0x3923,0x4144,0x3123,0x3923,0x3923,0x3923,0x3923,0x4144,0x1061,0x28e2,0x59c6,0x4964,0x3923,0x4164,0x20a2,0x0000,0x28c2,
    0x30e2,0x5185,0x61c5,0x28c2,0x0000,0x0000,0x0000,0x0000,0x0000,0x0000,0x0000,0x0000,0x0000,0x0000,0x0000,0x0000,0x0000,0x0000,0x0000,0x0000,0x0000,0x0000,0x0000,0x0000,
    0x0000,0x0000,0x0000,0x0000,0x0000,0x0000,0x0000,0x0000,0x0000,0x0000,0x0000,0x0000,0x0000,0x0000,0x0000,0x0000,0x0000,0x0000,0x0000,0x0000,0x0000,0x0000,0x0000,0x0000,
    0x0000,0x0000,0x0000,0x0000,0x0000,0x0000,0x0000,0x0000,0x0000,0x0000,0x0000,0x0000,0x0000,0x0000,0x0000,0x0000,0x0000,0x0000,0x0000,0x0000,0x0000,0x0000,0x0000,0x0000,
    0x0000,0x0000,0x0000,0x0000,0x28c2,0x59a5,0x3903,0x59c5,0x28c2,0x0000,0x0000,0x2081,0x4123,0x1040,0x1061,0x59c5,0x3923,0x4964,0x4164,0x3103,0x28e2,0x4985,0x3923,0x3964,
    0xf6f9,0xf6d8,0xff7b,0xfe55,0x71a5,0x6082,0x8104,0x8904,0x8104,0x60a2,0x58a2,0x8904,0x8924,0x8924,0x8924,0x8924,0x8904,0x70e3,0x70c3,0x70e3,0x8104,0x8924,0x8904,0x78e3,
    0x8104,0x8904,0x70e3,0x60a3,0x68a3,0x68c3,0x8104,0x8904,0x8104,0x8104,0x8104,0x8124,0x8924,0x60a2,0x5882,0x78e3,0x8904,0x8904,0x70e3,0x5882,0x30a2,0x20a2,0x0820,0x4144,
    0x3923,0x3103,0x3923,0x3923,0x3103,0x3923,0x4144,0x0840,0x30e3,0x59c6,0x4164,0x3923,0x4164,0x20a2,0x0000,0x3103,0x28c2,0x4944,0x69e6,0x3903,0x0000,0x0000,0x0000,0x0000,
    0x0000,0x0000,0x0000,0x0000,0x0000,0x0000,0x0000,0x0000,0x0000,0x0000,0x0000,0x0000,0x0000,0x0000,0x0000,0x0000,0x0000,0x0000,0x0000,0x0000,0x0000,0x0000,0x0000,0x0000,
    0x0000,0x0000,0x0000,0x0000,0x0000,0x0000,0x0000,0x0000,0x0000,0x0000,0x0000,0x0000,0x0000,0x0000,0x0000,0x0000,0x0000,0x0000,0x0000,0x0000,0x0000,0x0000,0x0000,0x0000,
    0x0000,0x0000,0x0000,0x0000,0x0000,0x0000,0x0000,0x0000,0x0000,0x0000,0x0000,0x0000,0x0000,0x0000,0x0000,0x0000,0x0000,0x0000,0x0000,0x0000,0x30e2,0x5185,0x28c2,0x59a5,
    0x20a2,0x0000,0x0000,0x1861,0x3923,0x1040,0x0020,0x59c5,0x3923,0x4144,0x4164,0x3103,0x30e2,0x4164,0x38e2,0x9bee,0xff7a,0xdd72,0xff7b,0x932a,0x4841,0x78e3,0x8904,0x8904,
    0x78e3,0x5082,0x68c3,0x8924,0x8924,0x8924,0x8924,0x8924,0x8904,0x70e3,0x68c3,0x70c3,0x8104,0x8924,0x8904,0x78e3,0x78e3,0x70e3,0x68c3,0x68a3,0x60a3,0x70e3,0x8904,0x8104,
    0x8104,0x8104,0x8104,0x8104,0x8924,0x68c3,0x5082,0x70c3,0x8904,0x8904,0x80e3,0x68a2,0x4882,0x0820,0x1041,0x4144,0x3123,0x3103,0x3944,0x3103,0x3103,0x3944,0x4144,0x0000,
    0x28c2,0x59c5,0x4144,0x3923,0x4164,0x20a2,0x0000,0x3923,0x1881,0x30e3,0x6a06,0x3923,0x0000,0x0000,0x0000,0x0000,0x0000,0x0000,0x0000,0x0000,0x0000,0x0000,0x0000,0x0000,
    0x0000,0x0000,0x0000,0x0000,0x0000,0x0000,0x0000,0x0000,0x0000,0x0000,0x0000,0x0000,0x0000,0x0000,0x0000,0x0000,0x0000,0x0000,0x0000,0x0000,0x0000,0x0000,0x0000,0x0000,
    0x0000,0x0000,0x0000,0x0000,0x0000,0x0000,0x0000,0x0000,0x0000,0x0000,0x0000,0x0000,0x0000,0x0000,0x0000,0x0000,0x0000,0x0000,0x0000,0x0000,0x0000,0x0000,0x0000,0x0000,
    0x0000,0x0000,0x0000,0x0000,0x0000,0x0000,0x0000,0x0000,0x0000,0x0000,0x0000,0x0000,0x20a2,0x4944,0x1881,0x61c6,0x28e2,0x0000,0x0000,0x1040,0x4123,0x1881,0x0000,0x4144,
    0x4144,0x3943,0x4964,0x3103,0x30e2,0x4144,0x38e2,0x93ad,0xff19,0xdd93,0xe656,0x58c2,0x70c3,0x8104,0x8904,0x8904,0x68c3,0x5082,0x78e3,0x8924,0x8924,0x8924,0x8924,0x8924,
    0x8104,0x68c3,0x68c3,0x68c3,0x8104,0x8924,0x8924,0x80e3,0x70c3,0x68c3,0x68c3,0x68c3,0x68c3,0x78e3,0x8904,0x8104,0x8104,0x8104,0x8904,0x8904,0x8924,0x70e3,0x5082,0x60a3,
    0x8104,0x8904,0x8904,0x70c3,0x60a2,0x1000,0x1881,0x3923,0x3103,0x3123,0x3944,0x30e2,0x3103,0x4144,0x3103,0x0000,0x28c2,0x59c6,0x4144,0x3923,0x4164,0x2081,0x0820,0x3923,
    0x0820,0x1861,0x61c5,0x3923,0x0000,0x0000,0x0000,0x0000,0x0000,0x0000,0x0000,0x0000,0x0000,0x0000,0x0000,0x0000,0x0000,0x0000,0x0000,0x0000,0x0000,0x0000,0x0000,0x0000,
    0x0000,0x0000,0x0000,0x0000,0x0000,0x0000,0x0000,0x0000,0x0000,0x0000,0x0000,0x0000,0x0000,0x0000,0x0000,0x0000,0x0000,0x0000,0x0000,0x0000,0x0000,0x0000,0x0000,0x0000,
    0x0000,0x0000,0x0000,0x0000,0x0000,0x0000,0x0000,0x0000,0x0000,0x0000,0x0000,0x0000,0x0000,0x0000,0x0000,0x0000,0x0000,0x0000,0x0000,0x0000,0x0000,0x0000,0x0000,0x0000,
    0x0000,0x0000,0x0000,0x0000,0x1881,0x4964,0x1040,0x51a5,0x30e2,0x0000,0x0000,0x0820,0x3903,0x2081,0x0000,0x3103,0x4964,0x3923,0x4964,0x3924,0x20a2,0x3923,0x4944,0x6a88,
    0xee56,0xedf5,0xc532,0x5861,0x7904,0x8904,0x8904,0x80e3,0x60a2,0x5882,0x8104,0x8924,0x8924,0x8924,0x8924,0x8924,0x8104,0x68c3,0x68c3,0x68c3,0x78e3,0x8924,0x8924,0x80e3,
    0x68c3,0x68c3,0x68c3,0x68c3,0x68c3,0x8104,0x8904,0x8904,0x8904,0x8104,0x8104,0x8904,0x8924,0x78e3,0x5882,0x60a2,0x80e3,0x8904,0x8904,0x78e3,0x68a3,0x4061,0x20a2,0x4144,
    0x3103,0x3103,0x3944,0x20a2,0x30e2,0x4144,0x30e2,0x0000,0x20a2,0x59c5,0x4144,0x3903,0x4164,0x2081,0x1040,0x30e3,0x0000,0x1041,0x61e6,0x4123,0x0000,0x0000,0x0000,0x0000,
    0x0000,0x0000,0x0000,0x0000,0x0000,0x0000,0x0000,0x0000,0x0000,0x0000,0x0000,0x0000,0x0000,0x0000,0x0000,0x0000,0x0000,0x0000,0x0000,0x0000,0x0000,0x0000,0x0000,0x0000,
    0x0000,0x0000,0x0000,0x0000,0x0000,0x0000,0x0000,0x0000,0x0000,0x0000,0x0000,0x0000,0x0000,0x0000,0x0000,0x0000,0x0000,0x0000,0x0000,0x0000,0x0000,0x0000,0x0000,0x0000,
    0x0000,0x0000,0x0000,0x0000,0x0000,0x0000,0x0000,0x0000,0x0000,0x0000,0x0000,0x0000,0x0000,0x0000,0x0000,0x0000,0x0000,0x0000,0x0000,0x0000,0x1041,0x4964,0x0820,0x3903,
    0x28c2,0x0000,0x0000,0x0000,0x30e2,0x20a2,0x0000,0x20a1,0x5185,0x3123,0x4164,0x4164,0x1881,0x28e2,0x3903,0x5a07,0xff1a,0xcd93,0x6185,0x68a2,0x8104,0x8904,0x8904,0x70e3,
    0x5882,0x60a2,0x8904,0x8904,0x8904,0x8904,0x8904,0x8924,0x8104,0x68c3,0x68c3,0x68c3,0x70e3,0x8924,0x8924,0x80e3,0x68c3,0x68c3,0x68c3,0x68c3,0x70e3,0x8904,0x8904,0x8904,
    0x8924,0x8904,0x8104,0x8104,0x8904,0x8104,0x5882,0x5882,0x70e3,0x8904,0x8904,0x8904,0x68c3,0x5882,0x30a2,0x3944,0x3903,0x3103,0x3923,0x1881,0x3103,0x3944,0x2081,0x0000,
    0x28a2,0x59a5,0x3923,0x3923,0x4144,0x1861,0x1861,0x20a2,0x0000,0x0820,0x61e6,0x4124,0x0000,0x0000,0x0000,0x0000,0x0000,0x0000,0x0000,0x0000,0x0000,0x0000,0x0000,0x0000,
    0x0000,0x0000,0x0000,0x0000,0x0000,0x0000,0x0000,0x0000,0x0000,0x0000,0x0000,0x0000,0x0000,0x0000,0x0000,0x0000,0x0000,0x0000,0x0000,0x0000,0x0000,0x0000,0x0000,0x0000,
    0x0000,0x0000,0x0000,0x0000,0x0000,0x0000,0x0000,0x0000,0x0000,0x0000,0x0000,0x0000,0x0000,0x0000,0x0000,0x0000,0x0000,0x0000,0x0000,0x0000,0x0000,0x0000,0x0000,0x0000,
    0x0000,0x0000,0x0000,0x0000,0x0000,0x0000,0x0000,0x0000,0x0000,0x0000,0x0000,0x0000,0x0000,0x3923,0x0820,0x2081,0x30c2,0x0000,0x0000,0x0000,0x28c2,0x30e2,0x0000,0x0820,
    0x5185,0x3923,0x4143,0x4964,0x20a2,0x1881,0x3903,0x38e3,0xac90,0xa3ed,0x4800,0x78e3,0x8904,0x8904,0x8104,0x68c3,0x5082,0x70c3,0x8904,0x8904,0x8904,0x8904,0x8904,0x8924,
    0x7903,0x68c3,0x68c3,0x68c3,0x70c3,0x8904,0x8904,0x8104,0x70c3,0x68c3,0x68c3,0x68c3,0x7903,0x8904,0x8904,0x8924,0x8924,0x8924,0x8104,0x8904,0x8904,0x8904,0x58a2,0x5082,
    0x68c3,0x8904,0x8904,0x8904,0x70c3,0x68c3,0x50a2,0x3103,0x3103,0x3923,0x3103,0x1040,0x3923,0x4144,0x1061,0x0000,0x28c2,0x51a5,0x3923,0x3923,0x4144,0x1061,0x28c2,0x0840,
    0x0000,0x0000,0x5185,0x3103,0x0000,0x0000,0x0000,0x0000,0x0000,0x0000,0x0000,0x0000,0x0000,0x0000,0x0000,0x0000,0x0000,0x0000,0x0000,0x0000,0x0000,0x0000,0x0000,0x0000,
    0x0000,0x0000,0x0000,0x0000,0x0000,0x0000,0x0000,0x0000,0x0000,0x0000,0x0000,0x0000,0x0000,0x0000,0x0000,0x0000,0x0000,0x0000,0x0000,0x0000,0x0000,0x0000,0x0000,0x0000,
    0x0000,0x0000,0x0000,0x0000,0x0000,0x0000,0x0000,0x0000,0x0000,0x0000,0x0000,0x0000,0x0000,0x0000,0x0000,0x0000,0x0000,0x0000,0x0000,0x0000,0x0000,0x0000,0x0000,0x0000,
    0x0000,0x0000,0x0000,0x0000,0x0000,0x28c2,0x0840,0x0820,0x3903,0x0820,0x0000,0x0000,0x1061,0x3103,0x0000,0x0000,0x30e3,0x3923,0x3923,0x4164,0x28c2,0x0020,0x3923,0x4144,
    0x28a1,0x38c2,0x78e3,0x8904,0x8904,0x8904,0x78e3,0x60a2,0x5082,0x80e3,0x8904,0x8104,0x8904,0x8904,0x8904,0x8904,0x78e3,0x68c3,0x68c3,0x68c3,0x68c3,0x8104,0x8904,0x8904,
    0x70e3,0x68c3,0x70e3,0x70e3,0x8104,0x8904,0x8904,0x8924,0x8924,0x8904,0x8904,0x8904,0x8924,0x8904,0x60a2,0x5082,0x60a2,0x8104,0x8904,0x8904,0x78e3,0x68c3,0x60a2,0x30c2,
    0x3123,0x4144,0x20a2,0x0820,0x3923,0x4144,0x0820,0x0000,0x28c2,0x5185,0x3923,0x3903,0x3903,0x20a1,0x2081,0x0000,0x0000,0x0000,0x4944,0x20a1,0x0000,0x0000,0x0000,0x0000,
    0x0000,0x0000,0x0000,0x0000,0x0000,0x0000,0x0000,0x0000,0x0000,0x0000,0x0000,0x0000,0x0000,0x0000,0x0000,0x0000,0x0000,0x0000,0x0000,0x0000,0x0000,0x0000,0x0000,0x0000,
    0x0000,0x0000,0x0000,0x0000,0x0000,0x0000,0x0000,0x0000,0x0000,0x0000,0x0000,0x0000,0x0000,0x0000,0x0000,0x0000,0x0000,0x0000,0x0000,0x0000,0x0000,0x0000,0x0000,0x0000,
    0x0000,0x0000,0x0000,0x0000,0x0000,0x0000,0x0000,0x0000,0x0000,0x0000,0x0000,0x0000,0x0000,0x0000,0x0000,0x0000,0x0000,0x0000,0x0000,0x0000,0x0000,0x1041,0x2081,0x0000,
    0x30e2,0x20a2,0x0000,0x0000,0x0000,0x3103,0x1041,0x0000,0x1861,0x3903,0x30e3,0x4144,0x3903,0x0000,0x1881,0x4144,0x3103,0x3103,0x38a2,0x68c3,0x9124,0x9124,0x70e3,0x5082,
    0x5882,0x80e3,0x88e4,0x8904,0x8904,0x8104,0x8904,0x8904,0x78e3,0x68c3,0x68c3,0x68c3,0x68c3,0x8104,0x8904,0x8904,0x78e3,0x68c3,0x68c3,0x70e3,0x8904,0x8904,0x8904,0x8904,
    0x8904,0x8904,0x8904,0x8904,0x8904,0x8924,0x68c3,0x5082,0x58a2,0x80e3,0x8904,0x80e3,0x80e3,0x70c3,0x4061,0x3903,0x3923,0x3103,0x0820,0x1061,0x3923,0x28c2,0x0000,0x0000,
    0x3103,0x4984,0x3103,0x3103,0x3903,0x2081,0x0000,0x0000,0x0000,0x0820,0x4944,0x1041,0x0000,0x0000,0x0000,0x0000,0x0000,0x0000,0x0000,0x0000,0x0000,0x0000,0x0000,0x0000,
    0x0000,0x0000,0x0000,0x0000,0x0000,0x0000,0x0000,0x0000,0x0000,0x0000,0x0000,0x0000,0x0000,0x0000,0x0000,0x0000,0x0000,0x0000,0x0000,0x0000,0x0000,0x0000,0x0000,0x0000,
    0x0000,0x0000,0x0000,0x0000,0x0000,0x0000,0x0000,0x0000,0x0000,0x0000,0x0000,0x0000,0x0000,0x0000,0x0000,0x0000,0x0000,0x0000,0x0000,0x0000,0x0000,0x0000,0x0000,0x0000,
    0x0000,0x0000,0x0000,0x0000,0x0000,0x0000,0x0000,0x0000,0x0000,0x0000,0x0000,0x0000,0x0000,0x0000,0x1881,0x0000,0x0820,0x28c2,0x0000,0x0000,0x0000,0x2081,0x1881,0x0000,
    0x0820,0x3903,0x30c2,0x3923,0x4144,0x1040,0x0000,0x30e2,0x3923,0x3103,0x1861,0x0000,0x3881,0x70e3,0x68a2,0x5882,0x78c3,0x88e4,0x80e4,0x8904,0x8904,0x8104,0x8904,0x8904,
    0x70c3,0x68a3,0x68c3,0x68c3,0x68c3,0x80e3,0x8904,0x8904,0x80e4,0x70c3,0x68c3,0x70e3,0x8904,0x8904,0x8104,0x8104,0x8904,0x8904,0x8904,0x8904,0x8904,0x9124,0x80e3,0x5082,
    0x5882,0x70c3,0x8904,0x9924,0x80e3,0x4081,0x28c2,0x3923,0x3923,0x28e2,0x0000,0x2082,0x4144,0x1061,0x0000,0x0000,0x4123,0x4144,0x28e2,0x3903,0x30e3,0x0000,0x0000,0x0000,
    0x0000,0x1041,0x4144,0x0000,0x0000,0x0000,0x0000,0x0000,0x0000,0x0000,0x0000,0x0000,0x0000,0x0000,0x0000,0x0000,0x0000,0x0000,0x0000,0x0000,0x0000,0x0000,0x0000,0x0000,
    0x0000,0x0000,0x0000,0x0000,0x0000,0x0000,0x0000,0x0000,0x0000,0x0000,0x0000,0x0000,0x0000,0x0000,0x0000,0x0000,0x0000,0x0000,0x0000,0x0000,0x0000,0x0000,0x0000,0x0000,
    0x0000,0x0000,0x0000,0x0000,0x0000,0x0000,0x0000,0x0000,0x0000,0x0000,0x0000,0x0000,0x0000,0x0000,0x0000,0x0000,0x0000,0x0000,0x0000,0x0000,0x0000,0x0000,0x0000,0x0000,
    0x0000,0x0000,0x0000,0x0000,0x0000,0x0000,0x0820,0x0820,0x0000,0x0840,0x1861,0x0000,0x0000,0x0000,0x28c2,0x0020,0x0000,0x20a2,0x2081,0x30e3,0x3923,0x1881,0x0000,0x1040,
    0x3903,0x30e2,0x28a2,0x0000,0x0000,0x20a1,0x30c2,0x38a2,0x50a2,0x80e3,0x9104,0x8904,0x8904,0x8104,0x80e3,0x80e3,0x70c3,0x60a2,0x60a3,0x68c3,0x68c3,0x70e3,0x9124,0x9124,
    0x80e3,0x68c3,0x68c3,0x78e3,0x8924,0x8924,0x8104,0x8104,0x8904,0x8904,0x9104,0x80e3,0x70c3,0x70c3,0x5082,0x4061,0x6082,0x60a2,0x80e3,0x58a2,0x2040,0x30e2,0x3923,0x30e2,
    0x3903,0x1881,0x0000,0x28c2,0x3923,0x0000,0x0000,0x0000,0x4964,0x3923,0x28c2,0x28c2,0x1881,0x0000,0x0000,0x0000,0x0000,0x20a2,0x28c2,0x0000,0x0000,0x0000,0x0000,0x0000,
    0x0000,0x0000,0x0000,0x0000,0x0000,0x0000,0x0000,0x0000,0x0000,0x0000,0x0000,0x0000,0x0000,0x0000,0x0000,0x0000,0x0000,0x0000,0x0000,0x0000,0x0000,0x0000,0x0000,0x0000,
    0x0000,0x0000,0x0000,0x0000,0x0000,0x0000,0x0000,0x0000,0x0000,0x0000,0x0000,0x0000,0x0000,0x0000,0x0000,0x0000,0x0000,0x0000,0x0000,0x0000,0x0000,0x0000,0x0000,0x0000,
    0x0000,0x0000,0x0000,0x0000,0x0000,0x0000,0x0000,0x0000,0x0000,0x0000,0x0000,0x0000,0x0000,0x0000,0x0000,0x0000,0x0000,0x0000,0x0000,0x0000,0x0000,0x0000,0x0000,0x0000,
    0x0000,0x0000,0x0020,0x0000,0x0000,0x0000,0x1041,0x1861,0x0000,0x0840,0x2081,0x1861,0x3923,0x28c2,0x0000,0x0000,0x1061,0x4124,0x3903,0x1040,0x0000,0x1041,0x3923,0x28e2,
    0x1020,0x2020,0x4882,0x78c3,0x88e3,0x9104,0x9104,0x8904,0x70c3,0x60a2,0x68a2,0x60a2,0x5882,0x58a2,0x70e3,0x80e3,0x8104,0x70c3,0x78c3,0x8924,0x8924,0x8904,0x9104,0x9104,
    0x80e3,0x60a2,0x4082,0x2882,0x20a2,0x2881,0x2820,0x3841,0x4061,0x3061,0x1020,0x0000,0x1040,0x4123,0x3103,0x28a2,0x28c2,0x0000,0x0000,0x3903,0x1881,0x0000,0x0000,0x1040,
    0x4123,0x30e3,0x1881,0x3903,0x1041,0x0000,0x0000,0x0000,0x0000,0x2081,0x0820,0x0000,0x0000,0x0000,0x0000,0x0000,0x0000,0x0000,0x0000,0x0000,0x0000,0x0000,0x0000,0x0000,
    0x0000,0x0000,0x0000,0x0000,0x0000,0x0000,0x0000,0x0000,0x0000,0x0000,0x0000,0x0000,0x0000,0x0000,0x0000,0x0000,0x0000,0x0000,0x0000,0x0000,0x0000,0x0000,0x0000,0x0000,
    0x0000,0x0000,0x0000,0x0000,0x0000,0x0000,0x0000,0x0000,0x0000,0x0000,0x0000,0x0000,0x0000,0x0000,0x0000,0x0000,0x0000,0x0000,0x0000,0x0000,0x0000,0x0000,0x0000,0x0000,
    0x0000,0x0000,0x0000,0x0000,0x0000,0x0000,0x0000,0x0000,0x0000,0x0000,0x0000,0x0000,0x0000,0x0000,0x0000,0x0000,0x0000,0x0000,0x0000,0x0000,0x0000,0x0000,0x0000,0x0820,
    0x0000,0x0000,0x2081,0x0840,0x1881,0x4123,0x1040,0x0000,0x0000,0x20a1,0x3923,0x1881,0x0000,0x0000,0x1861,0x3903,0x1041,0x0000,0x1061,0x20a2,0x30a2,0x48a2,0x58a2,0x60c3,
    0x50a2,0x4082,0x3882,0x2881,0x20a2,0x2082,0x28c2,0x28a2,0x2040,0x2841,0x4882,0x70e3,0x70e3,0x68c3,0x60a2,0x48a2,0x30a2,0x20a2,0x20c3,0x20c3,0x28e3,0x20a2,0x1000,0x2081,
    0x28c2,0x1040,0x0000,0x0000,0x2081,0x3903,0x28c2,0x28a1,0x1061,0x0000,0x1061,0x3923,0x0020,0x0000,0x0000,0x2081,0x4144,0x20a2,0x1040,0x28c2,0x0000,0x0000,0x0000,0x0000,
    0x0820,0x1861,0x0000,0x0000,0x0000,0x0000,0x0000,0x0000,0x0000,0x0000,0x0000,0x0000,0x0000,0x0000,0x0000,0x0000,0x0000,0x0000,0x0000,0x0000,0x0000,0x0000,0x0000,0x0000,
    0x0000,0x0000,0x0000,0x0000,0x0000,0x0000,0x0000,0x0000,0x0000,0x0000,0x0000,0x0000,0x0000,0x0000,0x0000,0x0000,0x0000,0x0000,0x0000,0x0000,0x0000,0x0000,0x0000,0x0000,
    0x0000,0x0000,0x0000,0x0000,0x0000,0x0000,0x0000,0x0000,0x0000,0x0000,0x0000,0x0000,0x0000,0x0000,0x0000,0x0000,0x0000,0x0000,0x0000,0x0000,0x0000,0x0000,0x0000,0x0000,
    0x0000,0x0000,0x0000,0x0000,0x0000,0x0000,0x0000,0x0000,0x0000,0x0000,0x0000,0x0000,0x0000,0x0000,0x0000,0x0000,0x0000,0x0000,0x0000,0x1040,0x0000,0x2081,0x28a1,0x0000,
    0x0000,0x0000,0x2081,0x30e2,0x0820,0x0000,0x0000,0x20a1,0x30e2,0x0000,0x1861,0x20e3,0x20c3,0x20c3,0x18c2,0x20c2,0x20c2,0x20c3,0x20c3,0x20c3,0x28e3,0x1882,0x1861,0x3903,
    0x0820,0x0000,0x1841,0x18a2,0x20a2,0x20a2,0x20c2,0x20c3,0x20c3,0x28e3,0x28e3,0x28e3,0x28e3,0x1061,0x0000,0x28c2,0x2081,0x0000,0x0000,0x0820,0x3903,0x30e3,0x1861,0x1881,
    0x0000,0x0000,0x28a2,0x1881,0x0000,0x0000,0x0000,0x30e2,0x4144,0x0820,0x1881,0x1061,0x0000,0x0000,0x0000,0x0000,0x0820,0x0000,0x0000,0x0000,0x0000,0x0000,0x0000,0x0000,
    0x0000,0x0000,0x0000,0x0000,0x0000,0x0000,0x0000,0x0000,0x0000,0x0000,0x0000,0x0000,0x0000,0x0000,0x0000,0x0000,0x0000,0x0000,0x0000,0x0000,0x0000,0x0000,0x0000,0x0000,
    0x0000,0x0000,0x0000,0x0000,0x0000,0x0000,0x0000,0x0000,0x0000,0x0000,0x0000,0x0000,0x0000,0x0000,0x0000,0x0000,0x0000,0x0000,0x0000,0x0000,0x0000,0x0000,0x0000,0x0000,
    0x0000,0x0000,0x0000,0x0000,0x0000,0x0000,0x0000,0x0000,0x0000,0x0000,0x0000,0x0000,0x0000,0x0000,0x0000,0x0000,0x0000,0x0000,0x0000,0x0000,0x0000,0x0000,0x0000,0x0000,
    0x0000,0x0000,0x0000,0x0000,0x0000,0x0000,0x0000,0x0000,0x0000,0x0000,0x0000,0x0000,0x0000,0x0000,0x1861,0x1861,0x0000,0x0000,0x0000,0x1881,0x28c2,0x0000,0x0000,0x0000,
    0x2081,0x1841,0x1061,0x28e3,0x2903,0x3124,0x3104,0x3104,0x3104,0x2903,0x28e3,0x20c3,0x20c3,0x0841,0x0000,0x20a1,0x2081,0x0000,0x1040,0x20c3,0x20c3,0x28e3,0x28e3,0x3103,
    0x3124,0x3944,0x3945,0x3124,0x2903,0x1861,0x2081,0x2081,0x0000,0x0000,0x0000,0x2081,0x30e3,0x1041,0x1841,0x0020,0x0000,0x0820,0x2081,0x0000,0x0000,0x0000,0x1041,0x3103,
    0x1041,0x0000,0x2081,0x0000,0x0000,0x0000,0x0000,0x0000,0x0000,0x0000,0x0000,0x0000,0x0000,0x0000,0x0000,0x0000,0x0000,0x0000,0x0000,0x0000,0x0000,0x0000,0x0000,0x0000,
    0x0000,0x0000,0x0000,0x0000,0x0000,0x0000,0x0000,0x0000,0x0000,0x0000,0x0000,0x0000,0x0000,0x0000,0x0000,0x0000,0x0000,0x0000,0x0000,0x0000,0x0000,0x0000,0x0000,0x0000,
    0x0000,0x0000,0x0000,0x0000,0x0000,0x0000,0x0000,0x0000,0x0000,0x0000,0x0000,0x0000,0x0000,0x0000,0x0000,0x0000,0x0000,0x0000,0x0000,0x0000,0x0000,0x0000,0x0000,0x0000,
    0x0000,0x0000,0x0000,0x0000,0x0000,0x0000,0x0000,0x0000,0x0000,0x0000,0x0000,0x0000,0x0000,0x0000,0x0000,0x0000,0x0000,0x0000,0x0000,0x0000,0x0000,0x0000,0x0000,0x0000,
    0x0000,0x0000,0x0000,0x0000,0x0000,0x0000,0x0000,0x0000,0x0820,0x0000,0x0000,0x0000,0x0820,0x1040,0x0000,0x0000,0x0000,0x0800,0x1061,0x2904,0x3944,0x3965,0x3965,0x3985,
    0x3965,0x3945,0x3124,0x28e3,0x20c2,0x0820,0x0000,0x0000,0x1041,0x0000,0x0000,0x20a2,0x28c3,0x3104,0x3145,0x3945,0x3965,0x3945,0x3945,0x3144,0x2904,0x1881,0x0820,0x0000,
    0x0000,0x0000,0x1061,0x30e2,0x0820,0x0000,0x0000,0x0000,0x0000,0x1861,0x0020,0x0000,0x0000,0x0000,0x28c2,0x1041,0x0000,0x0820,0x0000,0x0000,0x0000,0x0000,0x0000,0x0000,
    0x0000,0x0000,0x0000,0x0000,0x0000,0x0000,0x0000,0x0000,0x0000,0x0000,0x0000,0x0000,0x0000,0x0000,0x0000,0x0000,0x0000,0x0000,0x0000,0x0000,0x0000,0x0000,0x0000,0x0000,
    0x0000,0x0000,0x0000,0x0000,0x0000,0x0000,0x0000,0x0000,0x0000,0x0000,0x0000,0x0000,0x0000,0x0000,0x0000,0x0000,0x0000,0x0000,0x0000,0x0000,0x0000,0x0000,0x0000,0x0000,
    0x0000,0x0000,0x0000,0x0000,0x0000,0x0000,0x0000,0x0000,0x0000,0x0000,0x0000,0x0000,0x0000,0x0000,0x0000,0x0000,0x0000,0x0000,0x0000,0x0000,0x0000,0x0000,0x0000,0x0000,
    0x0000,0x0000,0x0000,0x0000,0x0000,0x0000,0x0000,0x0000,0x0000,0x0000,0x0000,0x0000,0x0000,0x0000,0x0000,0x0000,0x0000,0x0000,0x0000,0x0000,0x0000,0x0000,0x0000,0x0000,
    0x0000,0x0000,0x0000,0x0000,0x0000,0x0000,0x0000,0x0000,0x0000,0x0000,0x0841,0x3124,0x3945,0x3965,0x3965,0x3965,0x3945,0x3945,0x3144,0x2903,0x18a2,0x0000,0x0000,0x0000,
    0x0000,0x0000,0x0000,0x1882,0x2903,0x3945,0x3945,0x3945,0x3945,0x3945,0x3945,0x3144,0x3124,0x1061,0x0000,0x0000,0x0000,0x0800,0x1041,0x0000,0x0000,0x0000,0x0000,0x0000,
    0x0000,0x0000,0x0000,0x0000,0x0000,0x1040,0x0820,0x0000,0x0000,0x0000,0x0000,0x0000,0x0000,0x0000,0x0000,0x0000,0x0000,0x0000,0x0000,0x0000,0x0000,0x0000,0x0000,0x0000,
    0x0000,0x0000,0x0000,0x0000,0x0000,0x0000,0x0000,0x0000,0x0000,0x0000,0x0000,0x0000,0x0000,0x0000,0x0000,0x0000,0x0000,0x0000,0x0000,0x0000,0x0000,0x0000,0x0000,0x0000,
    0x0000,0x0000,0x0000,0x0000,0x0000,0x0000,0x0000,0x0000,0x0000,0x0000,0x0000,0x0000,0x0000,0x0000,0x0000,0x0000,0x0000,0x0000,0x0000,0x0000,0x0000,0x0000,0x0000,0x0000,
    0x0000,0x0000,0x0000,0x0000,0x0000,0x0000,0x0000,0x0000,0x0000,0x0000,0x0000,0x0000,0x0000,0x0000,0x0000,0x0000,0x0000,0x0000,0x0000,0x0000,0x0000,0x0000,0x0000,0x0000,
    0x0000,0x0000,0x0000,0x0000,0x0000,0x0000,0x0000,0x0000,0x0000,0x0000,0x0000,0x0000,0x0000,0x0000,0x0000,0x0000,0x0000,0x0000,0x0000,0x0000,0x0000,0x0000,0x0000,0x0000,
    0x0000,0x0000,0x0820,0x3124,0x3945,0x3945,0x3965,0x3965,0x3945,0x3945,0x3124,0x2904,0x1881,0x0000,0x0000,0x0000,0x0000,0x0000,0x0000,0x1061,0x3124,0x3944,0x3945,0x3945,
    0x3945,0x3945,0x3145,0x3144,0x3124,0x0841,0x0000,0x0000,0x0000,0x0000,0x0000,0x0000,0x0000,0x0000,0x0000,0x0000,0x0000,0x0000,0x0000,0x0000,0x0000,0x0000,0x0000,0x0000,
    0x0000,0x0000,0x0000,0x0000,0x0000,0x0000,0x0000,0x0000,0x0000,0x0000,0x0000,0x0000,0x0000,0x0000,0x0000,0x0000,0x0000,0x0000,0x0000,0x0000,0x0000,0x0000,0x0000,0x0000,
    0x0000,0x0000,0x0000,0x0000,0x0000,0x0000,0x0000,0x0000,0x0000,0x0000,0x0000,0x0000,0x0000,0x0000,0x0000,0x0000,0x0000,0x0000,0x0000,0x0000,0x0000,0x0000,0x0000,0x0000,
    0x0000,0x0000,0x0000,0x0000,0x0000,0x0000,0x0000,0x0000,0x0000,0x0000,0x0000,0x0000,0x0000,0x0000,0x0000,0x0000,0x0000,0x0000,0x0000,0x0000,0x0000,0x0000,0x0000,0x0000,
    0x0000,0x0000,0x0000,0x0000,0x0000,0x0000,0x0000,0x0000,0x0000,0x0000,0x0000,0x0000,0x0000,0x0000,0x0000,0x0000,0x0000,0x0000,0x0000,0x0000,0x0000,0x0000,0x0000,0x0000,
    0x0000,0x0000,0x0000,0x0000,0x0000,0x0000,0x0000,0x0000,0x0000,0x0000,0x0000,0x0000,0x0000,0x0000,0x0000,0x0000,0x0000,0x0000,0x0020,0x2904,0x3945,0x3945,0x3945,0x3945,
    0x3945,0x3945,0x3144,0x2904,0x0841,0x0000,0x0000,0x0000,0x0000,0x0000,0x0000,0x0841,0x3124,0x3945,0x3945,0x3945,0x3945,0x3945,0x3145,0x3144,0x3124,0x0820,0x0000,0x0000,
    0x0000,0x0000,0x0000,0x0000,0x0000,0x0000,0x0000,0x0000,0x0000,0x0000,0x0000,0x0000,0x0000,0x0000,0x0000,0x0000,0x0000,0x0000,0x0000,0x0000,0x0000,0x0000,0x0000,0x0000,
    0x0000,0x0000,0x0000,0x0000,0x0000,0x0000,0x0000,0x0000,0x0000,0x0000,0x0000,0x0000,0x0000,0x0000,0x0000,0x0000,0x0000,0x0000,0x0000,0x0000,0x0000,0x0000,0x0000,0x0000,
    0x0000,0x0000,0x0000,0x0000,0x0000,0x0000,0x0000,0x0000,0x0000,0x0000,0x0000,0x0000,0x0000,0x0000,0x0000,0x0000,0x0000,0x0000,0x0000,0x0000,0x0000,0x0000,0x0000,0x0000,
    0x0000,0x0000,0x0000,0x0000,0x0000,0x0000,0x0000,0x0000,0x0000,0x0000,0x0000,0x0000,0x0000,0x0000,0x0000,0x0000,0x0000,0x0000,0x0000,0x0000,0x0000,0x0000,0x0000,0x0000,
    0x0000,0x0000,0x0000,0x0000,0x0000,0x0000,0x0000,0x0000,0x0000,0x0000,0x0000,0x0000,0x0000,0x0000,0x0000,0x0000,0x0000,0x0000,0x0000,0x0000,0x0000,0x0000,0x0000,0x0000,
    0x0000,0x0000,0x0000,0x0000,0x0000,0x0000,0x0000,0x0000,0x0000,0x0000,0x0000,0x28e3,0x3945,0x3945,0x3945,0x3945,0x3945,0x3945,0x3145,0x2903,0x0020,0x0000,0x0000,0x0000,
    0x0000,0x0000,0x0000,0x0000,0x2903,0x3945,0x3945,0x3945,0x3945,0x3945,0x3145,0x3144,0x2904,0x0020,0x0000,0x0000,0x0000,0x0000,0x0000,0x0000,0x0000,0x0000,0x0000,0x0000,
    0x0000,0x0000,0x0000,0x0000,0x0000,0x0000,0x0000,0x0000,0x0000,0x0000,0x0000,0x0000,0x0000,0x0000,0x0000,0x0000,0x0000,0x0000,0x0000,0x0000,0x0000,0x0000,0x0000,0x0000,
    0x0000,0x0000,0x0000,0x0000,0x0000,0x0000,0x0000,0x0000,0x0000,0x0000,0x0000,0x0000,0x0000,0x0000,0x0000,0x0000,0x0000,0x0000,0x0000,0x0000,0x0000,0x0000,0x0000,0x0000,
    0x0000,0x0000,0x0000,0x0000,0x0000,0x0000,0x0000,0x0000,0x0000,0x0000,0x0000,0x0000,0x0000,0x0000,0x0000,0x0000,0x0000,0x0000,0x0000,0x0000,0x0000,0x0000,0x0000,0x0000,
    0x0000,0x0000,0x0000,0x0000,0x0000,0x0000,0x0000,0x0000,0x0000,0x0000,0x0000,0x0000,0x0000,0x0000,0x0000,0x0000,0x0000,0x0000,0x0000,0x0000,0x0000,0x0000,0x0000,0x0000,
    0x0000,0x0000,0x0000,0x0000,0x0000,0x0000,0x0000,0x0000,0x0000,0x0000,0x0000,0x0000,0x0000,0x0000,0x0000,0x0000,0x0000,0x0000,0x0000,0x0000,0x0000,0x0000,0x0000,0x0000,
    0x0000,0x0000,0x0000,0x28e3,0x3945,0x3945,0x3945,0x3945,0x3945,0x3945,0x3945,0x28e3,0x0000,0x0000,0x0000,0x0000,0x0000,0x0000,0x0000,0x0000,0x20c3,0x3945,0x3945,0x3945,
    0x3945,0x3945,0x3145,0x3944,0x28e3,0x0000,0x0000,0x0000,0x0000,0x0000,0x0000,0x0000,0x0000,0x0000,0x0000,0x0000,0x0000,0x0000,0x0000,0x0000,0x0000,0x0000,0x0000,0x0000,
    0x0000,0x0000,0x0000,0x0000,0x0000,0x0000,0x0000,0x0000,0x0000,0x0000,0x0000,0x0000,0x0000,0x0000,0x0000,0x0000,0x0000,0x0000,0x0000,0x0000,0x0000,0x0000,0x0000,0x0000,
    0x0000,0x0000,0x0000,0x0000,0x0000,0x0000,0x0000,0x0000,0x0000,0x0000,0x0000,0x0000,0x0000,0x0000,0x0000,0x0000,0x0000,0x0000,0x0000,0x0000,0x0000,0x0000,0x0000,0x0000,
    0x0000,0x0000,0x0000,0x0000,0x0000,0x0000,0x0000,0x0000,0x0000,0x0000,0x0000,0x0000,0x0000,0x0000,0x0000,0x0000,0x0000,0x0000,0x0000,0x0000,0x0000,0x0000,0x0000,0x0000,
    0x0000,0x0000,0x0000,0x0000,0x0000,0x0000,0x0000,0x0000,0x0000,0x0000,0x0000,0x0000,0x0000,0x0000,0x0000,0x0000,0x0000,0x0000,0x0000,0x0000,0x0000,0x0000,0x0000,0x0000,
    0x0000,0x0000,0x0000,0x0000,0x0000,0x0000,0x0000,0x0000,0x0000,0x0000,0x0000,0x0000,0x0000,0x0000,0x0000,0x0000,0x0000,0x0000,0x0000,0x28e3,0x3945,0x3945,0x3945,0x3945,
    0x3945,0x3945,0x3965,0x18a2,0x0000,0x0000,0x0000,0x0000,0x0000,0x0000,0x0000,0x0000,0x18a2,0x3945,0x3944,0x3945,0x3945,0x3945,0x3145,0x3944,0x28e3,0x0000,0x0000,0x0000,
    0x0000,0x0000,0x0000,0x0000,0x0000,0x0000,0x0000,0x0000,0x0000,0x0000,0x0000,0x0000,0x0000,0x0000,0x0000,0x0000,0x0000,0x0000,0x0000,0x0000,0x0000,0x0000,0x0000,0x0000,
    0x0000,0x0000,0x0000,0x0000,0x0000,0x0000,0x0000,0x0000,0x0000,0x0000,0x0000,0x0000,0x0000,0x0000,0x0000,0x0000,0x0000,0x0000,0x0000,0x0000,0x0000,0x0000,0x0000,0x0000,
    0x0000,0x0000,0x0000,0x0000,0x0000,0x0000,0x0000,0x0000,0x0000,0x0000,0x0000,0x0000,0x0000,0x0000,0x0000,0x0000,0x0000,0x0000,0x0000,0x0000,0x0000,0x0000,0x0000,0x0000,
    0x0000,0x0000,0x0000,0x0000,0x0000,0x0000,0x0000,0x0000,0x0000,0x0000,0x0000,0x0000,0x0000,0x0000,0x0000,0x0000,0x0000,0x0000,0x0000,0x0000,0x0000,0x0000,0x0000,0x0000,
    0x0000,0x0000,0x0000,0x0000,0x0000,0x0000,0x0000,0x0000,0x0000,0x0000,0x0000,0x0000,0x0000,0x0000,0x0000,0x0000,0x0000,0x0000,0x0000,0x0000,0x0000,0x0000,0x0000,0x0000,
    0x0000,0x0000,0x0000,0x0000,0x0000,0x0000,0x0000,0x0000,0x0000,0x0000,0x0000,0x28e3,0x3945,0x3945,0x3945,0x3945,0x3945,0x3945,0x3945,0x1061,0x0000,0x0000,0x0000,0x0000,
    0x0000,0x0000,0x0000,0x0000,0x1061,0x3945,0x3145,0x3145,0x3945,0x3945,0x3145,0x3144,0x2903,0x0020,0x0000,0x0000,0x0000,0x0000,0x0000,0x0000,0x0000,0x0000,0x0000,0x0000,
    0x0000,0x0000,0x0000,0x0000,0x0000,0x0000,0x0000,0x0000,0x0000,0x0000,0x0000,0x0000,0x0000,0x0000,0x0000,0x0000,0x0000,0x0000,0x0000,0x0000,0x0000,0x0000,0x0000,0x0000,
    0x0000,0x0000,0x0000,0x0000,0x0000,0x0000,0x0000,0x0000,0x0000,0x0000,0x0000,0x0000,0x0000,0x0000,0x0000,0x0000,0x0000,0x0000,0x0000,0x0000,0x0000,0x0000,0x0000,0x0000,
    0x0000,0x0000,0x0000,0x0000,0x0000,0x0000,0x0000,0x0000,0x0000,0x0000,0x0000,0x0000,0x0000,0x0000,0x0000,0x0000,0x0000,0x0000,0x0000,0x0000,0x0000,0x0000,0x0000,0x0000,
    0x0000,0x0000,0x0000,0x0000,0x0000,0x0000,0x0000,0x0000,0x0000,0x0000,0x0000,0x0000,0x0000,0x0000,0x0000,0x0000,0x0000,0x0000,0x0000,0x0000,0x0000,0x0000,0x0000,0x0000,
    0x0000,0x0000,0x0000,0x0000,0x0000,0x0000,0x0000,0x0000,0x0000,0x0000,0x0000,0x0000,0x0000,0x0000,0x0000,0x0000,0x0000,0x0000,0x0000,0x0000,0x0000,0x0000,0x0000,0x0000,
    0x0000,0x0000,0x0000,0x28e3,0x3124,0x3945,0x3945,0x3945,0x3945,0x3145,0x3124,0x0820,0x0000,0x0000,0x0000,0x0000,0x0000,0x0000,0x0000,0x0000,0x0820,0x3124,0x3944,0x3145,
    0x3945,0x3945,0x3945,0x3124,0x2904,0x0820,0x0000,0x0000,0x0000,0x0000,0x0000,0x0000,0x0000,0x0000,0x0000,0x0000,0x0000,0x0000,0x0000,0x0000,0x0000,0x0000,0x0000,0x0000,
    0x0000,0x0000,0x0000,0x0000,0x0000,0x0000,0x0000,0x0000,0x0000,0x0000,0x0000,0x0000,0x0000,0x0000,0x0000,0x0000,0x0000,0x0000,0x0000,0x0000,0x0000,0x0000,0x0000,0x0000,
    0x0000,0x0000,0x0000,0x0000,0x0000,0x0000,0x0000,0x0000,0x0000,0x0000,0x0000,0x0000,0x0000,0x0000,0x0000,0x0000,0x0000,0x0000,0x0000,0x0000,0x0000,0x0000,0x0000,0x0000,
    0x0000,0x0000,0x0000,0x0000,0x0000,0x0000,0x0000,0x0000,0x0000,0x0000,0x0000,0x0000,0x0000,0x0000,0x0000,0x0000,0x0000,0x0000,0x0000,0x0000,0x0000,0x0000,0x0000,0x0000,
    0x0000,0x0000,0x0000,0x0000,0x0000,0x0000,0x0000,0x0000,0x0000,0x0000,0x0000,0x0000,0x0000,0x0000,0x0000,0x0000,0x0000,0x0000,0x0000,0x0000,0x0000,0x0000,0x0000,0x0000,
    0x0000,0x0000,0x0000,0x0000,0x0000,0x0000,0x0000,0x0000,0x0000,0x0000,0x0000,0x0000,0x0000,0x0000,0x0000,0x0000,0x0000,0x0000,0x0841,0x3124,0x3124,0x3945,0x3945,0x3945,
    0x3144,0x3144,0x28e3,0x0000,0x0000,0x0000,0x0000,0x0000,0x0000,0x0000,0x0000,0x0000,0x0000,0x20c3,0x3945,0x3144,0x3945,0x3945,0x3945,0x3124,0x3124,0x1061,0x0000,0x0000,
    0x0000,0x0000,0x0000,0x0000,0x0000,0x0000,0x0000,0x0000,0x0000,0x0000,0x0000,0x0000,0x0000,0x0000,0x0000,0x0000,0x0000,0x0000,0x0000,0x0000,0x0000,0x0000,0x0000,0x0000,
    0x0000,0x0000,0x0000,0x0000,0x0000,0x0000,0x0000,0x0000,0x0000,0x0000,0x0000,0x0000,0x0000,0x0000,0x0000,0x0000,0x0000,0x0000,0x0000,0x0000,0x0000,0x0000,0x0000,0x0000,
    0x0000,0x0000,0x0000,0x0000,0x0000,0x0000,0x0000,0x0000,0x0000,0x0000,0x0000,0x0000,0x0000,0x0000,0x0000,0x0000,0x0000,0x0000,0x0000,0x0000,0x0000,0x0000,0x0000,0x0000,
    0x0000,0x0000,0x0000,0x0000,0x0000,0x0000,0x0000,0x0000,0x0000,0x0000,0x0000,0x0000,0x0000,0x0000,0x0000,0x0000,0x0000,0x0000,0x0000,0x0000,0x0000,0x0000,0x0000,0x0000,
    0x0000,0x0000,0x0000,0x0000,0x0000,0x0000,0x0000,0x0000,0x0000,0x0000,0x0000,0x0000,0x0000,0x0000,0x0000,0x0000,0x0000,0x0000,0x0000,0x0000,0x0000,0x0000,0x0000,0x0000,
    0x0000,0x0000,0x0000,0x0000,0x0000,0x0000,0x0000,0x0000,0x0000,0x0000,0x1882,0x3944,0x3104,0x3945,0x3965,0x3144,0x3124,0x3945,0x1882,0x0000,0x0000,0x0000,0x0000,0x0000,
    0x0000,0x0000,0x0000,0x0000,0x0000,0x1061,0x3945,0x3124,0x3144,0x3945,0x3945,0x3124,0x3144,0x18a2,0x0000,0x0000,0x0000,0x0000,0x0000,0x0000,0x0000,0x0000,0x0000,0x0000,
    0x0000,0x0000,0x0000,0x0000,0x0000,0x0000,0x0000,0x0000,0x0000,0x0000,0x0000,0x0000,0x0000,0x0000,0x0000,0x0000,0x0000,0x0000,0x0000,0x0000,0x0000,0x0000,0x0000,0x0000,
    0x0000,0x0000,0x0000,0x0000,0x0000,0x0000,0x0000,0x0000,0x0000,0x0000,0x0000,0x0000,0x0000,0x0000,0x0000,0x0000,0x0000,0x0000,0x0000,0x0000,0x0000,0x0000,0x0000,0x0000,
    0x0000,0x0000,0x0000,0x0000,0x0000,0x0000,0x0000,0x0000,0x0000,0x0000,0x0000,0x0000,0x0000,0x0000,0x0000,0x0000,0x0000,0x0000,0x0000,0x0000,0x0000,0x0000,0x0000,0x0000,
    0x0000,0x0000,0x0000,0x0000,0x0000,0x0000,0x0000,0x0000,0x0000,0x0000,0x0000,0x0000,0x0000,0x0000,0x0000,0x0000,0x0000,0x0000,0x0000,0x0000,0x0000,0x0000,0x0000,0x0000,
    0x0000,0x0000,0x0000,0x0000,0x0000,0x0000,0x0000,0x0000,0x0000,0x0000,0x0000,0x0000,0x0000,0x0000,0x0000,0x0000,0x0000,0x0000,0x0000,0x0000,0x0000,0x0000,0x0000,0x0000,
    0x0000,0x0000,0x28e3,0x3945,0x3144,0x3945,0x3945,0x3124,0x3124,0x3124,0x0841,0x0000,0x0000,0x0000,0x0000,0x0000,0x0000,0x0000,0x0000,0x0000,0x0000,0x0820,0x3104,0x3145,
    0x3124,0x3945,0x3945,0x3144,0x3945,0x2904,0x0000,0x0000,0x0000,0x0000,0x0000,0x0000,0x0000,0x0000,0x0000,0x0000,0x0000,0x0000,0x0000,0x0000,0x0000,0x0000,0x0000,0x0000,
    0x0000,0x0000,0x0000,0x0000,0x0000,0x0000,0x0000,0x0000,0x0000,0x0000,0x0000,0x0000,0x0000,0x0000,0x0000,0x0000,0x0000,0x0000,0x0000,0x0000,0x0000,0x0000,0x0000,0x0000,
    0x0000,0x0000,0x0000,0x0000,0x0000,0x0000,0x0000,0x0000,0x0000,0x0000,0x0000,0x0000,0x0000,0x0000,0x0000,0x0000,0x0000,0x0000,0x0000,0x0000,0x0000,0x0000,0x0000,0x0000,
    0x0000,0x0000,0x0000,0x0000,0x0000,0x0000,0x0000,0x0000,0x0000,0x0000,0x0000,0x0000,0x0000,0x0000,0x0000,0x0000,0x0000,0x0000,0x0000,0x0000,0x0000,0x0000,0x0000,0x0000,
    0x0000,0x0000,0x0000,0x0000,0x0000,0x0000,0x0000,0x0000,0x0000,0x0000,0x0000,0x0000,0x0000,0x0000,0x0000,0x0000,0x0000,0x0000,0x0000,0x0000,0x0000,0x0000,0x0000,0x0000,
    0x0000,0x0000,0x0000,0x0000,0x0000,0x0000,0x0000,0x0000,0x0000,0x0000,0x0000,0x0000,0x0000,0x0000,0x0000,0x0000,0x0000,0x0820,0x3144,0x3945,0x3945,0x3945,0x3945,0x3945,
    0x3144,0x2903,0x0820,0x0000,0x0000,0x0000,0x0000,0x0000,0x0000,0x0000,0x0000,0x0000,0x0000,0x0820,0x2903,0x3145,0x3945,0x3945,0x3945,0x3945,0x3945,0x3144,0x0841,0x0000,
    0x0000,0x0000,0x0000,0x0000,0x0000,0x0000,0x0000,0x0000,0x0000,0x0000,0x0000,0x0000,0x0000,0x0000,0x0000,0x0000,0x0000,0x0000,0x0000,0x0000,0x0000,0x0000,0x0000,0x0000,
    0x0000,0x0000,0x0000,0x0000,0x0000,0x0000,0x0000,0x0000,0x0000,0x0000,0x0000,0x0000,0x0000,0x0000,0x0000,0x0000,0x0000,0x0000,0x0000,0x0000,0x0000,0x0000,0x0000,0x0000,
    0x0000,0x0000,0x0000,0x0000,0x0000,0x0000,0x0000,0x0000,0x0000,0x0000,0x0000,0x0000,0x0000,0x0000,0x0000,0x0000,0x0000,0x0000,0x0000,0x0000,0x0000,0x0000,0x0000,0x0000,
    0x0000,0x0000,0x0000,0x0000,0x0000,0x0000,0x0000,0x0000,0x0000,0x0000,0x0000,0x0000,0x0000,0x0000,0x0000,0x0000,0x0000,0x0000,0x0000,0x0000,0x0000,0x0000,0x0000,0x0000,
    0x0000,0x0000,0x0000,0x0000,0x0000,0x0000,0x0000,0x0000,0x0000,0x0000,0x0000,0x0000,0x0000,0x0000,0x0000,0x0000,0x0000,0x0000,0x0000,0x0000,0x0000,0x0000,0x0000,0x0000,
    0x0000,0x0000,0x0000,0x0000,0x0000,0x0000,0x0000,0x0000,0x0000,0x1882,0x3945,0x3945,0x3945,0x3945,0x3945,0x3145,0x3144,0x2904,0x0820,0x0000,0x0000,0x0000,0x0000,0x0000,
    0x0000,0x0000,0x0000,0x0000,0x0000,0x0000,0x2904,0x3945,0x3945,0x3945,0x3945,0x3945,0x3945,0x3945,0x1882,0x0000,0x0000,0x0000,0x0000,0x0000,0x0000,0x0000,0x0000,0x0000,
    0x0000,0x0000,0x0000,0x0000,0x0000,0x0000,0x0000,0x0000,0x0000,0x0000,0x0000,0x0000,0x0000,0x0000,0x0000,0x0000,0x0000,0x0000,0x0000,0x0000,0x0000,0x0000,0x0000,0x0000,
    0x0000,0x0000,0x0000,0x0000,0x0000,0x0000,0x0000,0x0000,0x0000,0x0000,0x0000,0x0000,0x0000,0x0000,0x0000,0x0000,0x0000,0x0000,0x0000,0x0000,0x0000,0x0000,0x0000,0x0000,
    0x0000,0x0000,0x0000,0x0000,0x0000,0x0000,0x0000,0x0000,0x0000,0x0000,0x0000,0x0000,0x0000,0x0000,0x0000,0x0000,0x0000,0x0000,0x0000,0x0000,0x0000,0x0000,0x0000,0x0000,
    0x0000,0x0000,0x0000,0x0000,0x0000,0x0000,0x0000,0x0000,0x0000,0x0000,0x0000,0x0000,0x0000,0x0000,0x0000,0x0000,0x0000,0x0000,0x0000,0x0000,0x0000,0x0000,0x0000,0x0000,
    0x0000,0x0000,0x0000,0x0000,0x0000,0x0000,0x0000,0x0000,0x0000,0x0000,0x0000,0x0000,0x0000,0x0000,0x0000,0x0000,0x0000,0x0000,0x0000,0x0000,0x0000,0x0000,0x0000,0x0000,
    0x0000,0x20c3,0x3965,0x3144,0x3945,0x3945,0x3945,0x3145,0x3144,0x2904,0x0020,0x0000,0x0000,0x0000,0x0000,0x0000,0x0000,0x0000,0x0000,0x0000,0x0000,0x0000,0x2904,0x3945,
    0x3945,0x3945,0x3965,0x3945,0x3945,0x3945,0x28e3,0x0000,0x0000,0x0000,0x0000,0x0000,0x0000,0x0000,0x0000,0x0000,0x0000,0x0000,0x0000,0x0000,0x0000,0x0000,0x0000,0x0000,
    0x0000,0x0000,0x0000,0x0000,0x0000,0x0000,0x0000,0x0000,0x0000,0x0000,0x0000,0x0000,0x0000,0x0000,0x0000,0x0000,0x0000,0x0000,0x0000,0x0000,0x0000,0x0000,0x0000,0x0000,
    0x0000,0x0000,0x0000,0x0000,0x0000,0x0000,0x0000,0x0000,0x0000,0x0000,0x0000,0x0000,0x0000,0x0000,0x0000,0x0000,0x0000,0x0000,0x0000,0x0000,0x0000,0x0000,0x0000,0x0000,
    0x0000,0x0000,0x0000,0x0000,0x0000,0x0000,0x0000,0x0000,0x0000,0x0000,0x0000,0x0000,0x0000,0x0000,0x0000,0x0000,0x0000,0x0000,0x0000,0x0000,0x0000,0x0000,0x0000,0x0000,
    0x0000,0x0000,0x0000,0x0000,0x0000,0x0000,0x0000,0x0000,0x0000,0x0000,0x0000,0x0000,0x0000,0x0000,0x0000,0x0000,0x0000,0x0000,0x0000,0x0000,0x0000,0x0000,0x0000,0x0000,
    0x0000,0x0000,0x0000,0x0000,0x0000,0x0000,0x0000,0x0000,0x0000,0x0000,0x0000,0x0000,0x0000,0x0000,0x0000,0x0000,0x0000,0x2903,0x3945,0x3145,0x3945,0x3945,0x3945,0x3145,
    0x3944,0x2904,0x0000,0x0000,0x0000,0x0000,0x0000,0x0000,0x0000,0x0000,0x0000,0x0000,0x0000,0x0000,0x2904,0x3945,0x3945,0x3945,0x3945,0x3945,0x3944,0x3944,0x3104,0x0000,
    0x0000,0x0000,0x0000,0x0000,0x0000,0x0000,0x0000,0x0000,0x0000,0x0000,0x0000,0x0000,0x0000,0x0000,0x0000,0x0000,0x0000,0x0000,0x0000,0x0000,0x0000,0x0000,0x0000,0x0000,
    0x0000,0x0000,0x0000,0x0000,0x0000,0x0000,0x0000,0x0000,0x0000,0x0000,0x0000,0x0000,0x0000,0x0000,0x0000,0x0000,0x0000,0x0000,0x0000,0x0000,0x0000,0x0000,0x0000,0x0000,
    0x0000,0x0000,0x0000,0x0000,0x0000,0x0000,0x0000,0x0000,0x0000,0x0000,0x0000,0x0000,0x0000,0x0000,0x0000,0x0000,0x0000,0x0000,0x0000,0x0000,0x0000,0x0000,0x0000,0x0000,
    0x0000,0x0000,0x0000,0x0000,0x0000,0x0000,0x0000,0x0000,0x0000,0x0000,0x0000,0x0000,0x0000,0x0000,0x0000,0x0000,0x0000,0x0000,0x0000,0x0000,0x0000,0x0000,0x0000,0x0000,
    0x0000,0x0000,0x0000,0x0000,0x0000,0x0000,0x0000,0x0000,0x0000,0x0000,0x0000,0x0000,0x0000,0x0000,0x0000,0x0000,0x0000,0x0000,0x0000,0x0000,0x0000,0x0000,0x0000,0x0000,
    0x0000,0x0000,0x0000,0x0000,0x0000,0x0000,0x0000,0x0000,0x0000,0x3124,0x3945,0x3945,0x3945,0x3945,0x3945,0x3145,0x3945,0x28e3,0x0000,0x0000,0x0000,0x0000,0x0000,0x0000,
    0x0000,0x0000,0x0000,0x0000,0x0000,0x0000,0x28e3,0x3965,0x3945,0x3945,0x3945,0x3945,0x3944,0x3944,0x3124,0x0820,0x0000,0x0000,0x0000,0x0000,0x0000,0x0000,0x0000,0x0000,
    0x0000,0x0000,0x0000,0x0000,0x0000,0x0000,0x0000,0x0000,0x0000,0x0000,0x0000,0x0000,0x0000,0x0000,0x0000,0x0000,0x0000,0x0000,0x0000,0x0000,0x0000,0x0000,0x0000,0x0000,
    0x0000,0x0000,0x0000,0x0000,0x0000,0x0000,0x0000,0x0000,0x0000,0x0000,0x0000,0x0000,0x0000,0x0000,0x0000,0x0000,0x0000,0x0000,0x0000,0x0000,0x0000,0x0000,0x0000,0x0000,
    0x0000,0x0000,0x0000,0x0000,0x0000,0x0000,0x0000,0x0000,0x0000,0x0000,0x0000,0x0000,0x0000,0x0000,0x0000,0x0000,0x0000,0x0000,0x0000,0x0000,0x0000,0x0000,0x0000,0x0000,
    0x0000,0x0000,0x0000,0x0000,0x0000,0x0000,0x0000,0x0000,0x0000,0x0000,0x0000,0x0000,0x0000,0x0000,0x0000,0x0000,0x0000,0x0000,0x0000,0x0000,0x0000,0x0000,0x0000,0x0000,
    0x0000,0x0000,0x0000,0x0000,0x0000,0x0000,0x0000,0x0000,0x0000,0x0000,0x0000,0x0000,0x0000,0x0000,0x0000,0x0000,0x0000,0x0000,0x0000,0x0000,0x0000,0x0000,0x0000,0x0000,
    0x0820,0x3124,0x3945,0x3945,0x3945,0x3945,0x3945,0x3945,0x3965,0x20e3,0x0000,0x0000,0x0000,0x0000,0x0000,0x0000,0x0000,0x0000,0x0000,0x0000,0x0000,0x0000,0x20c3,0x3965,
    0x3945,0x3945,0x3945,0x3945,0x3945,0x3944,0x3124,0x0820,0x0000,0x0000,0x0000,0x0000,0x0000,0x0000,0x0000,0x0000,0x0000,0x0000,0x0000,0x0000,0x0000,0x0000,0x0000,0x0000,
    0x0000,0x0000,0x0000,0x0000,0x0000,0x0000,0x0000,0x0000,0x0000,0x0000,0x0000,0x0000,0x0000,0x0000,0x0000,0x0000,0x0000,0x0000,0x0000,0x0000,0x0000,0x0000,0x0000,0x0000,
    0x0000,0x0000,0x0000,0x0000,0x0000,0x0000,0x0000,0x0000,0x0000,0x0000,0x0000,0x0000,0x0000,0x0000,0x0000,0x0000,0x0000,0x0000,0x0000,0x0000,0x0000,0x0000,0x0000,0x0000,
    0x0000,0x0000,0x0000,0x0000,0x0000,0x0000,0x0000,0x0000,0x0000,0x0000,0x0000,0x0000,0x0000,0x0000,0x0000,0x0000,0x0000,0x0000,0x0000,0x0000,0x0000,0x0000,0x0000,0x0000,
    0x0000,0x0000,0x0000,0x0000,0x0000,0x0000,0x0000,0x0000,0x0000,0x0000,0x0000,0x0000,0x0000,0x0000,0x0000,0x0000,0x0000,0x0000,0x0000,0x0000,0x0000,0x0000,0x0000,0x0000,
    0x0000,0x0000,0x0000,0x0000,0x0000,0x0000,0x0000,0x0000,0x0000,0x0000,0x0000,0x0000,0x0000,0x0000,0x0000,0x0000,0x0820,0x3144,0x3945,0x3945,0x3945,0x3945,0x3945,0x3945,
    0x3965,0x18a2,0x0000,0x0000,0x0000,0x0000,0x0000,0x0000,0x0000,0x0000,0x0000,0x0000,0x0000,0x0000,0x18a2,0x3965,0x3945,0x3944,0x3945,0x3945,0x3945,0x3144,0x3124,0x0820,
    0x0000,0x0000,0x0000,0x0000,0x0000,0x0000,0x0000,0x0000,0x0000,0x0000,0x0000,0x0000,0x0000,0x0000,0x0000,0x0000,0x0000,0x0000,0x0000,0x0000,0x0000,0x0000,0x0000,0x0000,
    0x0000,0x0000,0x0000,0x0000,0x0000,0x0000,0x0000,0x0000,0x0000,0x0000,0x0000,0x0000,0x0000,0x0000,0x0000,0x0000,0x0000,0x0000,0x0000,0x0000,0x0000,0x0000,0x0000,0x0000,
    0x0000,0x0000,0x0000,0x0000,0x0000,0x0000,0x0000,0x0000,0x0000,0x0000,0x0000,0x0000,0x0000,0x0000,0x0000,0x0000,0x0000,0x0000,0x0000,0x0000,0x0000,0x0000,0x0000,0x0000,
    0x0000,0x0000,0x0000,0x0000,0x0000,0x0000,0x0000,0x0000,0x0000,0x0000,0x0000,0x0000,0x0000,0x0000,0x0000,0x0000,0x0000,0x0000,0x0000,0x0000,0x0000,0x0000,0x0000,0x0000,
    0x0000,0x0000,0x0000,0x0000,0x0000,0x0000,0x0000,0x0000,0x0000,0x0000,0x0000,0x0000,0x0000,0x0000,0x0000,0x0000,0x0000,0x0000,0x0000,0x0000,0x0000,0x0000,0x0000,0x0000,
    0x0000,0x0000,0x0000,0x0000,0x0000,0x0000,0x0000,0x0000,0x0820,0x3124,0x3945,0x3945,0x3945,0x3945,0x3945,0x3945,0x3965,0x1061,0x0000,0x0000,0x0000,0x0000,0x0000,0x0000,
    0x0000,0x0000,0x0000,0x0000,0x0000,0x0000,0x1061,0x3945,0x3945,0x3944,0x3944,0x3945,0x3145,0x3145,0x3124,0x0820,0x0000,0x0000,0x0000,0x0000,0x0000,0x0000,0x0000,0x0000,
    0x0000,0x0000,0x0000,0x0000,0x0000,0x0000,0x0000,0x0000,0x0000,0x0000,0x0000,0x0000,0x0000,0x0000,0x0000,0x0000,0x0000,0x0000,0x0000,0x0000,0x0000,0x0000,0x0000,0x0000,
    0x0000,0x0000,0x0000,0x0000,0x0000,0x0000,0x0000,0x0000,0x0000,0x0000,0x0000,0x0000,0x0000,0x0000,0x0000,0x0000,0x0000,0x0000,0x0000,0x0000,0x0000,0x0000,0x0000,0x0000,
    0x0000,0x0000,0x0000,0x0000,0x0000,0x0000,0x0000,0x0000,0x0000,0x0000,0x0000,0x0000,0x0000,0x0000,0x0000,0x0000,0x0000,0x0000,0x0000,0x0000,0x0000,0x0000,0x0000,0x0000,
    0x0000,0x0000,0x0000,0x0000,0x0000,0x0000,0x0000,0x0000,0x0000,0x0000,0x0000,0x0000,0x0000,0x0000,0x0000,0x0000,0x0000,0x0000,0x0000,0x0000,0x0000,0x0000,0x0000,0x0000,
    0x0000,0x0000,0x0000,0x0000,0x0000,0x0000,0x0000,0x0000,0x0000,0x0000,0x0000,0x0000,0x0000,0x0000,0x0000,0x0000,0x0000,0x0000,0x0000,0x0000,0x0000,0x0000,0x0000,0x0000,
    0x0020,0x3124,0x3945,0x3945,0x3945,0x3945,0x3945,0x3945,0x3124,0x0820,0x0000,0x0000,0x0000,0x0000,0x0000,0x0000,0x0000,0x0000,0x0000,0x0000,0x0000,0x0000,0x0020,0x3124,
    0x3945,0x3944,0x3944,0x3944,0x3945,0x3145,0x3124,0x0820,0x0000,0x0000,0x0000,0x0000,0x0000,0x0000,0x0000,0x0000,0x0000,0x0000,0x0000,0x0000,0x0000,0x0000,0x0000,0x0000,
    0x0000,0x0000,0x0000,0x0000,0x0000,0x0000,0x0000,0x0000,0x0000,0x0000,0x0000,0x0000,0x0000,0x0000,0x0000,0x0000,0x0000,0x0000,0x0000,0x0000,0x0000,0x0000,0x0000,0x0000,
    0x0000,0x0000,0x0000,0x0000,0x0000,0x0000,0x0000,0x0000,0x0000,0x0000,0x0000,0x0000,0x0000,0x0000,0x0000,0x0000,0x0000,0x0000,0x0000,0x0000,0x0000,0x0000,0x0000,0x0000,
    0x0000,0x0000,0x0000,0x0000,0x0000,0x0000,0x0000,0x0000,0x0000,0x0000,0x0000,0x0000,0x0000,0x0000,0x0000,0x0000,0x0000,0x0000,0x0000,0x0000,0x0000,0x0000,0x0000,0x0000,
    0x0000,0x0000,0x0000,0x0000,0x0000,0x0000,0x0000,0x0000,0x0000,0x0000,0x0000,0x0000,0x0000,0x0000,0x0000,0x0000,0x0000,0x0000,0x0000,0x0000,0x0000,0x0000,0x0000,0x0000,
    0x0000,0x0000,0x0000,0x0000,0x0000,0x0000,0x0000,0x0000,0x0000,0x0000,0x0000,0x0000,0x0000,0x0000,0x0000,0x0000,0x0000,0x3124,0x3945,0x3945,0x3945,0x3945,0x3945,0x3944,
    0x28e3,0x0000,0x0000,0x0000,0x0000,0x0000,0x0000,0x0000,0x0000,0x0000,0x0000,0x0000,0x0000,0x0000,0x0000,0x28e3,0x3945,0x3944,0x3944,0x3944,0x3944,0x3945,0x3124,0x0020,
    0x0000,0x0000,0x0000,0x0000,0x0000,0x0000,0x0000,0x0000,0x0000,0x0000,0x0000,0x0000,0x0000,0x0000,0x0000,0x0000,0x0000,0x0000,0x0000,0x0000,0x0000,0x0000,0x0000,0x0000,
    0x0000,0x0000,0x0000,0x0000,0x0000,0x0000,0x0000,0x0000,0x0000,0x0000,0x0000,0x0000,0x0000,0x0000,0x0000,0x0000,0x0000,0x0000,0x0000,0x0000,0x0000,0x0000,0x0000,0x0000,
    0x0000,0x0000,0x0000,0x0000,0x0000,0x0000,0x0000,0x0000,0x0000,0x0000,0x0000,0x0000,0x0000,0x0000,0x0000,0x0000,0x0000,0x0000,0x0000,0x0000,0x0000,0x0000,0x0000,0x0000,
    0x0000,0x0000,0x0000,0x0000,0x0000,0x0000,0x0000,0x0000,0x0000,0x0000,0x0000,0x0000,0x0000,0x0000,0x0000,0x0000,0x0000,0x0000,0x0000,0x0000,0x0000,0x0000,0x0000,0x0000,
    0x0000,0x0000,0x0000,0x0000,0x0000,0x0000,0x0000,0x0000,0x0000,0x0000,0x0000,0x0000,0x0000,0x0000,0x0000,0x0000,0x0000,0x0000,0x0000,0x0000,0x0000,0x0000,0x0000,0x0000,
    0x0000,0x0000,0x0000,0x0000,0x0000,0x0000,0x0000,0x0000,0x0000,0x3104,0x3945,0x3945,0x3945,0x3945,0x3945,0x3944,0x1882,0x0000,0x0000,0x0000,0x0000,0x0000,0x0000,0x0000,
    0x0000,0x0000,0x0000,0x0000,0x0000,0x0000,0x0000,0x18a2,0x3965,0x3945,0x3944,0x3944,0x3944,0x3944,0x3104,0x0000,0x0000,0x0000,0x0000,0x0000,0x0000,0x0000,0x0000,0x0000,
    0x0000,0x0000,0x0000,0x0000,0x0000,0x0000,0x0000,0x0000,0x0000,0x0000,0x0000,0x0000,0x0000,0x0000,0x0000,0x0000,0x0000,0x0000,0x0000,0x0000,0x0000,0x0000,0x0000,0x0000,
    0x0000,0x0000,0x0000,0x0000,0x0000,0x0000,0x0000,0x0000,0x0000,0x0000,0x0000,0x0000,0x0000,0x0000,0x0000,0x0000,0x0000,0x0000,0x0000,0x0000,0x0000,0x0000,0x0000,0x0000,
    0x0000,0x0000,0x0000,0x0000,0x0000,0x0000,0x0000,0x0000,0x0000,0x0000,0x0000,0x0000,0x0000,0x0000,0x0000,0x0000,0x0000,0x0000,0x0000,0x0000,0x0000,0x0000,0x0000,0x0000,
    0x0000,0x0000,0x0000,0x0000,0x0000,0x0000,0x0000,0x0000,0x0000,0x0000,0x0000,0x0000,0x0000,0x0000,0x0000,0x0000,0x0000,0x0000,0x0000,0x0000,0x0000,0x0000,0x0000,0x0000,
    0x0000,0x0000,0x0000,0x0000,0x0000,0x0000,0x0000,0x0000,0x0000,0x0000,0x0000,0x0000,0x0000,0x0000,0x0000,0x0000,0x0000,0x0000,0x0000,0x0000,0x0000,0x0000,0x0000,0x0000,
    0x0000,0x2903,0x3945,0x3145,0x3944,0x3944,0x3944,0x3144,0x1061,0x0000,0x0000,0x0000,0x0000,0x0000,0x0000,0x0000,0x0000,0x0000,0x0000,0x0000,0x0000,0x0000,0x0000,0x1041,
    0x3945,0x3945,0x3944,0x3944,0x3144,0x3945,0x2903,0x0000,0x0000,0x0000,0x0000,0x0000,0x0000,0x0000,0x0000,0x0000,0x0000,0x0000,0x0000,0x0000,0x0000,0x0000,0x0000,0x0000,
    0x0000,0x0000,0x0000,0x0000,0x0000,0x0000,0x0000,0x0000,0x0000,0x0000,0x0000,0x0000,0x0000,0x0000,0x0000,0x0000,0x0000,0x0000,0x0000,0x0000,0x0000,0x0000,0x0000,0x0000,
    0x0000,0x0000,0x0000,0x0000,0x0000,0x0000,0x0000,0x0000,0x0000,0x0000,0x0000,0x0000,0x0000,0x0000,0x0000,0x0000,0x0000,0x0000,0x0000,0x0000,0x0000,0x0000,0x0000,0x0000,
    0x0000,0x0000,0x0000,0x0000,0x0000,0x0000,0x0000,0x0000,0x0000,0x0000,0x0000,0x0000,0x0000,0x0000,0x0000,0x0000,0x0000,0x0000,0x0000,0x0000,0x0000,0x0000,0x0000,0x0000,
    0x0000,0x0000,0x0000,0x0000,0x0000,0x0000,0x0000,0x0000,0x0000,0x0000,0x0000,0x0000,0x0000,0x0000,0x0000,0x0000,0x0000,0x0000,0x0000,0x0000,0x0000,0x0000,0x0000,0x0000,
    0x0000,0x0000,0x0000,0x0000,0x0000,0x0000,0x0000,0x0000,0x0000,0x0000,0x0000,0x0000,0x0000,0x0000,0x0000,0x0000,0x0000,0x28e3,0x3965,0x3945,0x3945,0x3945,0x3145,0x3124,
    0x0820,0x0000,0x0000,0x0000,0x0000,0x0000,0x0000,0x0000,0x0000,0x0000,0x0000,0x0000,0x0000,0x0000,0x0000,0x0020,0x3124,0x3945,0x3145,0x3945,0x3145,0x3945,0x28e3,0x0000,
    0x0000,0x0000,0x0000,0x0000,0x0000,0x0000,0x0000,0x0000,0x0000,0x0000,0x0000,0x0000,0x0000,0x0000,0x0000,0x0000,0x0000,0x0000,0x0000,0x0000,0x0000,0x0000,0x0000,0x0000,
    0x0000,0x0000,0x0000,0x0000,0x0000,0x0000,0x0000,0x0000,0x0000,0x0000,0x0000,0x0000,0x0000,0x0000,0x0000,0x0000,0x0000,0x0000,0x0000,0x0000,0x0000,0x0000,0x0000,0x0000,
    0x0000,0x0000,0x0000,0x0000,0x0000,0x0000,0x0000,0x0000,0x0000,0x0000,0x0000,0x0000,0x0000,0x0000,0x0000,0x0000,0x0000,0x0000,0x0000,0x0000,0x0000,0x0000,0x0000,0x0000,
    0x0000,0x0000,0x0000,0x0000,0x0000,0x0000,0x0000,0x0000,0x0000,0x0000,0x0000,0x0000,0x0000,0x0000,0x0000,0x0000,0x0000,0x0000,0x0000,0x0000,0x0000,0x0000,0x0000,0x0000,
    0x0000,0x0000,0x0000,0x0000,0x0000,0x0000,0x0000,0x0000,0x0000,0x0000,0x0000,0x0000,0x0000,0x0000,0x0000,0x0000,0x0000,0x0000,0x0000,0x0000,0x0000,0x0000,0x0000,0x0000,
    0x0000,0x0000,0x0000,0x0000,0x0000,0x0000,0x0000,0x0000,0x0000,0x20c3,0x3965,0x3144,0x3145,0x3145,0x3945,0x2904,0x0000,0x0000,0x0000,0x0000,0x0000,0x0000,0x0000,0x0000,
    0x0000,0x0000,0x0000,0x0000,0x0000,0x0000,0x0000,0x0000,0x28e3,0x3965,0x3145,0x3145,0x3144,0x3945,0x20e3,0x0000,0x0000,0x0000,0x0000,0x0000,0x0000,0x0000,0x0000,0x0000,
    0x0000,0x0000,0x0000,0x0000,0x0000,0x0000,0x0000,0x0000,0x0000,0x0000,0x0000,0x0000,0x0000,0x0000,0x0000,0x0000,0x0000,0x0000,0x0000,0x0000,0x0000,0x0000,0x0000,0x0000,
    0x0000,0x0000,0x0000,0x0000,0x0000,0x0000,0x0000,0x0000,0x0000,0x0000,0x0000,0x0000,0x0000,0x0000,0x0000,0x0000,0x0000,0x0000,0x0000,0x0000,0x0000,0x0000,0x0000,0x0000,
    0x0000,0x0000,0x0000,0x0000,0x0000,0x0000,0x0000,0x0000,0x0000,0x0000,0x0000,0x0000,0x0000,0x0000,0x0000,0x0000,0x0000,0x0000,0x0000,0x0000,0x0000,0x0000,0x0000,0x0000,
    0x0000,0x0000,0x0000,0x0000,0x0000,0x0000,0x0000,0x0000,0x0000,0x0000,0x0000,0x0000,0x0000,0x0000,0x0000,0x0000,0x0000,0x0000,0x0000,0x0000,0x0000,0x0000,0x0000,0x0000,
    0x0000,0x0000,0x0000,0x0000,0x0000,0x0000,0x0000,0x0000,0x0000,0x0000,0x0000,0x0000,0x0000,0x0000,0x0000,0x0000,0x0000,0x0000,0x0000,0x0000,0x0000,0x0000,0x0000,0x0000,
    0x0000,0x20a2,0x3965,0x3145,0x3145,0x3144,0x3945,0x20c3,0x0000,0x0000,0x0000,0x0000,0x0000,0x0000,0x0000,0x0000,0x0000,0x0000,0x0000,0x0000,0x0000,0x0000,0x0000,0x0000,
    0x20a2,0x3965,0x3944,0x3144,0x3144,0x3945,0x20c3,0x0000,0x0000,0x0000,0x0000,0x0000,0x0000,0x0000,0x0000,0x0000,0x0000,0x0000,0x0000,0x0000,0x0000,0x0000,0x0000,0x0000,
    0x0000,0x0000,0x0000,0x0000,0x0000,0x0000,0x0000,0x0000,0x0000,0x0000,0x0000,0x0000,0x0000,0x0000,0x0000,0x0000,0x0000,0x0000,0x0000,0x0000,0x0000,0x0000,0x0000,0x0000,
    0x0000,0x0000,0x0000,0x0000,0x0000,0x0000,0x0000,0x0000,0x0000,0x0000,0x0000,0x0000,0x0000,0x0000,0x0000,0x0000,0x0000,0x0000,0x0000,0x0000,0x0000,0x0000,0x0000,0x0000,
    0x0000,0x0000,0x0000,0x0000,0x0000,0x0000,0x0000,0x0000,0x0000,0x0000,0x0000,0x0000,0x0000,0x0000,0x0000,0x0000,0x0000,0x0000,0x0000,0x0000,0x0000,0x0000,0x0000,0x0000,
    0x0000,0x0000,0x0000,0x0000,0x0000,0x0000,0x0000,0x0000,0x0000,0x0000,0x0000,0x0000,0x0000,0x0000,0x0000,0x0000,0x0000,0x0000,0x0000,0x0000,0x0000,0x0000,0x0000,0x0000,
    0x0000,0x0000,0x0000,0x0000,0x0000,0x0000,0x0000,0x0000,0x0000,0x0000,0x0000,0x0000,0x0000,0x0000,0x0000,0x0000,0x0000,0x18a2,0x3945,0x3144,0x3145,0x3144,0x3945,0x1882,
    0x0000,0x0000,0x0000,0x0000,0x0000,0x0000,0x0000,0x0000,0x0000,0x0000,0x0000,0x0000,0x0000,0x0000,0x0000,0x0000,0x1882,0x3945,0x3144,0x3124,0x3124,0x3945,0x20a2,0x0000,
    0x0000,0x0000,0x0000,0x0000,0x0000,0x0000,0x0000,0x0000,0x0000,0x0000,0x0000,0x0000,0x0000,0x0000,0x0000,0x0000,0x0000,0x0000,0x0000,0x0000,0x0000,0x0000,0x0000,0x0000,
    0x0000,0x0000,0x0000,0x0000,0x0000,0x0000,0x0000,0x0000,0x0000,0x0000,0x0000,0x0000,0x0000,0x0000,0x0000,0x0000,0x0000,0x0000,0x0000,0x0000,0x0000,0x0000,0x0000,0x0000,
    0x0000,0x0000,0x0000,0x0000,0x0000,0x0000,0x0000,0x0000,0x0000,0x0000,0x0000,0x0000,0x0000,0x0000,0x0000,0x0000,0x0000,0x0000,0x0000,0x0000,0x0000,0x0000,0x0000,0x0000,
    0x0000,0x0000,0x0000,0x0000,0x0000,0x0000,0x0000,0x0000,0x0000,0x0000,0x0000,0x0000,0x0000,0x0000,0x0000,0x0000,0x0000,0x0000,0x0000,0x0000,0x0000,0x0000,0x0000,0x0000,
    0x0000,0x0000,0x0000,0x0000,0x0000,0x0000,0x0000,0x0000,0x0000,0x0000,0x0000,0x0000,0x0000,0x0000,0x0000,0x0000,0x0000,0x0000,0x0000,0x0000,0x0000,0x0000,0x0000,0x0000,
    0x0000,0x0000,0x0000,0x0000,0x0000,0x0000,0x0000,0x0000,0x0000,0x1882,0x3945,0x3144,0x3145,0x3145,0x3945,0x1061,0x0000,0x0000,0x0000,0x0000,0x0000,0x0000,0x0000,0x0000,
    0x0000,0x0000,0x0000,0x0000,0x0000,0x0000,0x0000,0x0000,0x1061,0x3144,0x3144,0x3124,0x3144,0x3945,0x18a2,0x0000,0x0000,0x0000,0x0000,0x0000,0x0000,0x0000,0x0000,0x0000,
    0x0000,0x0000,0x0000,0x0000,0x0000,0x0000,0x0000,0x0000,0x0000,0x0000,0x0000,0x0000,0x0000,0x0000,0x0000,0x0000,0x0000,0x0000,0x0000,0x0000,0x0000,0x0000,0x0000,0x0000,
    0x0000,0x0000,0x0000,0x0000,0x0000,0x0000,0x0000,0x0000,0x0000,0x0000,0x0000,0x0000,0x0000,0x0000,0x0000,0x0000,0x0000,0x0000,0x0000,0x0000,0x0000,0x0000,0x0000,0x0000,
    0x0000,0x0000,0x0000,0x0000,0x0000,0x0000,0x0000,0x0000,0x0000,0x0000,0x0000,0x0000,0x0000,0x0000,0x0000,0x0000,0x0000,0x0000,0x0000,0x0000,0x0000,0x0000,0x0000,0x0000,
    0x0000,0x0000,0x0000,0x0000,0x0000,0x0000,0x0000,0x0000,0x0000,0x0000,0x0000,0x0000,0x0000,0x0000,0x0000,0x0000,0x0000,0x0000,0x0000,0x0000,0x0000,0x0000,0x0000,0x0000,
    0x0000,0x0000,0x0000,0x0000,0x0000,0x0000,0x0000,0x0000,0x0000,0x0000,0x0000,0x0000,0x0000,0x0000,0x0000,0x0000,0x0000,0x0000,0x0000,0x0000,0x0000,0x0000,0x0000,0x0000,
    0x0000,0x1881,0x3145,0x3144,0x3145,0x3145,0x3145,0x1041,0x0000,0x0000,0x0000,0x0000,0x0000,0x0000,0x0000,0x0000,0x0000,0x0000,0x0000,0x0000,0x0000,0x0000,0x0000,0x0000,
    0x0841,0x3124,0x3144,0x3124,0x3144,0x3945,0x18a2,0x0000,0x0000,0x0000,0x0000,0x0000,0x0000,0x0000,0x0000,0x0000,0x0000,0x0000,0x0000,0x0000,0x0000,0x0000,0x0000,0x0000,
    0x0000,0x0000,0x0000,0x0000,0x0000,0x0000,0x0000,0x0000,0x0000,0x0000,0x0000,0x0000,0x0000,0x0000,0x0000,0x0000,0x0000,0x0000,0x0000,0x0000,0x0000,0x0000,0x0000,0x0000,
    0x0000,0x0000,0x0000,0x0000,0x0000,0x0000,0x0000,0x0000,0x0000,0x0000,0x0000,0x0000,0x0000,0x0000,0x0000,0x0000,0x0000,0x0000,0x0000,0x0000,0x0000,0x0000,0x0000,0x0000,
    0x0000,0x0000,0x0000,0x0000,0x0000,0x0000,0x0000,0x0000,0x0000,0x0000,0x0000,0x0000,0x0000,0x0000,0x0000,0x0000,0x0000,0x0000,0x0000,0x0000,0x0000,0x0000,0x0000,0x0000,
    0x0000,0x0000,0x0000,0x0000,0x0000,0x0000,0x0000,0x0000,0x0000,0x0000,0x0000,0x0000,0x0000,0x0000,0x0000,0x0000,0x0000,0x0000,0x0000,0x0000,0x0000,0x0000,0x0000,0x0000,
    0x0000,0x0000,0x0000,0x0000,0x0000,0x0000,0x0000,0x0000,0x0000,0x0000,0x0000,0x0000,0x0000,0x0000,0x0000,0x0000,0x0000,0x1882,0x3945,0x3144,0x3144,0x3145,0x3144,0x0841,
    0x0000,0x0000,0x0000,0x0000,0x0000,0x0000,0x0000,0x0000,0x0000,0x0000,0x0000,0x0000,0x0000,0x0000,0x0000,0x0000,0x0820,0x3124,0x3144,0x3124,0x3144,0x3945,0x20a2,0x0000,
    0x0000,0x0000,0x0000,0x0000,0x0000,0x0000,0x0000,0x0000,0x0000,0x0000,0x0000,0x0000,0x0000,0x0000,0x0000,0x0000,0x0000,0x0000,0x0000,0x0000,0x0000,0x0000,0x0000,0x0000,
    0x0000,0x0000,0x0000,0x0000,0x0000,0x0000,0x0000,0x0000,0x0000,0x0000,0x0000,0x0000,0x0000,0x0000,0x0000,0x0000,0x0000,0x0000,0x0000,0x0000,0x0000,0x0000,0x0000,0x0000,
    0x0000,0x0000,0x0000,0x0000,0x0000,0x0000,0x0000,0x0000,0x0000,0x0000,0x0000,0x0000,0x0000,0x0000,0x0000,0x0000,0x0000,0x0000,0x0000,0x0000,0x0000,0x0000,0x0000,0x0000,
    0x0000,0x0000,0x0000,0x0000,0x0000,0x0000,0x0000,0x0000,0x0000,0x0000,0x0000,0x0000,0x0000,0x0000,0x0000,0x0000,0x0000,0x0000,0x0000,0x0000,0x0000,0x0000,0x0000,0x0000,
    0x0000,0x0000,0x0000,0x0000,0x0000,0x0000,0x0000,0x0000,0x0000,0x0000,0x0000,0x0000,0x0000,0x0000,0x0000,0x0000,0x0000,0x0000,0x0000,0x0000,0x0000,0x0000,0x0000,0x0000,
    0x0000,0x0000,0x0000,0x0000,0x0000,0x0000,0x0000,0x0000,0x0000,0x20c3,0x3945,0x3144,0x3145,0x3145,0x3145,0x0841,0x0000,0x0000,0x0000,0x0000,0x0000,0x0000,0x0000,0x0000,
    0x0000,0x0000,0x0000,0x0000,0x0000,0x0000,0x0000,0x0000,0x0820,0x3124,0x3145,0x3144,0x3144,0x3945,0x20c3,0x0000,0x0000,0x0000,0x0000,0x0000,0x0000,0x0000,0x0000,0x0000,
    0x0000,0x0000,0x0000,0x0000,0x0000,0x0000,0x0000,0x0000,0x0000,0x0000,0x0000,0x0000,0x0000,0x0000,0x0000,0x0000,0x0000,0x0000,0x0000,0x0000,0x0000,0x0000,0x0000,0x0000,
    0x0000,0x0000,0x0000,0x0000,0x0000,0x0000,0x0000,0x0000,0x0000,0x0000,0x0000,0x0000,0x0000,0x0000,0x0000,0x0000,0x0000,0x0000,0x0000,0x0000,0x0000,0x0000,0x0000,0x0000,
    0x0000,0x0000,0x0000,0x0000,0x0000,0x0000,0x0000,0x0000,0x0000,0x0000,0x0000,0x0000,0x0000,0x0000,0x0000,0x0000,0x0000,0x0000,0x0000,0x0000,0x0000,0x0000,0x0000,0x0000,
    0x0000,0x0000,0x0000,0x0000,0x0000,0x0000,0x0000,0x0000,0x0000,0x0000,0x0000,0x0000,0x0000,0x0000,0x0000,0x0000,0x0000,0x0000,0x0000,0x0000,0x0000,0x0000,0x0000,0x0000,
    0x0000,0x0000,0x0000,0x0000,0x0000,0x0000,0x0000,0x0000,0x0000,0x0000,0x0000,0x0000,0x0000,0x0000,0x0000,0x0000,0x0000,0x0000,0x0000,0x0000,0x0000,0x0000,0x0000,0x0000,
    0x0000,0x28e3,0x3945,0x3144,0x3145,0x3144,0x3945,0x1061,0x0000,0x0000,0x0000,0x0000,0x0000,0x0000,0x0000,0x0000,0x0000,0x0000,0x0000,0x0000,0x0000,0x0000,0x0000,0x0000,
    0x0841,0x3945,0x3144,0x3145,0x3145,0x3945,0x28e3,0x0000,0x0000,0x0000,0x0000,0x0000,0x0000,0x0000,0x0000,0x0000,0x0000,0x0000,0x0000,0x0000,0x0000,0x0000,0x0000,0x0000,
    0x0000,0x0000,0x0000,0x0000,0x0000,0x0000,0x0000,0x0000,0x0000,0x0000,0x0000,0x0000,0x0000,0x0000,0x0000,0x0000,0x0000,0x0000,0x0000,0x0000,0x0000,0x0000,0x0000,0x0000,
    0x0000,0x0000,0x0000,0x0000,0x0000,0x0000,0x0000,0x0000,0x0000,0x0000,0x0000,0x0000,0x0000,0x0000,0x0000,0x0000,0x0000,0x0000,0x0000,0x0000,0x0000,0x0000,0x0000,0x0000,
    0x0000,0x0000,0x0000,0x0000,0x0000,0x0000,0x0000,0x0000,0x0000,0x0000,0x0000,0x0000,0x0000,0x0000,0x0000,0x0000,0x0000,0x0000,0x0000,0x0000,0x0000,0x0000,0x0000,0x0000,
    0x0000,0x0000,0x0000,0x0000,0x0000,0x0000,0x0000,0x0000,0x0000,0x0000,0x0000,0x0000,0x0000,0x0000,0x0000,0x0000,0x0000,0x0000,0x0000,0x0000,0x0000,0x0000,0x0000,0x0000,
    0x0000,0x0000,0x0000,0x0000,0x0000,0x0000,0x0000,0x0000,0x0000,0x0000,0x0000,0x0000,0x0000,0x0000,0x0000,0x0000,0x0020,0x3124,0x3945,0x3145,0x3145,0x3124,0x3124,0x1041,
    0x0000,0x0000,0x0000,0x0000,0x0000,0x0000,0x0000,0x0000,0x0000,0x0000,0x0000,0x0000,0x0000,0x0000,0x0000,0x0000,0x1041,0x3124,0x3144,0x3145,0x3145,0x3145,0x3124,0x0820,
    0x0000,0x0000,0x0000,0x0000,0x0000,0x0000,0x0000,0x0000,0x0000,0x0000,0x0000,0x0000,0x0000,0x0000,0x0000,0x0000,0x0000,0x0000,0x0000,0x0000,0x0000,0x0000,0x0000,0x0000,
    0x0000,0x0000,0x0000,0x0000,0x0000,0x0000,0x0000,0x0000,0x0000,0x0000,0x0000,0x0000,0x0000,0x0000,0x0000,0x0000,0x0000,0x0000,0x0000,0x0000,0x0000,0x0000,0x0000,0x0000,
    0x0000,0x0000,0x0000,0x0000,0x0000,0x0000,0x0000,0x0000,0x0000,0x0000,0x0000,0x0000,0x0000,0x0000,0x0000,0x0000,0x0000,0x0000,0x0000,0x0000,0x0000,0x0000,0x0000,0x0000,
    0x0000,0x0000,0x0000,0x0000,0x0000,0x0000,0x0000,0x0000,0x0000,0x0000,0x0000,0x0000,0x0000,0x0000,0x0000,0x0000,0x0000,0x0000,0x0000,0x0000,0x0000,0x0000,0x0000,0x0000,
    0x0000,0x0000,0x0000,0x0000,0x0000,0x0000,0x0000,0x0000,0x0000,0x0000,0x0000,0x0000,0x0000,0x0000,0x0000,0x0000,0x0000,0x0000,0x0000,0x0000,0x0000,0x0000,0x0000,0x0000,
    0x0000,0x0000,0x0000,0x0000,0x0000,0x0000,0x0000,0x0000,0x18a2,0x3965,0x3944,0x3145,0x3145,0x3144,0x20e3,0x3061,0x0000,0x0000,0x0000,0x0000,0x0000,0x0000,0x0000,0x0000,
    0x0000,0x0000,0x0000,0x0000,0x0000,0x0000,0x0000,0x0000,0x3041,0x20c3,0x3145,0x3145,0x3945,0x3945,0x3965,0x20c2,0x0000,0x0000,0x0000,0x0000,0x0000,0x0000,0x0000,0x0000,
    0x0000,0x0000,0x0000,0x0000,0x0000,0x0000,0x0000,0x0000,0x0000,0x0000,0x0000,0x0000,0x0000,0x0000,0x0000,0x0000,0x0000,0x0000,0x0000,0x0000,0x0000,0x0000,0x0000,0x0000,
    0x0000,0x0000,0x0000,0x0000,0x0000,0x0000,0x0000,0x0000,0x0000,0x0000,0x0000,0x0000,0x0000,0x0000,0x0000,0x0000,0x0000,0x0000,0x0000,0x0000,0x0000,0x0000,0x0000,0x0000,
    0x0000,0x0000,0x0000,0x0000,0x0000,0x0000,0x0000,0x0000,0x0000,0x0000,0x0000,0x0000,0x0000,0x0000,0x0000,0x0000,0x0000,0x0000,0x0000,0x0000,0x0000,0x0000,0x0000,0x0000,
    0x0000,0x0000,0x0000,0x0000,0x0000,0x0000,0x0000,0x0000,0x0000,0x0000,0x0000,0x0000,0x0000,0x0000,0x0000,0x0000,0x0000,0x0000,0x0000,0x0000,0x0000,0x0000,0x0000,0x0000,
    0x0000,0x0000,0x0000,0x0000,0x0000,0x0000,0x0000,0x0000,0x0000,0x0000,0x0000,0x0000,0x0000,0x0000,0x0000,0x0000,0x0000,0x0000,0x0000,0x0000,0x0000,0x0000,0x0000,0x0000,
    0x28e3,0x3924,0x3144,0x3945,0x3944,0x3144,0x30c3,0x5082,0x0820,0x0000,0x0000,0x0000,0x0000,0x0000,0x0000,0x0000,0x0000,0x0000,0x0000,0x0000,0x0000,0x0000,0x0000,0x0800,
    0x5082,0x38c3,0x3145,0x3945,0x3965,0x3145,0x3924,0x30e3,0x0820,0x0000,0x0000,0x0000,0x0000,0x0000,0x0000,0x0000,0x0000,0x0000,0x0000,0x0000,0x0000,0x0000,0x0000,0x0000,
    0x0000,0x0000,0x0000,0x0000,0x0000,0x0000,0x0000,0x0000,0x0000,0x0000,0x0000,0x0000,0x0000,0x0000,0x0000,0x0000,0x0000,0x0000,0x0000,0x0000,0x0000,0x0000,0x0000,0x0000,
    0x0000,0x0000,0x0000,0x0000,0x0000,0x0000,0x0000,0x0000,0x0000,0x0000,0x0000,0x0000,0x0000,0x0000,0x0000,0x0000,0x0000,0x0000,0x0000,0x0000,0x0000,0x0000,0x0000,0x0000,
    0x0000,0x0000,0x0000,0x0000,0x0000,0x0000,0x0000,0x0000,0x0000,0x0000,0x0000,0x0000,0x0000,0x0000,0x0000,0x0000,0x0000,0x0000,0x0000,0x0000,0x0000,0x0000,0x0000,0x0000,
    0x0000,0x0000,0x0000,0x0000,0x0000,0x0000,0x0000,0x0000,0x0000,0x0000,0x0000,0x0000,0x0000,0x0000,0x0000,0x0000,0x0000,0x0000,0x0000,0x0000,0x0000,0x0000,0x0000,0x0000,
    0x0000,0x0000,0x0000,0x0000,0x0000,0x0000,0x0000,0x0000,0x0000,0x0000,0x0000,0x0000,0x0000,0x0000,0x1040,0x40a2,0x70e3,0x7904,0x60e3,0x3924,0x3145,0x3103,0x60c2,0x60a3,
    0x1820,0x0000,0x0000,0x0000,0x0000,0x0000,0x0000,0x0000,0x0000,0x0000,0x0000,0x0000,0x0000,0x0000,0x0000,0x1020,0x58a2,0x68e3,0x3124,0x3145,0x3924,0x6103,0x8124,0x70e3,
    0x4082,0x1020,0x0000,0x0000,0x0000,0x0000,0x0000,0x0000,0x0000,0x0000,0x0000,0x0000,0x0000,0x0000,0x0000,0x0000,0x0000,0x0000,0x0000,0x0000,0x0000,0x0000,0x0000,0x0000,
    0x0000,0x0000,0x0000,0x0000,0x0000,0x0000,0x0000,0x0000,0x0000,0x0000,0x0000,0x0000,0x0000,0x0000,0x0000,0x0000,0x0000,0x0000,0x0000,0x0000,0x0000,0x0000,0x0000,0x0000,
    0x0000,0x0000,0x0000,0x0000,0x0000,0x0000,0x0000,0x0000,0x0000,0x0000,0x0000,0x0000,0x0000,0x0000,0x0000,0x0000,0x0000,0x0000,0x0000,0x0000,0x0000,0x0000,0x0000,0x0000,
    0x0000,0x0000,0x0000,0x0000,0x0000,0x0000,0x0000,0x0000,0x0000,0x0000,0x0000,0x0000,0x0000,0x0000,0x0000,0x0000,0x0000,0x0000,0x0000,0x0000,0x0000,0x0000,0x0000,0x0000,
    0x0000,0x0000,0x0000,0x0000,0x0000,0x0000,0x0000,0x0000,0x0000,0x0000,0x0000,0x0000,0x0000,0x0000,0x0000,0x0000,0x0000,0x0000,0x0000,0x0000,0x0000,0x0000,0x0000,0x0000,
    0x0000,0x0000,0x0000,0x0000,0x0000,0x0820,0x48c2,0x30a2,0x38c2,0x48c2,0x70e3,0x60e3,0x3103,0x60e3,0x70c3,0x58a2,0x1820,0x0000,0x0000,0x0000,0x0000,0x0000,0x0000,0x0000,
    0x0000,0x0000,0x0000,0x0000,0x0000,0x0000,0x0000,0x1020,0x58a2,0x78e3,0x60e3,0x28e3,0x60e3,0x60e3,0x48c2,0x40c2,0x30a2,0x40e2,0x0820,0x0000,0x0000,0x0000,0x0000,0x0000,
    0x0000,0x0000,0x0000,0x0000,0x0000,0x0000,0x0000,0x0000,0x0000,0x0000,0x0000,0x0000,0x0000,0x0000,0x0000,0x0000,0x0000,0x0000,0x0000,0x0000,0x0000,0x0000,0x0000,0x0000,
    0x0000,0x0000,0x0000,0x0000,0x0000,0x0000,0x0000,0x0000,0x0000,0x0000,0x0000,0x0000,0x0000,0x0000,0x0000,0x0000,0x0000,0x0000,0x0000,0x0000,0x0000,0x0000,0x0000,0x0000,
    0x0000,0x0000,0x0000,0x0000,0x0000,0x0000,0x0000,0x0000,0x0000,0x0000,0x0000,0x0000,0x0000,0x0000,0x0000,0x0000,0x0000,0x0000,0x0000,0x0000,0x0000,0x0000,0x0000,0x0000,
    0x0000,0x0000,0x0000,0x0000,0x0000,0x0000,0x0000,0x0000,0x0000,0x0000,0x0000,0x0000,0x0000,0x0000,0x0000,0x0000,0x0000,0x0000,0x0000,0x0000,0x0000,0x0000,0x0000,0x0000,
    0x0000,0x0000,0x0000,0x0000,0x0000,0x0000,0x0000,0x0000,0x0000,0x0000,0x0000,0x0000,0x0000,0x0000,0x0000,0x0000,0x0000,0x0000,0x0000,0x0000,0x0000,0x2041,0x3881,0x48a2,
    0x48c2,0x30c2,0x6103,0x60e3,0x58c2,0x8904,0x68c3,0x5082,0x1020,0x0000,0x0000,0x0000,0x0000,0x0000,0x0000,0x0000,0x0000,0x0000,0x0000,0x0000,0x0000,0x0000,0x0000,0x1020,
    0x50a2,0x68c3,0x8103,0x58c2,0x6923,0x5123,0x30a2,0x50c2,0x48c2,0x3881,0x2041,0x0000,0x0000,0x0000,0x0000,0x0000,0x0000,0x0000,0x0000,0x0000,0x0000,0x0000,0x0000,0x0000,
    0x0000,0x0000,0x0000,0x0000,0x0000,0x0000,0x0000,0x0000,0x0000,0x0000,0x0000,0x0000,0x0000,0x0000,0x0000,0x0000,0x0000,0x0000,0x0000,0x0000,0x0000,0x0000,0x0000,0x0000,
    0x0000,0x0000,0x0000,0x0000,0x0000,0x0000,0x0000,0x0000,0x0000,0x0000,0x0000,0x0000,0x0000,0x0000,0x0000,0x0000,0x0000,0x0000,0x0000,0x0000,0x0000,0x0000,0x0000,0x0000,
    0x0000,0x0000,0x0000,0x0000,0x0000,0x0000,0x0000,0x0000,0x0000,0x0000,0x0000,0x0000,0x0000,0x0000,0x0000,0x0000,0x0000,0x0000,0x0000,0x0000,0x0000,0x0000,0x0000,0x0000,
    0x0000,0x0000,0x0000,0x0000,0x0000,0x0000,0x0000,0x0000,0x0000,0x0000,0x0000,0x0000,0x0000,0x0000,0x0000,0x0000,0x0000,0x0000,0x0000,0x0000,0x0000,0x0000,0x0000,0x0000,
    0x0000,0x0000,0x0000,0x0000,0x0000,0x0000,0x0000,0x0000,0x0000,0x0000,0x0000,0x0000,0x1000,0x60c2,0x70e3,0x8104,0x8924,0x48c2,0x38a2,0x48a2,0x68e3,0x78e3,0x50a2,0x38c2,
    0x1061,0x0000,0x0000,0x0000,0x0000,0x0000,0x0000,0x0000,0x0000,0x0000,0x0000,0x0000,0x0000,0x0000,0x0000,0x1041,0x38c2,0x50a2,0x8103,0x60c2,0x40a2,0x30c2,0x50c2,0x8924,
    0x8124,0x78e3,0x58a2,0x1020,0x0000,0x0000,0x0000,0x0000,0x0000,0x0000,0x0000,0x0000,0x0000,0x0000,0x0000,0x0000,0x0000,0x0000,0x0000,0x0000,0x0000,0x0000,0x0000,0x0000,
    0x0000,0x0000,0x0000,0x0000,0x0000,0x0000,0x0000,0x0000,0x0000,0x0000,0x0000,0x0000,0x0000,0x0000,0x0000,0x0000,0x0000,0x0000,0x0000,0x0000,0x0000,0x0000,0x0000,0x0000,
    0x0000,0x0000,0x0000,0x0000,0x0000,0x0000,0x0000,0x0000,0x0000,0x0000,0x0000,0x0000,0x0000,0x0000,0x0000,0x0000,0x0000,0x0000,0x0000,0x0000,0x0000,0x0000,0x0000,0x0000,
    0x0000,0x0000,0x0000,0x0000,0x0000,0x0000,0x0000,0x0000,0x0000,0x0000,0x0000,0x0000,0x0000,0x0000,0x0000,0x0000,0x0000,0x0000,0x0000,0x0000,0x0000,0x0000,0x0000,0x0000,
    0x0000,0x0000,0x0000,0x0000,0x0000,0x0000,0x0000,0x0000,0x0000,0x0000,0x0000,0x0000,0x0000,0x0000,0x0000,0x0000,0x0000,0x0000,0x0000,0x0000,0x0000,0x0000,0x0000,0x0000,
    0x0000,0x0000,0x0000,0x0800,0x58a2,0x70e3,0x7903,0x7903,0x7903,0x68e3,0x68c3,0x68e3,0x78e3,0x50a2,0x28a2,0x3103,0x1061,0x0000,0x0000,0x0000,0x0000,0x0000,0x0000,0x0000,
    0x0000,0x0000,0x0000,0x0000,0x0000,0x0000,0x0000,0x1041,0x3923,0x20a2,0x50a2,0x7904,0x60c3,0x58a2,0x70e3,0x7903,0x8103,0x7903,0x70e3,0x50a2,0x1020,0x0000,0x0000,0x0000,
    0x0000,0x0000,0x0000,0x0000,0x0000,0x0000,0x0000,0x0000,0x0000,0x0000,0x0000,0x0000,0x0000,0x0000,0x0000,0x0000,0x0000,0x0000,0x0000,0x0000,0x0000,0x0000,0x0000,0x0000,
    0x0000,0x0000,0x0000,0x0000,0x0000,0x0000,0x0000,0x0000,0x0000,0x0000,0x0000,0x0000,0x0000,0x0000,0x0000,0x0000,0x0000,0x0000,0x0000,0x0000,0x0000,0x0000,0x0000,0x0000,
    0x0000,0x0000,0x0000,0x0000,0x0000,0x0000,0x0000,0x0000,0x0000,0x0000,0x0000,0x0000,0x0000,0x0000,0x0000,0x0000,0x0000,0x0000,0x0000,0x0000,0x0000,0x0000,0x0000,0x0000,
    0x0000,0x0000,0x0000,0x0000,0x0000,0x0000,0x0000,0x0000,0x0000,0x0000,0x0000,0x0000,0x0000,0x0000,0x0000,0x0000,0x0000,0x0000,0x0000,0x0000,0x0000,0x0000,0x0000,0x0000,
    0x0000,0x0000,0x0000,0x0000,0x0000,0x0000,0x0000,0x0000,0x0000,0x0000,0x0000,0x0000,0x0000,0x0000,0x0000,0x0000,0x0000,0x0000,0x0000,0x3881,0x8104,0x70e3,0x7904,0x8124,
    0x7103,0x70e3,0x8104,0x8104,0x60c3,0x2081,0x20a1,0x28a2,0x0820,0x0000,0x0000,0x0000,0x0000,0x0000,0x0000,0x0000,0x0000,0x0000,0x0000,0x0000,0x0000,0x0000,0x0000,0x0000,
    0x28c2,0x20a2,0x2081,0x60c3,0x8124,0x8104,0x7903,0x70e3,0x7904,0x7903,0x68c3,0x78e3,0x4081,0x0000,0x0000,0x0000,0x0000,0x0000,0x0000,0x0000,0x0000,0x0000,0x0000,0x0000,
    0x0000,0x0000,0x0000,0x0000,0x0000,0x0000,0x0000,0x0000,0x0000,0x0000,0x0000,0x0000,0x0000,0x0000,0x0000,0x0000,0x0000,0x0000,0x0000,0x0000,0x0000,0x0000,0x0000,0x0000,
    0x0000,0x0000,0x0000,0x0000,0x0000,0x0000,0x0000,0x0000,0x0000,0x0000,0x0000,0x0000,0x0000,0x0000,0x0000,0x0000,0x0000,0x0000,0x0000,0x0000,0x0000,0x0000,0x0000,0x0000,
    0x0000,0x0000,0x0000,0x0000,0x0000,0x0000,0x0000,0x0000,0x0000,0x0000,0x0000,0x0000,0x0000,0x0000,0x0000,0x0000,0x0000,0x0000,0x0000,0x0000,0x0000,0x0000,0x0000,0x0000,
    0x0000,0x0000,0x0000,0x0000,0x0000,0x0000,0x0000,0x0000,0x0000,0x0000,0x0000,0x0000,0x0000,0x0000,0x0000,0x0000,0x0000,0x0000,0x0000,0x0000,0x0000,0x0000,0x0000,0x0000,
    0x0000,0x0000,0x0000,0x0000,0x0000,0x0000,0x0000,0x0000,0x0000,0x0000,0x0000,0x4882,0x7903,0x9144,0xa1a5,0x9144,0x8124,0x8104,0x80e3,0x68c3,0x38a2,0x1041,0x1041,0x0000,
    0x0000,0x0000,0x0000,0x0000,0x0000,0x0000,0x0000,0x0000,0x0000,0x0000,0x0000,0x0000,0x0000,0x0000,0x0000,0x0000,0x0000,0x1040,0x1041,0x38a2,0x70c3,0x8104,0x8104,0x8944,
    0xa1a6,0x9985,0x8944,0x70e3,0x4882,0x0000,0x0000,0x0000,0x0000,0x0000,0x0000,0x0000,0x0000,0x0000,0x0000,0x0000,0x0000,0x0000,0x0000,0x0000,0x0000,0x0000,0x0000,0x0000,
    0x0000,0x0000,0x0000,0x0000,0x0000,0x0000,0x0000,0x0000,0x0000,0x0000,0x0000,0x0000,0x0000,0x0000,0x0000,0x0000,0x0000,0x0000,0x0000,0x0000,0x0000,0x0000,0x0000,0x0000,
    0x0000,0x0000,0x0000,0x0000,0x0000,0x0000,0x0000,0x0000,0x0000,0x0000,0x0000,0x0000,0x0000,0x0000,0x0000,0x0000,0x0000,0x0000,0x0000,0x0000,0x0000,0x0000,0x0000,0x0000,
    0x0000,0x0000,0x0000,0x0000,0x0000,0x0000,0x0000,0x0000,0x0000,0x0000,0x0000,0x0000,0x0000,0x0000,0x0000,0x0000,0x0000,0x0000,0x0000,0x0000,0x0000,0x0000,0x0000,0x0000,
    0x0000,0x0000,0x0000,0x0000,0x0000,0x0000,0x0000,0x0000,0x0000,0x0000,0x0000,0x0000,0x0000,0x0000,0x0000,0x0000,0x0000,0x0000,0x0000,0x0000,0x0000,0x0000,0x0000,0x0000,
    0x0000,0x0000,0x0000,0x38a2,0x60a2,0x70c3,0x78e3,0x70c3,0x70e3,0x70c3,0x58a2,0x38c2,0x20a2,0x0000,0x0000,0x0000,0x0000,0x0000,0x0000,0x0000,0x0000,0x0000,0x0000,0x0000,
    0x0000,0x0000,0x0000,0x0000,0x0000,0x0000,0x0000,0x0000,0x0000,0x0000,0x0000,0x18a1,0x38e3,0x50a2,0x68c2,0x78e3,0x78e3,0x70e3,0x68c3,0x58a2,0x38a2,0x0000,0x0000,0x0000,
    0x0000,0x0000,0x0000,0x0000,0x0000,0x0000,0x0000,0x0000,0x0000,0x0000,0x0000,0x0000,0x0000,0x0000,0x0000,0x0000,0x0000,0x0000,0x0000,0x0000,0x0000,0x0000,0x0000,0x0000,
    0x0000,0x0000,0x0000,0x0000,0x0000,0x0000,0x0000,0x0000,0x0000,0x0000,0x0000,0x0000,0x0000,0x0000,0x0000,0x0000,0x0000,0x0000,0x0000,0x0000,0x0000,0x0000,0x0000,0x0000,
    0x0000,0x0000,0x0000,0x0000,0x0000,0x0000,0x0000,0x0000,0x0000,0x0000,0x0000,0x0000,0x0000,0x0000,0x0000,0x0000,0x0000,0x0000,0x0000,0x0000,0x0000,0x0000,0x0000,0x0000,
    0x0000,0x0000,0x0000,0x0000,0x0000,0x0000,0x0000,0x0000,0x0000,0x0000,0x0000,0x0000,0x0000,0x0000,0x0000,0x0000,0x0000,0x0000,0x0000,0x0000,0x0000,0x0000,0x0000,0x0000,
    0x0000,0x0000,0x0000,0x0000,0x0000,0x0000,0x0000,0x0000,0x0000,0x0000,0x0000,0x0000,0x0000,0x0000,0x0000,0x0000,0x0000,0x0000,0x0000,0x20a2,0x3923,0x4923,0x4903,0x4903,
    0x4923,0x4103,0x3103,0x18a2,0x0000,0x0000,0x0000,0x0000,0x0000,0x0000,0x0000,0x0000,0x0000,0x0000,0x0000,0x0000,0x0000,0x0000,0x0000,0x0000,0x0000,0x0000,0x0000,0x0000,
    0x0000,0x0000,0x0000,0x0000,0x18a1,0x3103,0x4103,0x4903,0x5103,0x4903,0x4103,0x3903,0x28e2,0x0000,0x0000,0x0000,0x0000,0x0000,0x0000,0x0000,0x0000,0x0000,0x0000,0x0000,
    0x0000,0x0000,0x0000,0x0000,0x0000,0x0000,0x0000,0x0000,0x0000,0x0000,0x0000,0x0000,0x0000,0x0000,0x0000,0x0000,0x0000,0x0000,0x0000,0x0000,0x0000,0x0000,0x0000,0x0000,
    0x0000,0x0000,0x0000,0x0000,0x0000,0x0000,0x0000,0x0000,0x0000,0x0000,0x0000,0x0000,0x0000,0x0000,0x0000,0x0000,0x0000,0x0000,0x0000,0x0000,0x0000,0x0000,0x0000,0x0000,
    0x0000,0x0000,0x0000,0x0000,0x0000,0x0000,0x0000,0x0000,0x0000,0x0000,0x0000,0x0000,0x0000,0x0000,0x0000,0x0000,0x0000,0x0000,0x0000,0x0000,0x0000,0x0000,0x0000,0x0000,
    0x0000,0x0000,0x0000,0x0000,0x0000,0x0000,0x0000,0x0000,0x0000,0x0000,0x0000,0x0000,0x0000,0x0000,0x0000,0x0000,0x0000,0x0000,0x0000,0x0000,0x0000,0x0000,0x0000,0x0000,
    0x0000,0x0000,0x0000,0x0000,0x0000,0x0000,0x0000,0x0000,0x0000,0x0000,0x0000,0x0000,0x1061,0x20c2,0x20c2,0x20c2,0x18a2,0x1061,0x0820,0x0000,0x0000,0x0000,0x0000,0x0000,
    0x0000,0x0000,0x0000,0x0000,0x0000,0x0000,0x0000,0x0000,0x0000,0x0000,0x0000,0x0000,0x0000,0x0000,0x0000,0x0000,0x0000,0x0000,0x0000,0x0000,0x0000,0x0820,0x1061,0x1882,
    0x28c2,0x20c2,0x18a2,0x1061,0x0000,0x0000,0x0000,0x0000,0x0000,0x0000,0x0000,0x0000,0x0000,0x0000,0x0000,0x0000,0x0000,0x0000,0x0000,0x0000,0x0000,0x0000,0x0000,0x0000,
    0x0000,0x0000,0x0000,0x0000,0x0000,0x0000,0x0000,0x0000,0x0000,0x0000,0x0000,0x0000,0x0000,0x0000,0x0000,0x0000,0x0000,0x0000,0x0000,0x0000,0x0000,0x0000,0x0000,0x0000,
    0x0000,0x0000,0x0000,0x0000,0x0000,0x0000,0x0000,0x0000,0x0000,0x0000,0x0000,0x0000,0x0000,0x0000,0x0000,0x0000,0x0000,0x0000,0x0000,0x0000,0x0000,0x0000,0x0000,0x0000,
    0x0000,0x0000,0x0000,0x0000,0x0000,0x0000,0x0000,0x0000,0x0000,0x0000,0x0000,0x0000,0x0000,0x0000,0x0000,0x0000,0x0000,0x0000,0x0000,0x0000,0x0000,0x0000,0x0000,0x0000,
    0x0000,0x0000,0x0000,0x0000,0x0000,0x0000,0x0000,0x0000,0x0000,0x0000,0x0000,0x0000,0x0000,0x0000,0x0000,0x0000,0x0000,0x0000,0x0000,0x0000,0x0000,0x0000,0x0000,0x0000,
    0x0000,0x0000,0x0000,0x0000,0x0000,0x0000,0x0000,0x0000,0x0000,0x0000,0x0000,0x0000,0x0000,0x0000,0x0000,0x0000,0x0000,0x0000,0x0000,0x0000,0x0000,0x0000,0x0000,0x0000,
    0x0000,0x0000,0x0000,0x0000,0x0000,0x0000,0x0000,0x0000,0x0000,0x0000,0x0000,0x0000,0x0000,0x0000,0x0000,0x0000,0x0000,0x0000,0x0000,0x0000,0x0000,0x0000,0x0000,0x0000,
    0x0000,0x0000,0x0000,0x0000,0x0000,0x0000,0x0000,0x0000,0x0000,0x0000,0x0000,0x0000,0x0000,0x0000,0x0000,0x0000,0x0000,0x0000,0x0000,0x0000,0x0000,0x0000,0x0000,0x0000,
    0x0000,0x0000,0x0000,0x0000,0x0000,0x0000,0x0000,0x0000,0x0000,0x0000,0x0000,0x0000,0x0000,0x0000,0x0000,0x0000,0x0000,0x0000,0x0000,0x0000,0x0000,0x0000,0x0000,0x0000,
    0x0000,0x0000,0x0000,0x0000,0x0000,0x0000,0x0000,0x0000,0x0000,0x0000,0x0000,0x0000,0x0000,0x0000,0x0000,0x0000,0x0000,0x0000,0x0000,0x0000,0x0000,0x0000,0x0000,0x0000,
    0x0000,0x0000,0x0000,0x0000,0x0000,0x0000,0x0000,0x0000,0x0000,0x0000,0x0000,0x0000,0x0000,0x0000,0x0000,0x0000,0x0000,0x0000,0x0000,0x0000,0x0000,0x0000,0x0000,0x0000,
    0x0000,0x0000,0x0000,0x0000,0x0000,0x0000,0x0000,0x0000,0x0000,0x0000,0x0000,0x0000,0x0000,0x0000,0x0000,0x0000,0x0000,0x0000,0x0000,0x0000,0x0000,0x0000,0x0000,0x0000,
    0x0000,0x0000,0x0000,0x0000,0x0000,0x0000,0x0000,0x0000,0x0000,0x0000,0x0000,0x0000,0x0000,0x0000,0x0000,0x0000,0x0000,0x0000,0x0000,0x0000,0x0000,0x0000,0x0000,0x0000,
    0x0000,0x0000,0x0000,0x0000,0x0000,0x0000,0x0000,0x0000,0x0000,0x0000,0x0000,0x0000,0x0000,0x0000,0x0000,0x0000,0x0000,0x0000,0x0000,0x0000,0x0000,0x0000,0x0000,0x0000,
    0x0000,0x0000,0x0000,0x0000,0x0000,0x0000,0x0000,0x0000,0x0000,0x0000,0x0000,0x0000,0x0000,0x0000,0x0000,0x0000,0x0000,0x0000,0x0000,0x0000,0x0000,0x0000,0x0000,0x0000,
    0x0000,0x0000,0x0000,0x0000,0x0000,0x0000,0x0000,0x0000,0x0000,0x0000,0x0000,0x0000,0x0000,0x0000,0x0000,0x0000,0x0000,0x0000,0x0000,0x0000,0x0000,0x0000,0x0000,0x0000,
    0x0000,0x0000,0x0000,0x0000,0x0000,0x0000,0x0000,0x0000,0x0000,0x0000,0x0000,0x0000,0x0000,0x0000,0x0000,0x0000,0x0000,0x0000,0x0000,0x0000,0x0000,0x0000,0x0000,0x0000,
    0x0000,0x0000,0x0000,0x0000,0x0000,0x0000,0x0000,0x0000,0x0000,0x0000,0x0000,0x0000,0x0000,0x0000,0x0000,0x0000,0x0000,0x0000,0x0000,0x0000,0x0000,0x0000,0x0000,0x0000,
    0x0000,0x0000,0x0000,0x0000,0x0000,0x0000,0x0000,0x0000,0x0000,0x0000,0x0000,0x0000,0x0000,0x0000,0x0000,0x0000,0x0000,0x0000,0x0000,0x0000,0x0000,0x0000,0x0000,0x0000,
    0x0000,0x0000,0x0000,0x0000,0x0000,0x0000,0x0000,0x0000,0x0000,0x0000,0x0000,0x0000,0x0000,0x0000,0x0000,0x0000,0x0000,0x0000,0x0000,0x0000,0x0000,0x0000,0x0000,0x0000,
    0x0000,0x0000,0x0000,0x0000,0x0000,0x0000,0x0000,0x0000,0x0000,0x0000,0x0000,0x0000,0x0000,0x0000,0x0000,0x0000,0x0000,0x0000,0x0000,0x0000,0x0000,0x0000,0x0000,0x0000,
    0x0000,0x0000,0x0000,0x0000,0x0000,0x0000,0x0000,0x0000,0x0000,0x0000,0x0000,0x0000,0x0000,0x0000,0x0000,0x0000,0x0000,0x0000,0x0000,0x0000,0x0000,0x0000,0x0000,0x0000,
    0x0000,0x0000,0x0000,0x0000,0x0000,0x0000,0x0000,0x0000,0x0000,0x0000,0x0000,0x0000,0x0000,0x0000,0x0000,0x0000,
};
const uint16_t passport_avatar_red[PASSPORT_BUILTIN_AVATAR_SIZE * PASSPORT_BUILTIN_AVATAR_SIZE] = {
    0x0000,0x0000,0x0000,0x0000,0x0000,0x0000,0x0000,0x0000,0x0000,0x0000,0x0000,0x0000,0x0000,0x0000,0x0000,0x0000,0x0000,0x0000,0x0000,0x0000,0x0000,0x0000,0x0000,0x0000,
    0x0000,0x0000,0x0000,0x0000,0x0000,0x0000,0x0000,0x0000,0x0000,0x0000,0x0000,0x0000,0x0000,0x0000,0x0000,0x0000,0x0000,0x0000,0x0000,0x0000,0x0000,0x0000,0x0000,0x0000,
    0x0000,0x0000,0x0000,0x0000,0x0000,0x0000,0x0000,0x0000,0x0000,0x0000,0x0000,0x0000,0x0000,0x0000,0x0000,0x0000,0x0000,0x0000,0x0000,0x0000,0x0000,0x0000,0x1800,0x3020,
    0x1800,0x0000,0x0000,0x0000,0x0000,0x0000,0x0000,0x0000,0x0000,0x0000,0x0000,0x0000,0x0000,0x0000,0x0000,0x0000,0x0000,0x0000,0x0000,0x0000,0x0000,0x0000,0x0000,0x0000,
    0x0000,0x0000,0x0000,0x0000,0x0000,0x0000,0x0000,0x0000,0x0000,0x0000,0x0000,0x0000,0x0000,0x0000,0x0000,0x0000,0x0000,0x0000,0x0000,0x0000,0x0000,0x0000,0x0000,0x0000,
    0x0000,0x0000,0x0000,0x0000,0x0000,0x0000,0x0000,0x0000,0x0000,0x0000,0x0000,0x0000,0x0000,0x0000,0x0000,0x0000,0x0000,0x0000,0x0000,0x0000,0x0000,0x0000,0x0000,0x0000,
    0x0000,0x0000,0x0000,0x0000,0x0000,0x0000,0x0000,0x0000,0x0000,0x0000,0x0000,0x0000,0x0000,0x0000,0x0000,0x0000,0x0000,0x0000,0x0000,0x0000,0x0000,0x0000,0x0000,0x0000,
    0x0000,0x0000,0x0000,0x0000,0x0000,0x0000,0x0000,0x0000,0x0000,0x0000,0x0000,0x0000,0x0000,0x0000,0x0000,0x0000,0x0000,0x0000,0x0000,0x0000,0x0000,0x0000,0x0000,0x0000,
    0x0000,0x0000,0x0000,0x0000,0x0000,0x0000,0x0000,0x0000,0x0000,0x0000,0x0000,0x0000,0x0000,0x0000,0x0000,0x0000,0x0000,0x0000,0x0000,0x0000,0x0000,0x0000,0x0000,0x0000,
    0x0000,0x0000,0x0000,0x0000,0x0000,0x0000,0x0000,0x0000,0x0000,0x0000,0x0000,0x0000,0x6041,0xb8c4,0xe105,0xe905,0xd0e4,0xa8a3,0x3821,0x0000,0x0000,0x0000,0x0000,0x0000,
    0x0000,0x0000,0x0000,0x0000,0x0000,0x0000,0x0000,0x0000,0x0000,0x0000,0x0000,0x0000,0x0000,0x0000,0x0000,0x0000,0x0000,0x0000,0x0000,0x0000,0x0000,0x0000,0x0000,0x0000,
    0x0000,0x0000,0x0000,0x0000,0x0000,0x0000,0x0000,0x0000,0x0000,0x0000,0x0000,0x0000,0x0000,0x0000,0x0000,0x0000,0x0000,0x0000,0x0000,0x0000,0x0000,0x0000,0x0000,0x0000,
    0x0000,0x0000,0x0000,0x0000,0x0000,0x0000,0x0000,0x0000,0x0000,0x0000,0x0000,0x0000,0x0000,0x0000,0x0000,0x0000,0x0000,0x0000,0x0000,0x0000,0x0000,0x0000,0x0000,0x0000,
    0x0000,0x0000,0x0000,0x0000,0x0000,0x0000,0x0000,0x0000,0x0000,0x0000,0x0000,0x0000,0x0000,0x0000,0x0000,0x0000,0x0000,0x0000,0x0000,0x0000,0x0000,0x0000,0x0000,0x0000,
    0x0000,0x0000,0x0000,0x0000,0x0000,0x0000,0x0000,0x0000,0x0000,0x0000,0x0000,0x0000,0x0000,0x0000,0x0000,0x0000,0x0000,0x0000,0x0000,0x0000,0x0000,0x0000,0x0000,0x0000,
    0x0000,0x0000,0x0000,0x0000,0x0000,0x0000,0x0000,0x0000,0x0000,0x0000,0x0000,0x0000,0x0000,0x0000,0x0000,0x0000,0x0000,0x0000,0x0000,0x0000,0x0000,0x0000,0x0000,0x0000,
    0x0000,0x0000,0x1000,0xa083,0xb0a3,0x7862,0x6862,0x9082,0xd104,0xe905,0xd8e4,0x6041,0x0000,0x0000,0x0000,0x0000,0x0000,0x0000,0x0000,0x0000,0x0000,0x0000,0x0000,0x0000,
    0x0000,0x0000,0x0000,0x0000,0x0000,0x0000,0x0000,0x0000,0x0000,0x0000,0x0000,0x0000,0x0000,0x0000,0x0000,0x0000,0x0000,0x0000,0x0000,0x0000,0x0000,0x0000,0x0000,0x0000,
    0x0000,0x0000,0x0000,0x0000,0x0000,0x0000,0x0000,0x0000,0x0000,0x0000,0x0000,0x0000,0x0000,0x0000,0x0000,0x0000,0x0000,0x0000,0x0000,0x0000,0x0000,0x0000,0x0000,0x0000,
    0x0000,0x0000,0x0000,0x0000,0x0000,0x0000,0x0000,0x0000,0x0000,0x0000,0x0000,0x0000,0x0000,0x0000,0x0000,0x0000,0x0000,0x0000,0x0000,0x0000,0x0000,0x0000,0x0000,0x0000,
    0x0000,0x0000,0x0000,0x0000,0x0000,0x0000,0x0000,0x0000,0x0000,0x0000,0x0000,0x0000,0x0000,0x0000,0x0000,0x0000,0x0000,0x0000,0x0000,0x0000,0x0000,0x0000,0x0000,0x0000,
    0x0000,0x0000,0x0000,0x0000,0x0000,0x0000,0x0000,0x0000,0x0000,0x0000,0x0000,0x0000,0x0000,0x0000,0x0000,0x0000,0x0000,0x0000,0x0000,0x0000,0x0000,0x0000,0x0000,0x0000,
    0x0000,0x0000,0x0000,0x0000,0x0000,0x0000,0x0000,0x0000,0x0000,0x0000,0x0000,0x0000,0x0000,0x0000,0x0000,0x0000,0x0000,0x0800,0x8842,0x5041,0x0000,0x0000,0x0000,0x0000,
    0x1000,0x8041,0xc0a3,0xb083,0x1800,0x0000,0x0800,0x3000,0x6021,0x8862,0xa083,0xa8a3,0xa0a3,0x9062,0x6041,0x3000,0x0800,0x0000,0x0000,0x0000,0x0000,0x0000,0x0000,0x0000,
    0x0000,0x0000,0x0000,0x0000,0x0000,0x0000,0x0000,0x0000,0x0000,0x0000,0x0000,0x0000,0x0000,0x0000,0x0000,0x0000,0x0000,0x0000,0x0000,0x0000,0x0000,0x0000,0x0000,0x0000,
    0x0000,0x0000,0x0000,0x0000,0x0000,0x0000,0x0000,0x0000,0x0000,0x0000,0x0000,0x0000,0x0000,0x0000,0x0000,0x0000,0x0000,0x0000,0x0000,0x0000,0x0000,0x0000,0x0000,0x0000,
    0x0000,0x0000,0x0000,0x0000,0x0000,0x0000,0x0000,0x0000,0x0000,0x0000,0x0000,0x0000,0x0000,0x0000,0x0000,0x0000,0x0000,0x0000,0x0000,0x0000,0x0000,0x0000,0x0000,0x0000,
    0x0000,0x0000,0x0000,0x0000,0x0000,0x0000,0x0000,0x0000,0x0000,0x0000,0x0000,0x0000,0x0000,0x0000,0x0000,0x0000,0x0000,0x0000,0x0000,0x0000,0x0000,0x0000,0x0000,0x0000,
    0x0000,0x0000,0x0000,0x0000,0x0000,0x0000,0x0000,0x0000,0x0000,0x0000,0x0000,0x0000,0x0000,0x0000,0x0000,0x0000,0x0000,0x0000,0x0000,0x0000,0x0000,0x0000,0x0000,0x0000,
    0x0000,0x0000,0x0000,0x0000,0x0000,0x0000,0x0000,0x0000,0x0000,0x4020,0x2800,0x0000,0x0000,0x1800,0x3820,0x5041,0x4020,0x3800,0xa062,0xb8a3,0x5021,0x4820,0xa082,0xd0e4,
    0xe125,0xe125,0xe125,0xe125,0xe125,0xe925,0xe125,0xd904,0xb0a3,0x6841,0x1800,0x0000,0x0000,0x0000,0x0000,0x0000,0x0000,0x0000,0x0000,0x0000,0x0000,0x0000,0x0000,0x0000,
    0x0000,0x0000,0x0000,0x0000,0x0000,0x0000,0x0000,0x0000,0x0000,0x0000,0x0000,0x0000,0x0000,0x0000,0x0000,0x0000,0x0000,0x0000,0x0000,0x0000,0x0000,0x0000,0x0000,0x0000,
    0x0000,0x0000,0x0000,0x0000,0x0000,0x0000,0x0000,0x0000,0x0000,0x0000,0x0000,0x0000,0x0000,0x0000,0x0000,0x0000,0x0000,0x0000,0x0000,0x0000,0x0000,0x0000,0x0000,0x0000,
    0x0000,0x0000,0x0000,0x0000,0x0000,0x0000,0x0000,0x0000,0x0000,0x0000,0x0000,0x0000,0x0000,0x0000,0x0000,0x0000,0x0000,0x0000,0x0000,0x0000,0x0000,0x0000,0x0000,0x0000,
    0x0000,0x0000,0x0000,0x0000,0x0000,0x0000,0x0000,0x0000,0x0000,0x0000,0x0000,0x0000,0x0000,0x0000,0x0000,0x0000,0x0000,0x0000,0x0000,0x0000,0x0000,0x0000,0x0000,0x0000,
    0x0000,0x0000,0x0000,0x0000,0x0000,0x0000,0x0000,0x0000,0x0000,0x0000,0x0000,0x0000,0x0000,0x0000,0x0000,0x0000,0x0000,0x0000,0x0000,0x0000,0x0000,0x0000,0x0000,0x0000,
    0x0000,0x1000,0x0800,0x5020,0x9062,0xb8a3,0xd0c4,0xd904,0xe105,0xd0e4,0xb8a3,0xb883,0xa862,0xc0a3,0xd905,0xd104,0xd0e4,0xd905,0xd905,0xd905,0xd925,0xd905,0xd925,0xd905,
    0xd925,0xd8e4,0xb082,0x6021,0x1800,0x0000,0x0000,0x0000,0x0000,0x0000,0x0000,0x0000,0x0000,0x0000,0x0000,0x0000,0x0000,0x0000,0x0000,0x0000,0x0000,0x0000,0x0000,0x0000,
    0x0000,0x0000,0x0000,0x0000,0x0000,0x0000,0x0000,0x0000,0x0000,0x0000,0x0000,0x0000,0x0000,0x0000,0x0000,0x0000,0x0000,0x0000,0x0000,0x0000,0x0000,0x0000,0x0000,0x0000,
    0x0000,0x0000,0x0000,0x0000,0x0000,0x0000,0x0000,0x0000,0x0000,0x0000,0x0000,0x0000,0x0000,0x0000,0x0000,0x0000,0x0000,0x0000,0x0000,0x0000,0x0000,0x0000,0x0000,0x0000,
    0x0000,0x0000,0x0000,0x0000,0x0000,0x0000,0x0000,0x0000,0x0000,0x0000,0x0000,0x0000,0x0000,0x0000,0x0000,0x0000,0x0000,0x0000,0x0000,0x0000,0x0000,0x0000,0x0000,0x0000,
    0x0000,0x0000,0x0000,0x0000,0x0000,0x0000,0x0000,0x0000,0x0000,0x0000,0x0000,0x0000,0x0000,0x0000,0x0000,0x0000,0x0000,0x0000,0x0000,0x0000,0x0000,0x0000,0x0000,0x0000,
    0x0000,0x0000,0x0000,0x0000,0x0000,0x0000,0x0000,0x0000,0x0000,0x0000,0x0000,0x0000,0x0000,0x0000,0x0000,0x0000,0x0800,0x5021,0xa882,0xd8e4,0xe105,0xd925,0xd905,0xd0e4,
    0xc0e4,0xc0e4,0xd925,0xc0a3,0xb0a3,0xb0a3,0xc0c4,0xd905,0xd925,0xd0e4,0xd0e4,0xd105,0xd925,0xd905,0xd0e4,0xc8e4,0xc8e4,0xd0e4,0xd905,0xe925,0xd104,0xa0a3,0x6041,0x1000,
    0x0000,0x0000,0x0000,0x0000,0x0000,0x0000,0x0000,0x0000,0x0000,0x0000,0x0000,0x0000,0x0000,0x0000,0x0000,0x0000,0x0000,0x0000,0x0000,0x0000,0x0000,0x0000,0x0000,0x0000,
    0x0000,0x0000,0x0000,0x0000,0x0000,0x0000,0x0000,0x0000,0x0000,0x0000,0x0000,0x0000,0x0000,0x0000,0x0000,0x0000,0x0000,0x0000,0x0000,0x0000,0x0000,0x0000,0x0000,0x0000,
    0x0000,0x0000,0x0000,0x0000,0x0000,0x0000,0x0000,0x0000,0x0000,0x0000,0x0000,0x0000,0x0000,0x0000,0x0000,0x0000,0x0000,0x0000,0x0000,0x0000,0x0000,0x0000,0x0000,0x0000,
    0x0000,0x0000,0x0000,0x0000,0x0000,0x0000,0x0000,0x0000,0x0000,0x0000,0x0000,0x0000,0x0000,0x0000,0x0000,0x0000,0x0000,0x0000,0x0000,0x0000,0x0000,0x0000,0x0000,0x0000,
    0x0000,0x0000,0x0000,0x0000,0x0000,0x0000,0x0000,0x0000,0x0000,0x0000,0x0000,0x0000,0x0000,0x0000,0x0000,0x0000,0x0000,0x0000,0x0000,0x0000,0x0000,0x0000,0x0000,0x0000,
    0x0000,0x0000,0x0000,0x0000,0x0000,0x0000,0x0000,0x2800,0x9041,0xd0c4,0xd0e4,0xd0e4,0xd905,0xd925,0xd925,0xd105,0xc0c4,0xc0c3,0xb8c3,0xb0a3,0xb082,0xc0c4,0xd925,0xe125,
    0xd925,0xd925,0xe146,0xe146,0xe145,0xd925,0xd905,0xd105,0xd105,0xc904,0xc8e4,0xc8e4,0xd925,0xe946,0xe966,0xb0a3,0x1800,0x0000,0x0000,0x0000,0x0000,0x0000,0x0000,0x0000,
    0x0000,0x0000,0x0000,0x0000,0x0000,0x0000,0x0000,0x0000,0x0000,0x0000,0x0000,0x0000,0x0000,0x0000,0x0000,0x0000,0x0000,0x0000,0x0000,0x0000,0x0000,0x0000,0x0000,0x0000,
    0x0000,0x0000,0x0000,0x0000,0x0000,0x0000,0x0000,0x0000,0x0000,0x0000,0x0000,0x0000,0x0000,0x0000,0x0000,0x0000,0x0000,0x0000,0x0000,0x0000,0x0000,0x0000,0x0000,0x0000,
    0x0000,0x0000,0x0000,0x0000,0x0000,0x0000,0x0000,0x0000,0x0000,0x0000,0x0000,0x0000,0x0000,0x0000,0x0000,0x0000,0x0000,0x0000,0x0000,0x0000,0x0000,0x0000,0x0000,0x0000,
    0x0000,0x0000,0x0000,0x0000,0x0000,0x0000,0x0000,0x0000,0x0000,0x0000,0x0000,0x0000,0x0000,0x0000,0x0000,0x0000,0x0000,0x0000,0x0000,0x0000,0x0000,0x0000,0x0000,0x0000,
    0x0000,0x0000,0x0000,0x0000,0x0000,0x0000,0x0000,0x0000,0x0000,0x0000,0x0000,0x0000,0x0000,0x0000,0x0000,0x0000,0x0000,0x0000,0x0000,0x0000,0x0000,0x1000,0x5841,0xb0a3,
    0xc8c4,0xd0e4,0xd105,0xd105,0xd105,0xd104,0xd104,0xd925,0xd925,0xc0c4,0xb0a3,0xa862,0xc8c4,0xd925,0xd105,0xb8c3,0xb0a3,0xb8a3,0xc0c4,0xc904,0xc8e4,0xd105,0xd945,0xe146,
    0xe146,0xe146,0xd925,0xd105,0xc0e4,0xd125,0xe166,0xe946,0xa062,0x0800,0x0000,0x0000,0x0000,0x0000,0x0000,0x0000,0x0000,0x0000,0x0000,0x0000,0x0000,0x0000,0x0000,0x0000,
    0x0000,0x0000,0x0000,0x0000,0x0000,0x0000,0x0000,0x0000,0x0000,0x0000,0x0000,0x0000,0x0000,0x0000,0x0000,0x0000,0x0000,0x0000,0x0000,0x0000,0x0000,0x0000,0x0000,0x0000,
    0x0000,0x0000,0x0000,0x0000,0x0000,0x0000,0x0000,0x0000,0x0000,0x0000,0x0000,0x0000,0x0000,0x0000,0x0000,0x0000,0x0000,0x0000,0x0000,0x0000,0x0000,0x0000,0x0000,0x0000,
    0x0000,0x0000,0x0000,0x0000,0x0000,0x0000,0x0000,0x0000,0x0000,0x0000,0x0000,0x0000,0x0000,0x0000,0x0000,0x0000,0x0000,0x0000,0x0000,0x0000,0x0000,0x0000,0x0000,0x0000,
    0x0000,0x0000,0x0000,0x0000,0x0000,0x0000,0x0000,0x0000,0x0000,0x0000,0x0000,0x0000,0x0000,0x0000,0x0000,0x0000,0x0000,0x0000,0x0000,0x0000,0x0000,0x0000,0x0000,0x0000,
    0x0000,0x0000,0x0000,0x0000,0x0000,0x0000,0x0000,0x0000,0x0000,0x0000,0x0000,0x0000,0x5021,0xb8e4,0xe125,0xe125,0xe125,0xe125,0xe125,0xe125,0xd905,0xd104,0xd105,0xd105,
    0xd0e4,0xd0e4,0xb0a3,0xc0c4,0xe125,0xd925,0xc8e4,0xc0c4,0xb8c4,0xb8a3,0xb082,0xa062,0xa062,0xb083,0xb8a3,0xb8c3,0xc905,0xd925,0xd925,0xe146,0xd925,0xc0e4,0xe125,0xd925,
    0xe946,0x8062,0x0000,0x0000,0x0000,0x0000,0x0000,0x0000,0x0000,0x0000,0x0000,0x0000,0x0000,0x0000,0x0000,0x0000,0x0000,0x0000,0x0000,0x0000,0x0000,0x0000,0x0000,0x0000,
    0x0000,0x0000,0x0000,0x0000,0x0000,0x0000,0x0000,0x0000,0x0000,0x0000,0x0000,0x0000,0x0000,0x0000,0x0000,0x0000,0x0000,0x0000,0x0000,0x0000,0x0000,0x0000,0x0000,0x0000,
    0x0000,0x0000,0x0000,0x0000,0x0000,0x0000,0x0000,0x0000,0x0000,0x0000,0x0000,0x0000,0x0000,0x0000,0x0000,0x0000,0x0000,0x0000,0x0000,0x0000,0x0000,0x0000,0x0000,0x0000,
    0x0000,0x0000,0x0000,0x0000,0x0000,0x0000,0x0000,0x0000,0x0000,0x0000,0x0000,0x0000,0x0000,0x0000,0x0000,0x0000,0x0000,0x0000,0x0000,0x0000,0x0000,0x0000,0x0000,0x0000,
    0x0000,0x0000,0x0000,0x0000,0x0000,0x0000,0x0000,0x0000,0x0000,0x0000,0x0000,0x0000,0x0000,0x0000,0x0000,0x0000,0x0000,0x0000,0x0000,0x0000,0x0000,0x0000,0x0000,0x0000,
    0x0000,0x0000,0x1800,0x98a3,0xe9a7,0xe166,0xd925,0xd925,0xc905,0xb8c4,0xb0a3,0xa882,0xb0a3,0xc0c3,0xc0c3,0xd0e4,0xd105,0xd105,0xd925,0xe126,0xd105,0xd105,0xc8e4,0xd0e4,
    0xe146,0xe146,0xe126,0xd105,0xb8c3,0xa882,0xb082,0xb062,0x9882,0xd125,0xd946,0xd946,0xe146,0xd105,0xc0e4,0xe125,0xe166,0xe125,0x4800,0x0000,0x0000,0x0000,0x0000,0x0000,
    0x0000,0x0000,0x0000,0x0000,0x0000,0x0000,0x0000,0x0000,0x0000,0x0000,0x0000,0x0000,0x0000,0x0000,0x0000,0x0000,0x0000,0x0000,0x0000,0x0000,0x0000,0x0000,0x0000,0x0000,
    0x0000,0x0000,0x0000,0x0000,0x0000,0x0000,0x0000,0x0000,0x0000,0x0000,0x0000,0x0000,0x0000,0x0000,0x0000,0x0000,0x0000,0x0000,0x0000,0x0000,0x0000,0x0000,0x0000,0x0000,
    0x0000,0x0000,0x0000,0x0000,0x0000,0x0000,0x0000,0x0000,0x0000,0x0000,0x0000,0x0000,0x0000,0x0000,0x0000,0x0000,0x0000,0x0000,0x0000,0x0000,0x0000,0x0000,0x0000,0x0000,
    0x0000,0x0000,0x0000,0x0000,0x0000,0x0000,0x0000,0x0000,0x0000,0x0000,0x0000,0x0000,0x0000,0x0000,0x0000,0x0000,0x0000,0x0000,0x0000,0x0000,0x0000,0x0000,0x0000,0x0000,
    0x0000,0x0000,0x0000,0x0000,0x0000,0x0000,0x0000,0x0000,0x0000,0x0000,0x0000,0x0000,0x0000,0x0000,0x0000,0x0000,0x0000,0x4020,0xc925,0xfa29,0xe1a7,0xe146,0xc925,0xa882,
    0xa862,0x9862,0xb083,0xc905,0xc0c4,0xc8e4,0xc8e4,0xb8a3,0xc0e4,0xd105,0xe125,0xd925,0xd105,0xc0e4,0xc8e4,0xc0a3,0xc0a3,0xd905,0xd925,0xd925,0xe146,0xd105,0xa882,0xa062,
    0xa062,0xb8e4,0xe166,0xd925,0xd925,0xe146,0xc0e4,0xd105,0xe166,0xe146,0xb883,0x1000,0x0000,0x0000,0x0000,0x0000,0x0000,0x0000,0x0000,0x0000,0x0000,0x0000,0x0000,0x0000,
    0x0000,0x0000,0x0000,0x0000,0x0000,0x0000,0x0000,0x0000,0x0000,0x0000,0x0000,0x0000,0x0000,0x0000,0x0000,0x0000,0x0000,0x0000,0x0000,0x0000,0x0000,0x0000,0x0000,0x0000,
    0x0000,0x0000,0x0000,0x0000,0x0000,0x0000,0x0000,0x0000,0x0000,0x0000,0x0000,0x0000,0x0000,0x0000,0x0000,0x0000,0x0000,0x0000,0x0000,0x0000,0x0000,0x0000,0x0000,0x0000,
    0x0000,0x0000,0x0000,0x0000,0x0000,0x0000,0x0000,0x0000,0x0000,0x0000,0x0000,0x0000,0x0000,0x0000,0x0000,0x0000,0x0000,0x0000,0x0000,0x0000,0x0000,0x0000,0x0000,0x0000,
    0x0000,0x0000,0x0000,0x0000,0x0000,0x0000,0x0000,0x0000,0x0000,0x0000,0x0000,0x0000,0x0000,0x0000,0x0000,0x0000,0x0000,0x0000,0x0000,0x0000,0x0000,0x0000,0x0000,0x0000,
    0x0000,0x0000,0x0000,0x0000,0x0000,0x0000,0x0000,0x0000,0x6841,0xe146,0xe9c7,0xe1c7,0xe166,0xd145,0xa082,0xa862,0xa882,0xc0e4,0xe146,0xb8c3,0xb8a3,0xd925,0xc0e4,0xd105,
    0xd105,0xd905,0xd925,0xd925,0xe146,0xd946,0xd125,0xd925,0xc8e4,0xb8c3,0xd905,0xd925,0xd925,0xd946,0xd105,0xb0a3,0xa062,0xa082,0xd146,0xd946,0xd925,0xd925,0xd946,0xb0a3,
    0xd946,0xd946,0xe105,0x7841,0x0000,0x0000,0x0000,0x0000,0x0000,0x0000,0x0000,0x0000,0x0000,0x0000,0x0000,0x0000,0x0000,0x0000,0x0000,0x0000,0x0000,0x0000,0x0000,0x0000,
    0x0000,0x0000,0x0000,0x0000,0x0000,0x0000,0x0000,0x0000,0x0000,0x0000,0x0000,0x0000,0x0000,0x0000,0x0000,0x0000,0x0000,0x0000,0x0000,0x0000,0x0000,0x0000,0x0000,0x0000,
    0x0000,0x0000,0x0000,0x0000,0x0000,0x0000,0x0000,0x0000,0x0000,0x0000,0x0000,0x0000,0x0000,0x0000,0x0000,0x0000,0x0000,0x0000,0x0000,0x0000,0x0000,0x0000,0x0000,0x0000,
    0x0000,0x0000,0x0000,0x0000,0x0000,0x0000,0x0000,0x0000,0x0000,0x0000,0x0000,0x0000,0x0000,0x0000,0x0000,0x0000,0x0000,0x0000,0x0000,0x0000,0x0000,0x0000,0x0000,0x0000,
    0x0000,0x0000,0x0000,0x0000,0x0000,0x0000,0x0000,0x0000,0x0000,0x0000,0x0000,0x0000,0x0000,0x0000,0x0000,0x0000,0x0000,0x0000,0x0000,0x0000,0x0000,0x0000,0x0000,0x8082,
    0xe966,0xd925,0xd104,0xd925,0xe166,0xb0a3,0xa862,0xb082,0xd0e4,0xe146,0xc0e4,0xc0c4,0xe126,0xd105,0xc8e4,0xe125,0xd925,0xd925,0xd925,0xd925,0xd925,0xd925,0xd946,0xd125,
    0xe125,0xd125,0xc8e4,0xd946,0xd946,0xd925,0xd104,0xd105,0xb8c4,0x9021,0xb8e4,0xe186,0xd925,0xd925,0xe166,0xb8e4,0xc0c4,0xe146,0xd905,0xc8c4,0x2000,0x0000,0x0000,0x0000,
    0x0000,0x0000,0x0000,0x0000,0x0000,0x0000,0x0000,0x0000,0x0000,0x0000,0x0000,0x0000,0x0000,0x0000,0x0000,0x0000,0x0000,0x0000,0x0000,0x0000,0x0000,0x0000,0x0000,0x0000,
    0x0000,0x0000,0x0000,0x0000,0x0000,0x0000,0x0000,0x0000,0x0000,0x0000,0x0000,0x0000,0x0000,0x0000,0x0000,0x0000,0x0000,0x0000,0x0000,0x0000,0x0000,0x0000,0x0000,0x0000,
    0x0000,0x0000,0x0000,0x0000,0x0000,0x0000,0x0000,0x0000,0x0000,0x0000,0x0000,0x0000,0x0000,0x0000,0x0000,0x0000,0x0000,0x0000,0x0000,0x0000,0x0000,0x0000,0x0000,0x0000,
    0x0000,0x0000,0x0000,0x0000,0x0000,0x0000,0x0000,0x0000,0x0000,0x0000,0x0000,0x0000,0x0000,0x0000,0x0000,0x0000,0x0000,0x0000,0x0000,0x0000,0x0000,0x0000,0x0000,0x0000,
    0x0000,0x0000,0x0000,0x0000,0x0000,0x0000,0x0000,0x0000,0x0000,0x0000,0x0000,0x0000,0x0000,0x0000,0x8062,0xe966,0xd105,0xc8e4,0xd905,0xe146,0xc105,0x9841,0xa882,0xd905,
    0xe125,0xd105,0xc8e4,0xe125,0xd925,0xc904,0xd905,0xd925,0xd925,0xd925,0xd925,0xd925,0xd925,0xd925,0xd925,0xd925,0xd925,0xe146,0xd925,0xd105,0xd946,0xd925,0xe146,0xc8e4,
    0xc905,0xb0a3,0x9041,0xd986,0xd946,0xd925,0xd946,0xd986,0xa882,0xd946,0xd925,0xd8e5,0x7841,0x0000,0x0000,0x0000,0x0000,0x0000,0x0000,0x0000,0x0000,0x0000,0x0000,0x0000,
    0x0000,0x0000,0x0000,0x0000,0x0000,0x0000,0x0000,0x0000,0x0000,0x0000,0x0000,0x0000,0x0000,0x0000,0x0000,0x0000,0x0000,0x0000,0x0000,0x0000,0x0000,0x0000,0x0000,0x0000,
    0x0000,0x0000,0x0000,0x0000,0x0000,0x0000,0x0000,0x0000,0x0000,0x0000,0x0000,0x0000,0x0000,0x0000,0x0000,0x0000,0x0000,0x0000,0x0000,0x0000,0x0000,0x0000,0x0000,0x0000,
    0x0000,0x0000,0x0000,0x0000,0x0000,0x0000,0x0000,0x0000,0x0000,0x0000,0x0000,0x0000,0x0000,0x0000,0x0000,0x0000,0x0000,0x0000,0x0000,0x0000,0x0000,0x0000,0x0000,0x0000,
    0x0000,0x0000,0x0000,0x0000,0x0000,0x0000,0x0000,0x0000,0x0000,0x0000,0x0000,0x0000,0x0000,0x0000,0x0000,0x0000,0x0000,0x0000,0x0000,0x0000,0x0000,0x0000,0x0000,0x0000,
    0x0000,0x0000,0x0000,0x0000,0x0000,0x7861,0xf146,0xd105,0xb8a3,0xd905,0xd905,0xd946,0xa882,0xa862,0xd105,0xe125,0xd925,0xd105,0xd925,0xd925,0xd925,0xd105,0xd925,0xd925,
    0xd925,0xd925,0xd925,0xd925,0xd925,0xd925,0xd925,0xd925,0xd925,0xd925,0xd925,0xd105,0xd105,0xe146,0xd925,0xe166,0xc0c4,0xc0c4,0xa062,0xb904,0xe166,0xd925,0xd925,0xe187,
    0xb0c3,0xc0e4,0xe146,0xd905,0xc0a3,0x1800,0x0000,0x0000,0x0000,0x0000,0x0000,0x0000,0x0000,0x0000,0x0000,0x0000,0x0000,0x0000,0x0000,0x0000,0x0000,0x0000,0x0000,0x0000,
    0x0000,0x0000,0x0000,0x0000,0x0000,0x0000,0x0000,0x0000,0x0000,0x0000,0x0000,0x0000,0x0000,0x0000,0x0000,0x0000,0x0000,0x0000,0x0000,0x0000,0x0000,0x0000,0x0000,0x0000,
    0x0000,0x0000,0x0000,0x0000,0x0000,0x0000,0x0000,0x0000,0x0000,0x0000,0x0000,0x0000,0x0000,0x0000,0x0000,0x0000,0x0000,0x0000,0x0000,0x0000,0x0000,0x0000,0x0000,0x0000,
    0x0000,0x0000,0x0000,0x0000,0x0000,0x0000,0x0000,0x0000,0x0000,0x0000,0x0000,0x0000,0x0000,0x0000,0x0000,0x0000,0x0000,0x0000,0x0000,0x0000,0x0000,0x0000,0x0000,0x0000,
    0x0000,0x0000,0x0000,0x0000,0x0000,0x0000,0x0000,0x0000,0x0000,0x0000,0x0000,0x0000,0x0000,0x0000,0x0000,0x0000,0x0000,0x0000,0x0000,0x0000,0x6041,0xf146,0xc8c4,0xa882,
    0xd105,0xd925,0xe125,0xc104,0x9841,0xd105,0xd925,0xd925,0xd905,0xd905,0xd925,0xd925,0xd925,0xd925,0xd925,0xd925,0xd925,0xd925,0xd925,0xd925,0xd925,0xd925,0xd925,0xd925,
    0xd925,0xd925,0xd925,0xd946,0xc8e4,0xd925,0xe187,0xe1a7,0xe1c7,0xb8c3,0xb082,0xa0a3,0xe187,0xd925,0xd925,0xe146,0xc925,0xa882,0xd925,0xd105,0xd8e4,0x6021,0x0000,0x0000,
    0x0000,0x0000,0x0000,0x0000,0x0000,0x0000,0x0000,0x0000,0x0000,0x0000,0x0000,0x0000,0x0000,0x0000,0x0000,0x0000,0x0000,0x0000,0x0000,0x0000,0x0000,0x0000,0x0000,0x0000,
    0x0000,0x0000,0x0000,0x0000,0x0000,0x0000,0x0000,0x0000,0x0000,0x0000,0x0000,0x0000,0x0000,0x0000,0x0000,0x0000,0x0000,0x0000,0x0000,0x0000,0x0000,0x0000,0x0000,0x0000,
    0x0000,0x0000,0x0000,0x0000,0x0000,0x0000,0x0000,0x0000,0x0000,0x0000,0x0000,0x0000,0x0000,0x0000,0x0000,0x0000,0x0000,0x0000,0x0000,0x0000,0x0000,0x0000,0x0000,0x0000,
    0x0000,0x0000,0x0000,0x0000,0x0000,0x0000,0x0000,0x0000,0x0000,0x0000,0x0000,0x0000,0x0000,0x0000,0x0000,0x0000,0x0000,0x0000,0x0000,0x0000,0x0000,0x0000,0x0000,0x0000,
    0x0000,0x0000,0x0000,0x0000,0x0000,0x0000,0x0000,0x0000,0x0000,0x0000,0x0000,0x4020,0xe925,0xc0e4,0x7021,0xc8c4,0xe125,0xd905,0xd946,0xa062,0xb8e4,0xe166,0xd925,0xd925,
    0xc904,0xd925,0xd925,0xd926,0xd105,0xd105,0xd905,0xd905,0xd925,0xd925,0xd925,0xd926,0xd925,0xd105,0xd925,0xd925,0xd925,0xd945,0xd105,0xd946,0xe166,0xb8c3,0xe146,0xe9e8,
    0xe187,0xd145,0xb082,0xa062,0xd166,0xe146,0xd925,0xd925,0xd946,0xa883,0xc8e4,0xd905,0xd905,0xa882,0x0800,0x0000,0x0000,0x0000,0x0000,0x0000,0x0000,0x0000,0x0000,0x0000,
    0x0000,0x0000,0x0000,0x0000,0x0000,0x0000,0x0000,0x0000,0x0000,0x0000,0x0000,0x0000,0x0000,0x0000,0x0000,0x0000,0x0000,0x0000,0x0000,0x0000,0x0000,0x0000,0x0000,0x0000,
    0x0000,0x0000,0x0000,0x0000,0x0000,0x0000,0x0000,0x0000,0x0000,0x0000,0x0000,0x0000,0x0000,0x0000,0x0000,0x0000,0x0000,0x0000,0x0000,0x0000,0x0000,0x0000,0x0000,0x0000,
    0x0000,0x0000,0x0000,0x0000,0x0000,0x0000,0x0000,0x0000,0x0000,0x0000,0x0000,0x0000,0x0000,0x0000,0x0000,0x0000,0x0000,0x0000,0x0000,0x0000,0x0000,0x0000,0x0000,0x0000,
    0x0000,0x0000,0x0000,0x0000,0x0000,0x0000,0x0000,0x0000,0x0000,0x0000,0x0000,0x0000,0x0000,0x0000,0x0000,0x0000,0x0000,0x0000,0x0000,0x0000,0x0000,0x0000,0x0000,0x0000,
    0x0000,0x0000,0x2000,0xd905,0xd104,0x3000,0x9042,0xe105,0xd0e4,0xd945,0xc905,0xa062,0xe9a7,0xd946,0xd945,0xc0e4,0xc905,0xe146,0xd925,0xe146,0xc905,0xd905,0xd905,0xd925,
    0xd925,0xd925,0xd926,0xd946,0xd946,0xc904,0xd946,0xd946,0xd946,0xd946,0xd946,0xc905,0xf208,0xc925,0xb8a3,0xe986,0xd946,0xd925,0xc0e4,0xa862,0xc105,0xe146,0xd925,0xd925,
    0xe146,0xb8c4,0xb8a3,0xd905,0xd905,0xd0e4,0x3800,0x0000,0x0000,0x0000,0x0000,0x0000,0x0000,0x0000,0x0000,0x0000,0x0000,0x0000,0x0000,0x0000,0x0000,0x0000,0x0000,0x0000,
    0x0000,0x0000,0x0000,0x0000,0x0000,0x0000,0x0000,0x0000,0x0000,0x0000,0x0000,0x0000,0x0000,0x0000,0x0000,0x0000,0x0000,0x0000,0x0000,0x0000,0x0000,0x0000,0x0000,0x0000,
    0x0000,0x0000,0x0000,0x0000,0x0000,0x0000,0x0000,0x0000,0x0000,0x0000,0x0000,0x0000,0x0000,0x0000,0x0000,0x0000,0x0000,0x0000,0x0000,0x0000,0x0000,0x0000,0x0000,0x0000,
    0x0000,0x0000,0x0000,0x0000,0x0000,0x0000,0x0000,0x0000,0x0000,0x0000,0x0000,0x0000,0x0000,0x0000,0x0000,0x0000,0x0000,0x0000,0x0000,0x0000,0x0000,0x0000,0x0000,0x0000,
    0x0000,0x0000,0x0000,0x0000,0x0000,0x0000,0x0000,0x0000,0x0000,0x0000,0x0000,0x0000,0x0000,0x0000,0x0000,0x0000,0x0000,0x0000,0xa8a3,0xe905,0x2820,0x2800,0xd8e4,0xd905,
    0xc8e4,0xe166,0xa8a3,0xd145,0xe9e8,0xd945,0xd925,0xb8c3,0xe187,0xe146,0xd925,0xd925,0xc8e4,0xd925,0xd925,0xd946,0xe146,0xd926,0xd946,0xd946,0xe146,0xc8e4,0xd105,0xe166,
    0xe187,0xe166,0xe9c8,0xd105,0xd966,0xe187,0xb8c4,0xd104,0xd946,0xd925,0xd925,0xb0a3,0xb0c3,0xe166,0xd925,0xd925,0xd925,0xc905,0xa882,0xd105,0xd105,0xd905,0x7841,0x0000,
    0x0000,0x0000,0x0000,0x0000,0x0000,0x0000,0x0000,0x0000,0x0000,0x0000,0x0000,0x0000,0x0000,0x0000,0x0000,0x0000,0x0000,0x0000,0x0000,0x0000,0x0000,0x0000,0x0000,0x0000,
    0x0000,0x0000,0x0000,0x0000,0x0000,0x0000,0x0000,0x0000,0x0000,0x0000,0x0000,0x0000,0x0000,0x0000,0x0000,0x0000,0x0000,0x0000,0x0000,0x0000,0x0000,0x0000,0x0000,0x0000,
    0x0000,0x0000,0x0000,0x0000,0x0000,0x0000,0x0000,0x0000,0x0000,0x0000,0x0000,0x0000,0x0000,0x0000,0x0000,0x0000,0x0000,0x0000,0x0000,0x0000,0x0000,0x0000,0x0000,0x0000,
    0x0000,0x0000,0x0000,0x0000,0x0000,0x0000,0x0000,0x0000,0x0000,0x0000,0x0000,0x0000,0x0000,0x0000,0x0000,0x0000,0x0000,0x0000,0x0000,0x0000,0x0000,0x0000,0x0000,0x0000,
    0x0000,0x0000,0x0000,0x0000,0x0000,0x0000,0x0000,0x0000,0x0000,0x6841,0xf105,0x4821,0x0000,0x8061,0xe105,0xc8e4,0xd905,0xd125,0xa8a3,0xf1e8,0xea08,0xe9a7,0xc0e4,0xc0e4,
    0xe9a7,0xd925,0xe146,0xd0e4,0xc104,0xe166,0xd925,0xd946,0xe187,0xd925,0xd946,0xd925,0xe166,0xd146,0xb8a3,0xe186,0xe186,0xe9e8,0xe9c8,0xd946,0xc0c4,0xe146,0xd125,0xb8a3,
    0xd925,0xd945,0xd925,0xb8e4,0xa882,0xd925,0xd925,0xd925,0xd925,0xd925,0xa882,0xc0c4,0xd905,0xd925,0xb0a3,0x0800,0x0000,0x0000,0x0000,0x0000,0x0000,0x0000,0x0000,0x0000,
    0x0000,0x0000,0x0000,0x0000,0x0000,0x0000,0x0000,0x0000,0x0000,0x0000,0x0000,0x0000,0x0000,0x0000,0x0000,0x0000,0x0000,0x0000,0x0000,0x0000,0x0000,0x0000,0x0000,0x0000,
    0x0000,0x0000,0x0000,0x0000,0x0000,0x0000,0x0000,0x0000,0x0000,0x0000,0x0000,0x0000,0x0000,0x0000,0x0000,0x0000,0x0000,0x0000,0x0000,0x0000,0x0000,0x0000,0x0000,0x0000,
    0x0000,0x0000,0x0000,0x0000,0x0000,0x0000,0x0000,0x0000,0x0000,0x0000,0x0000,0x0000,0x0000,0x0000,0x0000,0x0000,0x0000,0x0000,0x0000,0x0000,0x0000,0x0000,0x0000,0x0000,
    0x0000,0x0000,0x0000,0x0000,0x0000,0x0000,0x0000,0x0000,0x0000,0x0000,0x0000,0x0000,0x0000,0x0000,0x0000,0x0000,0x0000,0x0000,0x0000,0x0000,0x0000,0x0000,0x0000,0x0000,
    0x2000,0xe8e4,0x7062,0x0000,0x1000,0xc0a4,0xd0e4,0xc8e4,0xe146,0xb8c4,0xc925,0xe9c8,0xe187,0xe9a7,0xa882,0xd146,0xe9e8,0xe1c7,0xe166,0xc0c3,0xc945,0xe1a7,0xd125,0xe166,
    0xe9e8,0xe1c7,0xe187,0xd925,0xd946,0xe9e8,0xa883,0xd125,0xe186,0xe187,0xd966,0xe187,0xb8c4,0xc8e4,0xe146,0xb8c4,0xc8e4,0xd925,0xd925,0xd105,0xa082,0xc905,0xd925,0xd925,
    0xd925,0xd925,0xb0a3,0xb8a3,0xd905,0xd905,0xd0e4,0x4000,0x0000,0x0000,0x0000,0x0000,0x0000,0x0000,0x0000,0x0000,0x0000,0x0000,0x0000,0x0000,0x0000,0x0000,0x0000,0x0000,
    0x0000,0x0000,0x0000,0x0000,0x0000,0x0000,0x0000,0x0000,0x0000,0x0000,0x0000,0x0000,0x0000,0x0000,0x0000,0x0000,0x0000,0x0000,0x0000,0x0000,0x0000,0x0000,0x0000,0x0000,
    0x0000,0x0000,0x0000,0x0000,0x0000,0x0000,0x0000,0x0000,0x0000,0x0000,0x0000,0x0000,0x0000,0x0000,0x0000,0x0000,0x0000,0x0000,0x0000,0x0000,0x0000,0x0000,0x0000,0x0000,
    0x0000,0x0000,0x0000,0x0000,0x0000,0x0000,0x0000,0x0000,0x0000,0x0000,0x0000,0x0000,0x0000,0x0000,0x0000,0x0000,0x0000,0x0000,0x0000,0x0000,0x0000,0x0000,0x0000,0x0000,
    0x0000,0x0000,0x0000,0x0000,0x0000,0x0000,0x0000,0x0000,0x0000,0x0000,0x0000,0x0000,0x0000,0x0000,0x0000,0x0000,0x9883,0xb0c3,0x0000,0x0000,0x4020,0xd8e4,0xc0c4,0xd905,
    0xd905,0xb8c3,0xe187,0xd925,0xe146,0xd946,0xb8a3,0xe1a7,0xe1c7,0xe1a7,0xe146,0xb8a3,0xd146,0xe166,0xc904,0xe9a7,0xe9e8,0xea09,0xe187,0xd946,0xd125,0xe166,0xb8e4,0xb8a3,
    0xe146,0xd925,0xd946,0xe166,0xc925,0xb0a3,0xe125,0xd125,0xb8c3,0xc904,0xd105,0xd125,0xb0a3,0xc0e4,0xe126,0xd925,0xd105,0xd925,0xc0e4,0xa882,0xd904,0xd904,0xe105,0x7841,
    0x0000,0x0000,0x0000,0x0000,0x0000,0x0000,0x0000,0x0000,0x0000,0x0000,0x0000,0x0000,0x0000,0x0000,0x0000,0x0000,0x0000,0x0000,0x0000,0x0000,0x0000,0x0000,0x0000,0x0000,
    0x0000,0x0000,0x0000,0x0000,0x0000,0x0000,0x0000,0x0000,0x0000,0x0000,0x0000,0x0000,0x0000,0x0000,0x0000,0x0000,0x0000,0x0000,0x0000,0x0000,0x0000,0x0000,0x0000,0x0000,
    0x0000,0x0000,0x0000,0x0000,0x0000,0x0000,0x0000,0x0000,0x0000,0x0000,0x0000,0x0000,0x0000,0x0000,0x0000,0x0000,0x0000,0x0000,0x0000,0x0000,0x0000,0x0000,0x0000,0x0000,
    0x0000,0x0000,0x0000,0x0000,0x0000,0x0000,0x0000,0x0000,0x0000,0x0000,0x0000,0x0000,0x0000,0x0000,0x0000,0x0000,0x0000,0x0000,0x0000,0x0000,0x0000,0x0000,0x0000,0x0000,
    0x0000,0x0000,0x0000,0x0000,0x0000,0x0000,0x0000,0x2800,0xd8e4,0x2020,0x0000,0x0000,0x7041,0xd0c4,0xc8e4,0xe125,0xc0e4,0xc904,0xe146,0xd905,0xe146,0xc0c4,0xc104,0xe187,
    0xd925,0xd946,0xd925,0xa882,0xc905,0xd925,0xc904,0xe1a7,0xe1a7,0xd946,0xe166,0xe146,0xd105,0xd105,0xd145,0xa062,0xd925,0xd946,0xd946,0xd925,0xd946,0xa8a3,0xc8e4,0xe166,
    0xb0a3,0xc0e4,0xc8e4,0xd105,0xc0c4,0xb0a3,0xd925,0xd925,0xd105,0xd105,0xd105,0xa882,0xc8c4,0xd105,0xd925,0xa8a3,0x0800,0x0000,0x0000,0x0000,0x0000,0x0000,0x0000,0x0000,
    0x0000,0x0000,0x0000,0x0000,0x0000,0x0000,0x0000,0x0000,0x0000,0x0000,0x0000,0x0000,0x0000,0x0000,0x0000,0x0000,0x0000,0x0000,0x0000,0x0000,0x0000,0x0000,0x0000,0x0000,
    0x0000,0x0000,0x0000,0x0000,0x0000,0x0000,0x0000,0x0000,0x0000,0x0000,0x0000,0x0000,0x0000,0x0000,0x0000,0x0000,0x0000,0x0000,0x0000,0x0000,0x0000,0x0000,0x0000,0x0000,
    0x0000,0x0000,0x0000,0x0000,0x0000,0x0000,0x0000,0x0000,0x0000,0x0000,0x0000,0x0000,0x0000,0x0000,0x0000,0x0000,0x0000,0x0000,0x0000,0x0000,0x0000,0x0000,0x0000,0x0000,
    0x0000,0x0000,0x0000,0x0000,0x0000,0x0000,0x0000,0x0000,0x0000,0x0000,0x0000,0x0000,0x0000,0x0000,0x0000,0x0000,0x0000,0x0000,0x0000,0x0000,0x0000,0x0000,0x0000,0x9882,
    0x8882,0x0000,0x0000,0x0000,0xa062,0xc8c3,0xd905,0xd925,0xc0c4,0xd905,0xd925,0xd925,0xd925,0xc0c4,0xc904,0xe146,0xd925,0xd925,0xd905,0xa082,0xc905,0xd925,0xc0e4,0xe146,
    0xd966,0xd946,0xd945,0xd946,0xd125,0xc905,0xe146,0xa0e3,0xc0e4,0xe146,0xd925,0xd925,0xe146,0xb8c4,0xb083,0xe146,0xb8e4,0xb8c3,0xc0e4,0xc8e4,0xc0e4,0xb0a3,0xd925,0xd925,
    0xd125,0xc8e4,0xd925,0xb0a3,0xc0a3,0xd905,0xd905,0xc8c4,0x2800,0x0000,0x0000,0x0000,0x0000,0x0000,0x0000,0x0000,0x0000,0x0000,0x0000,0x0000,0x0000,0x0000,0x0000,0x0000,
    0x0000,0x0000,0x0000,0x0000,0x0000,0x0000,0x0000,0x0000,0x0000,0x0000,0x0000,0x0000,0x0000,0x0000,0x0000,0x0000,0x0000,0x0000,0x0000,0x0000,0x0000,0x0000,0x0000,0x0000,
    0x0000,0x0000,0x0000,0x0000,0x0000,0x0000,0x0000,0x0000,0x0000,0x0000,0x0000,0x0000,0x0000,0x0000,0x0000,0x0000,0x0000,0x0000,0x0000,0x0000,0x0000,0x0000,0x0000,0x0000,
    0x0000,0x0000,0x0000,0x0000,0x0000,0x0000,0x0000,0x0000,0x0000,0x0000,0x0000,0x0000,0x0000,0x0000,0x0000,0x0000,0x0000,0x0000,0x0000,0x0000,0x0000,0x0000,0x0000,0x0000,
    0x0000,0x0000,0x0000,0x0000,0x0000,0x0000,0x0000,0x0000,0x0000,0x0000,0x0000,0x0000,0x0000,0x0000,0x1800,0xc0a3,0x1800,0x0000,0x0000,0x1800,0xb082,0xc8e4,0xd905,0xd0e4,
    0xc8e4,0xe125,0xd925,0xd925,0xd925,0xc0e4,0xc905,0xd925,0xd925,0xd925,0xd105,0x9882,0xd145,0xd925,0xb8c3,0xe146,0xd946,0xd945,0xd925,0xd926,0xd945,0xb8e4,0xd905,0xc1e7,
    0xb185,0xd8e5,0xd125,0xd925,0xd945,0xd166,0xa0e3,0xc8c4,0xd125,0xa8a3,0xc0e4,0xc0e4,0xc0c4,0xa882,0xd105,0xd925,0xd925,0xc0e4,0xd925,0xb0c3,0xb883,0xd905,0xd0e4,0xd8e4,
    0x5820,0x0000,0x0000,0x0000,0x0000,0x0000,0x0000,0x0000,0x0000,0x0000,0x0000,0x0000,0x0000,0x0000,0x0000,0x0000,0x0000,0x0000,0x0000,0x0000,0x0000,0x0000,0x0000,0x0000,
    0x0000,0x0000,0x0000,0x0000,0x0000,0x0000,0x0000,0x0000,0x0000,0x0000,0x0000,0x0000,0x0000,0x0000,0x0000,0x0000,0x0000,0x0000,0x0000,0x0000,0x0000,0x0000,0x0000,0x0000,
    0x0000,0x0000,0x0000,0x0000,0x0000,0x0000,0x0000,0x0000,0x0000,0x0000,0x0000,0x0000,0x0000,0x0000,0x0000,0x0000,0x0000,0x0000,0x0000,0x0000,0x0000,0x0000,0x0000,0x0000,
    0x0000,0x0000,0x0000,0x0000,0x0000,0x0000,0x0000,0x0000,0x0000,0x0000,0x0000,0x0000,0x0000,0x0000,0x0000,0x0000,0x0000,0x0000,0x0000,0x0000,0x0000,0x0000,0x0000,0x0000,
    0x0000,0x0000,0x0000,0x0000,0x0000,0x0000,0x6041,0x8882,0x0000,0x0000,0x0000,0x3800,0xb883,0xd8e4,0xd905,0xc0c4,0xd105,0xd925,0xd925,0xd925,0xd925,0xb8c3,0xd105,0xd105,
    0xd925,0xe146,0xc8c4,0xa185,0xc966,0xd905,0xb8c3,0xe146,0xd946,0xd945,0xd946,0xd946,0xd925,0xb8c3,0xd105,0xd186,0xb2ea,0xc8e4,0xd125,0xd105,0xd125,0xd966,0xaa07,0xb8c3,
    0xe146,0xa0c3,0xb8a3,0xc0c4,0xb8c4,0xa062,0xc905,0xd925,0xd925,0xc8e4,0xd105,0xb8c4,0xb062,0xd104,0xd0e4,0xe105,0x9062,0x0000,0x0000,0x0000,0x0000,0x0000,0x0000,0x0000,
    0x0000,0x0000,0x0000,0x0000,0x0000,0x0000,0x0000,0x0000,0x0000,0x0000,0x0000,0x0000,0x0000,0x0000,0x0000,0x0000,0x0000,0x0000,0x0000,0x0000,0x0000,0x0000,0x0000,0x0000,
    0x0000,0x0000,0x0000,0x0000,0x0000,0x0000,0x0000,0x0000,0x0000,0x0000,0x0000,0x0000,0x0000,0x0000,0x0000,0x0000,0x0000,0x0000,0x0000,0x0000,0x0000,0x0000,0x0000,0x0000,
    0x0000,0x0000,0x0000,0x0000,0x0000,0x0000,0x0000,0x0000,0x0000,0x0000,0x0000,0x0000,0x0000,0x0000,0x0000,0x0000,0x0000,0x0000,0x0000,0x0000,0x0000,0x0000,0x0000,0x0000,
    0x0000,0x0000,0x0000,0x0000,0x0000,0x0000,0x0000,0x0000,0x0000,0x0000,0x0000,0x0000,0x0000,0x0000,0x0000,0x0000,0x0000,0x0000,0x0000,0x0000,0x0000,0x0000,0x9082,0x2820,
    0x0000,0x0000,0x0000,0x5820,0xc8c3,0xd8e5,0xd905,0xc0c4,0xd905,0xd925,0xd925,0xd925,0xd105,0xb0a3,0xd105,0xd105,0xd945,0xe166,0xc0a3,0xb2c9,0xc9a6,0xd905,0xb0a3,0xd925,
    0xd946,0xd125,0xd945,0xd925,0xd926,0xc0e4,0xc0e4,0xd0e4,0xcbed,0xc228,0xd0e5,0xc925,0xd145,0xd0e5,0xcb0a,0xb1a6,0xd0c4,0xc1c6,0xa924,0xb8a3,0xb8c3,0x9862,0xc0e4,0xd925,
    0xd925,0xc904,0xc904,0xc0e4,0xa062,0xd0e4,0xd105,0xd105,0xb8a3,0x1000,0x0000,0x0000,0x0000,0x0000,0x0000,0x0000,0x0000,0x0000,0x0000,0x0000,0x0000,0x0000,0x0000,0x0000,
    0x0000,0x0000,0x0000,0x0000,0x0000,0x0000,0x0000,0x0000,0x0000,0x0000,0x0000,0x0000,0x0000,0x0000,0x0000,0x0000,0x0000,0x0000,0x0000,0x0000,0x0000,0x0000,0x0000,0x0000,
    0x0000,0x0000,0x0000,0x0000,0x0000,0x0000,0x0000,0x0000,0x0000,0x0000,0x0000,0x0000,0x0000,0x0000,0x0000,0x0000,0x0000,0x0000,0x0000,0x0000,0x0000,0x0000,0x0000,0x0000,
    0x0000,0x0000,0x0000,0x0000,0x0000,0x0000,0x0000,0x0000,0x0000,0x0000,0x0000,0x0000,0x0000,0x0000,0x0000,0x0000,0x0000,0x0000,0x0000,0x0000,0x0000,0x0000,0x0000,0x0000,
    0x0000,0x0000,0x0000,0x0000,0x0000,0x0000,0x0000,0x0000,0x0000,0x0000,0x0000,0x0000,0x0000,0x1000,0x8862,0x0000,0x0000,0x0000,0x0000,0x7841,0xe105,0xd905,0xc8e4,0xc0c4,
    0xd925,0xd905,0xd925,0xe146,0xd104,0xb0a3,0xd0e4,0xc904,0xd945,0xe166,0xc0c4,0xc3cc,0xc9e7,0xd905,0xa082,0xd105,0xd946,0xd125,0xd125,0xd945,0xe146,0xc0e4,0xa8a3,0xd8e4,
    0xdb8c,0xd42e,0xc0a3,0xc925,0xc945,0xd0e4,0xdb2b,0xbb0a,0xb862,0xd1e7,0xb247,0xb062,0xb0c3,0xa062,0xc0c4,0xd925,0xd925,0xd105,0xc0c4,0xc8e4,0xa062,0xc8c4,0xd905,0xd0e4,
    0xd0e4,0x3800,0x0000,0x0000,0x0000,0x0000,0x0000,0x0000,0x0000,0x0000,0x0000,0x0000,0x0000,0x0000,0x0000,0x0000,0x0000,0x0000,0x0000,0x0000,0x0000,0x0000,0x0000,0x0000,
    0x0000,0x0000,0x0000,0x0000,0x0000,0x0000,0x0000,0x0000,0x0000,0x0000,0x0000,0x0000,0x0000,0x0000,0x0000,0x0000,0x0000,0x0000,0x0000,0x0000,0x0000,0x0000,0x0000,0x0000,
    0x0000,0x0000,0x0000,0x0000,0x0000,0x0000,0x0000,0x0000,0x0000,0x0000,0x0000,0x0000,0x0000,0x0000,0x0000,0x0000,0x0000,0x0000,0x0000,0x0000,0x0000,0x0000,0x0000,0x0000,
    0x0000,0x0000,0x0000,0x0000,0x0000,0x0000,0x0000,0x0000,0x0000,0x0000,0x0000,0x0000,0x0000,0x0000,0x0000,0x0000,0x0000,0x0000,0x0000,0x0000,0x0000,0x0000,0x0000,0x0000,
    0x0000,0x0000,0x0000,0x0000,0x0000,0x3020,0x6841,0x0000,0x0000,0x0000,0x0000,0x9862,0xe105,0xd905,0xc8c4,0xc0e4,0xd905,0xd905,0xd925,0xe146,0xc8e4,0xb0a3,0xc8e4,0xc904,
    0xd945,0xe166,0xc104,0xd4af,0xca48,0xd8e5,0xa0e3,0xc905,0xd125,0xd125,0xd125,0xd145,0xd946,0xd125,0xa0a2,0xd0e4,0xd289,0xee55,0xc9e7,0xb8e4,0xc145,0xd125,0xd2ca,0xdd31,
    0xb8c4,0xb8e4,0xaa88,0xa0a3,0xb8a3,0x9862,0xb8c3,0xd925,0xd905,0xd105,0xb8a3,0xc8e4,0xa062,0xb8a3,0xd905,0xc8e4,0xe105,0x6841,0x0000,0x0000,0x0000,0x0000,0x0000,0x0000,
    0x0000,0x0000,0x0000,0x0000,0x0000,0x0000,0x0000,0x0000,0x0000,0x0000,0x0000,0x0000,0x0000,0x0000,0x0000,0x0000,0x0000,0x0000,0x0000,0x0000,0x0000,0x0000,0x0000,0x0000,
    0x0000,0x0000,0x0000,0x0000,0x0000,0x0000,0x0000,0x0000,0x0000,0x0000,0x0000,0x0000,0x0000,0x0000,0x0000,0x0000,0x0000,0x0000,0x0000,0x0000,0x0000,0x0000,0x0000,0x0000,
    0x0000,0x0000,0x0000,0x0000,0x0000,0x0000,0x0000,0x0000,0x0000,0x0000,0x0000,0x0000,0x0000,0x0000,0x0000,0x0000,0x0000,0x0000,0x0000,0x0000,0x0000,0x0000,0x0000,0x0000,
    0x0000,0x0000,0x0000,0x0000,0x0000,0x0000,0x0000,0x0000,0x0000,0x0000,0x0000,0x0000,0x0000,0x0000,0x0000,0x0000,0x0000,0x0000,0x0000,0x0000,0x0000,0x4021,0x4821,0x0000,
    0x0000,0x0000,0x2000,0xd0c4,0xd105,0xd0e4,0xc0c3,0xc0e4,0xd105,0xd905,0xd925,0xe146,0xc0c4,0xb0a3,0xc8e4,0xc0e4,0xd145,0xd946,0xb924,0xe572,0xd3ce,0xd8a4,0xb1a6,0xb965,
    0xd0e4,0xc925,0xc925,0xc925,0xd966,0xd946,0xa924,0xc104,0xd186,0xf718,0xdc0e,0xb8c3,0xc165,0xd125,0xb9a6,0xb3ed,0xb965,0xb883,0xd44e,0xba27,0xb863,0x98a2,0xb0a3,0xd925,
    0xd905,0xd905,0xb8a3,0xc8e4,0xa082,0xb8a3,0xd905,0xc8e4,0xd905,0xa0a3,0x0000,0x0000,0x0000,0x0000,0x0000,0x0000,0x0000,0x0000,0x0000,0x0000,0x0000,0x0000,0x0000,0x0000,
    0x0000,0x0000,0x0000,0x0000,0x0000,0x0000,0x0000,0x0000,0x0000,0x0000,0x0000,0x0000,0x0000,0x0000,0x0000,0x0000,0x0000,0x0000,0x0000,0x0000,0x0000,0x0000,0x0000,0x0000,
    0x0000,0x0000,0x0000,0x0000,0x0000,0x0000,0x0000,0x0000,0x0000,0x0000,0x0000,0x0000,0x0000,0x0000,0x0000,0x0000,0x0000,0x0000,0x0000,0x0000,0x0000,0x0000,0x0000,0x0000,
    0x0000,0x0000,0x0000,0x0000,0x0000,0x0000,0x0000,0x0000,0x0000,0x0000,0x0000,0x0000,0x0000,0x0000,0x0000,0x0000,0x0000,0x0000,0x0000,0x0000,0x0000,0x0000,0x0000,0x0000,
    0x0000,0x0000,0x0000,0x0000,0x0000,0x0000,0x0000,0x0000,0x0000,0x0000,0x0000,0x0000,0x0000,0x4020,0x3020,0x0000,0x0000,0x0000,0x6041,0xe0e5,0xc8e4,0xd0e4,0xb8a3,0xb8a3,
    0xd905,0xd104,0xd905,0xe126,0xc0c3,0xb0c3,0xc904,0xb8e4,0xd145,0xd146,0xb945,0xedf4,0xe574,0xd0e4,0xb9e7,0xba27,0xd0c4,0xc925,0xc946,0xc125,0xd166,0xd966,0xb986,0xb1c6,
    0xc904,0xee15,0xf6b8,0xc1c6,0xb944,0xb8a3,0xb965,0xeeb8,0xd36c,0xc062,0xe4f1,0xd40d,0xb842,0xb1a6,0xb0e3,0xd905,0xd905,0xd905,0xb8a3,0xc0c4,0xa882,0xb083,0xd905,0xd0e4,
    0xc8e4,0xd0e4,0x2000,0x0000,0x0000,0x0000,0x0000,0x0000,0x0000,0x0000,0x0000,0x0000,0x0000,0x0000,0x0000,0x0000,0x0000,0x0000,0x0000,0x0000,0x0000,0x0000,0x0000,0x0000,
    0x0000,0x0000,0x0000,0x0000,0x0000,0x0000,0x0000,0x0000,0x0000,0x0000,0x0000,0x0000,0x0000,0x0000,0x0000,0x0000,0x0000,0x0000,0x0000,0x0000,0x0000,0x0000,0x0000,0x0000,
    0x0000,0x0000,0x0000,0x0000,0x0000,0x0000,0x0000,0x0000,0x0000,0x0000,0x0000,0x0000,0x0000,0x0000,0x0000,0x0000,0x0000,0x0000,0x0000,0x0000,0x0000,0x0000,0x0000,0x0000,
    0x0000,0x0000,0x0000,0x0000,0x0000,0x0000,0x0000,0x0000,0x0000,0x0000,0x0000,0x0000,0x0000,0x0000,0x0000,0x0000,0x0000,0x0000,0x0000,0x0000,0x0000,0x0000,0x0000,0x0000,
    0x0000,0x0000,0x0000,0x0000,0x0000,0x3820,0x2000,0x0000,0x0000,0x0000,0xb0a3,0xd8e4,0xd0e4,0xc0c4,0xb0a3,0xb0a3,0xd925,0xc8e4,0xd925,0xe146,0xc0c3,0xb0c3,0xc904,0xb0c3,
    0xd145,0xd146,0xc165,0xf614,0xee98,0xd125,0xc9a6,0xc38b,0xd105,0xc105,0xc945,0xc145,0xc965,0xd986,0xc165,0xbaa8,0xc8e4,0xe573,0xde37,0xa1a6,0xb207,0xc8e4,0xca07,0xfffd,
    0xf5f5,0xc0e3,0xccf2,0xd594,0xb862,0xc247,0xb145,0xd905,0xd925,0xd905,0xb8a3,0xc0c3,0xa882,0xb082,0xd0e4,0xd905,0xc0c3,0xe105,0x5841,0x0000,0x0000,0x0000,0x0000,0x0000,
    0x0000,0x0000,0x0000,0x0000,0x0000,0x0000,0x0000,0x0000,0x0000,0x0000,0x0000,0x0000,0x0000,0x0000,0x0000,0x0000,0x0000,0x0000,0x0000,0x0000,0x0000,0x0000,0x0000,0x0000,
    0x0000,0x0000,0x0000,0x0000,0x0000,0x0000,0x0000,0x0000,0x0000,0x0000,0x0000,0x0000,0x0000,0x0000,0x0000,0x0000,0x0000,0x0000,0x0000,0x0000,0x0000,0x0000,0x0000,0x0000,
    0x0000,0x0000,0x0000,0x0000,0x0000,0x0000,0x0000,0x0000,0x0000,0x0000,0x0000,0x0000,0x0000,0x0000,0x0000,0x0000,0x0000,0x0000,0x0000,0x0000,0x0000,0x0000,0x0000,0x0000,
    0x0000,0x0000,0x0000,0x0000,0x0000,0x0000,0x0000,0x0000,0x0000,0x0000,0x0000,0x0000,0x0000,0x0000,0x0000,0x0000,0x0000,0x0000,0x0000,0x0000,0x0000,0x3000,0x2000,0x0000,
    0x0000,0x4020,0xe105,0xc8c4,0xd905,0xb0a2,0xb8c3,0xb083,0xd905,0xc0e4,0xd925,0xe146,0xc8e4,0xb8e3,0xc905,0xa944,0xc925,0xc945,0xb9c6,0xf5f4,0xfffd,0xdb0c,0xd145,0xd4f0,
    0xc9e7,0xb8c3,0xb924,0xc966,0xc165,0xd9c7,0xc945,0xc32a,0xc986,0xbb2b,0xd595,0xe512,0xd34b,0xc0e4,0xc2a9,0x94b1,0x4a07,0x3040,0x2041,0x0861,0x6841,0x9226,0xa9a5,0xd905,
    0xd925,0xd905,0xb8c3,0xc0c3,0xb0a3,0xa882,0xc8e4,0xd905,0xc0c3,0xd8e4,0x9883,0x0000,0x0000,0x0000,0x0000,0x0000,0x0000,0x0000,0x0000,0x0000,0x0000,0x0000,0x0000,0x0000,
    0x0000,0x0000,0x0000,0x0000,0x0000,0x0000,0x0000,0x0000,0x0000,0x0000,0x0000,0x0000,0x0000,0x0000,0x0000,0x0000,0x0000,0x0000,0x0000,0x0000,0x0000,0x0000,0x0000,0x0000,
    0x0000,0x0000,0x0000,0x0000,0x0000,0x0000,0x0000,0x0000,0x0000,0x0000,0x0000,0x0000,0x0000,0x0000,0x0000,0x0000,0x0000,0x0000,0x0000,0x0000,0x0000,0x0000,0x0000,0x0000,
    0x0000,0x0000,0x0000,0x0000,0x0000,0x0000,0x0000,0x0000,0x0000,0x0000,0x0000,0x0000,0x0000,0x0000,0x0000,0x0000,0x0000,0x0000,0x0000,0x0000,0x0000,0x0000,0x0000,0x0000,
    0x0000,0x0000,0x0000,0x0000,0x0000,0x0000,0x0000,0x0000,0x0000,0x0000,0x0000,0x0000,0x0000,0x2000,0x3000,0x0000,0x0000,0x9082,0xd8e4,0xc0a3,0xd0e4,0xa882,0xc0c3,0xa082,
    0xd905,0xc0c3,0xd105,0xe146,0xc8e4,0xa904,0xc125,0xb1c6,0xc125,0xb925,0xa1a6,0xb2ea,0xac70,0xbb0b,0xd125,0xe572,0xdc4f,0xb862,0xb124,0xd186,0xc166,0xd1c7,0xd145,0xc30a,
    0xc227,0xd40f,0xfffe,0xed51,0xd42f,0x9124,0x3040,0x0000,0x0001,0x2084,0x1883,0x4249,0x50c3,0x1000,0x5081,0xc904,0xd925,0xd925,0xc0c4,0xb8c3,0xb0a3,0xa062,0xc0c4,0xd925,
    0xc8e4,0xc8c3,0xc8c4,0x1000,0x0000,0x0000,0x0000,0x0000,0x0000,0x0000,0x0000,0x0000,0x0000,0x0000,0x0000,0x0000,0x0000,0x0000,0x0000,0x0000,0x0000,0x0000,0x0000,0x0000,
    0x0000,0x0000,0x0000,0x0000,0x0000,0x0000,0x0000,0x0000,0x0000,0x0000,0x0000,0x0000,0x0000,0x0000,0x0000,0x0000,0x0000,0x0000,0x0000,0x0000,0x0000,0x0000,0x0000,0x0000,
    0x0000,0x0000,0x0000,0x0000,0x0000,0x0000,0x0000,0x0000,0x0000,0x0000,0x0000,0x0000,0x0000,0x0000,0x0000,0x0000,0x0000,0x0000,0x0000,0x0000,0x0000,0x0000,0x0000,0x0000,
    0x0000,0x0000,0x0000,0x0000,0x0000,0x0000,0x0000,0x0000,0x0000,0x0000,0x0000,0x0000,0x0000,0x0000,0x0000,0x0000,0x0000,0x0000,0x0000,0x0000,0x0000,0x0000,0x0000,0x0000,
    0x0000,0x0000,0x0000,0x0000,0x0000,0x0800,0x4820,0x0000,0x2800,0xd905,0xc0a3,0xc8c4,0xc8c4,0xa882,0xb8a3,0x9862,0xd925,0xc0c3,0xd104,0xd945,0xd0c4,0xb1a5,0xc9a6,0xc2c9,
    0xc945,0xc966,0xd3ac,0xed73,0xf73a,0xd574,0xc104,0xb2a9,0xde16,0xc9a6,0xb9e7,0xc186,0xc9a6,0xc9a7,0xd166,0xcaea,0xd3cd,0xdb6c,0xf635,0xd594,0x2903,0x4061,0x3106,0x0949,
    0x1129,0x2149,0x0086,0x8410,0xd514,0x49a6,0x6840,0xe146,0xd105,0xd925,0xc8e4,0xb8a3,0xb0a3,0x9841,0xb8a3,0xe125,0xd905,0xb8a3,0xd8e4,0x6041,0x0000,0x0000,0x0000,0x0000,
    0x0000,0x0000,0x0000,0x0000,0x0000,0x0000,0x0000,0x0000,0x0000,0x0000,0x0000,0x0000,0x0000,0x0000,0x0000,0x0000,0x0000,0x0000,0x0000,0x0000,0x0000,0x0000,0x0000,0x0000,
    0x0000,0x0000,0x0000,0x0000,0x0000,0x0000,0x0000,0x0000,0x0000,0x0000,0x0000,0x0000,0x0000,0x0000,0x0000,0x0000,0x0000,0x0000,0x0000,0x0000,0x0000,0x0000,0x0000,0x0000,
    0x0000,0x0000,0x0000,0x0000,0x0000,0x0000,0x0000,0x0000,0x0000,0x0000,0x0000,0x0000,0x0000,0x0000,0x0000,0x0000,0x0000,0x0000,0x0000,0x0000,0x0000,0x0000,0x0000,0x0000,
    0x0000,0x0000,0x0000,0x0000,0x0000,0x0000,0x0000,0x0000,0x0000,0x0000,0x0000,0x0000,0x0000,0x0000,0x0000,0x0000,0x0000,0x0000,0x0000,0x0000,0x0000,0x0000,0x4020,0x0800,
    0x7861,0xe105,0xa862,0xc8e4,0xb8a3,0xa062,0xa882,0x9862,0xd925,0xc0c3,0xc0e4,0xd925,0xd0e4,0xb9e6,0xca48,0xd34b,0xd2ca,0xc965,0xd4d0,0xd532,0xf77b,0xff9c,0xdacb,0xc1a6,
    0xeef9,0xdc92,0xc9a6,0xc2ea,0xc965,0xc9e7,0xd1a7,0xd2a9,0xdcb0,0xd36c,0xe698,0x38a2,0x5269,0x830c,0x8453,0x0929,0x0908,0x0908,0x00a6,0x4229,0xef1b,0x934c,0x9143,0xd925,
    0xd125,0xd925,0xc8e4,0xb862,0xb9e7,0xa186,0xb062,0xd925,0xd905,0xc0c4,0xc8c3,0xa8a3,0x0000,0x0000,0x0000,0x0000,0x0000,0x0000,0x0000,0x0000,0x0000,0x0000,0x0000,0x0000,
    0x0000,0x0000,0x0000,0x0000,0x0000,0x0000,0x0000,0x0000,0x0000,0x0000,0x0000,0x0000,0x0000,0x0000,0x0000,0x0000,0x0000,0x0000,0x0000,0x0000,0x0000,0x0000,0x0000,0x0000,
    0x0000,0x0000,0x0000,0x0000,0x0000,0x0000,0x0000,0x0000,0x0000,0x0000,0x0000,0x0000,0x0000,0x0000,0x0000,0x0000,0x0000,0x0000,0x0000,0x0000,0x0000,0x0000,0x0000,0x0000,
    0x0000,0x0000,0x0000,0x0000,0x0000,0x0000,0x0000,0x0000,0x0000,0x0000,0x0000,0x0000,0x0000,0x0000,0x0000,0x0000,0x0000,0x0000,0x0000,0x0000,0x0000,0x0000,0x0000,0x0000,
    0x0000,0x0000,0x0000,0x0000,0x0000,0x0000,0x0000,0x0000,0x0000,0x0000,0x0000,0x0000,0x0000,0x0000,0x0800,0x4800,0xc0a3,0xd0a3,0x7821,0xd0e4,0xb083,0x9062,0xa882,0x9841,
    0xd925,0xc0c3,0xb8c4,0xd105,0xd905,0xc186,0xcae9,0xd32b,0x7b0b,0x5800,0x1881,0x1061,0x20e3,0x4207,0x82aa,0xc1e7,0xf6d9,0xf79c,0xc1e7,0xd38c,0xca89,0xd1a6,0xd1e7,0xca28,
    0xdd53,0xe4f3,0xc574,0x59c7,0xe6db,0x52ac,0x00e8,0x094a,0x2b10,0x19ec,0x010a,0x2167,0xffde,0xb4b1,0xc32a,0xd0c4,0xd125,0xd925,0xc904,0xb021,0xc249,0xbbae,0xb021,0xd925,
    0xd905,0xd905,0x9062,0xd8e4,0x2820,0x0000,0x0000,0x0000,0x0000,0x0000,0x0000,0x0000,0x0000,0x0000,0x0000,0x0000,0x0000,0x0000,0x0000,0x0000,0x0000,0x0000,0x0000,0x0000,
    0x0000,0x0000,0x0000,0x0000,0x0000,0x0000,0x0000,0x0000,0x0000,0x0000,0x0000,0x0000,0x0000,0x0000,0x0000,0x0000,0x0000,0x0000,0x0000,0x0000,0x0000,0x0000,0x0000,0x0000,
    0x0000,0x0000,0x0000,0x0000,0x0000,0x0000,0x0000,0x0000,0x0000,0x0000,0x0000,0x0000,0x0000,0x0000,0x0000,0x0000,0x0000,0x0000,0x0000,0x0000,0x0000,0x0000,0x0000,0x0000,
    0x0000,0x0000,0x0000,0x0000,0x0000,0x0000,0x0000,0x0000,0x0000,0x0000,0x0000,0x0000,0x0000,0x0000,0x0000,0x0000,0x0000,0x0000,0x0000,0x0000,0x0000,0x0000,0x0000,0x0000,
    0x0000,0x0000,0x0000,0x0000,0x0000,0x0000,0x0000,0x6841,0xe8e4,0x8841,0x5841,0xe0e4,0xa062,0x9062,0xb883,0x8841,0xc8e4,0xc0c3,0xb8c3,0xc904,0xd946,0xc125,0xdc2d,0x7165,
    0x0000,0x6945,0x5207,0x08c5,0x08e7,0x0043,0x0883,0x58a2,0xccf2,0xfffc,0xe5d5,0xca69,0xee15,0xc9e7,0xd1a6,0xd289,0xe637,0xedd6,0xbd32,0xd659,0xffdf,0x630d,0x096c,0x2af3,
    0x00c8,0x09ad,0x5c57,0xad76,0xef5d,0xeed8,0xcbac,0xc883,0xd105,0xd925,0xc8e4,0xb021,0xc228,0xbc90,0xa000,0xd905,0xd0e4,0xe925,0x7862,0xb0a3,0x8882,0x0000,0x0000,0x0000,
    0x0000,0x0000,0x0000,0x0000,0x0000,0x0000,0x0000,0x0000,0x0000,0x0000,0x0000,0x0000,0x0000,0x0000,0x0000,0x0000,0x0000,0x0000,0x0000,0x0000,0x0000,0x0000,0x0000,0x0000,
    0x0000,0x0000,0x0000,0x0000,0x0000,0x0000,0x0000,0x0000,0x0000,0x0000,0x0000,0x0000,0x0000,0x0000,0x0000,0x0000,0x0000,0x0000,0x0000,0x0000,0x0000,0x0000,0x0000,0x0000,
    0x0000,0x0000,0x0000,0x0000,0x0000,0x0000,0x0000,0x0000,0x0000,0x0000,0x0000,0x0000,0x0000,0x0000,0x0000,0x0000,0x0000,0x0000,0x0000,0x0000,0x0000,0x0000,0x0000,0x0000,
    0x0000,0x0000,0x0000,0x0000,0x0000,0x0000,0x0000,0x0000,0x0000,0x0000,0x0000,0x0000,0x0000,0x0000,0x0000,0x0000,0x0000,0x0000,0x0000,0x0000,0x0000,0x0000,0x0000,0xb0a3,
    0xd8c4,0x1800,0x7862,0xd8c4,0x9862,0x9862,0xb8a3,0x9041,0xc0e4,0xc8e4,0xa882,0xc0e4,0xd125,0xd105,0x69a5,0x1800,0x62aa,0xe5f7,0x6aaa,0x5b70,0x324d,0x0909,0x1149,0x20a5,
    0x69a5,0xf6f9,0xfffd,0xe533,0xe553,0xee77,0xd269,0xd227,0xeeb8,0xee98,0xf6fa,0xff9d,0xffff,0x9cf4,0x1a92,0x4d1b,0x2ad0,0x3c36,0x3c58,0x94f5,0xffbd,0xff7a,0xcbcd,0xd0a3,
    0xd125,0xd925,0xc8e4,0xb021,0xca89,0xbbee,0x9800,0xd105,0xd905,0xe925,0x98a3,0x5021,0xd8c4,0x1000,0x0000,0x0000,0x0000,0x0000,0x0000,0x0000,0x0000,0x0000,0x0000,0x0000,
    0x0000,0x0000,0x0000,0x0000,0x0000,0x0000,0x0000,0x0000,0x0000,0x0000,0x0000,0x0000,0x0000,0x0000,0x0000,0x0000,0x0000,0x0000,0x0000,0x0000,0x0000,0x0000,0x0000,0x0000,
    0x0000,0x0000,0x0000,0x0000,0x0000,0x0000,0x0000,0x0000,0x0000,0x0000,0x0000,0x0000,0x0000,0x0000,0x0000,0x0000,0x0000,0x0000,0x0000,0x0000,0x0000,0x0000,0x0000,0x0000,
    0x0000,0x0000,0x0000,0x0000,0x0000,0x0000,0x0000,0x0000,0x0000,0x0000,0x0000,0x0000,0x0000,0x0000,0x0000,0x0000,0x0000,0x0000,0x0000,0x0000,0x0000,0x0000,0x0000,0x0000,
    0x0000,0x0000,0x0000,0x0000,0x0000,0x0000,0x0000,0x0000,0x0000,0x0000,0x0000,0x0000,0x0000,0x0000,0x3820,0xe8e4,0x7862,0x0000,0xb0c3,0xd0c4,0x9841,0xa862,0xb8c3,0xa062,
    0xb8c3,0xd105,0x9062,0xb0a3,0xc905,0xd0e4,0xaa48,0x38a1,0xa3f0,0xf77e,0x8c30,0x00a6,0x1149,0x19ab,0x42cf,0x0086,0x524a,0xee78,0xff7c,0xff9c,0xee36,0xff9c,0xf6d9,0xd3ad,
    0xf71a,0xff7b,0xff7b,0xff5b,0xffde,0xef5d,0x2a2e,0x5dbd,0x8f9f,0x773f,0x12f0,0xad14,0xffbc,0xff9c,0xd3cd,0xd0a3,0xd125,0xd925,0xc8e4,0xb062,0xb9c6,0x9965,0xa021,0xd104,
    0xd905,0xd905,0xc8c4,0x1000,0xc0c4,0x7062,0x0000,0x0000,0x0000,0x0000,0x0000,0x0000,0x0000,0x0000,0x0000,0x0000,0x0000,0x0000,0x0000,0x0000,0x0000,0x0000,0x0000,0x0000,
    0x0000,0x0000,0x0000,0x0000,0x0000,0x0000,0x0000,0x0000,0x0000,0x0000,0x0000,0x0000,0x0000,0x0000,0x0000,0x0000,0x0000,0x0000,0x0000,0x0000,0x0000,0x0000,0x0000,0x0000,
    0x0000,0x0000,0x0000,0x0000,0x0000,0x0000,0x0000,0x0000,0x0000,0x0000,0x0000,0x0000,0x0000,0x0000,0x0000,0x0000,0x0000,0x0000,0x0000,0x0000,0x0000,0x0000,0x0000,0x0000,
    0x0000,0x0000,0x0000,0x0000,0x0000,0x0000,0x0000,0x0000,0x0000,0x0000,0x0000,0x0000,0x0000,0x0000,0x0000,0x0000,0x0000,0x0000,0x0000,0x0000,0x0000,0x0000,0x0000,0x0000,
    0x0000,0x0000,0x0000,0x0000,0x0000,0x0000,0x9062,0xd0c4,0x1000,0x0000,0xc0e4,0xb8a3,0x9841,0xb883,0xb8a3,0xb8a3,0xb082,0xc905,0x9862,0xa062,0xc8e4,0xd0e4,0xda48,0xb44e,
    0x8aaa,0xffff,0xce59,0x00a6,0x1a30,0x222e,0x196a,0x224f,0x9d36,0xff9c,0xff5b,0xff5b,0xff9c,0xff5b,0xff9b,0xffbc,0xff7b,0xff7b,0xff7b,0xff7b,0xff5b,0xffff,0xa514,0x1a2d,
    0x5538,0x3bd3,0x5aec,0xff9b,0xff3a,0xffbc,0xcb6c,0xc883,0xd105,0xe125,0xc8e4,0xb083,0xa8a3,0x9041,0xa062,0xc8e4,0xd925,0xd905,0xe105,0x3820,0x4021,0xd8c4,0x1000,0x0000,
    0x0000,0x0000,0x0000,0x0000,0x0000,0x0000,0x0000,0x0000,0x0000,0x0000,0x0000,0x0000,0x0000,0x0000,0x0000,0x0000,0x0000,0x0000,0x0000,0x0000,0x0000,0x0000,0x0000,0x0000,
    0x0000,0x0000,0x0000,0x0000,0x0000,0x0000,0x0000,0x0000,0x0000,0x0000,0x0000,0x0000,0x0000,0x0000,0x0000,0x0000,0x0000,0x0000,0x0000,0x0000,0x0000,0x0000,0x0000,0x0000,
    0x0000,0x0000,0x0000,0x0000,0x0000,0x0000,0x0000,0x0000,0x0000,0x0000,0x0000,0x0000,0x0000,0x0000,0x0000,0x0000,0x0000,0x0000,0x0000,0x0000,0x0000,0x0000,0x0000,0x0000,
    0x0000,0x0000,0x0000,0x0000,0x0000,0x0000,0x0000,0x0000,0x0000,0x0000,0x0000,0x0000,0x0000,0x0000,0x0000,0x0000,0x0000,0x0000,0x0000,0x0000,0x0000,0x1800,0xd8c4,0x7041,
    0x0000,0x1000,0xd0e4,0xa082,0x9041,0xb8a3,0xc0a3,0xc0c4,0xb8a3,0xc0c4,0xa882,0x9862,0xb8c3,0xc904,0xb8a3,0xed52,0xd5b5,0xeedb,0xffdf,0x7c11,0x5c57,0x3c38,0x1a6e,0x3c57,
    0x5c35,0xef1a,0xff7b,0xff5b,0xff5b,0xff7b,0xff5b,0xff5b,0xff7b,0xff7b,0xff7b,0xff7b,0xff7b,0xff7b,0xff9c,0xcdf5,0xbdb5,0xd657,0xff5b,0xff5b,0xff3a,0xffbc,0xcb2b,0xc8a3,
    0xd105,0xe125,0xc8e4,0xb083,0xb0a3,0xa082,0x9862,0xc0c4,0xd905,0xd104,0xe905,0x7862,0x0000,0xb8a3,0x8062,0x0000,0x0000,0x0000,0x0000,0x0000,0x0000,0x0000,0x0000,0x0000,
    0x0000,0x0000,0x0000,0x0000,0x0000,0x0000,0x0000,0x0000,0x0000,0x0000,0x0000,0x0000,0x0000,0x0000,0x0000,0x0000,0x0000,0x0000,0x0000,0x0000,0x0000,0x0000,0x0000,0x0000,
    0x0000,0x0000,0x0000,0x0000,0x0000,0x0000,0x0000,0x0000,0x0000,0x0000,0x0000,0x0000,0x0000,0x0000,0x0000,0x0000,0x0000,0x0000,0x0000,0x0000,0x0000,0x0000,0x0000,0x0000,
    0x0000,0x0000,0x0000,0x0000,0x0000,0x0000,0x0000,0x0000,0x0000,0x0000,0x0000,0x0000,0x0000,0x0000,0x0000,0x0000,0x0000,0x0000,0x0000,0x0000,0x0000,0x0000,0x0000,0x0000,
    0x0000,0x0000,0x0000,0x0000,0x0000,0x0000,0x0000,0x0000,0x0000,0x0000,0x0000,0x0000,0x0000,0x6041,0xd8c4,0x1800,0x0000,0x1800,0xd8e4,0x7841,0xa082,0xc8c3,0xb8a3,0xc0e4,
    0xc0c4,0xb8c3,0xc0e4,0xa062,0x9882,0xb8c3,0xc082,0xba48,0xffbc,0xff7c,0xffdf,0xf79d,0x42cf,0x559d,0x775f,0x569f,0x3b51,0xff5b,0xff7b,0xff7b,0xff7b,0xff7b,0xff7b,0xff7b,
    0xff7b,0xff7b,0xff7b,0xff7b,0xff7b,0xff5b,0xff5b,0xffbc,0xff9c,0xff7b,0xff3a,0xff3a,0xff5a,0xff9c,0xcaaa,0xc8a3,0xc904,0xe125,0xc0c3,0xb083,0xa883,0xa062,0xa062,0xb0a3,
    0xd905,0xd105,0xe125,0xb083,0x0000,0x2820,0xd0c4,0x1800,0x0000,0x0000,0x0000,0x0000,0x0000,0x0000,0x0000,0x0000,0x0000,0x0000,0x0000,0x0000,0x0000,0x0000,0x0000,0x0000,
    0x0000,0x0000,0x0000,0x0000,0x0000,0x0000,0x0000,0x0000,0x0000,0x0000,0x0000,0x0000,0x0000,0x0000,0x0000,0x0000,0x0000,0x0000,0x0000,0x0000,0x0000,0x0000,0x0000,0x0000,
    0x0000,0x0000,0x0000,0x0000,0x0000,0x0000,0x0000,0x0000,0x0000,0x0000,0x0000,0x0000,0x0000,0x0000,0x0000,0x0000,0x0000,0x0000,0x0000,0x0000,0x0000,0x0000,0x0000,0x0000,
    0x0000,0x0000,0x0000,0x0000,0x0000,0x0000,0x0000,0x0000,0x0000,0x0000,0x0000,0x0000,0x0000,0x0000,0x0000,0x0000,0x0000,0x0000,0x0000,0x0000,0x0000,0x0000,0x0000,0x0000,
    0x0000,0x0000,0x0000,0x0000,0x0000,0xa883,0x8862,0x0000,0x0000,0x2000,0xd0c4,0x6821,0xc0c3,0xc8e4,0xa882,0xc0e4,0xd925,0xb8a3,0xc0c4,0xa082,0xa062,0x98c3,0xb124,0xb041,
    0xe594,0xffdc,0xff5b,0xffde,0xa4f4,0x22ae,0x4d17,0x4433,0x9cd3,0xffbc,0xf75b,0xff7b,0xff7b,0xff7b,0xff7b,0xff7b,0xff7b,0xff7b,0xff7b,0xff7b,0xff7b,0xff7b,0xff7b,0xff5b,
    0xf71a,0xff1a,0xff3a,0xff3a,0xff5b,0xf77a,0xc268,0xd0c4,0xd104,0xd925,0xb8c3,0xb083,0xa883,0xb082,0xa882,0xb0a3,0xd105,0xd105,0xd905,0xd0c4,0x2800,0x0000,0x8062,0xa083,
    0x0000,0x0000,0x0000,0x0000,0x0000,0x0000,0x0000,0x0000,0x0000,0x0000,0x0000,0x0000,0x0000,0x0000,0x0000,0x0000,0x0000,0x0000,0x0000,0x0000,0x0000,0x0000,0x0000,0x0000,
    0x0000,0x0000,0x0000,0x0000,0x0000,0x0000,0x0000,0x0000,0x0000,0x0000,0x0000,0x0000,0x0000,0x0000,0x0000,0x0000,0x0000,0x0000,0x0000,0x0000,0x0000,0x0000,0x0000,0x0000,
    0x0000,0x0000,0x0000,0x0000,0x0000,0x0000,0x0000,0x0000,0x0000,0x0000,0x0000,0x0000,0x0000,0x0000,0x0000,0x0000,0x0000,0x0000,0x0000,0x0000,0x0000,0x0000,0x0000,0x0000,
    0x0000,0x0000,0x0000,0x0000,0x0000,0x0000,0x0000,0x0000,0x0000,0x0000,0x0000,0x0000,0x0000,0x0000,0x0000,0x0000,0x0000,0x0000,0x0000,0x0000,0x1000,0xc083,0x2800,0x0000,
    0x0000,0x2000,0xc8a3,0x9041,0xd925,0xc8e4,0xa862,0xb8e4,0xe146,0xc8e4,0xb083,0xa882,0xa862,0xa0c3,0xc42d,0xb165,0xc9a6,0xff1a,0xff9c,0xff7b,0xffdd,0xbd74,0xb554,0xeed9,
    0xff9c,0xff5b,0xff7b,0xff7b,0xff7b,0xf73a,0xff7b,0xff7b,0xff7b,0xff7b,0xff7b,0xff7b,0xff7b,0xff7b,0xff7b,0xff5b,0xff5b,0xff5b,0xff5b,0xf73a,0xffbc,0xccf0,0xb904,0xc8e4,
    0xd105,0xd105,0xb8a3,0xb082,0xb083,0xb8a3,0xa882,0xb0a3,0xd104,0xd105,0xd105,0xe105,0x6021,0x0000,0x0800,0xc0a3,0x5041,0x0000,0x0000,0x0000,0x0000,0x0000,0x0000,0x0000,
    0x0000,0x0000,0x0000,0x0000,0x0000,0x0000,0x0000,0x0000,0x0000,0x0000,0x0000,0x0000,0x0000,0x0000,0x0000,0x0000,0x0000,0x0000,0x0000,0x0000,0x0000,0x0000,0x0000,0x0000,
    0x0000,0x0000,0x0000,0x0000,0x0000,0x0000,0x0000,0x0000,0x0000,0x0000,0x0000,0x0000,0x0000,0x0000,0x0000,0x0000,0x0000,0x0000,0x0000,0x0000,0x0000,0x0000,0x0000,0x0000,
    0x0000,0x0000,0x0000,0x0000,0x0000,0x0000,0x0000,0x0000,0x0000,0x0000,0x0000,0x0000,0x0000,0x0000,0x0000,0x0000,0x0000,0x0000,0x0000,0x0000,0x0000,0x0000,0x0000,0x0000,
    0x0000,0x0000,0x0000,0x0000,0x0000,0x0000,0x0000,0x0000,0x0000,0x0000,0x0000,0x0000,0x4821,0xa862,0x0000,0x0000,0x0000,0x1800,0xc083,0xb082,0xe125,0xc0c4,0xb062,0xc905,
    0xd905,0xd104,0xb8a3,0xb083,0xa883,0xa841,0x99e6,0xe5b2,0xcb0a,0xcb2c,0xff3b,0xff7b,0xf73a,0xff9b,0xffbc,0xff7b,0xff5b,0xff7b,0xff7b,0xff7b,0xff7b,0xff7b,0xff7b,0xff7b,
    0xff7b,0xff5b,0xff7b,0xff7b,0xff7b,0xff7b,0xff7b,0xff7b,0xff7b,0xff7b,0xf75b,0xffbc,0xee97,0x88e3,0xc0e4,0xc0c3,0xd105,0xd105,0xb8a3,0xb0a3,0xb8a3,0xc0a3,0xa882,0xb083,
    0xd0e4,0xd905,0xd0e4,0xe105,0x9862,0x0000,0x0000,0x3020,0xd0c3,0x1000,0x0000,0x0000,0x0000,0x0000,0x0000,0x0000,0x0000,0x0000,0x0000,0x0000,0x0000,0x0000,0x0000,0x0000,
    0x0000,0x0000,0x0000,0x0000,0x0000,0x0000,0x0000,0x0000,0x0000,0x0000,0x0000,0x0000,0x0000,0x0000,0x0000,0x0000,0x0000,0x0000,0x0000,0x0000,0x0000,0x0000,0x0000,0x0000,
    0x0000,0x0000,0x0000,0x0000,0x0000,0x0000,0x0000,0x0000,0x0000,0x0000,0x0000,0x0000,0x0000,0x0000,0x0000,0x0000,0x0000,0x0000,0x0000,0x0000,0x0000,0x0000,0x0000,0x0000,
    0x0000,0x0000,0x0000,0x0000,0x0000,0x0000,0x0000,0x0000,0x0000,0x0000,0x0000,0x0000,0x0000,0x0000,0x0000,0x0000,0x0000,0x0000,0x0000,0x0000,0x0000,0x0000,0x0000,0x0000,
    0x0000,0x0000,0x0000,0x0000,0x7841,0x7841,0x0000,0x0000,0x0000,0x0000,0xb0a3,0xd0e4,0xd925,0xc8c4,0xb882,0xd125,0xd925,0xd105,0xb8c3,0xc8c4,0xa882,0xb0a3,0x7800,0x9a47,
    0xe5b2,0xc490,0xf6fa,0xff7b,0xff3a,0xf6f9,0xff1a,0xff5b,0xff5b,0xff7b,0xff7b,0xff7b,0xff7b,0xff7b,0xff7b,0xff7b,0xff7b,0xff9c,0xff7b,0xff7b,0xff7b,0xff7b,0xff7b,0xff7b,
    0xff7b,0xf73b,0xffdd,0xeed9,0x9965,0x8821,0xc905,0xb8a3,0xd925,0xc8e4,0xb8c3,0xa8a3,0xb8a3,0xc0c4,0xa883,0xb0a3,0xc8e4,0xd905,0xc8e4,0xd905,0xc8c4,0x2000,0x0000,0x0000,
    0x7062,0xa0a3,0x0000,0x0000,0x0000,0x0000,0x0000,0x0000,0x0000,0x0000,0x0000,0x0000,0x0000,0x0000,0x0000,0x0000,0x0000,0x0000,0x0000,0x0000,0x0000,0x0000,0x0000,0x0000,
    0x0000,0x0000,0x0000,0x0000,0x0000,0x0000,0x0000,0x0000,0x0000,0x0000,0x0000,0x0000,0x0000,0x0000,0x0000,0x0000,0x0000,0x0000,0x0000,0x0000,0x0000,0x0000,0x0000,0x0000,
    0x0000,0x0000,0x0000,0x0000,0x0000,0x0000,0x0000,0x0000,0x0000,0x0000,0x0000,0x0000,0x0000,0x0000,0x0000,0x0000,0x0000,0x0000,0x0000,0x0000,0x0000,0x0000,0x0000,0x0000,
    0x0000,0x0000,0x0000,0x0000,0x0000,0x0000,0x0000,0x0000,0x0000,0x0000,0x0000,0x0000,0x0000,0x0000,0x0000,0x0000,0x0000,0x0000,0x0000,0x0000,0x8841,0x5820,0x0000,0x0000,
    0x0000,0x0000,0xa062,0xd0e4,0xd905,0xd0e4,0xb883,0xd105,0xd105,0xd925,0xc0c4,0xd105,0xb082,0xa882,0x8062,0x7800,0x9985,0xb34a,0xd5f5,0xffdd,0xf73a,0xff5b,0xff5b,0xff5b,
    0xff7b,0xff7b,0xff7b,0xff7b,0xff7b,0xff5b,0xff5b,0xff7b,0xff7b,0xeeb8,0xf71a,0xff7b,0xff7b,0xff7b,0xff7b,0xff5b,0xff5b,0xfffd,0xde37,0x9144,0x8001,0x9082,0xc0e4,0xb8a3,
    0xe125,0xc0c4,0xb8a3,0xa062,0xc0c3,0xc0c4,0xb0a3,0xb0a3,0xc8e4,0xd905,0xc0c3,0xc8c4,0xe905,0x5820,0x0000,0x0000,0x0000,0xa8a3,0x6041,0x0000,0x0000,0x0000,0x0000,0x0000,
    0x0000,0x0000,0x0000,0x0000,0x0000,0x0000,0x0000,0x0000,0x0000,0x0000,0x0000,0x0000,0x0000,0x0000,0x0000,0x0000,0x0000,0x0000,0x0000,0x0000,0x0000,0x0000,0x0000,0x0000,
    0x0000,0x0000,0x0000,0x0000,0x0000,0x0000,0x0000,0x0000,0x0000,0x0000,0x0000,0x0000,0x0000,0x0000,0x0000,0x0000,0x0000,0x0000,0x0000,0x0000,0x0000,0x0000,0x0000,0x0000,
    0x0000,0x0000,0x0000,0x0000,0x0000,0x0000,0x0000,0x0000,0x0000,0x0000,0x0000,0x0000,0x0000,0x0000,0x0000,0x0000,0x0000,0x0000,0x0000,0x0000,0x0000,0x0000,0x0000,0x0000,
    0x0000,0x0000,0x0000,0x0000,0x0000,0x0000,0x0000,0x0000,0x0000,0x0000,0x0000,0x0000,0x9041,0x5020,0x0000,0x0000,0x0000,0x2000,0xc0a3,0xc8e4,0xd905,0xd0e4,0xb082,0xc8e4,
    0xd125,0xe166,0xc8e4,0xd105,0xb8a3,0xa882,0x8841,0x7841,0x9021,0x8000,0x8965,0xf73b,0xffdc,0xff3a,0xff5b,0xff5b,0xff7b,0xff7b,0xff7b,0xff7b,0xff7b,0xf73b,0xeeb8,0xff5b,
    0xf73a,0xf71a,0xff7b,0xff7b,0xff7b,0xff5b,0xff5b,0xffbd,0xff9c,0xc490,0x7082,0x8821,0x8862,0xa0a3,0xb0a3,0xc0c3,0xe125,0xc0c3,0xb0a3,0x9062,0xc0c4,0xb8c3,0xb8a3,0xb0a3,
    0xc0e4,0xd905,0xc0c4,0xb8a3,0xe926,0xa882,0x0800,0x0000,0x0000,0x1000,0xc0c4,0x2820,0x0000,0x0000,0x0000,0x0000,0x0000,0x0000,0x0000,0x0000,0x0000,0x0000,0x0000,0x0000,
    0x0000,0x0000,0x0000,0x0000,0x0000,0x0000,0x0000,0x0000,0x0000,0x0000,0x0000,0x0000,0x0000,0x0000,0x0000,0x0000,0x0000,0x0000,0x0000,0x0000,0x0000,0x0000,0x0000,0x0000,
    0x0000,0x0000,0x0000,0x0000,0x0000,0x0000,0x0000,0x0000,0x0000,0x0000,0x0000,0x0000,0x0000,0x0000,0x0000,0x0000,0x0000,0x0000,0x0000,0x0000,0x0000,0x0000,0x0000,0x0000,
    0x0000,0x0000,0x0000,0x0000,0x0000,0x0000,0x0000,0x0000,0x0000,0x0000,0x0000,0x0000,0x0000,0x0000,0x0000,0x0000,0x0000,0x0000,0x0000,0x0000,0x0000,0x0000,0x0000,0x0000,
    0x0000,0x0000,0x0000,0x0000,0x8821,0x5020,0x0000,0x0000,0x0000,0x6021,0xe105,0xc8c4,0xd905,0xc8e4,0xb083,0xc8e4,0xd125,0xe166,0xc8e4,0xd105,0xc0e4,0xb083,0x9862,0x8041,
    0x9862,0x9062,0x8000,0xa1c6,0xde37,0xfffd,0xffbc,0xff7b,0xff5b,0xff5b,0xff5b,0xff7b,0xff7b,0xff7b,0xff7b,0xff7b,0xff7b,0xff7b,0xff7b,0xff5b,0xff7b,0xffbc,0xffdd,0xd5f5,
    0x9a07,0x8000,0x7841,0x9062,0x8841,0xb0c3,0xa062,0xd0e4,0xd905,0xc0c3,0xa082,0x9862,0xc8e4,0xb8c3,0xc0c3,0xa8a3,0xc0e4,0xd105,0xd105,0xb083,0xd105,0xd8e4,0x3800,0x0000,
    0x0000,0x0000,0x4841,0xc0c4,0x0800,0x0000,0x0000,0x0000,0x0000,0x0000,0x0000,0x0000,0x0000,0x0000,0x0000,0x0000,0x0000,0x0000,0x0000,0x0000,0x0000,0x0000,0x0000,0x0000,
    0x0000,0x0000,0x0000,0x0000,0x0000,0x0000,0x0000,0x0000,0x0000,0x0000,0x0000,0x0000,0x0000,0x0000,0x0000,0x0000,0x0000,0x0000,0x0000,0x0000,0x0000,0x0000,0x0000,0x0000,
    0x0000,0x0000,0x0000,0x0000,0x0000,0x0000,0x0000,0x0000,0x0000,0x0000,0x0000,0x0000,0x0000,0x0000,0x0000,0x0000,0x0000,0x0000,0x0000,0x0000,0x0000,0x0000,0x0000,0x0000,
    0x0000,0x0000,0x0000,0x0000,0x0000,0x0000,0x0000,0x0000,0x0000,0x0000,0x0000,0x0000,0x0000,0x0000,0x0000,0x0000,0x0000,0x0000,0x0000,0x0000,0x7821,0x7021,0x0000,0x0000,
    0x0000,0xa8a3,0xe946,0xc8e4,0xc8c4,0xc0c3,0xd0e4,0xc0e4,0xc0e4,0xe166,0xc905,0xd104,0xd104,0xb8a3,0x9862,0x8041,0xa062,0x8842,0x8862,0x9021,0x8061,0xab2b,0xddf6,0xf77b,
    0xfffd,0xffdd,0xffbc,0xff7b,0xff5b,0xff5b,0xf75b,0xff5b,0xff5b,0xff5b,0xff7c,0xffbc,0xffbc,0xde37,0xaaea,0x7841,0x7800,0x9062,0x8062,0x9062,0x9062,0xa0a3,0x9062,0xe125,
    0xc8e4,0xb8c3,0x9882,0xa083,0xc0e4,0xb0a3,0xc0e4,0xb0a3,0xc0e4,0xc8e4,0xd925,0xb8a3,0xb8a3,0xe125,0x9882,0x0000,0x0000,0x0000,0x0000,0x8082,0x90a3,0x0000,0x0000,0x0000,
    0x0000,0x0000,0x0000,0x0000,0x0000,0x0000,0x0000,0x0000,0x0000,0x0000,0x0000,0x0000,0x0000,0x0000,0x0000,0x0000,0x0000,0x0000,0x0000,0x0000,0x0000,0x0000,0x0000,0x0000,
    0x0000,0x0000,0x0000,0x0000,0x0000,0x0000,0x0000,0x0000,0x0000,0x0000,0x0000,0x0000,0x0000,0x0000,0x0000,0x0000,0x0000,0x0000,0x0000,0x0000,0x0000,0x0000,0x0000,0x0000,
    0x0000,0x0000,0x0000,0x0000,0x0000,0x0000,0x0000,0x0000,0x0000,0x0000,0x0000,0x0000,0x0000,0x0000,0x0000,0x0000,0x0000,0x0000,0x0000,0x0000,0x0000,0x0000,0x0000,0x0000,
    0x0000,0x0000,0x0000,0x0000,0x0000,0x0000,0x0000,0x0000,0x0000,0x0000,0x0000,0x0000,0x4020,0xa041,0x0000,0x0000,0x3820,0xe946,0xd925,0xc0a3,0xd0c4,0xc0c3,0xd925,0xc0c3,
    0xc104,0xe987,0xc8e4,0xc0e4,0xd925,0xb8a3,0x9862,0x8862,0xa062,0x8842,0x8842,0x9882,0x8042,0x7800,0x7821,0x9185,0xb34c,0xcd12,0xe677,0xf73a,0xffbc,0xfffd,0xffdd,0xffbd,
    0xffbc,0xffbd,0xf75b,0xd5f5,0xbc2e,0x8082,0x8800,0x8862,0x8862,0x9862,0x8062,0x8862,0xa083,0x9882,0xa082,0xe146,0xc0c4,0xb8a3,0x9062,0xa8a3,0xc0c4,0xb0a3,0xc8e4,0xb0a3,
    0xc0e4,0xc0c4,0xe146,0xc8e4,0xb082,0xd104,0xe105,0x3020,0x0000,0x0000,0x0000,0x0000,0xc0c4,0x4841,0x0000,0x0000,0x0000,0x0000,0x0000,0x0000,0x0000,0x0000,0x0000,0x0000,
    0x0000,0x0000,0x0000,0x0000,0x0000,0x0000,0x0000,0x0000,0x0000,0x0000,0x0000,0x0000,0x0000,0x0000,0x0000,0x0000,0x0000,0x0000,0x0000,0x0000,0x0000,0x0000,0x0000,0x0000,
    0x0000,0x0000,0x0000,0x0000,0x0000,0x0000,0x0000,0x0000,0x0000,0x0000,0x0000,0x0000,0x0000,0x0000,0x0000,0x0000,0x0000,0x0000,0x0000,0x0000,0x0000,0x0000,0x0000,0x0000,
    0x0000,0x0000,0x0000,0x0000,0x0000,0x0000,0x0000,0x0000,0x0000,0x0000,0x0000,0x0000,0x0000,0x0000,0x0000,0x0000,0x0000,0x0000,0x0000,0x0000,0x0000,0x0000,0x0000,0x0000,
    0x0000,0x0000,0x0000,0x0000,0x0000,0x9021,0x4820,0x0000,0xb0a3,0xe945,0xc0a3,0xb8a3,0xd0e4,0xc8e4,0xd105,0xb883,0xc925,0xe9a7,0xc8e4,0xb8a3,0xd946,0xb8c3,0x9862,0x9862,
    0xa062,0x8842,0x8842,0x9862,0x8042,0x8062,0x8042,0x8821,0x9000,0x8000,0x9082,0x8924,0x9a08,0xab2b,0xbcd1,0xddf5,0xe636,0xd552,0xcc4d,0xe50f,0xbc0c,0x51c8,0x89c8,0x8821,
    0x8862,0x9862,0x8862,0x8862,0xa082,0x8842,0xb0c3,0xd925,0xb8a3,0xa883,0x8841,0xa8a3,0xb8c3,0xb083,0xc8e4,0xa882,0xc0e4,0xb8c3,0xd925,0xd125,0xa882,0xb083,0xe126,0xa8a3,
    0x0000,0x0000,0x0000,0x0000,0x3821,0xd0c4,0x1800,0x0000,0x0000,0x0000,0x0000,0x0000,0x0000,0x0000,0x0000,0x0000,0x0000,0x0000,0x0000,0x0000,0x0000,0x0000,0x0000,0x0000,
    0x0000,0x0000,0x0000,0x0000,0x0000,0x0000,0x0000,0x0000,0x0000,0x0000,0x0000,0x0000,0x0000,0x0000,0x0000,0x0000,0x0000,0x0000,0x0000,0x0000,0x0000,0x0000,0x0000,0x0000,
    0x0000,0x0000,0x0000,0x0000,0x0000,0x0000,0x0000,0x0000,0x0000,0x0000,0x0000,0x0000,0x0000,0x0000,0x0000,0x0000,0x0000,0x0000,0x0000,0x0000,0x0000,0x0000,0x0000,0x0000,
    0x0000,0x0000,0x0000,0x0000,0x0000,0x0000,0x0000,0x0000,0x0000,0x0000,0x0000,0x0000,0x0000,0x0000,0x0000,0x0000,0x0000,0x0000,0x0000,0x0000,0x0000,0x1000,0x5800,0x6821,
    0xe125,0xd905,0x9862,0xd0e4,0xc0c3,0xd905,0xd105,0xc0a3,0xb8c3,0xe166,0xd105,0xa882,0xd105,0xc8e4,0x9862,0x9862,0xa062,0x8842,0x8862,0x9862,0x8042,0x8041,0x8841,0x8862,
    0x9062,0x8862,0x9042,0x8021,0x8000,0x8a29,0x5a6a,0x8287,0xb3cc,0xab6a,0x82ea,0x7b0b,0x7b6d,0xbdd8,0x92ec,0x8000,0x8082,0x9862,0x9062,0x8862,0x9862,0x8862,0xb8e4,0xd905,
    0xa8a3,0xa082,0x8841,0xb0c4,0xa883,0xb0a3,0xc904,0xa882,0xc0c4,0xb8a3,0xd925,0xd925,0xc0c3,0xa062,0xc8c4,0xe925,0x5841,0x0000,0x0000,0x0000,0x0000,0x9082,0x98a3,0x0000,
    0x0000,0x0000,0x0000,0x0000,0x0000,0x0000,0x0000,0x0000,0x0000,0x0000,0x0000,0x0000,0x0000,0x0000,0x0000,0x0000,0x0000,0x0000,0x0000,0x0000,0x0000,0x0000,0x0000,0x0000,
    0x0000,0x0000,0x0000,0x0000,0x0000,0x0000,0x0000,0x0000,0x0000,0x0000,0x0000,0x0000,0x0000,0x0000,0x0000,0x0000,0x0000,0x0000,0x0000,0x0000,0x0000,0x0000,0x0000,0x0000,
    0x0000,0x0000,0x0000,0x0000,0x0000,0x0000,0x0000,0x0000,0x0000,0x0000,0x0000,0x0000,0x0000,0x0000,0x0000,0x0000,0x0000,0x0000,0x0000,0x0000,0x0000,0x0000,0x0000,0x0000,
    0x0000,0x0000,0x0000,0x0000,0x0000,0x0000,0x0000,0x0000,0x0000,0x0000,0x0000,0x0000,0x0000,0x0000,0x1000,0xd0c3,0xe105,0xb083,0x7862,0xd904,0xc0c3,0xd905,0xd105,0xc0a3,
    0xa882,0xe146,0xd925,0xa862,0xc104,0xd925,0x9862,0x9862,0xa062,0x8842,0x8842,0x9862,0x8862,0x8041,0x8041,0x9062,0x9062,0x8062,0x9062,0x9062,0x7800,0x9b6f,0xdedc,0xbdb7,
    0x49e7,0x732d,0xbdd8,0xd67a,0xef5d,0xf75e,0x8acc,0x7800,0x8841,0xa082,0x9062,0x8862,0x9882,0x9062,0xd105,0xb8c4,0x9862,0x9862,0x8862,0xb8c4,0xa862,0xa882,0xc8e4,0xa882,
    0xc0c4,0xa8a3,0xd105,0xd925,0xd105,0xa062,0xa062,0xd925,0xc8e4,0x1800,0x0000,0x0000,0x0000,0x1800,0xd0a3,0x3821,0x0000,0x0000,0x0000,0x0000,0x0000,0x0000,0x0000,0x0000,
    0x0000,0x0000,0x0000,0x0000,0x0000,0x0000,0x0000,0x0000,0x0000,0x0000,0x0000,0x0000,0x0000,0x0000,0x0000,0x0000,0x0000,0x0000,0x0000,0x0000,0x0000,0x0000,0x0000,0x0000,
    0x0000,0x0000,0x0000,0x0000,0x0000,0x0000,0x0000,0x0000,0x0000,0x0000,0x0000,0x0000,0x0000,0x0000,0x0000,0x0000,0x0000,0x0000,0x0000,0x0000,0x0000,0x0000,0x0000,0x0000,
    0x0000,0x0000,0x0000,0x0000,0x0000,0x0000,0x0000,0x0000,0x0000,0x0000,0x0000,0x0000,0x0000,0x0000,0x0000,0x0000,0x0000,0x0000,0x0000,0x0000,0x0000,0x0000,0x0000,0x0000,
    0x0000,0x0000,0x0000,0x0000,0x0000,0x0000,0x9882,0xe125,0xe105,0x4820,0x9883,0xc8c4,0xd0e4,0xd925,0xd105,0xb083,0xa8a3,0xd925,0xd925,0xb082,0xa8c3,0xe166,0xa082,0x9062,
    0xa882,0x8841,0x9042,0x9862,0x9062,0x8862,0x8021,0x8000,0x8800,0x8000,0x8000,0x8083,0x81a7,0xa431,0xf77e,0xacf3,0x9451,0x9c71,0x8c30,0xffff,0xf75d,0xd619,0xbd77,0x9b4d,
    0x8925,0x8821,0x8800,0x8800,0x8801,0xa083,0xd125,0x9062,0x9062,0x9862,0x9062,0xb0c3,0xa062,0xb083,0xc0c4,0xa082,0xc8e4,0xb0a3,0xc0e4,0xe125,0xd925,0xc0a3,0x8021,0xb8a3,
    0xe926,0x9883,0x0000,0x0000,0x0000,0x0000,0x8041,0xb8c3,0x0000,0x0000,0x0000,0x0000,0x0000,0x0000,0x0000,0x0000,0x0000,0x0000,0x0000,0x0000,0x0000,0x0000,0x0000,0x0000,
    0x0000,0x0000,0x0000,0x0000,0x0000,0x0000,0x0000,0x0000,0x0000,0x0000,0x0000,0x0000,0x0000,0x0000,0x0000,0x0000,0x0000,0x0000,0x0000,0x0000,0x0000,0x0000,0x0000,0x0000,
    0x0000,0x0000,0x0000,0x0000,0x0000,0x0000,0x0000,0x0000,0x0000,0x0000,0x0000,0x0000,0x0000,0x0000,0x0000,0x0000,0x0000,0x0000,0x0000,0x0000,0x0000,0x0000,0x0000,0x0000,
    0x0000,0x0000,0x0000,0x0000,0x0000,0x0000,0x0000,0x0000,0x0000,0x0000,0x0000,0x0000,0x0000,0x0000,0x0000,0x0000,0x0000,0x0000,0x0000,0x0000,0x0000,0x6041,0xe905,0xd8e4,
    0xa0a3,0x2000,0xc8a3,0xc0c3,0xd905,0xd925,0xd125,0xa082,0xb0a3,0xd105,0xd925,0xc0c3,0x9062,0xd946,0xc0c4,0x9042,0xa082,0x8842,0x9862,0x9862,0x9062,0x8801,0x90e3,0xab4b,
    0xc44e,0xcc90,0xab8c,0xb516,0xdedc,0xce19,0xcdd8,0xb535,0x838e,0x838e,0xa4b3,0xde9b,0xde7a,0xd61a,0xde7b,0xe71d,0xb4f4,0xb38b,0xbb6b,0xaac9,0x9a07,0xb104,0xa862,0x9062,
    0x8841,0x9062,0xa083,0xb0a3,0x9862,0xa882,0xc0c4,0xa082,0xc0c4,0xc0c4,0xb8a3,0xe125,0xd925,0xd905,0x9841,0x6021,0xd8e4,0xe105,0x6841,0x0000,0x0000,0x0000,0x2800,0xd8c4,
    0x5041,0x0000,0x0000,0x0000,0x0000,0x0000,0x0000,0x0000,0x0000,0x0000,0x0000,0x0000,0x0000,0x0000,0x0000,0x0000,0x0000,0x0000,0x0000,0x0000,0x0000,0x0000,0x0000,0x0000,
    0x0000,0x0000,0x0000,0x0000,0x0000,0x0000,0x0000,0x0000,0x0000,0x0000,0x0000,0x0000,0x0000,0x0000,0x0000,0x0000,0x0000,0x0000,0x0000,0x0000,0x0000,0x0000,0x0000,0x0000,
    0x0000,0x0000,0x0000,0x0000,0x0000,0x0000,0x0000,0x0000,0x0000,0x0000,0x0000,0x0000,0x0000,0x0000,0x0000,0x0000,0x0000,0x0000,0x0000,0x0000,0x0000,0x0000,0x0000,0x0000,
    0x0000,0x0000,0x0000,0x0000,0x0000,0x0000,0x0000,0x0000,0x0000,0x0000,0x0000,0x0000,0x3820,0xe905,0xc0c4,0xc083,0x3020,0x6041,0xd0a3,0xd0e4,0xd905,0xd925,0xc904,0xa883,
    0xb8a3,0xb8e4,0xe146,0xc8e4,0x8841,0xb0c4,0xd925,0x9862,0x9862,0x9042,0x9862,0xa082,0x9001,0x9965,0xeeb8,0xfffd,0xfffd,0xf73a,0xdeba,0xffbf,0xef3d,0xef3d,0xef1c,0xe6dc,
    0x62cb,0xa4b4,0xef1d,0xdebb,0xef5d,0xf77e,0xf77e,0xef5d,0xd618,0xff5a,0xffdd,0xffbc,0xff9b,0xe656,0x9965,0x9821,0x8062,0x8862,0xa8a3,0xa883,0x9862,0xa082,0xc0c4,0xa882,
    0xb0a3,0xd104,0xb8a3,0xd905,0xd925,0xd925,0xc8a3,0x4800,0x7841,0xe105,0xd8e4,0x4020,0x0000,0x0000,0x0000,0xa862,0xb8c3,0x0000,0x0000,0x0000,0x0000,0x0000,0x0000,0x0000,
    0x0000,0x0000,0x0000,0x0000,0x0000,0x0000,0x0000,0x0000,0x0000,0x0000,0x0000,0x0000,0x0000,0x0000,0x0000,0x0000,0x0000,0x0000,0x0000,0x0000,0x0000,0x0000,0x0000,0x0000,
    0x0000,0x0000,0x0000,0x0000,0x0000,0x0000,0x0000,0x0000,0x0000,0x0000,0x0000,0x0000,0x0000,0x0000,0x0000,0x0000,0x0000,0x0000,0x0000,0x0000,0x0000,0x0000,0x0000,0x0000,
    0x0000,0x0000,0x0000,0x0000,0x0000,0x0000,0x0000,0x0000,0x0000,0x0000,0x0000,0x0000,0x0000,0x0000,0x0000,0x0000,0x0000,0x0000,0x0000,0x0000,0x0000,0x0000,0x0000,0x0000,
    0x0000,0x0000,0x0000,0x2800,0xd8e4,0xc8c4,0x7041,0x9882,0x0000,0xa8a3,0xc8c4,0xd0e4,0xd105,0xd925,0xb0a3,0xc0c4,0xc8c4,0xb082,0xd925,0xd105,0x9862,0x7841,0xd105,0xb8c3,
    0x8841,0x8842,0x9862,0x9862,0x9082,0xe657,0xfffd,0xf75b,0xff5b,0xd5d6,0xf79e,0xffff,0xffff,0xffff,0xffdf,0xef1c,0x630c,0xdedb,0xffdf,0xffdf,0xffdf,0xffff,0xffff,0xffff,
    0xe6db,0xeefa,0xff7b,0xff5b,0xff5b,0xffdd,0xe636,0x9882,0x8842,0x8862,0xb0a3,0xa082,0xa082,0xa082,0xb8a3,0xa882,0xa882,0xd105,0xb0a3,0xd105,0xd925,0xd925,0xd905,0x9841,
    0x1000,0xa882,0xe925,0xc8c4,0x2800,0x0000,0x0000,0x6020,0xd0a3,0x4041,0x0000,0x0000,0x0000,0x0000,0x0000,0x0000,0x0000,0x0000,0x0000,0x0000,0x0000,0x0000,0x0000,0x0000,
    0x0000,0x0000,0x0000,0x0000,0x0000,0x0000,0x0000,0x0000,0x0000,0x0000,0x0000,0x0000,0x0000,0x0000,0x0000,0x0000,0x0000,0x0000,0x0000,0x0000,0x0000,0x0000,0x0000,0x0000,
    0x0000,0x0000,0x0000,0x0000,0x0000,0x0000,0x0000,0x0000,0x0000,0x0000,0x0000,0x0000,0x0000,0x0000,0x0000,0x0000,0x0000,0x0000,0x0000,0x0000,0x0000,0x0000,0x0000,0x0000,
    0x0000,0x0000,0x0000,0x0000,0x0000,0x0000,0x0000,0x0000,0x0000,0x0000,0x0000,0x0000,0x0000,0x0000,0x0000,0x0000,0x0000,0x0000,0x1800,0xd0e4,0xd8e4,0x2000,0x9862,0x4020,
    0x2820,0xc8a3,0xd0e4,0xd0e4,0xd925,0xd105,0xa882,0xc8e4,0xc0c4,0xb8a3,0xc8e4,0xd925,0xa062,0x8041,0xa083,0xc905,0x8842,0x9042,0x9882,0x9000,0xb38c,0xfffd,0xf73b,0xff9c,
    0xe699,0xe6fb,0xffff,0xffdf,0xffdf,0xffdf,0xffff,0xd679,0x8c30,0xffff,0xf7be,0xffdf,0xffdf,0xffdf,0xffdf,0xffff,0xef1c,0xe6b9,0xff9c,0xff5b,0xff7b,0xff5b,0xffdc,0xaaa9,
    0x8000,0x8882,0xa082,0xa062,0xa882,0xa882,0xb083,0xa882,0xa882,0xc8e4,0xb8c3,0xc0e4,0xd946,0xd925,0xe166,0xd0e4,0x4020,0x1000,0xc0c4,0xe125,0xc0c3,0x2000,0x0000,0x2800,
    0xc083,0x9882,0x0000,0x0000,0x0000,0x0000,0x0000,0x0000,0x0000,0x0000,0x0000,0x0000,0x0000,0x0000,0x0000,0x0000,0x0000,0x0000,0x0000,0x0000,0x0000,0x0000,0x0000,0x0000,
    0x0000,0x0000,0x0000,0x0000,0x0000,0x0000,0x0000,0x0000,0x0000,0x0000,0x0000,0x0000,0x0000,0x0000,0x0000,0x0000,0x0000,0x0000,0x0000,0x0000,0x0000,0x0000,0x0000,0x0000,
    0x0000,0x0000,0x0000,0x0000,0x0000,0x0000,0x0000,0x0000,0x0000,0x0000,0x0000,0x0000,0x0000,0x0000,0x0000,0x0000,0x0000,0x0000,0x0000,0x0000,0x0000,0x0000,0x0000,0x0000,
    0x0000,0x0000,0x0000,0x0000,0x0000,0x0000,0x0000,0x0000,0x0000,0x1800,0xc0c4,0xd8e4,0x2000,0x3021,0xb062,0x0000,0x7841,0xd0c4,0xd925,0xd104,0xd925,0xb8c3,0xb8c3,0xc8e4,
    0xb8a3,0xc8e4,0xb8c3,0xd925,0xb0a3,0x9042,0x9062,0xb0a3,0xb0a3,0x9041,0x9862,0x8861,0xde16,0xffbc,0xff3a,0xe5f5,0xcdd8,0xf79e,0xffdf,0xffdf,0xffdf,0xf77d,0xffdf,0x9cd3,
    0x9c92,0xffbf,0xf77e,0xffdf,0xffdf,0xffdf,0xffdf,0xffdf,0xef3d,0xde78,0xffbc,0xff5b,0xff7b,0xff5b,0xffdc,0xccd0,0x8800,0x9082,0x9862,0xa082,0xa882,0xa062,0xa883,0xa083,
    0xa082,0xc0e4,0xd105,0xb0c3,0xe166,0xd105,0xd946,0xe146,0xa062,0x0000,0x3020,0xd0e4,0xe125,0xb8a3,0x2000,0x0000,0xa862,0xc8a3,0x2000,0x0000,0x0000,0x0000,0x0000,0x0000,
    0x0000,0x0000,0x0000,0x0000,0x0000,0x0000,0x0000,0x0000,0x0000,0x0000,0x0000,0x0000,0x0000,0x0000,0x0000,0x0000,0x0000,0x0000,0x0000,0x0000,0x0000,0x0000,0x0000,0x0000,
    0x0000,0x0000,0x0000,0x0000,0x0000,0x0000,0x0000,0x0000,0x0000,0x0000,0x0000,0x0000,0x0000,0x0000,0x0000,0x0000,0x0000,0x0000,0x0000,0x0000,0x0000,0x0000,0x0000,0x0000,
    0x0000,0x0000,0x0000,0x0000,0x0000,0x0000,0x0000,0x0000,0x0000,0x0000,0x0000,0x0000,0x0000,0x0000,0x0000,0x0000,0x0000,0x0000,0x0000,0x0000,0x0000,0x0000,0x0000,0x0000,
    0x1800,0xd0c4,0xc8c4,0x2000,0x0000,0xa082,0x6021,0x1000,0xb062,0xd925,0xd105,0xd925,0xd105,0xa882,0xc8e4,0xc8e4,0xb0a3,0xd105,0xb0a3,0xc905,0xc8e4,0x9062,0x9862,0x8841,
    0x9883,0x9883,0x9021,0xa1a5,0xf75b,0xff9c,0xf6f9,0xbcb1,0xef5d,0xffdf,0xffdf,0xffdf,0xffdf,0xffdf,0xf75d,0x6b0c,0xd659,0xffdf,0xffdf,0xffdf,0xffdf,0xffdf,0xffdf,0xffdf,
    0xef5e,0xd617,0xf6f8,0xf677,0xff7c,0xff5b,0xff9c,0xe636,0x9082,0x8842,0x9062,0xa082,0xa882,0x9862,0xa882,0xa883,0x9882,0xb8c4,0xd946,0xb0a3,0xd125,0xd945,0xd945,0xd946,
    0xd0e4,0x5000,0x0000,0x4821,0xd8e4,0xd904,0xc0a3,0x1800,0x7841,0xd8a3,0x6041,0x0000,0x0000,0x0000,0x0000,0x0000,0x0000,0x0000,0x0000,0x0000,0x0000,0x0000,0x0000,0x0000,
    0x0000,0x0000,0x0000,0x0000,0x0000,0x0000,0x0000,0x0000,0x0000,0x0000,0x0000,0x0000,0x0000,0x0000,0x0000,0x0000,0x0000,0x0000,0x0000,0x0000,0x0000,0x0000,0x0000,0x0000,
    0x0000,0x0000,0x0000,0x0000,0x0000,0x0000,0x0000,0x0000,0x0000,0x0000,0x0000,0x0000,0x0000,0x0000,0x0000,0x0000,0x0000,0x0000,0x0000,0x0000,0x0000,0x0000,0x0000,0x0000,
    0x0000,0x0000,0x0000,0x0000,0x0000,0x0000,0x0000,0x0000,0x0000,0x0000,0x0000,0x0000,0x0000,0x0000,0x0000,0x2800,0xd8e4,0xb0c4,0x1000,0x0000,0x3821,0xc083,0x1000,0x5800,
    0xd104,0xe146,0xd0e4,0xe145,0xb8a3,0xa882,0xd905,0xc8e4,0xc0c3,0xc8e4,0xb083,0xa8a3,0xd926,0x9882,0x9062,0x8842,0x8041,0x9882,0x9000,0xb2ea,0xffdd,0xff5b,0xd5f6,0xef5d,
    0xffff,0xffdf,0xffdf,0xffdf,0xffdf,0xffff,0xc618,0x7bae,0xffff,0xffdf,0xffdf,0xffdf,0xffdf,0xffdf,0xffdf,0xffdf,0xffff,0xce18,0xcc6e,0xee76,0xff9c,0xff5a,0xff5b,0xeed8,
    0x9124,0x9021,0x9062,0xa883,0xa883,0x9882,0xa082,0xa883,0xa0a3,0xb0a3,0xd966,0xc104,0xb8e4,0xd946,0xd125,0xe166,0xe166,0xb082,0x1000,0x0000,0x5041,0xd8e4,0xe105,0xb8a3,
    0x8041,0xc883,0x9082,0x0000,0x0000,0x0000,0x0000,0x0000,0x0000,0x0000,0x0000,0x0000,0x0000,0x0000,0x0000,0x0000,0x0000,0x0000,0x0000,0x0000,0x0000,0x0000,0x0000,0x0000,
    0x0000,0x0000,0x0000,0x0000,0x0000,0x0000,0x0000,0x0000,0x0000,0x0000,0x0000,0x0000,0x0000,0x0000,0x0000,0x0000,0x0000,0x0000,0x0000,0x0000,0x0000,0x0000,0x0000,0x0000,
    0x0000,0x0000,0x0000,0x0000,0x0000,0x0000,0x0000,0x0000,0x0000,0x0000,0x0000,0x0000,0x0000,0x0000,0x0000,0x0000,0x0000,0x0000,0x0000,0x0000,0x0000,0x0000,0x0000,0x0000,
    0x0000,0x0000,0x0000,0x0000,0x0000,0x0000,0x3820,0xe0e4,0xa0a3,0x0000,0x0000,0x0000,0x9862,0x8841,0x1000,0xb0a3,0xe987,0xd105,0xd905,0xd105,0xa882,0xb8a3,0xd905,0xb8c3,
    0xc0e4,0xb8c3,0xa883,0x9862,0xc0e4,0xc0e4,0x9042,0x9062,0x9062,0x9862,0x8000,0xc46f,0xfffe,0xde37,0xef3c,0xffff,0xffdf,0xffdf,0xffdf,0xffdf,0xffdf,0xffff,0x8c10,0xad34,
    0xffff,0xffbf,0xffdf,0xffdf,0xffdf,0xffdf,0xffdf,0xffdf,0xffff,0xf79e,0xb42f,0xf697,0xff7b,0xff5b,0xff9c,0xfffd,0xbac9,0x9000,0x9082,0xa082,0xa082,0xa082,0x9882,0xa8a3,
    0xa0e4,0x9229,0xc22a,0xd986,0xa8c4,0xd186,0xc925,0xd966,0xe187,0xe146,0x6020,0x0000,0x0000,0x5841,0xd8e4,0xd905,0xd0e4,0xc0a3,0xb062,0x1000,0x0000,0x0000,0x0000,0x0000,
    0x0000,0x0000,0x0000,0x0000,0x0000,0x0000,0x0000,0x0000,0x0000,0x0000,0x0000,0x0000,0x0000,0x0000,0x0000,0x0000,0x0000,0x0000,0x0000,0x0000,0x0000,0x0000,0x0000,0x0000,
    0x0000,0x0000,0x0000,0x0000,0x0000,0x0000,0x0000,0x0000,0x0000,0x0000,0x0000,0x0000,0x0000,0x0000,0x0000,0x0000,0x0000,0x0000,0x0000,0x0000,0x0000,0x0000,0x0000,0x0000,
    0x0000,0x0000,0x0000,0x0000,0x0000,0x0000,0x0000,0x0000,0x0000,0x0000,0x0000,0x0000,0x0000,0x0000,0x0000,0x0000,0x0000,0x0000,0x0000,0x0000,0x0000,0x5021,0xe8e4,0x8062,
    0x0000,0x0000,0x0000,0x3020,0xc883,0x4000,0x6021,0xe966,0xd905,0xd0e4,0xd925,0xb8a3,0xa882,0xc8e4,0xd105,0xb0a3,0xc8e4,0xb0a3,0xa882,0x9862,0x9882,0xc8e4,0xa083,0x8041,
    0x9062,0x9842,0x90a2,0xf6f8,0xeefa,0xd659,0xffff,0xffdf,0xffdf,0xffdf,0xffdf,0xffdf,0xffdf,0xffdf,0x7bae,0xdefb,0xffff,0xffdf,0xffdf,0xffdf,0xffdf,0xffdf,0xffdf,0xffdf,
    0xffdf,0xffff,0xc575,0xedf4,0xffdc,0xf77b,0xce38,0xbdb5,0x932b,0x7800,0x8862,0xa082,0xa082,0xa083,0x9882,0xa8c3,0x9a29,0xb6db,0xacf5,0xd1e8,0xb925,0xb945,0xd166,0xd166,
    0xe1c7,0xe9c7,0xc0c4,0x1800,0x0000,0x0000,0x5841,0xd8c4,0xd905,0xe166,0xc8a3,0x1800,0x0000,0x0000,0x0000,0x0000,0x0000,0x0000,0x0000,0x0000,0x0000,0x0000,0x0000,0x0000,
    0x0000,0x0000,0x0000,0x0000,0x0000,0x0000,0x0000,0x0000,0x0000,0x0000,0x0000,0x0000,0x0000,0x0000,0x0000,0x0000,0x0000,0x0000,0x0000,0x0000,0x0000,0x0000,0x0000,0x0000,
    0x0000,0x0000,0x0000,0x0000,0x0000,0x0000,0x0000,0x0000,0x0000,0x0000,0x0000,0x0000,0x0000,0x0000,0x0000,0x0000,0x0000,0x0000,0x0000,0x0000,0x0000,0x0000,0x0000,0x0000,
    0x0000,0x0000,0x0000,0x0000,0x0000,0x0000,0x0000,0x0000,0x0000,0x0000,0x0000,0x0000,0x6041,0xe8e4,0x6841,0x0000,0x0000,0x0000,0x0000,0x9062,0xb883,0x4800,0xc8e4,0xe145,
    0xd0e4,0xd925,0xd105,0xa862,0xb8a3,0xd925,0xc8e4,0xb0a3,0xc8e4,0xa883,0xa882,0xa082,0xa082,0xa882,0xb0a3,0x8842,0x9862,0x8021,0x4964,0xde77,0xd637,0xf77e,0xffff,0xffdf,
    0xffdf,0xffdf,0xffdf,0xffdf,0xffff,0xe73c,0x6b2c,0xef7d,0xffbf,0xffbe,0xffdf,0xffdf,0xffdf,0xffdf,0xffdf,0xffdf,0xffdf,0xffbf,0xcdf8,0xe5b4,0xad12,0x5aaa,0x39a6,0x3124,
    0x31c7,0x40a3,0x9041,0xa062,0xa082,0xa883,0x9882,0xa0e4,0x92ab,0xc71d,0xbd56,0xc9e8,0xd1a7,0xa905,0xd187,0xc966,0xe1c7,0xd966,0xe986,0x8041,0x0000,0x0000,0x0000,0x5821,
    0xc8a3,0xd0e4,0xe146,0x98a3,0x0800,0x0000,0x0000,0x0000,0x0000,0x0000,0x0000,0x0000,0x0000,0x0000,0x0000,0x0000,0x0000,0x0000,0x0000,0x0000,0x0000,0x0000,0x0000,0x0000,
    0x0000,0x0000,0x0000,0x0000,0x0000,0x0000,0x0000,0x0000,0x0000,0x0000,0x0000,0x0000,0x0000,0x0000,0x0000,0x0000,0x0000,0x0000,0x0000,0x0000,0x0000,0x0000,0x0000,0x0000,
    0x0000,0x0000,0x0000,0x0000,0x0000,0x0000,0x0000,0x0000,0x0000,0x0000,0x0000,0x0000,0x0000,0x0000,0x0000,0x0000,0x0000,0x0000,0x0000,0x0000,0x0000,0x0000,0x0000,0x0000,
    0x0000,0x0000,0x0000,0x7041,0xe0c4,0x4821,0x0000,0x0000,0x0000,0x0000,0x2000,0xc8a3,0x9021,0xa8a3,0xe946,0xd105,0xd0e4,0xd905,0xb083,0xa862,0xc8c4,0xe125,0xc0c3,0xb8a3,
    0xc8e4,0xa882,0xa082,0xa082,0xa082,0xa083,0x8862,0x9062,0x9842,0x70a3,0x2965,0x3145,0x9c71,0xffdf,0xffdf,0xffdf,0xffdf,0xffdf,0xffff,0xffdf,0xffbf,0xce39,0x6b0c,0xeefc,
    0xef5d,0xf7be,0xffff,0xffff,0xffdf,0xffdf,0xffff,0xffff,0xffdf,0xef3d,0xd619,0x6aa9,0x20c3,0x2904,0x39a6,0x734c,0x7b8e,0x49a6,0x8082,0x9842,0xa082,0xa083,0xa0a3,0xa0c3,
    0xa145,0x92cc,0xba6a,0xc186,0xd9c7,0xb186,0xaa6a,0xc1e8,0xc987,0xe186,0xd946,0xe146,0x3820,0x0000,0x0000,0x0000,0x6021,0xc082,0xc8e4,0xf187,0xb0e4,0x2000,0x0000,0x0000,
    0x0000,0x0000,0x0000,0x0000,0x0000,0x0000,0x0000,0x0000,0x0000,0x0000,0x0000,0x0000,0x0000,0x0000,0x0000,0x0000,0x0000,0x0000,0x0000,0x0000,0x0000,0x0000,0x0000,0x0000,
    0x0000,0x0000,0x0000,0x0000,0x0000,0x0000,0x0000,0x0000,0x0000,0x0000,0x0000,0x0000,0x0000,0x0000,0x0000,0x0000,0x0000,0x0000,0x0000,0x0000,0x0000,0x0000,0x0000,0x0000,
    0x0000,0x0000,0x0000,0x0000,0x0000,0x0000,0x0000,0x0000,0x0000,0x0000,0x0000,0x0000,0x0000,0x0000,0x0000,0x0000,0x0000,0x0000,0x7041,0xd8c4,0x3820,0x0000,0x0000,0x0000,
    0x0000,0x0000,0x7841,0xb882,0xa882,0xe166,0xd905,0xc8c4,0xd905,0xc8c4,0xa062,0xb083,0xd905,0xd925,0xb8a3,0xc8e4,0xc0c4,0xa082,0xa082,0xa882,0xa082,0xa082,0x8841,0x9842,
    0x8082,0x5a69,0x5a8a,0x1861,0x9c51,0xef1d,0xef1c,0xf75d,0xf79e,0xf79e,0xf79e,0xef5d,0xf75e,0xbd97,0x630c,0xef5d,0xef1c,0xef1d,0xef5d,0xf77e,0xf79e,0xf79e,0xf79e,0xf77d,
    0xe6fc,0xde9b,0xce19,0x2924,0x3165,0x9cb3,0xc5f7,0x9c51,0x730c,0x4a28,0x6986,0xa041,0xa883,0xa083,0xa8a3,0xa0e4,0xa8e4,0xa0e4,0xc986,0xc186,0xda08,0xb36e,0xae5a,0xbbb0,
    0xb166,0xd9c7,0xd925,0xe146,0xb8e4,0x0800,0x0000,0x0000,0x3000,0xb062,0xb082,0xd125,0xe9a7,0xd105,0x4020,0x0000,0x0000,0x0000,0x0000,0x0000,0x0000,0x0000,0x0000,0x0000,
    0x0000,0x0000,0x0000,0x0000,0x0000,0x0000,0x0000,0x0000,0x0000,0x0000,0x0000,0x0000,0x0000,0x0000,0x0000,0x0000,0x0000,0x0000,0x0000,0x0000,0x0000,0x0000,0x0000,0x0000,
    0x0000,0x0000,0x0000,0x0000,0x0000,0x0000,0x0000,0x0000,0x0000,0x0000,0x0000,0x0000,0x0000,0x0000,0x0000,0x0000,0x0000,0x0000,0x0000,0x0000,0x0000,0x0000,0x0000,0x0000,
    0x0000,0x0000,0x0000,0x0000,0x0000,0x0000,0x0000,0x0000,0x0000,0x7041,0xd0a4,0x2800,0x0000,0x0000,0x0000,0x0000,0x0000,0x1000,0xa862,0xa882,0xd945,0xd925,0xd0e4,0xc8e4,
    0xd105,0xb082,0x9862,0xb8a3,0xd925,0xd105,0xb8a3,0xd905,0xb0a3,0xa082,0xa083,0xa882,0xa082,0x9882,0x8062,0x9841,0x6104,0x5aaa,0x9c30,0x9451,0x9451,0xe6dc,0xd65a,0xde7b,
    0xde7b,0xde9b,0xde7b,0xde5a,0xde5b,0xbd97,0x5aab,0xe6bb,0xde7a,0xde5a,0xde7b,0xde7b,0xde9b,0xde9b,0xde9b,0xde7b,0xde7a,0xe6dc,0xb515,0x20c3,0x9c51,0x8c10,0x39a6,0x2924,
    0x39a6,0x39a6,0x5924,0x9862,0xa083,0xa186,0xa2ab,0x9925,0xa946,0x9966,0xb966,0xd1c7,0xba29,0xbdf8,0xffff,0xad56,0xb9a7,0xc966,0xd946,0xd105,0xe966,0x88a2,0x0000,0x0000,
    0x4820,0xc8a3,0xb082,0xb883,0xd925,0xe187,0xe146,0x6841,0x0000,0x0000,0x0000,0x0000,0x0000,0x0000,0x0000,0x0000,0x0000,0x0000,0x0000,0x0000,0x0000,0x0000,0x0000,0x0000,
    0x0000,0x0000,0x0000,0x0000,0x0000,0x0000,0x0000,0x0000,0x0000,0x0000,0x0000,0x0000,0x0000,0x0000,0x0000,0x0000,0x0000,0x0000,0x0000,0x0000,0x0000,0x0000,0x0000,0x0000,
    0x0000,0x0000,0x0000,0x0000,0x0000,0x0000,0x0000,0x0000,0x0000,0x0000,0x0000,0x0000,0x0000,0x0000,0x0000,0x0000,0x0000,0x0000,0x0000,0x0000,0x0000,0x0000,0x0000,0x0000,
    0x6841,0xd8c4,0x2800,0x0000,0x0000,0x0000,0x0000,0x0000,0x0000,0x4820,0xb862,0xd125,0xe146,0xd905,0xc0c3,0xd0e4,0xb8a3,0x9042,0x9862,0xc8c4,0xd905,0xc8e4,0xc0c3,0xd905,
    0xa883,0xa082,0xa8a3,0xa883,0xa082,0x9062,0x8041,0x9862,0x8882,0x49a6,0x41c7,0x7b6d,0x836e,0xd63a,0xde7b,0xde5a,0xde7a,0xde7a,0xde7a,0xde5a,0xde5a,0xd619,0x62cb,0xd63a,
    0xd63a,0xde5a,0xde5a,0xde7a,0xde7a,0xde7b,0xde7b,0xde7b,0xde7a,0xe6dc,0x82ec,0x6a49,0x4a08,0x1882,0x3965,0x39a6,0x3986,0x2965,0x6082,0x9062,0x9882,0xa26a,0xac72,0x9925,
    0xb1e8,0xa249,0x9946,0xd9e8,0xc209,0xc432,0xbedc,0x8b6f,0xd1e8,0xb905,0xd125,0xd925,0xd105,0xe966,0x5861,0x0000,0x6041,0xd0a3,0xa882,0x6020,0xc0a3,0xe146,0xe1a7,0xe946,
    0x8862,0x0000,0x0000,0x0000,0x0000,0x0000,0x0000,0x0000,0x0000,0x0000,0x0000,0x0000,0x0000,0x0000,0x0000,0x0000,0x0000,0x0000,0x0000,0x0000,0x0000,0x0000,0x0000,0x0000,
    0x0000,0x0000,0x0000,0x0000,0x0000,0x0000,0x0000,0x0000,0x0000,0x0000,0x0000,0x0000,0x0000,0x0000,0x0000,0x0000,0x0000,0x0000,0x0000,0x0000,0x0000,0x0000,0x0000,0x0000,
    0x0000,0x0000,0x0000,0x0000,0x0000,0x0000,0x0000,0x0000,0x0000,0x0000,0x0000,0x0000,0x0000,0x0000,0x0000,0x5041,0xd8c4,0x3020,0x0000,0x0000,0x0000,0x0000,0x0000,0x0000,
    0x0000,0x7821,0xd125,0xe146,0xd905,0xc8e4,0xc8c4,0xc8c4,0xa062,0x6841,0xb8a3,0xd905,0xd905,0xc0c3,0xd105,0xd0e4,0xa082,0xa882,0xb0a3,0xa082,0xa082,0x8862,0x8842,0xa062,
    0x8062,0x28e3,0x3145,0x20e3,0x1061,0x7b6e,0xeefc,0xde9b,0xde7b,0xde7a,0xde7b,0xde7a,0xde7a,0xdebb,0x6aec,0xacf5,0xde5a,0xd65a,0xde7b,0xde7b,0xde7b,0xde7b,0xde9b,0xde9b,
    0xe6bb,0xb597,0x7125,0x5104,0x2104,0x3986,0x3986,0x39a6,0x41a6,0x31c7,0x48c3,0x9882,0x98a3,0xa0c3,0xa105,0xa104,0xa166,0xb187,0x91a6,0xc249,0xd229,0xd28a,0xcb2d,0xa9a7,
    0xa8e4,0xc925,0xc0e4,0xd925,0xd905,0xd925,0xd925,0x3020,0x8041,0xc8a3,0xa862,0x0000,0x4800,0xd0e4,0xe187,0xd987,0xd8e4,0x9062,0x0800,0x0000,0x0000,0x0000,0x0000,0x0000,
    0x0000,0x0000,0x0000,0x0000,0x0000,0x0000,0x0000,0x0000,0x0000,0x0000,0x0000,0x0000,0x0000,0x0000,0x0000,0x0000,0x0000,0x0000,0x0000,0x0000,0x0000,0x0000,0x0000,0x0000,
    0x0000,0x0000,0x0000,0x0000,0x0000,0x0000,0x0000,0x0000,0x0000,0x0000,0x0000,0x0000,0x0000,0x0000,0x0000,0x0000,0x0000,0x0000,0x0000,0x0000,0x0000,0x0000,0x0000,0x0000,
    0x0000,0x0000,0x0000,0x0000,0x0000,0x0000,0x3020,0xd0a3,0x3820,0x0000,0x0000,0x0000,0x0000,0x0000,0x0000,0x0000,0x1000,0xc0e4,0xe166,0xd8e5,0xd925,0xb8c3,0xc0c4,0xb882,
    0x5020,0x7041,0xd0e4,0xd905,0xd905,0xc0c4,0xd905,0xb8c3,0xa062,0xa8a3,0xb0a3,0xa082,0xa082,0x8041,0x9062,0xa062,0x5882,0x3186,0x41a6,0x39a6,0x3124,0x20c3,0x7b6e,0xcdd8,
    0xd619,0xd63a,0xd65a,0xde5a,0xd63a,0xde7b,0x62ec,0xacd4,0xde7b,0xd63a,0xce19,0xd619,0xd65a,0xd63a,0xd65a,0xd65a,0xce19,0xa4d4,0x78a3,0x8021,0x30e3,0x3165,0x3986,0x3986,
    0x3986,0x31c7,0x3945,0xa082,0x9986,0xa28b,0x9904,0x9125,0x9966,0xa1e7,0xd6b9,0xcc30,0xd1e7,0xda08,0xe166,0xca49,0x8acc,0xb925,0xc0e4,0xc8e4,0xd925,0xd925,0xe146,0xc925,
    0xa062,0xc8a3,0x8862,0x0000,0x0000,0x6821,0xe145,0xd946,0xe166,0xb0a3,0x9882,0x1000,0x0000,0x0000,0x0000,0x0000,0x0000,0x0000,0x0000,0x0000,0x0000,0x0000,0x0000,0x0000,
    0x0000,0x0000,0x0000,0x0000,0x0000,0x0000,0x0000,0x0000,0x0000,0x0000,0x0000,0x0000,0x0000,0x0000,0x0000,0x0000,0x0000,0x0000,0x0000,0x0000,0x0000,0x0000,0x0000,0x0000,
    0x0000,0x0000,0x0000,0x0000,0x0000,0x0000,0x0000,0x0000,0x0000,0x0000,0x0000,0x0000,0x0000,0x0000,0x0000,0x0000,0x0000,0x0000,0x0000,0x0000,0x0000,0x1000,0xc0a3,0x5021,
    0x0000,0x0000,0x0000,0x0000,0x0000,0x0000,0x0000,0x0000,0x8882,0xe966,0xd905,0xd905,0xc0c4,0xb8a3,0xb883,0x7841,0x1000,0xb8a3,0xd105,0xd905,0xd0e4,0xc8e4,0xd905,0xa883,
    0xa062,0xb8c4,0xa8a3,0xa082,0x9062,0x8862,0x9862,0x9862,0x40c3,0x39a6,0x3986,0x3986,0x3145,0x2904,0x20e3,0xacb4,0xcdf9,0xde7b,0xde9b,0xe6fc,0xef5d,0xe6bc,0x62cb,0xce18,
    0xf79e,0xf77e,0xef1c,0xe6bb,0xde7b,0xd63a,0xcdb8,0xcdd8,0xde9b,0xa411,0x7800,0xa062,0x4882,0x2124,0x3965,0x3986,0x3986,0x3186,0x2186,0x70c3,0xa186,0x8acb,0x9905,0x9166,
    0x9986,0xa3ce,0xdf7c,0xbb4c,0xd208,0xca08,0xc36d,0xcb0c,0xb26a,0xa8c4,0xc0e4,0xb8a3,0xd105,0xd925,0xd105,0xd946,0xc904,0xc883,0x5021,0x0000,0x0000,0x0000,0x9062,0xe946,
    0xd925,0xd125,0x7842,0x9082,0x0800,0x0000,0x0000,0x0000,0x0000,0x0000,0x0000,0x0000,0x0000,0x0000,0x0000,0x0000,0x0000,0x0000,0x0000,0x0000,0x0000,0x0000,0x0000,0x0000,
    0x0000,0x0000,0x0000,0x0000,0x0000,0x0000,0x0000,0x0000,0x0000,0x0000,0x0000,0x0000,0x0000,0x0000,0x0000,0x0000,0x0000,0x0000,0x0000,0x0000,0x0000,0x0000,0x0000,0x0000,
    0x0000,0x0000,0x0000,0x0000,0x0000,0x0000,0x0000,0x0000,0x0000,0x0000,0x0000,0x0000,0x0000,0x9062,0x9061,0x0000,0x0000,0x0000,0x0000,0x0000,0x0000,0x0000,0x0000,0x8062,
    0xe966,0xd8e5,0xd905,0xd0e5,0xb883,0xb883,0xa041,0x0800,0x5021,0xd8e4,0xd105,0xd905,0xc8e4,0xd105,0xd0e4,0xa862,0xa082,0xc0e4,0xa883,0xa082,0x8862,0x9062,0x9882,0x9042,
    0x3104,0x39a6,0x3986,0x3986,0x3124,0x2104,0x2841,0xbd15,0xf77e,0xf77e,0xf79e,0xf7be,0xffdf,0xffbf,0x6b0c,0xdedb,0xffff,0xffdf,0xffff,0xffdf,0xf77e,0xef1d,0xef1d,0xde9b,
    0xd69b,0x9229,0x8000,0x9882,0x6862,0x20e3,0x3145,0x3965,0x2924,0x3166,0x31c7,0x3166,0x88a3,0x98e3,0x9104,0x9986,0x9986,0xcd95,0xc636,0x9986,0xba29,0xd637,0xcdf5,0xc9e7,
    0xc925,0xa8a3,0xb8a3,0xb8a3,0xc0c3,0xd925,0xd105,0xd0e4,0xe146,0xc0e4,0x1000,0x0000,0x0000,0x0000,0x1000,0xc8e4,0xd905,0xe926,0xa0c3,0x5021,0x9083,0x0000,0x0000,0x0000,
    0x0000,0x0000,0x0000,0x0000,0x0000,0x0000,0x0000,0x0000,0x0000,0x0000,0x0000,0x0000,0x0000,0x0000,0x0000,0x0000,0x0000,0x0000,0x0000,0x0000,0x0000,0x0000,0x0000,0x0000,
    0x0000,0x0000,0x0000,0x0000,0x0000,0x0000,0x0000,0x0000,0x0000,0x0000,0x0000,0x0000,0x0000,0x0000,0x0000,0x0000,0x0000,0x0000,0x0000,0x0000,0x0000,0x0000,0x0000,0x0000,
    0x0000,0x0000,0x0000,0x0000,0x5041,0xc082,0x2000,0x0000,0x0000,0x0000,0x0000,0x0000,0x0000,0x0000,0x7082,0xe966,0xd8e5,0xd8e5,0xd905,0xb8a3,0xb082,0xb082,0x3020,0x0000,
    0xa083,0xd905,0xd905,0xd105,0xc8e4,0xd925,0xc0c4,0xa062,0xa8a3,0xc904,0xa062,0xa082,0x8041,0x9062,0x9862,0x58a2,0x3165,0x3986,0x3986,0x3965,0x2904,0x2104,0x6000,0xac11,
    0xffff,0xf7be,0xffdf,0xffdf,0xf79e,0xffbf,0x7bcf,0xd69a,0xffbf,0xffdf,0xffdf,0xf79e,0xf7be,0xffff,0xf77e,0xde9b,0xc5b8,0x80a3,0x8841,0x9062,0x9862,0x30c3,0x3145,0x3145,
    0x3986,0x39c7,0x39e7,0x3a28,0x2986,0x8a49,0xc4f3,0x9145,0x69a7,0xce79,0xd658,0x7125,0xbc50,0xf739,0xb9c6,0xd966,0xd986,0xb0c3,0xb082,0xb8a3,0xb083,0xc8e4,0xe126,0xd105,
    0xd105,0xe967,0x80a3,0x0000,0x0000,0x0000,0x0000,0x5041,0xe105,0xd0e4,0xf126,0x4021,0x6042,0x8062,0x0000,0x0000,0x0000,0x0000,0x0000,0x0000,0x0000,0x0000,0x0000,0x0000,
    0x0000,0x0000,0x0000,0x0000,0x0000,0x0000,0x0000,0x0000,0x0000,0x0000,0x0000,0x0000,0x0000,0x0000,0x0000,0x0000,0x0000,0x0000,0x0000,0x0000,0x0000,0x0000,0x0000,0x0000,
    0x0000,0x0000,0x0000,0x0000,0x0000,0x0000,0x0000,0x0000,0x0000,0x0000,0x0000,0x0000,0x0000,0x0000,0x0000,0x0000,0x0000,0x0000,0x0000,0x1800,0xb882,0x7821,0x0000,0x0000,
    0x0000,0x0000,0x0000,0x0000,0x0000,0x6861,0xe946,0xd905,0xd905,0xd905,0xc8e4,0xa882,0xb882,0x6041,0x0000,0x3000,0xd0c4,0xd905,0xd905,0xd0e4,0xd105,0xd925,0xb0a3,0x9842,
    0xb0c3,0xc8e4,0xa062,0x9062,0x8842,0x9862,0x9042,0x3924,0x3986,0x3145,0x3986,0x3145,0x2904,0x38e3,0x8800,0x8a29,0xef5e,0xf79e,0xf7be,0xffdf,0xf7be,0xf77e,0x7b6d,0xb576,
    0xffbf,0xffdf,0xffdf,0xffdf,0xffdf,0xffff,0xef3d,0xe6bc,0xac93,0x8821,0x9062,0x9062,0xa862,0x40a2,0x2924,0x3986,0x39a6,0x39c7,0x39e7,0x3a28,0x3a6a,0x7c50,0xf77c,0x93ad,
    0xb5d5,0xe698,0xe677,0xa470,0xf7bc,0xcc6f,0xd146,0xd987,0xd946,0xc8e5,0xa882,0xb083,0xb083,0xb8a3,0xd925,0xd946,0xc0c3,0xc8c4,0xe946,0x7082,0x0000,0x0000,0x0000,0x0000,
    0xa082,0xd8e4,0xd905,0xc0c4,0x0000,0x9062,0x4841,0x0000,0x0000,0x0000,0x0000,0x0000,0x0000,0x0000,0x0000,0x0000,0x0000,0x0000,0x0000,0x0000,0x0000,0x0000,0x0000,0x0000,
    0x0000,0x0000,0x0000,0x0000,0x0000,0x0000,0x0000,0x0000,0x0000,0x0000,0x0000,0x0000,0x0000,0x0000,0x0000,0x0000,0x0000,0x0000,0x0000,0x0000,0x0000,0x0000,0x0000,0x0000,
    0x0000,0x0000,0x0000,0x0000,0x0000,0x0000,0x0000,0x0000,0x0000,0x0000,0x0000,0x8062,0xb862,0x2800,0x0000,0x0000,0x0000,0x0000,0x0000,0x0000,0x5841,0xe125,0xd0e4,0xd925,
    0xd925,0xd905,0xb083,0xb882,0x8861,0x0800,0x0000,0x8062,0xe105,0xd105,0xd0e5,0xd0e4,0xd905,0xd105,0xa083,0x9862,0xb8e4,0xc0e4,0xa062,0x8862,0x8862,0xa862,0x6062,0x3145,
    0x3965,0x3165,0x3965,0x3145,0x2104,0x6082,0x9021,0x828b,0xe6fc,0xf77e,0xffbf,0xf79e,0xf77e,0xde9a,0x49e7,0x7b8e,0xf75e,0xef5d,0xf7be,0xffbf,0xf77e,0xef1d,0xef5d,0xef3d,
    0xd69b,0x9a8b,0x9000,0x9062,0xa062,0x5882,0x2104,0x3965,0x3986,0x39c7,0x39e7,0x4228,0x8c51,0x52cb,0xd677,0xeed9,0xddf5,0xf75a,0xdd93,0xff1a,0xe5f5,0xb925,0xe166,0xd946,
    0xd946,0xd946,0xb0a3,0xa862,0xb8a3,0xb082,0xc8e4,0xe125,0xd105,0xb082,0xd905,0xe946,0x6862,0x0000,0x0000,0x0000,0x3820,0xd8e4,0xc8c4,0xe905,0x4821,0x0800,0xa8a3,0x1000,
    0x0000,0x0000,0x0000,0x0000,0x0000,0x0000,0x0000,0x0000,0x0000,0x0000,0x0000,0x0000,0x0000,0x0000,0x0000,0x0000,0x0000,0x0000,0x0000,0x0000,0x0000,0x0000,0x0000,0x0000,
    0x0000,0x0000,0x0000,0x0000,0x0000,0x0000,0x0000,0x0000,0x0000,0x0000,0x0000,0x0000,0x0000,0x0000,0x0000,0x0000,0x0000,0x0000,0x0000,0x0000,0x0000,0x0000,0x0000,0x0000,
    0x0000,0x0000,0x3820,0xc0a3,0x8841,0x0000,0x0000,0x0000,0x0000,0x0000,0x0000,0x5841,0xe105,0xd0c4,0xd925,0xd925,0xe125,0xc0e4,0xb062,0xa862,0x1800,0x0000,0x1000,0xc0c4,
    0xd905,0xd105,0xd105,0xd0e4,0xd104,0xc8e4,0xa062,0x9862,0xc104,0xc0c4,0x9862,0x8841,0x9862,0x8842,0x3104,0x39a6,0x3966,0x2924,0x3145,0x3145,0x20e3,0x8862,0x8883,0xce5a,
    0xf77e,0xf79e,0xffff,0xf77e,0xffbf,0xad35,0x20c3,0x4a28,0xe73d,0xef5d,0xef5d,0xffdf,0xffff,0xf79e,0xef5d,0xe6db,0xe6fd,0x92cc,0x9000,0x9082,0x9862,0x9082,0x28e4,0x3145,
    0x3986,0x39c7,0x3186,0x8c10,0x4a49,0x20e3,0xde77,0xeed9,0xddb4,0xff3a,0xfdf4,0xee35,0x9944,0xc8c4,0xe186,0xd925,0xd925,0xd946,0xc8e4,0x9841,0xb082,0xb083,0xb8a3,0xd905,
    0xe125,0xb0a3,0xa062,0xd905,0xe125,0x5841,0x0000,0x0000,0x0000,0xa083,0xc8c4,0xe105,0xa8a3,0x0000,0x4841,0x8082,0x0000,0x0000,0x0000,0x0000,0x0000,0x0000,0x0000,0x0000,
    0x0000,0x0000,0x0000,0x0000,0x0000,0x0000,0x0000,0x0000,0x0000,0x0000,0x0000,0x0000,0x0000,0x0000,0x0000,0x0000,0x0000,0x0000,0x0000,0x0000,0x0000,0x0000,0x0000,0x0000,
    0x0000,0x0000,0x0000,0x0000,0x0000,0x0000,0x0000,0x0000,0x0000,0x0000,0x0000,0x0000,0x0000,0x0000,0x0000,0x0000,0x0000,0x0000,0x8841,0xc082,0x5820,0x0000,0x0000,0x0000,
    0x0000,0x0000,0x5041,0xe105,0xc8c3,0xd125,0xe187,0xd905,0xd925,0xb083,0xb862,0x4000,0x0000,0x0000,0x6041,0xe105,0xd905,0xd905,0xd925,0xd0e4,0xd104,0xb8c4,0xa062,0x9862,
    0xc905,0xb8a3,0x9062,0x8041,0xa062,0x50a2,0x3186,0x3986,0x3965,0x3145,0x3965,0x2104,0x4082,0x9821,0x8904,0xd65a,0xf75d,0xf7be,0xf77e,0xef1d,0xef5d,0x7b2b,0x3104,0x3923,
    0xb533,0xf7bf,0xef5d,0xf77e,0xffdf,0xffff,0xf7be,0xf75d,0xef1c,0xbd56,0x80c4,0x9841,0x9082,0xa882,0x48a2,0x1904,0x3145,0x3145,0x39a6,0x8c30,0x18a3,0x6aea,0xff5a,0xff7b,
    0xff9c,0xed92,0x9bab,0x49c5,0x8842,0xc0e4,0xd946,0xd925,0xd905,0xd925,0xd905,0xa862,0x8841,0xb8a3,0xb082,0xc8e4,0xd905,0xd905,0x7041,0xa082,0xd0e4,0xe125,0x4841,0x0000,
    0x0000,0x4821,0xd0c4,0xc8c4,0xd905,0x2000,0x0000,0x98a3,0x2820,0x0000,0x0000,0x0000,0x0000,0x0000,0x0000,0x0000,0x0000,0x0000,0x0000,0x0000,0x0000,0x0000,0x0000,0x0000,
    0x0000,0x0000,0x0000,0x0000,0x0000,0x0000,0x0000,0x0000,0x0000,0x0000,0x0000,0x0000,0x0000,0x0000,0x0000,0x0000,0x0000,0x0000,0x0000,0x0000,0x0000,0x0000,0x0000,0x0000,
    0x0000,0x0000,0x0000,0x0000,0x0000,0x0000,0x0000,0x0000,0x0000,0x2800,0xa862,0xb062,0x2000,0x0000,0x0000,0x0000,0x0000,0x4820,0xe105,0xc8c4,0xb8a3,0xe1a7,0xd925,0xd925,
    0xc0c4,0xb862,0x7841,0x0000,0x0000,0x0800,0xa883,0xd905,0xd925,0xd925,0xd104,0xd0e4,0xd0e4,0xb0a3,0xa062,0xa062,0xd125,0xb0a3,0x8842,0x9062,0x8842,0x3124,0x39a6,0x3986,
    0x3986,0x3986,0x3124,0x2104,0x7082,0x8000,0xacb3,0xffff,0xffff,0xf79e,0xef3d,0xf7bf,0xbd34,0xee56,0xd593,0xee77,0xd593,0xd659,0xf7be,0xf7be,0xf77e,0xffdf,0xffdf,0xffbe,
    0xf75d,0xef1d,0xac73,0x8821,0x9862,0xa082,0x9862,0x48a2,0x20e4,0x20e3,0x39a6,0x62aa,0x2924,0x3166,0x6268,0x7aea,0x6a68,0x51e6,0x0841,0x6841,0xa882,0xb0a3,0xd946,0xd925,
    0xd104,0xd925,0xd925,0xc0c4,0x6821,0x9862,0xb883,0xb083,0xd105,0xe126,0xb8c4,0x2000,0xa062,0xd8e4,0xe105,0x4021,0x0000,0x0800,0xb0a3,0xc0a3,0xe105,0x6041,0x0000,0x4841,
    0x7862,0x0000,0x0000,0x0000,0x0000,0x0000,0x0000,0x0000,0x0000,0x0000,0x0000,0x0000,0x0000,0x0000,0x0000,0x0000,0x0000,0x0000,0x0000,0x0000,0x0000,0x0000,0x0000,0x0000,
    0x0000,0x0000,0x0000,0x0000,0x0000,0x0000,0x0000,0x0000,0x0000,0x0000,0x0000,0x0000,0x0000,0x0000,0x0000,0x0000,0x0000,0x0000,0x0000,0x0000,0x0000,0x0000,0x0000,0x0000,
    0x0000,0x6820,0xb862,0x9041,0x0000,0x0000,0x0000,0x0000,0x3800,0xd8e4,0xc0c3,0x9041,0xe166,0xe187,0xd925,0xd925,0xb883,0xa862,0x1000,0x0000,0x0000,0x4021,0xd8e4,0xd905,
    0xd925,0xc8e4,0xc8c4,0xc8c4,0xd0e4,0xb082,0xa062,0xa062,0xd925,0xb0a3,0x8041,0x9842,0x6082,0x3186,0x3986,0x3986,0x3986,0x3965,0x2924,0x3104,0x9000,0x9aec,0xf7df,0xffdf,
    0xf7be,0xf79e,0xf77e,0xce59,0xcd52,0xfffd,0xff5a,0xff5b,0xf719,0xc574,0xef5d,0xf75d,0xffff,0xf79e,0xf79e,0xffbe,0xffff,0xf79e,0xe71d,0x930d,0x9000,0xa083,0xa082,0xa882,
    0x6862,0x40a2,0x3124,0x62cb,0x2904,0x3125,0x20e4,0x18a3,0x1882,0x18c3,0x90c3,0xb8a3,0x9862,0xa062,0xd925,0xd946,0xd0e4,0xd0e4,0xd925,0xd905,0x8861,0x5020,0xb883,0xa862,
    0xc8e4,0xd925,0xf166,0x5841,0x1000,0xb062,0xd0e4,0xd105,0x2820,0x0000,0x7041,0xc0a3,0xd905,0x90c3,0x0000,0x0000,0x9882,0x1000,0x0000,0x0000,0x0000,0x0000,0x0000,0x0000,
    0x0000,0x0000,0x0000,0x0000,0x0000,0x0000,0x0000,0x0000,0x0000,0x0000,0x0000,0x0000,0x0000,0x0000,0x0000,0x0000,0x0000,0x0000,0x0000,0x0000,0x0000,0x0000,0x0000,0x0000,
    0x0000,0x0000,0x0000,0x0000,0x0000,0x0000,0x0000,0x0000,0x0000,0x0000,0x0000,0x0000,0x0000,0x0000,0x0000,0x0000,0x0800,0x9841,0xb862,0x7021,0x0000,0x0000,0x0000,0x2800,
    0xd8c4,0xc8c4,0x4000,0xb8e4,0xf1e8,0xe186,0xe166,0xc0c4,0xb062,0x4020,0x0000,0x0000,0x0000,0x9882,0xe105,0xd905,0xd905,0xc0a3,0xd0e4,0xc0c4,0xd0e4,0xa882,0xa062,0xa882,
    0xd946,0xa883,0x9062,0x9042,0x40e3,0x39a6,0x3965,0x3986,0x3986,0x3945,0x2124,0x5062,0x9125,0xdefc,0xffff,0xf7be,0xffdf,0xf75d,0xef5d,0xb490,0xff19,0xffdd,0xee56,0xee36,
    0xfffd,0xddf5,0xd679,0xf77e,0xf79e,0xffff,0xf7be,0xef5d,0xef5d,0xffdf,0xef1d,0xd67b,0x89c8,0x9821,0xa083,0xa882,0x9062,0xa882,0x9041,0x8228,0x41a6,0x20c3,0x28e4,0x20c3,
    0x2965,0x6945,0xb062,0xb083,0xa062,0x9042,0xd105,0xe146,0xd105,0xc8e4,0xd105,0xd905,0xc0a3,0x3000,0x8041,0xb882,0xc0c3,0xe146,0xe166,0xc925,0x0800,0x2800,0xb882,0xe105,
    0xc104,0x0800,0x2800,0xb882,0xc8e4,0xc105,0x0800,0x0000,0x7062,0x4841,0x0000,0x0000,0x0000,0x0000,0x0000,0x0000,0x0000,0x0000,0x0000,0x0000,0x0000,0x0000,0x0000,0x0000,
    0x0000,0x0000,0x0000,0x0000,0x0000,0x0000,0x0000,0x0000,0x0000,0x0000,0x0000,0x0000,0x0000,0x0000,0x0000,0x0000,0x0000,0x0000,0x0000,0x0000,0x0000,0x0000,0x0000,0x0000,
    0x0000,0x0000,0x0000,0x0000,0x0000,0x0000,0x0000,0x0000,0x2800,0xa862,0xb862,0x5820,0x0000,0x0000,0x1000,0xc0c4,0xd8e4,0x2000,0x6021,0xf1a7,0xe1a7,0xe9c7,0xd945,0xb882,
    0x8041,0x0000,0x0000,0x0000,0x2800,0xd8e4,0xd946,0xd925,0xc8c4,0xc0c3,0xc8c4,0xc0c4,0xc0c4,0xa062,0xa062,0xb0a3,0xe166,0xa0a3,0x9862,0x8062,0x2945,0x3986,0x3965,0x3986,
    0x3966,0x2924,0x28e3,0x7821,0xbcf4,0xf7bf,0xf77e,0xffdf,0xef3d,0xf79f,0xc5b5,0xe5d4,0xff9c,0xff5b,0xf71a,0xf73a,0xff7b,0xff19,0xc553,0xf7df,0xef3d,0xf79e,0xffff,0xffdf,
    0xef5d,0xdebb,0xde9b,0xe6dc,0xbd97,0x9083,0xa862,0xa882,0x9062,0x9882,0xb082,0x88e4,0x738e,0x6acb,0x5228,0x626a,0x8a49,0xa8c3,0xa862,0xb083,0xa882,0x9041,0xc0e4,0xd946,
    0xd105,0xc0c4,0xc8e4,0xd905,0xd8e4,0x5021,0x2000,0xc082,0xb082,0xd946,0xd946,0xf1e8,0x6062,0x0000,0x4020,0xc8a3,0xe946,0x98c4,0x0000,0xa062,0xc0a3,0xd125,0x2000,0x0000,
    0x3821,0x7862,0x0000,0x0000,0x0000,0x0000,0x0000,0x0000,0x0000,0x0000,0x0000,0x0000,0x0000,0x0000,0x0000,0x0000,0x0000,0x0000,0x0000,0x0000,0x0000,0x0000,0x0000,0x0000,
    0x0000,0x0000,0x0000,0x0000,0x0000,0x0000,0x0000,0x0000,0x0000,0x0000,0x0000,0x0000,0x0000,0x0000,0x0000,0x0000,0x0000,0x0000,0x0000,0x0000,0x0000,0x0000,0x0000,0x0000,
    0x4820,0xb062,0xb862,0x5020,0x0000,0x0000,0xa883,0xe8e5,0x3820,0x0800,0xc8e4,0xe187,0xd946,0xe1a7,0xd105,0xb062,0x2800,0x0000,0x0000,0x0000,0x8042,0xe966,0xd925,0xd105,
    0xb8a3,0xd0e4,0xc0c4,0xc8e4,0xb8a3,0xa062,0xa062,0xb0a3,0xe166,0xa8c3,0xa042,0x5882,0x3186,0x4186,0x3986,0x3986,0x3124,0x1924,0x5821,0x9a4a,0xdf1d,0xef3d,0xffff,0xef5d,
    0xef3d,0xe6fb,0xd4f0,0xff9b,0xffbc,0xff7b,0xff9c,0xff9c,0xff7b,0xffdc,0xee36,0xde99,0xffff,0xef5d,0xffbf,0xffdf,0xffff,0xf7be,0xe6fc,0xd63a,0xe6fc,0x9b4e,0x9000,0xa883,
    0x9062,0x9062,0xb082,0xa083,0x9125,0x98c4,0xa125,0x80a3,0xa841,0xb883,0xa882,0xa883,0xa882,0x9041,0xb8c3,0xd946,0xd105,0xc8e4,0xc0c3,0xd105,0xd905,0x9862,0x0000,0x7841,
    0xb062,0xc0c4,0xe1a7,0xf209,0xc166,0x0800,0x0000,0x7041,0xd8e4,0xf1a7,0x6862,0x7821,0xb883,0xd905,0x4041,0x0000,0x1800,0x8082,0x0000,0x0000,0x0000,0x0000,0x0000,0x0000,
    0x0000,0x0000,0x0000,0x0000,0x0000,0x0000,0x0000,0x0000,0x0000,0x0000,0x0000,0x0000,0x0000,0x0000,0x0000,0x0000,0x0000,0x0000,0x0000,0x0000,0x0000,0x0000,0x0000,0x0000,
    0x0000,0x0000,0x0000,0x0000,0x0000,0x0000,0x0000,0x0000,0x0000,0x0000,0x0000,0x0000,0x0000,0x0000,0x0000,0x0000,0x5820,0xb882,0xb882,0x5021,0x0000,0x7841,0xf105,0x5841,
    0x0000,0x6821,0xe966,0xd905,0xd925,0xe166,0xc8c4,0x7021,0x0000,0x0000,0x0000,0x1800,0xc8c3,0xe187,0xd905,0xb8a3,0xb8a3,0xd0e4,0xb8a3,0xd105,0xb0a3,0xa062,0xa062,0xb0c3,
    0xe186,0xa8e3,0xa042,0x4104,0x39a6,0x3986,0x3986,0x3145,0x2124,0x38c3,0x8042,0xb556,0xef3d,0xffff,0xf7be,0xe6fc,0xffdf,0x7b8e,0xa3cd,0xce17,0xdeda,0xeefa,0xef1a,0xef1a,
    0xe6d9,0xdefb,0xcdd5,0x9bef,0xf7df,0xffdf,0xf7be,0xffdf,0xffdf,0xffdf,0xffff,0xef5d,0xcdf9,0xb597,0x8187,0xb042,0x88a2,0x8862,0xb083,0x9862,0xa041,0xa862,0xa862,0x9041,
    0x9862,0xb083,0xa882,0xb082,0xb083,0x9042,0xb0c3,0xd946,0xd0e4,0xd0e4,0xb8a3,0xd0e4,0xd905,0xc0a3,0x1800,0x1800,0xa862,0xb8a3,0xe1a7,0xe1c7,0xe9e8,0x3841,0x0000,0x0800,
    0x9841,0xe146,0xd946,0x9841,0xa862,0xd905,0x5061,0x0000,0x0800,0x7862,0x0000,0x0000,0x0000,0x0000,0x0000,0x0000,0x0000,0x0000,0x0000,0x0000,0x0000,0x0000,0x0000,0x0000,
    0x0000,0x0000,0x0000,0x0000,0x0000,0x0000,0x0000,0x0000,0x0000,0x0000,0x0000,0x0000,0x0000,0x0000,0x0000,0x0000,0x0000,0x0000,0x0000,0x0000,0x0000,0x0000,0x0000,0x0000,
    0x0000,0x0000,0x0000,0x0000,0x0000,0x0000,0x0000,0x0000,0x6021,0xb862,0xb862,0x5020,0x4021,0xf105,0x8862,0x0000,0x1000,0xc0e4,0xe166,0xd8e4,0xd946,0xd925,0xa062,0x1800,
    0x0000,0x0000,0x0000,0x6821,0xe966,0xd925,0xc8c4,0xb082,0xc0c4,0xc8e4,0xb8a3,0xd905,0xa882,0xa062,0xa062,0xb0c3,0xe166,0xb904,0x7862,0x3165,0x41a6,0x3986,0x3965,0x2904,
    0x2104,0x8000,0x928b,0xe71d,0xffdf,0xffdf,0xef1c,0xffdf,0xc5d6,0x1906,0x21eb,0x39e9,0x630d,0x8bce,0x732b,0x732b,0x7b4c,0x52ab,0x39e8,0x1947,0xbdd7,0xffff,0xf7be,0xffdf,
    0xffdf,0xffdf,0xf77e,0xf79e,0xf7be,0xdebb,0x9c72,0x9821,0x88a3,0x6882,0xa883,0x9862,0x9862,0xa882,0xa882,0x9062,0x9062,0xb083,0xa882,0xb083,0xb083,0x9862,0xb0a3,0xd926,
    0xc8c4,0xd8e4,0xb8a3,0xc0c4,0xd105,0xd0c4,0x5020,0x0000,0x7041,0xb862,0xd9a7,0xe186,0xe966,0x90e4,0x0000,0x0000,0x1800,0xc0a3,0xe187,0xd105,0xa842,0xd904,0x5861,0x0000,
    0x0000,0x6862,0x0800,0x0000,0x0000,0x0000,0x0000,0x0000,0x0000,0x0000,0x0000,0x0000,0x0000,0x0000,0x0000,0x0000,0x0000,0x0000,0x0000,0x0000,0x0000,0x0000,0x0000,0x0000,
    0x0000,0x0000,0x0000,0x0000,0x0000,0x0000,0x0000,0x0000,0x0000,0x0000,0x0000,0x0000,0x0000,0x0000,0x0000,0x0000,0x0000,0x0000,0x0000,0x0000,0x0000,0x0000,0x0000,0x0000,
    0x5020,0xb862,0xa862,0x8821,0xc8e4,0xc925,0x1000,0x0000,0x4820,0xe946,0xd905,0xd905,0xd945,0xd905,0x7021,0x0000,0x0000,0x0000,0x0800,0xc0e4,0xe146,0xd0e4,0xb8a3,0xb082,
    0xc8c4,0xc0c4,0xc0c3,0xd105,0xa062,0xa862,0xa862,0xb8c3,0xe166,0xc0e3,0x48a2,0x3186,0x3986,0x3986,0x3145,0x2104,0x6082,0x9083,0xbdb8,0xffff,0xffff,0xef5d,0xef5d,0xf7be,
    0x6a68,0x420a,0x428c,0x7206,0x7b4c,0x7aea,0x82a8,0x7247,0x6a47,0x6aa9,0x7226,0x39c8,0x5b4f,0xffdf,0xf79e,0xffdf,0xffdf,0xffdf,0xffdf,0xef3d,0xef3d,0xffff,0xe73d,0x8acc,
    0x78a2,0x58a2,0xb083,0x9862,0x9862,0xa882,0xa882,0x9062,0x8841,0xb083,0xb083,0xb083,0xb083,0x9862,0xa8a3,0xd946,0xc0a3,0xd105,0xc0c3,0xb8a3,0xd0e4,0xd8e4,0x7841,0x0000,
    0x2000,0xb042,0xc925,0xe166,0xd925,0xd146,0x1000,0x0000,0x0000,0x5020,0xe966,0xea08,0xb8c3,0xc883,0x5841,0x0000,0x0000,0x6041,0x0000,0x0000,0x0000,0x0000,0x0000,0x0000,
    0x0000,0x0000,0x0000,0x0000,0x0000,0x0000,0x0000,0x0000,0x0000,0x0000,0x0000,0x0000,0x0000,0x0000,0x0000,0x0000,0x0000,0x0000,0x0000,0x0000,0x0000,0x0000,0x0000,0x0000,
    0x0000,0x0000,0x0000,0x0000,0x0000,0x0000,0x0000,0x0000,0x0000,0x0000,0x0000,0x0000,0x0000,0x0000,0x0000,0x0000,0x3000,0xb862,0xa862,0xc0c3,0xe925,0x4041,0x0000,0x0000,
    0x9883,0xe946,0xd905,0xd0e4,0xd925,0xc0a3,0x2800,0x0000,0x0000,0x0000,0x7082,0xe966,0xd0c4,0xc8c4,0xb883,0xb8a3,0xc8e4,0xb8a3,0xc8c4,0xc8e4,0xa062,0xa882,0xa062,0xb0c3,
    0xd925,0x9904,0x3145,0x41a6,0x3986,0x3965,0x2924,0x40e3,0x9800,0x9b4e,0xffff,0xffdf,0xf79e,0xef1c,0xffff,0x9c92,0x4902,0x5aee,0x528c,0x8287,0x72eb,0x6aa9,0x82a8,0x8ae9,
    0x6227,0x5a48,0x7226,0x5a49,0x2a0c,0xc5f7,0xffff,0xf75d,0xffff,0xffdf,0xffdf,0xffdf,0xef1c,0xe6fc,0xffff,0xffdf,0xacf4,0x5904,0xa841,0x9882,0x9062,0xa082,0xa882,0x9862,
    0x8841,0xb082,0xb083,0xb083,0xb0a3,0x9862,0xa8a3,0xd146,0xb083,0xd105,0xc8c4,0xb083,0xd0e4,0xd905,0xa062,0x0000,0x0000,0x7821,0xc8e4,0xe166,0xd0e4,0xe946,0x5861,0x0000,
    0x0000,0x0000,0xa0c3,0xe9a7,0xd146,0xc083,0x4820,0x0000,0x0800,0x5841,0x0000,0x0000,0x0000,0x0000,0x0000,0x0000,0x0000,0x0000,0x0000,0x0000,0x0000,0x0000,0x0000,0x0000,
    0x0000,0x0000,0x0000,0x0000,0x0000,0x0000,0x0000,0x0000,0x0000,0x0000,0x0000,0x0000,0x0000,0x0000,0x0000,0x0000,0x0000,0x0000,0x0000,0x0000,0x0000,0x0000,0x0000,0x0000,
    0x0000,0x0000,0x0000,0x0000,0x0000,0x0000,0x0000,0x0000,0x0000,0x9041,0xb062,0xe125,0x98c3,0x0000,0x0000,0x1800,0xc8e4,0xe125,0xd905,0xd0e4,0xe146,0x8861,0x0000,0x0000,
    0x0000,0x3020,0xe146,0xd8e4,0xc0c3,0xb8a3,0xb083,0xb8a3,0xc8e4,0xb8a3,0xd0e4,0xc0e4,0xa062,0xa882,0xa062,0xa862,0xab2d,0x4208,0x2904,0x41c7,0x3986,0x3145,0x2104,0x8862,
    0x88e4,0xdf1c,0xffff,0xffdf,0xef5d,0xffdf,0xe71c,0x2988,0x2127,0x320b,0x3a2b,0x51e7,0x49e7,0x6a68,0x82e9,0x82c9,0x6a47,0x49a6,0x49a6,0x41e8,0x21cb,0x5a8a,0xffff,0xf77e,
    0xf79e,0xffff,0xffdf,0xffdf,0xffff,0xe71c,0xe6bb,0xf79e,0xffff,0xc5f8,0x9166,0x9800,0x9082,0xa082,0xa882,0xa062,0x8841,0xa882,0xb083,0xa883,0xb083,0xa062,0xb0c3,0xc925,
    0xa062,0xd104,0xc8e4,0xb082,0xc0c4,0xd905,0xc0a3,0x2000,0x0000,0x3000,0xc0a3,0xe166,0xd0e4,0xe125,0x98c3,0x0000,0x0000,0x0000,0x3000,0xd905,0xd946,0xd905,0x3000,0x0000,
    0x1800,0x3820,0x0000,0x0000,0x0000,0x0000,0x0000,0x0000,0x0000,0x0000,0x0000,0x0000,0x0000,0x0000,0x0000,0x0000,0x0000,0x0000,0x0000,0x0000,0x0000,0x0000,0x0000,0x0000,
    0x0000,0x0000,0x0000,0x0000,0x0000,0x0000,0x0000,0x0000,0x0000,0x0000,0x0000,0x0000,0x0000,0x0000,0x0000,0x0000,0x0000,0x0000,0x0000,0x0000,0x0000,0x0000,0x0000,0x0000,
    0x0000,0x4000,0xd0a3,0xe0e4,0x4020,0x0000,0x0000,0x4820,0xe105,0xd905,0xd0e4,0xd0e4,0xe125,0x4000,0x0000,0x0000,0x0800,0xb925,0xe125,0xb8a3,0xc8c4,0xb8a3,0xb8a3,0xb8a3,
    0xc8c4,0xb082,0xd905,0xb8c4,0xa062,0xa882,0xa082,0x9062,0x934d,0xad55,0x5a8a,0x2924,0x2904,0x20e3,0x3882,0x9000,0xb4d4,0xffff,0xffdf,0xf7be,0xf79e,0xffff,0x8411,0x0928,
    0x2a2c,0x3aaf,0x4311,0x32d0,0x324d,0x3a2b,0x428c,0x424b,0x31e9,0x29eb,0x326f,0x3ad1,0x3a8f,0x1949,0xc618,0xffff,0xef1d,0xffdf,0xffdf,0xffdf,0xffdf,0xffff,0xe6fc,0xde9b,
    0xf75d,0xffff,0xdefc,0x8a09,0x8800,0xa882,0xa882,0xa062,0x8841,0xa882,0xb083,0xa883,0xb083,0xa062,0xb0c4,0xc905,0xa062,0xd0e4,0xd0e4,0xb082,0xb8a3,0xd105,0xd0e4,0x4020,
    0x0000,0x0000,0x9041,0xe125,0xd0e4,0xd905,0xc8e4,0x1000,0x0000,0x0000,0x0000,0xa0a3,0xd905,0xd925,0x3821,0x0000,0x3020,0x1000,0x0000,0x0000,0x0000,0x0000,0x0000,0x0000,
    0x0000,0x0000,0x0000,0x0000,0x0000,0x0000,0x0000,0x0000,0x0000,0x0000,0x0000,0x0000,0x0000,0x0000,0x0000,0x0000,0x0000,0x0000,0x0000,0x0000,0x0000,0x0000,0x0000,0x0000,
    0x0000,0x0000,0x0000,0x0000,0x0000,0x0000,0x0000,0x0000,0x0000,0x0000,0x0000,0x0000,0x0000,0x0000,0x0000,0x0000,0x0000,0x5041,0xe926,0xc083,0xa041,0x1800,0x0000,0x7841,
    0xe925,0xd905,0xd0e4,0xd104,0xc8e4,0x1000,0x0000,0x0000,0x80c3,0xf186,0xb883,0xc0c3,0xc8e4,0xc0a3,0xa862,0xb8a3,0xc0c3,0xa882,0xd905,0xb8c3,0xa882,0xa882,0xa062,0xa904,
    0x5145,0x62eb,0xce18,0xacf3,0x5a49,0x2965,0x6186,0x9a49,0xf7df,0xffdf,0xffdf,0xf7be,0xffff,0xdeba,0x2168,0x2a0c,0x3ad0,0x42f1,0x42f1,0x4b11,0x4b52,0x4312,0x4b72,0x4331,
    0x3aaf,0x5373,0x4b73,0x4b32,0x4b32,0x2a2e,0x6b91,0xffff,0xef5d,0xef3d,0xffff,0xffdf,0xffdf,0xffff,0xffff,0xe6dc,0xde5a,0xe71c,0xffff,0xf7bf,0x9b2d,0x9842,0xa882,0xa062,
    0x8841,0xa882,0xb083,0xa883,0xb0a3,0xa062,0xb8e4,0xc8e4,0x9041,0xc0c3,0xd0e4,0xb083,0xb082,0xc8e4,0xe104,0x6041,0x0000,0x0000,0x4800,0xd905,0xd105,0xd0e4,0xd905,0x3820,
    0x0000,0x0000,0x0000,0x5041,0xd8e5,0xe125,0x90a3,0x0000,0x2000,0x0000,0x0000,0x0000,0x0000,0x0000,0x0000,0x0000,0x0000,0x0000,0x0000,0x0000,0x0000,0x0000,0x0000,0x0000,
    0x0000,0x0000,0x0000,0x0000,0x0000,0x0000,0x0000,0x0000,0x0000,0x0000,0x0000,0x0000,0x0000,0x0000,0x0000,0x0000,0x0000,0x0000,0x0000,0x0000,0x0000,0x0000,0x0000,0x0000,
    0x0000,0x0000,0x0000,0x0000,0x0000,0x0000,0x0000,0x0000,0x0800,0xb8c4,0xe905,0x3800,0x3820,0x4020,0x0800,0xa883,0xe125,0xd905,0xc8c4,0xd905,0x9883,0x0000,0x0000,0x4041,
    0xe987,0xc8a3,0xc0a3,0xd905,0xb8a3,0xc0a3,0x9841,0xc0a3,0xb8a3,0xb083,0xd905,0xb8a3,0xa882,0xa882,0xa882,0x98a3,0x39a6,0x2924,0x2904,0x6aeb,0x83ae,0x838e,0x72ec,0xd69a,
    0xffff,0xffdf,0xffdf,0xf7bf,0xffff,0x736f,0x19ab,0x42d0,0x42d0,0x42af,0x3a8e,0x3a8e,0x3a6e,0x324d,0x3a6e,0x324d,0x3a4c,0x3a8e,0x3ab0,0x3a6e,0x3a8f,0x3ad1,0x29ec,0xdeba,
    0xffff,0xe6fc,0xf79e,0xffff,0xffdf,0xffdf,0xf7be,0xffdf,0xe6dc,0xde9b,0xffbf,0xd679,0xdf3c,0x7aab,0x9041,0xa082,0x8842,0xa882,0xb083,0xa883,0xb0a3,0xa062,0xc0e4,0xc0c4,
    0x8821,0xb0a3,0xd105,0xb0a3,0xa882,0xc0c3,0xe125,0x8862,0x0000,0x0000,0x1000,0xc8c4,0xd905,0xd0e4,0xe105,0x6841,0x0000,0x0000,0x0000,0x5020,0xd0c4,0xd905,0xd0e4,0x3000,
    0x0000,0x0000,0x0000,0x0000,0x0000,0x0000,0x0000,0x0000,0x0000,0x0000,0x0000,0x0000,0x0000,0x0000,0x0000,0x0000,0x0000,0x0000,0x0000,0x0000,0x0000,0x0000,0x0000,0x0000,
    0x0000,0x0000,0x0000,0x0000,0x0000,0x0000,0x0000,0x0000,0x0000,0x0000,0x0000,0x0000,0x0000,0x0000,0x0000,0x0000,0x0000,0x0000,0x0000,0x0000,0x0000,0x0000,0x0000,0x0000,
    0x4020,0xe925,0xb083,0x0000,0x0000,0x0000,0x1800,0xc8e4,0xd905,0xd905,0xc8c4,0xd905,0x6861,0x0000,0x1000,0xc104,0xd8e4,0xa041,0xd0e4,0xd104,0xb883,0xb883,0x8041,0xd0c4,
    0xb083,0xb082,0xd905,0xb8a3,0xa882,0xa882,0xa862,0x5882,0x3165,0x41a6,0x3965,0x20a3,0x0861,0x4861,0xb492,0xffff,0xffbe,0xffdf,0xf7be,0xffff,0xd67a,0x1948,0x326e,0x42f1,
    0x4311,0x42f0,0x3a6e,0x3aaf,0x4b32,0x3a8e,0x3a8e,0x3ad0,0x428e,0x42ae,0x324d,0x324e,0x3a6e,0x4b53,0x2a2e,0x8411,0xffff,0xef5d,0xef1d,0xffdf,0xffdf,0xffff,0xf77e,0xffbf,
    0xb575,0x6b0c,0xb555,0x6b2d,0x83af,0x7baf,0x58e4,0xa862,0x9062,0xb083,0xb083,0xb083,0xb083,0xa882,0xc8e4,0xc0a3,0x7841,0x9862,0xd905,0xb0a3,0xa882,0xb8a3,0xe125,0xa0a3,
    0x0000,0x0000,0x0000,0xb0c3,0xe105,0xd0e4,0xd905,0x9082,0x0000,0x0000,0x0000,0x7021,0xc0a3,0xd105,0xe105,0x6841,0x0000,0x0000,0x0000,0x0000,0x0000,0x0000,0x0000,0x0000,
    0x0000,0x0000,0x0000,0x0000,0x0000,0x0000,0x0000,0x0000,0x0000,0x0000,0x0000,0x0000,0x0000,0x0000,0x0000,0x0000,0x0000,0x0000,0x0000,0x0000,0x0000,0x0000,0x0000,0x0000,
    0x0000,0x0000,0x0000,0x0000,0x0000,0x0000,0x0000,0x0000,0x0000,0x0000,0x0000,0x0000,0x0000,0x0000,0x0000,0x0000,0x8062,0xf105,0x7062,0x0000,0x0800,0x0000,0x3820,0xe125,
    0xd905,0xd905,0xc8c4,0xd0e4,0x3821,0x0000,0x7862,0xf126,0x7041,0xa082,0xe925,0xc8e4,0xc8a3,0x9862,0x7841,0xd0c4,0xa862,0xb082,0xd905,0xb8a3,0xa882,0xb083,0x8062,0x3165,
    0x41a6,0x3986,0x3986,0x3186,0x40a2,0x7986,0xe73d,0xff9e,0xffdf,0xffbe,0xf79e,0xffff,0x73b0,0x1169,0x324d,0x2a0c,0x29ec,0x322d,0x3a8f,0x42d0,0x3a8e,0x324d,0x42f0,0x4312,
    0x3a8e,0x4b11,0x42d1,0x42f1,0x4b52,0x42d0,0x2a2d,0x29ca,0xef3c,0xffff,0xe6fc,0xef3d,0xffdf,0xffdf,0xffdf,0xb576,0x8c11,0xc597,0x7b8e,0xb516,0xbd16,0x6acc,0x8082,0xa882,
    0x9062,0xb0a3,0xb083,0xb083,0xb083,0xb0a3,0xc8e4,0xc0a3,0x7021,0x8041,0xd8e4,0xb0a3,0xa882,0xb083,0xd925,0xb8c3,0x0800,0x0000,0x0000,0xa8a3,0xe105,0xd0e4,0xd0e4,0xb0a3,
    0x0000,0x0000,0x0000,0x8842,0xb862,0xc8c4,0xe125,0xa8a3,0x0000,0x0000,0x0000,0x0000,0x0000,0x0000,0x0000,0x0000,0x0000,0x0000,0x0000,0x0000,0x0000,0x0000,0x0000,0x0000,
    0x0000,0x0000,0x0000,0x0000,0x0000,0x0000,0x0000,0x0000,0x0000,0x0000,0x0000,0x0000,0x0000,0x0000,0x0000,0x0000,0x0000,0x0000,0x0000,0x0000,0x0000,0x0000,0x0000,0x0000,
    0x0000,0x0000,0x0000,0x0000,0x0000,0x0000,0x0000,0x0800,0xb883,0xe8e4,0x4020,0x0000,0x0000,0x0000,0x5841,0xe925,0xd905,0xd905,0xc8e4,0xb8a3,0x1000,0x2000,0xe0e5,0x9062,
    0x2000,0xd0e4,0xe125,0xb8a3,0xc8a3,0x6841,0x7841,0xd8c4,0xa862,0xb883,0xd905,0xb0a3,0xa882,0xa882,0x38a2,0x2945,0x3986,0x3986,0x3986,0x3145,0x30a2,0x51a6,0xb575,0xffdf,
    0xffdf,0xef5d,0xffff,0xde9a,0x2169,0x322d,0x4b31,0x4b52,0x4b31,0x42cf,0x3a8f,0x3aaf,0x3aaf,0x3a6e,0x320b,0x322c,0x3a4d,0x3a8f,0x324e,0x2a0c,0x2a0c,0x3a6e,0x42f1,0x21cb,
    0x9cf5,0xffff,0xef5d,0xe6dc,0xf79e,0xffdf,0xffff,0x7bae,0x9c73,0xde5b,0xc5b8,0xc577,0xa4b4,0x6041,0xa082,0xa082,0x9862,0xb8a3,0xb0a3,0xb083,0xa883,0xb8c4,0xc8c4,0xc8a3,
    0x7041,0x6021,0xd8e4,0xb8a3,0xa882,0xa882,0xd105,0xd105,0x2000,0x0000,0x0000,0xb0a3,0xd905,0xd0e4,0xc8c4,0xc0c4,0x1000,0x0000,0x0800,0xb062,0x7021,0x9862,0xe105,0xd0c4,
    0x1800,0x0000,0x0000,0x0000,0x0000,0x0000,0x0000,0x0000,0x0000,0x0000,0x0000,0x0000,0x0000,0x0000,0x0000,0x0000,0x0000,0x0000,0x0000,0x0000,0x0000,0x0000,0x0000,0x0000,
    0x0000,0x0000,0x0000,0x0000,0x0000,0x0000,0x0000,0x0000,0x0000,0x0000,0x0000,0x0000,0x0000,0x0000,0x0000,0x0000,0x0000,0x0000,0x0000,0x0000,0x0000,0x0000,0x0000,0x2000,
    0xd8c3,0xc8a3,0x1800,0x0000,0x0000,0x0000,0x7862,0xe925,0xd905,0xd905,0xc8c4,0x9862,0x0000,0xa082,0xd0c4,0x1000,0x4841,0xe105,0xd0e4,0xb083,0xc8a3,0x3820,0x8862,0xd0c4,
    0xa882,0xb8a3,0xd905,0xb8a3,0xa882,0x9821,0x7aa9,0x5a68,0x3124,0x3145,0x3965,0x2104,0x5882,0x81e7,0xc679,0xffff,0xef5d,0xef5d,0xffff,0x7bf1,0x198a,0x42f1,0x4b31,0x5372,
    0x5372,0x4b11,0x4311,0x324e,0x29ec,0x29ec,0x29eb,0x3a4e,0x326e,0x322d,0x29eb,0x324e,0x4b11,0x4b32,0x4b32,0x328f,0x4a8d,0xffbe,0xffdf,0xe6fc,0xe6fc,0xffdf,0xad34,0x7b6e,
    0xbd77,0xde5a,0xd619,0xcdf9,0x5a08,0x9842,0xa883,0xa062,0x9862,0xc0c3,0xb0a3,0xa883,0xb083,0xb8c4,0xb8a3,0xc8a3,0x6841,0x4820,0xd0c4,0xb8a3,0xa882,0xa882,0xc8e4,0xe145,
    0x3020,0x0000,0x0000,0xb0c4,0xd0e4,0xd0e4,0xc8c4,0xc8c4,0x2000,0x0000,0x3000,0xb862,0x1000,0x7841,0xd8e4,0xe0e5,0x4821,0x0000,0x0000,0x0000,0x0000,0x0000,0x0000,0x0000,
    0x0000,0x0000,0x0000,0x0000,0x0000,0x0000,0x0000,0x0000,0x0000,0x0000,0x0000,0x0000,0x0000,0x0000,0x0000,0x0000,0x0000,0x0000,0x0000,0x0000,0x0000,0x0000,0x0000,0x0000,
    0x0000,0x0000,0x0000,0x0000,0x0000,0x0000,0x0000,0x0000,0x0000,0x0000,0x0000,0x0000,0x0000,0x0000,0x0000,0x3800,0xe0e4,0xb8a3,0x0000,0x0000,0x0000,0x0000,0x9082,0xe925,
    0xd0e4,0xd905,0xd8e4,0x8041,0x3820,0xe8e5,0x6041,0x0000,0x7861,0xe0e4,0xd0e4,0xb883,0xb883,0x1800,0x9862,0xd0c4,0xa062,0xb8a3,0xd905,0xb8c3,0xa842,0xa965,0xff39,0xff5b,
    0xc553,0x7aea,0x3924,0x18e3,0x88a3,0x7821,0xa4d3,0xffff,0xe6dc,0xffdf,0xe71c,0x29ca,0x2a2d,0x4311,0x4b32,0x5372,0x5373,0x4b11,0x42f1,0x3ad0,0x42d0,0x2a0c,0x1127,0x1947,
    0x31eb,0x218a,0x322d,0x324e,0x326e,0x3aaf,0x3ad0,0x3ad0,0x19ab,0xbdf8,0xffff,0xef5d,0xde9b,0xffff,0x8c10,0x9c53,0xd63a,0xde7b,0xde7a,0xe6dc,0xa4b3,0x8082,0xa862,0xa082,
    0xa082,0xc0c3,0xb0a3,0xa882,0xb8a3,0xb083,0xb8a3,0xd0c4,0x6821,0x3000,0xc8a3,0xb8a3,0xa882,0xa882,0xc0c3,0xe946,0x4041,0x0000,0x0800,0xc0c4,0xc8c4,0xd905,0xc0c3,0xc8c4,
    0x2820,0x0000,0x8041,0x7021,0x0000,0x6021,0xd0e4,0xe105,0x7862,0x0000,0x0000,0x0000,0x0000,0x0000,0x0000,0x0000,0x0000,0x0000,0x0000,0x0000,0x0000,0x0000,0x0000,0x0000,
    0x0000,0x0000,0x0000,0x0000,0x0000,0x0000,0x0000,0x0000,0x0000,0x0000,0x0000,0x0000,0x0000,0x0000,0x0000,0x0000,0x0000,0x0000,0x0000,0x0000,0x0000,0x0000,0x0000,0x0000,
    0x0000,0x0000,0x0000,0x0000,0x0000,0x0000,0x0000,0x3800,0xe8e4,0xa8a3,0x0000,0x0000,0x0000,0x0000,0xa0a3,0xe125,0xc8e4,0xd0e4,0xd905,0x8841,0xa882,0xb8a3,0x0000,0x0000,
    0x9062,0xe0e4,0xc8e4,0xb8a3,0x9862,0x0000,0xa082,0xd0c4,0xa862,0xb8a3,0xd904,0xb8c4,0xa800,0xd42f,0xfffd,0xf6f9,0xe593,0xff9b,0xd5b3,0x38e3,0xa062,0x6082,0xbe38,0xf77e,
    0xe71c,0xffff,0x9473,0x1129,0x42f0,0x5bb3,0x5bb3,0x5bb3,0x5393,0x4b11,0x42d0,0x42f1,0x42f0,0x322d,0x1989,0x39ea,0xb4f5,0x3a2c,0x21cb,0x322d,0x42d0,0x5352,0x5b93,0x5393,
    0x6371,0xa471,0xffff,0xf79e,0xeefc,0xad15,0x2967,0x526c,0xcdf9,0xde7a,0xde9b,0xd65a,0xef3d,0x9cb2,0x8821,0xa883,0xb0a3,0xc0c4,0xa883,0xb082,0xb8a3,0xa882,0xc0c3,0xd0c4,
    0x6021,0x1800,0xc083,0xb8a3,0xa882,0xa882,0xb8a3,0xe946,0x5041,0x0000,0x2000,0xd0e4,0xa882,0xd105,0xc0c3,0xd0c3,0x2820,0x1000,0x9841,0x0800,0x0000,0x3800,0xc8c3,0xe105,
    0x9882,0x0000,0x0000,0x0000,0x0000,0x0000,0x0000,0x0000,0x0000,0x0000,0x0000,0x0000,0x0000,0x0000,0x0000,0x0000,0x0000,0x0000,0x0000,0x0000,0x0000,0x0000,0x0000,0x0000,
    0x0000,0x0000,0x0000,0x0000,0x0000,0x0000,0x0000,0x0000,0x0000,0x0000,0x0000,0x0000,0x0000,0x0000,0x0000,0x0000,0x0000,0x0000,0x0000,0x0000,0x0000,0x0000,0x0000,0x2000,
    0xe0e4,0xa8a3,0x0000,0x0000,0x0000,0x0000,0xa8a3,0xd905,0xc8c4,0xd0e4,0xd0e4,0xa041,0xe105,0x4821,0x0000,0x0000,0xa8a3,0xe105,0xc0c4,0xb883,0x7021,0x0000,0xa082,0xc8c4,
    0xa862,0xb882,0xd0e4,0xb8c4,0xa000,0xcc50,0xffde,0xd48f,0xc3ab,0xf79c,0xdd33,0x9821,0xb083,0x88c4,0xad76,0xf73d,0xf79e,0xf79e,0x3a2b,0x21ec,0x4b32,0x5373,0x5bd3,0x5bb3,
    0x5bb3,0x5373,0x4b52,0x4b52,0x4b32,0x2a0c,0x198a,0x5aef,0xc578,0x5aad,0x21cb,0x326e,0x3aaf,0x42f0,0x4b31,0x4b32,0x8cb6,0x9c0f,0xdefb,0xffff,0xf77e,0xa4b3,0x0907,0x2189,
    0xb536,0xde9b,0xde9b,0xd65a,0xe6bc,0x8b8e,0x9821,0xa882,0xb0a3,0xc0c4,0xa882,0xa882,0xb083,0xa882,0xc0c3,0xc8c4,0x5821,0x0800,0xb883,0xb8a3,0xa882,0xa882,0xb0a3,0xe925,
    0x5841,0x0000,0x4821,0xc8a3,0x6841,0xd905,0xb8a3,0xc8a3,0x2800,0x5000,0x2800,0x0000,0x0000,0x2000,0xb883,0xd8e4,0xa883,0x0000,0x0000,0x0000,0x0000,0x0000,0x0000,0x0000,
    0x0000,0x0000,0x0000,0x0000,0x0000,0x0000,0x0000,0x0000,0x0000,0x0000,0x0000,0x0000,0x0000,0x0000,0x0000,0x0000,0x0000,0x0000,0x0000,0x0000,0x0000,0x0000,0x0000,0x0000,
    0x0000,0x0000,0x0000,0x0000,0x0000,0x0000,0x0000,0x0000,0x0000,0x0000,0x0000,0x0000,0x0000,0x0000,0x0000,0x0000,0xc0a3,0xb0a3,0x0000,0x0000,0x0000,0x0000,0xa0a3,0xc8a3,
    0xc0a3,0xc8c4,0xd0e4,0xc0a3,0xb8a3,0x0000,0x0000,0x0000,0xb0a3,0xe0e5,0xc0a3,0xb862,0x4820,0x0000,0x9862,0xd0c4,0xa862,0xb082,0xd0e4,0xc0e4,0xa000,0xd4b1,0xf6f8,0xd4af,
    0xd4f1,0xf79b,0xba48,0xa821,0xc0a3,0x7186,0x6b4d,0xde7a,0xffff,0xad55,0x1148,0x326e,0x4311,0x5352,0x63f4,0x5bb3,0x5bd4,0x5372,0x5b93,0x42d0,0x326e,0x3a6e,0x198a,0x6b4f,
    0xc598,0x62cd,0x198a,0x42f1,0x326e,0x4b52,0x5b93,0x5372,0x5bb3,0x42af,0x9cf4,0xffff,0xef5d,0x4a4a,0x21aa,0x21aa,0x9412,0xde7b,0xde7b,0xde5a,0xde9b,0x8bf0,0x8862,0xa062,
    0xb8a3,0xc8c3,0xa062,0xa062,0xb083,0xb082,0xc0c3,0xc8c3,0x4000,0x0000,0xb082,0xb883,0xb082,0xa882,0xb083,0xe925,0x5841,0x0000,0x7841,0xa862,0x3000,0xd8e4,0xc0a3,0xc0a3,
    0x5821,0x2000,0x0000,0x0000,0x0000,0x1800,0xb082,0xc8a3,0xa882,0x0800,0x0000,0x0000,0x0000,0x0000,0x0000,0x0000,0x0000,0x0000,0x0000,0x0000,0x0000,0x0000,0x0000,0x0000,
    0x0000,0x0000,0x0000,0x0000,0x0000,0x0000,0x0000,0x0000,0x0000,0x0000,0x0000,0x0000,0x0000,0x0000,0x0000,0x0000,0x0000,0x0000,0x0000,0x0000,0x0000,0x0000,0x0000,0x0000,
    0x0000,0x0000,0x0000,0x0000,0x0000,0x0000,0x0000,0x0000,0x6041,0xd0c3,0x0800,0x0000,0x0000,0x0000,0x9883,0xb082,0xc8a3,0xb8a3,0xd0e5,0xe905,0x6841,0x0000,0x0000,0x0000,
    0xb083,0xd8e4,0xc0a3,0xb862,0x3000,0x0000,0x8861,0xd0c4,0xb062,0xa862,0xc8e4,0xc8e4,0xa800,0xdd12,0xee97,0xd40c,0xe635,0xf719,0xa9c5,0xa842,0xa062,0x9c31,0x5a8a,0xdedb,
    0xffdf,0x734e,0x1128,0x326e,0x42d0,0x5372,0x6414,0x63d4,0x63d4,0x5bb3,0x5393,0x3a8f,0x3ab0,0x3a6e,0x1149,0x7b90,0xc598,0x62ac,0x1107,0x326e,0x4b32,0x3ab0,0x4311,0x5b93,
    0x63d4,0x3af0,0x4aad,0xf7be,0xf77d,0x422b,0x19ab,0x1969,0x8bd1,0xcdf9,0xde9b,0xde7a,0xd63a,0xc619,0x7166,0xa842,0xc0a3,0xc0a3,0x8841,0x9862,0xb082,0xb082,0xc8c4,0xb8c4,
    0x2800,0x0000,0xb082,0xb883,0xb082,0xa062,0xb082,0xe125,0x5041,0x0000,0xa882,0x6041,0x2000,0xd8c4,0xb8a3,0xc0a3,0x2800,0x0000,0x0000,0x0000,0x0000,0x1800,0xb082,0xa882,
    0x9062,0x0800,0x0000,0x0000,0x0000,0x0000,0x0000,0x0000,0x0000,0x0000,0x0000,0x0000,0x0000,0x0000,0x0000,0x0000,0x0000,0x0000,0x0000,0x0000,0x0000,0x0000,0x0000,0x0000,
    0x0000,0x0000,0x0000,0x0000,0x0000,0x0000,0x0000,0x0000,0x0000,0x0000,0x0000,0x0000,0x0000,0x0000,0x0000,0x0000,0x0000,0x0000,0x0000,0x0000,0x0000,0x0000,0x0000,0x0000,
    0x0800,0xb082,0x4821,0x0000,0x0000,0x0000,0x8862,0x8041,0xc0c4,0xb8a3,0xd0e4,0xe0e4,0x2800,0x0000,0x0000,0x0000,0xa082,0xe0e4,0xc8a3,0xb062,0x2000,0x0000,0x7041,0xd8e4,
    0xb082,0x9841,0xc0a3,0xd0e4,0xb862,0xa924,0xeeb8,0xdd31,0xcbed,0xccaf,0xa882,0xb042,0x8904,0xe75d,0xad14,0xef5d,0xdedb,0x6b0e,0x42ef,0x5331,0x4311,0x4312,0x5393,0x6414,
    0x6c35,0x5393,0x4311,0x4311,0x42d0,0x29ec,0x1969,0x9c53,0xb516,0x4187,0x10e6,0x324e,0x4b11,0x42f0,0x3ad0,0x5372,0x5393,0x5393,0x322d,0xce59,0x73af,0x21aa,0x29ec,0x1928,
    0x6209,0xb536,0xd65a,0xd65a,0xeefc,0x8c31,0x6000,0xc8a3,0xb8a3,0xb8a3,0x6021,0x9862,0xb083,0xa882,0xc8c4,0xa082,0x0800,0x0000,0xa882,0xb883,0xa862,0x9041,0xb082,0xe105,
    0x4021,0x1800,0xb862,0x1000,0x2800,0xd0c4,0xb883,0xb083,0x0000,0x0000,0x0000,0x0000,0x0000,0x1800,0xb882,0x8862,0x7842,0x0800,0x0000,0x0000,0x0000,0x0000,0x0000,0x0000,
    0x0000,0x0000,0x0000,0x0000,0x0000,0x0000,0x0000,0x0000,0x0000,0x0000,0x0000,0x0000,0x0000,0x0000,0x0000,0x0000,0x0000,0x0000,0x0000,0x0000,0x0000,0x0000,0x0000,0x0000,
    0x0000,0x0000,0x0000,0x0000,0x0000,0x0000,0x0000,0x0000,0x0000,0x0000,0x0000,0x0000,0x0000,0x0000,0x0000,0x0000,0x0000,0x2000,0x8041,0x0800,0x0000,0x0000,0x6842,0x6841,
    0x7062,0xd0a3,0xc0c4,0xe0e4,0x3800,0x0000,0x0000,0x0000,0x9062,0xe0e4,0xc8c3,0xa842,0x1000,0x0000,0x5021,0xd8e4,0xb082,0x7821,0xb883,0xd8e4,0xc0a3,0x9800,0xb1a6,0xdd73,
    0xa021,0xb103,0xb0c3,0x9800,0xab6e,0xf7be,0x9c92,0xef7d,0xb556,0x9432,0xb4f3,0xd5b5,0xc555,0x8454,0x5bb3,0x5bd4,0x6435,0x5373,0x4b32,0x4b11,0x3aaf,0x21ec,0x2148,0xa453,
    0xacd5,0x4082,0x0883,0x2a0d,0x3a6f,0x42f1,0x42f1,0x42d0,0x5bd4,0x5bd4,0x3af0,0x7bf0,0x526b,0x21ec,0x322d,0x1989,0x68a3,0x6a4a,0xbd97,0xde9b,0xde9b,0xc619,0x7145,0xb862,
    0xb8a3,0xb082,0x4000,0x9862,0xa882,0xb082,0xd0e4,0x7862,0x0000,0x0800,0xa862,0xb083,0xa862,0x8021,0xb082,0xe104,0x2000,0x6821,0x7821,0x0000,0x3020,0xc8a3,0xc083,0x9062,
    0x0000,0x0000,0x0000,0x0000,0x0000,0x2000,0xc082,0x6041,0x6841,0x0000,0x0000,0x0000,0x0000,0x0000,0x0000,0x0000,0x0000,0x0000,0x0000,0x0000,0x0000,0x0000,0x0000,0x0000,
    0x0000,0x0000,0x0000,0x0000,0x0000,0x0000,0x0000,0x0000,0x0000,0x0000,0x0000,0x0000,0x0000,0x0000,0x0000,0x0000,0x0000,0x0000,0x0000,0x0000,0x0000,0x0000,0x0000,0x0000,
    0x0000,0x0000,0x0000,0x0000,0x0000,0x0000,0x0000,0x0000,0x0000,0x0000,0x1800,0x3000,0x0000,0x0000,0x3020,0x8862,0x0800,0xa862,0xd0e4,0xd0c4,0x8041,0x0000,0x0000,0x0000,
    0x7041,0xe0e4,0xc8a3,0x9841,0x1000,0x0000,0x2800,0xd0c3,0xc083,0x7020,0xa082,0xd8c4,0xc8a3,0xa082,0x9821,0xb0c3,0xb0a3,0xb862,0xb8a3,0x6821,0xbdd7,0xffff,0x9451,0xa514,
    0xacf5,0x9412,0xc533,0xddd5,0xee36,0xfed8,0xee98,0xad55,0x5b92,0x5393,0x5393,0x42f1,0x3a6e,0x222d,0x38e6,0x8acc,0xa473,0x4861,0x0000,0x218a,0x3a8f,0x3ad0,0x4b11,0x42f1,
    0x5bb3,0x6414,0x5393,0x31c9,0x2988,0x3ad1,0x324e,0x19aa,0x8883,0x9062,0x7bd0,0xde5a,0xd63a,0xf75e,0xad75,0x7041,0xc0a3,0xa082,0x2000,0x9862,0xa882,0xb8a3,0xc0c4,0x4020,
    0x0000,0x1800,0xa862,0xb083,0xa062,0x6020,0xb883,0xc0a3,0x3800,0x9842,0x1800,0x0000,0x4020,0xc083,0xc0a3,0x6841,0x0000,0x0000,0x0000,0x0000,0x0000,0x4020,0xb062,0x3020,
    0x6041,0x0000,0x0000,0x0000,0x0000,0x0000,0x0000,0x0000,0x0000,0x0000,0x0000,0x0000,0x0000,0x0000,0x0000,0x0000,0x0000,0x0000,0x0000,0x0000,0x0000,0x0000,0x0000,0x0000,
    0x0000,0x0000,0x0000,0x0000,0x0000,0x0000,0x0000,0x0000,0x0000,0x0000,0x0000,0x0000,0x0000,0x0000,0x0000,0x0000,0x0000,0x0000,0x0000,0x0000,0x0000,0x0000,0x0000,0x0000,
    0x0000,0x0000,0x0000,0x0000,0x0000,0x0000,0x0000,0x8061,0x0800,0x2000,0xc8c4,0xc0a3,0xb862,0x2800,0x0000,0x0000,0x4820,0xd8c4,0xc8a3,0xa062,0x0800,0x0000,0x0800,0xb083,
    0xc8a3,0x7021,0x7041,0xd8c4,0xd0a4,0x9862,0x7841,0xb883,0xb082,0xb8a3,0xb062,0x69e8,0xe73c,0xf77e,0x8bf0,0x5acb,0xbd57,0x8c11,0x736f,0xc5b7,0xbdd7,0xb597,0x8494,0x63d3,
    0x5bd3,0x5bb3,0x5373,0x42f1,0x324e,0x19ec,0x5863,0x9a29,0x93b0,0x5800,0x0000,0x1948,0x3a8f,0x326f,0x42f0,0x5393,0x5372,0x5bd3,0x5bd4,0x42cf,0x2a2d,0x4311,0x326e,0x19cb,
    0x70c4,0xb862,0x6082,0x9cd4,0xe6bc,0xe6dc,0xa514,0x8041,0xc8a3,0x7041,0x1000,0xa062,0xa862,0xc0a3,0xb083,0x1800,0x0000,0x2000,0xb062,0xb883,0x8042,0x4000,0xc083,0xa882,
    0x8821,0x4821,0x0000,0x0000,0x5021,0xb882,0xc083,0x3000,0x0000,0x0000,0x0000,0x0000,0x0000,0x8041,0x6821,0x2800,0x4020,0x0000,0x0000,0x0000,0x0000,0x0000,0x0000,0x0000,
    0x0000,0x0000,0x0000,0x0000,0x0000,0x0000,0x0000,0x0000,0x0000,0x0000,0x0000,0x0000,0x0000,0x0000,0x0000,0x0000,0x0000,0x0000,0x0000,0x0000,0x0000,0x0000,0x0000,0x0000,
    0x0000,0x0000,0x0000,0x0000,0x0000,0x0000,0x0000,0x0000,0x0000,0x0000,0x0000,0x0000,0x0000,0x0000,0x0000,0x0000,0x0000,0x0000,0x0000,0x0000,0x0000,0x0000,0x0000,0x3000,
    0x4020,0x0000,0xc0a3,0xb862,0xb862,0xa862,0x0800,0x0000,0x1800,0xc8a3,0xc8a3,0xa862,0x0800,0x0000,0x0000,0x8062,0xd0c3,0x7841,0x4000,0xd0a3,0xd0c3,0xa082,0x5020,0xb882,
    0xb082,0xc0a3,0x9001,0x7b2c,0xffff,0xd65a,0xa4b4,0x734d,0xd63a,0xa4b4,0x42ad,0x63b2,0x4b31,0x4b73,0x5393,0x5bb3,0x63d4,0x5373,0x42f1,0x3ab0,0x324e,0x19ca,0x6841,0xa946,
    0x7a6a,0x7000,0x0000,0x10a4,0x324e,0x3a8f,0x42d0,0x5393,0x5372,0x5bb3,0x5bb3,0x5393,0x4311,0x42f1,0x3a6f,0x220c,0x70c4,0xb042,0x9841,0x6986,0xd67a,0xe6bb,0xb556,0x7882,
    0xc0a3,0x3020,0x1800,0xa862,0xa862,0xd0c4,0x8041,0x0000,0x0000,0x3000,0xb062,0xb883,0x5821,0x3800,0xc083,0xb862,0x5000,0x0000,0x0000,0x0000,0x6820,0xc082,0xa862,0x0800,
    0x0000,0x0000,0x0000,0x0000,0x0800,0x9021,0x0800,0x4820,0x1000,0x0000,0x0000,0x0000,0x0000,0x0000,0x0000,0x0000,0x0000,0x0000,0x0000,0x0000,0x0000,0x0000,0x0000,0x0000,
    0x0000,0x0000,0x0000,0x0000,0x0000,0x0000,0x0000,0x0000,0x0000,0x0000,0x0000,0x0000,0x0000,0x0000,0x0000,0x0000,0x0000,0x0000,0x0000,0x0000,0x0000,0x0000,0x0000,0x0000,
    0x0000,0x0000,0x0000,0x0000,0x0000,0x0000,0x0000,0x0000,0x0000,0x0000,0x0000,0x0000,0x0000,0x0000,0x0000,0x0000,0x2800,0x1000,0xb882,0x9862,0x3000,0xa862,0xa041,0x2800,
    0x0000,0x9062,0xd0c3,0xb062,0x1800,0x0000,0x0000,0x4020,0xc883,0x9842,0x1800,0xb8a3,0xd0c4,0xa882,0x3000,0xa862,0xb083,0xb8a3,0xa000,0xa471,0xffff,0xb556,0xc598,0xcdf9,
    0xbd56,0x732e,0x8c31,0xbd55,0x73d1,0x5392,0x63f4,0x63f4,0x5393,0x4311,0x42f1,0x3ab0,0x324e,0x29a9,0x7841,0x9882,0x7904,0x9841,0x0000,0x0000,0x21cb,0x3ab0,0x3ab0,0x4b32,
    0x5393,0x5bd4,0x5bb3,0x4b31,0x4311,0x42f0,0x3aaf,0x220c,0x60c4,0xa041,0xb883,0x8000,0x938f,0xdedc,0xde5a,0xad76,0x7882,0x0800,0x2800,0xb062,0xb882,0xc8a3,0x2800,0x0000,
    0x0000,0x5020,0xb062,0xb062,0x1000,0x4000,0xd0a3,0x7841,0x0000,0x0000,0x0000,0x0000,0x9041,0xd0a3,0x6041,0x0000,0x0000,0x0000,0x0000,0x0000,0x5800,0x3000,0x1000,0x3000,
    0x0000,0x0000,0x0000,0x0000,0x0000,0x0000,0x0000,0x0000,0x0000,0x0000,0x0000,0x0000,0x0000,0x0000,0x0000,0x0000,0x0000,0x0000,0x0000,0x0000,0x0000,0x0000,0x0000,0x0000,
    0x0000,0x0000,0x0000,0x0000,0x0000,0x0000,0x0000,0x0000,0x0000,0x0000,0x0000,0x0000,0x0000,0x0000,0x0000,0x0000,0x0000,0x0000,0x0000,0x0000,0x0000,0x0000,0x0000,0x0000,
    0x0000,0x0000,0x0000,0x0000,0x0000,0x0000,0x0000,0x0000,0x0000,0x0000,0x9882,0xb083,0x0000,0x0000,0x3000,0x5020,0x2800,0x5021,0xd0a3,0xb062,0x2800,0x0000,0x0000,0x0000,
    0xa862,0xb882,0x1800,0x7061,0xd8c4,0xb882,0x2000,0x8861,0xb8a3,0xb862,0x8966,0xefbe,0xef5d,0xb515,0xc5b8,0xd65b,0x8b2d,0x7000,0x29eb,0x324e,0x3ab0,0x5373,0x5b93,0x5bb3,
    0x4b52,0x4b31,0x42f1,0x3a6f,0x220d,0x3947,0x8841,0x9841,0x9862,0x9841,0x0000,0x0000,0x2107,0x2a4e,0x3ad0,0x4b32,0x5373,0x5bb3,0x5bd3,0x5372,0x4b32,0x42f0,0x3aaf,0x220c,
    0x60c4,0x8821,0xa882,0xb062,0x90a3,0xcdf8,0xe6bc,0xcdf8,0x38a2,0x0000,0x4021,0xc082,0xd0c4,0x8841,0x0000,0x0000,0x0000,0x7841,0xc082,0x7821,0x0000,0x6821,0xd083,0x3820,
    0x0000,0x0000,0x0000,0x2000,0xb062,0xa862,0x0800,0x0000,0x0000,0x0000,0x0000,0x2000,0x3000,0x0000,0x2000,0x0000,0x0000,0x0000,0x0000,0x0000,0x0000,0x0000,0x0000,0x0000,
    0x0000,0x0000,0x0000,0x0000,0x0000,0x0000,0x0000,0x0000,0x0000,0x0000,0x0000,0x0000,0x0000,0x0000,0x0000,0x0000,0x0000,0x0000,0x0000,0x0000,0x0000,0x0000,0x0000,0x0000,
    0x0000,0x0000,0x0000,0x0000,0x0000,0x0000,0x0000,0x0000,0x0000,0x0000,0x0000,0x0000,0x0000,0x0000,0x0000,0x0000,0x0000,0x0000,0x0000,0x0000,0x0000,0x0000,0x0000,0x0000,
    0x0000,0x0000,0x4821,0xc883,0x1000,0x0000,0x0000,0x0000,0x0000,0x0800,0x9842,0xc8a3,0x4820,0x0000,0x0000,0x0000,0x4820,0xc883,0x4000,0x1800,0xd0a3,0xc883,0x2000,0x4821,
    0xc8c3,0xb882,0x7945,0xef7d,0xce39,0xbd77,0xce19,0x9431,0x7146,0xa041,0x29cb,0x3ab0,0x42f0,0x5393,0x5b93,0x5393,0x4b32,0x4b32,0x3aaf,0x3a6e,0x222d,0x58e6,0x8021,0x8021,
    0xb042,0xa062,0x1000,0x0000,0x2863,0x21ec,0x3ad0,0x4b32,0x4b52,0x5393,0x5b93,0x5393,0x5372,0x42f1,0x3ab0,0x222d,0x60e5,0x6000,0xa062,0xb083,0x9800,0x72cb,0xe6fd,0xbd97,
    0x1882,0x0000,0x7041,0xc8a3,0xc0a3,0x2000,0x0000,0x0000,0x1000,0xa062,0xb062,0x3000,0x1000,0x7841,0xb862,0x1000,0x0000,0x0000,0x0000,0x6021,0xc062,0x4020,0x0000,0x0000,
    0x0000,0x0000,0x0000,0x0800,0x0000,0x0000,0x0000,0x0000,0x0000,0x0000,0x0000,0x0000,0x0000,0x0000,0x0000,0x0000,0x0000,0x0000,0x0000,0x0000,0x0000,0x0000,0x0000,0x0000,
    0x0000,0x0000,0x0000,0x0000,0x0000,0x0000,0x0000,0x0000,0x0000,0x0000,0x0000,0x0000,0x0000,0x0000,0x0000,0x0000,0x0000,0x0000,0x0000,0x0000,0x0000,0x0000,0x0000,0x0000,
    0x0000,0x0000,0x0000,0x0000,0x0000,0x0000,0x0000,0x0000,0x0000,0x0000,0x0000,0x0000,0x0000,0x0000,0x0000,0x0000,0x0000,0x0000,0x0800,0xb862,0x5021,0x0000,0x0000,0x0000,
    0x0000,0x0000,0x3800,0xd8a3,0x7841,0x0000,0x0000,0x0000,0x0000,0x9841,0x8841,0x0000,0x7841,0xd083,0x4820,0x0800,0xa882,0xc8a3,0x80e3,0xce9a,0xbd56,0xcdb8,0xbdd9,0x70c3,
    0xa821,0x9041,0x298a,0x3ab0,0x42d0,0x4b31,0x4b52,0x5372,0x4311,0x42f1,0x3a8f,0x3a8f,0x220c,0x78a3,0x8041,0x5000,0xa042,0xb062,0x2800,0x0000,0x2820,0x318a,0x3ab0,0x42f1,
    0x4311,0x5372,0x5373,0x5372,0x4b32,0x42f0,0x3a8f,0x2a4e,0x50e5,0x3800,0xa062,0xc083,0x8062,0x4020,0xbcd4,0xe6fd,0xa4d3,0x1041,0x9862,0xd0a3,0x5821,0x0000,0x0000,0x0000,
    0x3800,0xc062,0x6020,0x0000,0x0000,0x9842,0x9042,0x0000,0x0000,0x0000,0x1000,0xb062,0x7021,0x0000,0x0000,0x0000,0x0000,0x0000,0x0000,0x0000,0x0000,0x0000,0x0000,0x0000,
    0x0000,0x0000,0x0000,0x0000,0x0000,0x0000,0x0000,0x0000,0x0000,0x0000,0x0000,0x0000,0x0000,0x0000,0x0000,0x0000,0x0000,0x0000,0x0000,0x0000,0x0000,0x0000,0x0000,0x0000,
    0x0000,0x0000,0x0000,0x0000,0x0000,0x0000,0x0000,0x0000,0x0000,0x0000,0x0000,0x0000,0x0000,0x0000,0x0000,0x0000,0x0000,0x0000,0x0000,0x0000,0x0000,0x0000,0x0000,0x0000,
    0x0000,0x0000,0x0000,0x0000,0x0000,0x0000,0x0000,0x0000,0x0000,0x0000,0x0000,0x4020,0xa862,0x0000,0x0000,0x0000,0x0000,0x0000,0x0000,0x6821,0xc062,0x1000,0x0000,0x0000,
    0x0000,0x2000,0xb041,0x1800,0x1000,0xc082,0x8862,0x0000,0x4841,0xb001,0x832c,0xe77d,0xb4f5,0xc597,0x6a8b,0x9083,0xb883,0x9841,0x2169,0x3ad0,0x42f0,0x42f1,0x4b31,0x4b31,
    0x42f1,0x3ab0,0x3aaf,0x3a8f,0x21cb,0x8862,0x9061,0x2000,0x9841,0xb862,0x4820,0x0000,0x1000,0x3906,0x326f,0x3ad0,0x4311,0x4b32,0x4b52,0x4b32,0x4b52,0x3ad0,0x5351,0x3a8f,
    0x2906,0x1000,0x9862,0xc883,0x5041,0x6000,0x9166,0xdedc,0xd69a,0x5145,0xb862,0x8041,0x0000,0x0000,0x0000,0x0000,0x9041,0x9841,0x0000,0x0000,0x1800,0xb862,0x3820,0x0000,
    0x0000,0x0000,0x8821,0x8021,0x0000,0x0000,0x0000,0x0000,0x0000,0x0000,0x0000,0x0000,0x0000,0x0000,0x0000,0x0000,0x0000,0x0000,0x0000,0x0000,0x0000,0x0000,0x0000,0x0000,
    0x0000,0x0000,0x0000,0x0000,0x0000,0x0000,0x0000,0x0000,0x0000,0x0000,0x0000,0x0000,0x0000,0x0000,0x0000,0x0000,0x0000,0x0000,0x0000,0x0000,0x0000,0x0000,0x0000,0x0000,
    0x0000,0x0000,0x0000,0x0000,0x0000,0x0000,0x0000,0x0000,0x0000,0x0000,0x0000,0x0000,0x0000,0x0000,0x0000,0x0000,0x0000,0x0000,0x0000,0x0000,0x0000,0x0000,0x0000,0x0000,
    0x0000,0x0000,0x0000,0x0000,0x5021,0x5020,0x0000,0x0000,0x0000,0x0000,0x0000,0x0000,0x8041,0x8021,0x0000,0x0000,0x0000,0x0000,0x4820,0x7821,0x0000,0x4820,0xc0a3,0x1000,
    0x0000,0x6800,0x92ec,0xce59,0xd61a,0x7baf,0x4000,0xb883,0xb883,0x8041,0x1127,0x42d1,0x42f1,0x4311,0x4b32,0x4b11,0x42f0,0x3ad0,0x3ab0,0x3a8f,0x1148,0x7041,0xb882,0x1000,
    0x6821,0xc083,0x7041,0x0000,0x0000,0x2862,0x2a0d,0x3aaf,0x42f1,0x4311,0x4b32,0x4b52,0x4b32,0x5372,0x8cb5,0x326e,0x1926,0x0000,0x9042,0xb062,0x1800,0x8041,0x3000,0x7baf,
    0xe73d,0x82cb,0x8000,0x0800,0x0000,0x0000,0x0000,0x4020,0x9841,0x1000,0x0000,0x0000,0x5020,0x8841,0x0000,0x0000,0x0000,0x6820,0x7021,0x0000,0x0000,0x0000,0x0000,0x0000,
    0x0000,0x0000,0x0000,0x0000,0x0000,0x0000,0x0000,0x0000,0x0000,0x0000,0x0000,0x0000,0x0000,0x0000,0x0000,0x0000,0x0000,0x0000,0x0000,0x0000,0x0000,0x0000,0x0000,0x0000,
    0x0000,0x0000,0x0000,0x0000,0x0000,0x0000,0x0000,0x0000,0x0000,0x0000,0x0000,0x0000,0x0000,0x0000,0x0000,0x0000,0x0000,0x0000,0x0000,0x0000,0x0000,0x0000,0x0000,0x0000,
    0x0000,0x0000,0x0000,0x0000,0x0000,0x0000,0x0000,0x0000,0x0000,0x0000,0x0000,0x0000,0x0000,0x0000,0x0000,0x0000,0x0000,0x0000,0x0000,0x0000,0x0000,0x2000,0x2000,0x0000,
    0x0000,0x0000,0x0000,0x0000,0x0000,0x6820,0x5000,0x0000,0x0000,0x0000,0x0000,0x3800,0x3800,0x0000,0x5821,0x6841,0x0000,0x0820,0xb596,0xc5b8,0xbd77,0x4a08,0x1000,0x9882,
    0xb8a3,0x6821,0x0906,0x3ad0,0x42f0,0x42f0,0x4b11,0x42f1,0x3ad0,0x3ad0,0x3ab0,0x324e,0x08e5,0x2000,0xc883,0x3020,0x1000,0xb062,0xa062,0x0800,0x0000,0x0800,0x2169,0x32af,
    0x42f1,0x4311,0x4b32,0x4b11,0x4331,0xad56,0x7bd2,0x2a2e,0x1927,0x0000,0x8042,0x7041,0x1800,0x5820,0x0000,0x1862,0xd619,0x6aab,0x0000,0x0000,0x0000,0x0000,0x2800,0x7021,
    0x1800,0x0000,0x0000,0x0000,0x8021,0x2000,0x0000,0x1800,0x4800,0x3800,0x0000,0x0000,0x0000,0x0000,0x0000,0x0000,0x0000,0x0000,0x0000,0x0000,0x0000,0x0000,0x0000,0x0000,
    0x0000,0x0000,0x0000,0x0000,0x0000,0x0000,0x0000,0x0000,0x0000,0x0000,0x0000,0x0000,0x0000,0x0000,0x0000,0x0000,0x0000,0x0000,0x0000,0x0000,0x0000,0x0000,0x0000,0x0000,
    0x0000,0x0000,0x0000,0x0000,0x0000,0x0000,0x0000,0x0000,0x0000,0x0000,0x0000,0x0000,0x0000,0x0000,0x0000,0x0000,0x0000,0x0000,0x0000,0x0000,0x0000,0x0000,0x0000,0x0000,
    0x0000,0x0000,0x0000,0x0000,0x0000,0x0000,0x0000,0x0000,0x0000,0x0000,0x0000,0x0000,0x0000,0x0000,0x0000,0x0000,0x0000,0x0000,0x0000,0x0000,0x0000,0x0000,0x3000,0x3000,
    0x1000,0x0000,0x0000,0x0000,0x1000,0x0800,0x0000,0x3020,0x1800,0x0861,0xb535,0xb4f5,0x5145,0x0000,0x0000,0x3820,0xa883,0x4020,0x00c5,0x328f,0x42d0,0x42f1,0x4b31,0x42f1,
    0x3ad0,0x3ad0,0x3ad0,0x2a0d,0x0862,0x0000,0x7841,0x7041,0x0000,0x5820,0xc062,0x3020,0x0000,0x0000,0x10c5,0x328f,0x3ad0,0x42f1,0x42f1,0x3af1,0xa557,0xf636,0x83f2,0x326f,
    0x2989,0x0000,0x6041,0x3020,0x2000,0x0800,0x0000,0x3800,0x82ab,0xd69b,0x20c3,0x0000,0x0000,0x1000,0x3000,0x0000,0x0000,0x0000,0x0000,0x4000,0x4000,0x0000,0x0000,0x1000,
    0x0000,0x0000,0x0000,0x0000,0x0000,0x0000,0x0000,0x0000,0x0000,0x0000,0x0000,0x0000,0x0000,0x0000,0x0000,0x0000,0x0000,0x0000,0x0000,0x0000,0x0000,0x0000,0x0000,0x0000,
    0x0000,0x0000,0x0000,0x0000,0x0000,0x0000,0x0000,0x0000,0x0000,0x0000,0x0000,0x0000,0x0000,0x0000,0x0000,0x0000,0x0000,0x0000,0x0000,0x0000,0x0000,0x0000,0x0000,0x0000,
    0x0000,0x0000,0x0000,0x0000,0x0000,0x0000,0x0000,0x0000,0x0000,0x0000,0x0000,0x0000,0x0000,0x0000,0x0000,0x0000,0x0000,0x0000,0x0000,0x0000,0x0000,0x0000,0x0000,0x0000,
    0x0000,0x0000,0x0000,0x0000,0x0000,0x0000,0x0000,0x0000,0x0000,0x0000,0x0000,0x0000,0x0000,0x0000,0x0000,0x0000,0x0000,0x0000,0x0000,0x0000,0x0000,0x0000,0x0000,0x0000,
    0x0000,0x41a6,0xde7a,0x7b6e,0x5800,0x1020,0x0000,0x1000,0x9862,0x0800,0x08c5,0x326f,0x42f1,0x42d0,0x42f1,0x4b11,0x3ad0,0x3ad0,0x3aaf,0x21aa,0x0021,0x0000,0x1000,0x7821,
    0x0800,0x0000,0x7821,0x8841,0x0000,0x0000,0x0021,0x2a0d,0x3ad0,0x42d0,0x4b31,0x9cd5,0xfeb8,0xde17,0x42f0,0x326e,0x21aa,0x0000,0x1000,0x2000,0x0000,0x0000,0x0800,0x1000,
    0x0820,0xb535,0x4a29,0x0000,0x0000,0x0000,0x0000,0x0000,0x0000,0x0000,0x1000,0x2800,0x0000,0x0000,0x0000,0x0000,0x0000,0x0000,0x0000,0x0000,0x0000,0x0000,0x0000,0x0000,
    0x0000,0x0000,0x0000,0x0000,0x0000,0x0000,0x0000,0x0000,0x0000,0x0000,0x0000,0x0000,0x0000,0x0000,0x0000,0x0000,0x0000,0x0000,0x0000,0x0000,0x0000,0x0000,0x0000,0x0000,
    0x0000,0x0000,0x0000,0x0000,0x0000,0x0000,0x0000,0x0000,0x0000,0x0000,0x0000,0x0000,0x0000,0x0000,0x0000,0x0000,0x0000,0x0000,0x0000,0x0000,0x0000,0x0000,0x0000,0x0000,
    0x0000,0x0000,0x0000,0x0000,0x0000,0x0000,0x0000,0x0000,0x0000,0x0000,0x0000,0x0000,0x0000,0x0000,0x0000,0x0000,0x0000,0x0000,0x0000,0x0000,0x0000,0x0000,0x0000,0x0000,
    0x0000,0x0000,0x0000,0x0000,0x0000,0x0000,0x0000,0x0000,0x0000,0x0000,0x0000,0x0000,0x0000,0x0000,0x0000,0x0000,0x0000,0x5269,0x9c92,0x18a2,0x1000,0x1020,0x0000,0x2820,
    0x4021,0x0000,0x08a4,0x324e,0x3aaf,0x4b32,0x4b32,0x4b52,0x4311,0x3a8f,0x3a6f,0x1948,0x0000,0x0000,0x0000,0x2000,0x3000,0x0000,0x0000,0x7021,0x4000,0x0000,0x0000,0x1948,
    0x3a8f,0x3af0,0x8474,0xee36,0xe678,0x7c74,0x3af1,0x42cf,0x21cb,0x0021,0x0000,0x0000,0x0000,0x0000,0x0000,0x0000,0x0000,0x526a,0x8bf0,0x0000,0x0000,0x0000,0x0000,0x0000,
    0x0000,0x0000,0x0000,0x0000,0x0000,0x0000,0x0000,0x0000,0x0000,0x0000,0x0000,0x0000,0x0000,0x0000,0x0000,0x0000,0x0000,0x0000,0x0000,0x0000,0x0000,0x0000,0x0000,0x0000,
    0x0000,0x0000,0x0000,0x0000,0x0000,0x0000,0x0000,0x0000,0x0000,0x0000,0x0000,0x0000,0x0000,0x0000,0x0000,0x0000,0x0000,0x0000,0x0000,0x0000,0x0000,0x0000,0x0000,0x0000,
    0x0000,0x0000,0x0000,0x0000,0x0000,0x0000,0x0000,0x0000,0x0000,0x0000,0x0000,0x0000,0x0000,0x0000,0x0000,0x0000,0x0000,0x0000,0x0000,0x0000,0x0000,0x0000,0x0000,0x0000,
    0x0000,0x0000,0x0000,0x0000,0x0000,0x0000,0x0000,0x0000,0x0000,0x0000,0x0000,0x0000,0x0000,0x0000,0x0000,0x0000,0x0000,0x0000,0x0000,0x0000,0x0000,0x0000,0x0000,0x0000,
    0x0000,0x0000,0x0000,0x0000,0x0000,0x0000,0x0000,0x0000,0x0000,0x7b6e,0x730d,0x0000,0x0000,0x0000,0x0000,0x0800,0x0000,0x0000,0x1106,0x29ec,0x324e,0x4b32,0x5373,0x5372,
    0x5352,0x3aaf,0x322e,0x1969,0x0000,0x0000,0x0000,0x0000,0x0000,0x0000,0x0000,0x0000,0x2800,0x0800,0x0000,0x08a4,0x324e,0x42d0,0x6bd3,0x6bd2,0x63d2,0x4311,0x4b11,0x2a0c,
    0x21cb,0x1907,0x0000,0x0000,0x0000,0x0000,0x0000,0x0000,0x0000,0x1041,0x6acb,0x0841,0x0000,0x0000,0x0000,0x0000,0x0000,0x0000,0x0000,0x0000,0x0000,0x0000,0x0000,0x0000,
    0x0000,0x0000,0x0000,0x0000,0x0000,0x0000,0x0000,0x0000,0x0000,0x0000,0x0000,0x0000,0x0000,0x0000,0x0000,0x0000,0x0000,0x0000,0x0000,0x0000,0x0000,0x0000,0x0000,0x0000,
    0x0000,0x0000,0x0000,0x0000,0x0000,0x0000,0x0000,0x0000,0x0000,0x0000,0x0000,0x0000,0x0000,0x0000,0x0000,0x0000,0x0000,0x0000,0x0000,0x0000,0x0000,0x0000,0x0000,0x0000,
    0x0000,0x0000,0x0000,0x0000,0x0000,0x0000,0x0000,0x0000,0x0000,0x0000,0x0000,0x0000,0x0000,0x0000,0x0000,0x0000,0x0000,0x0000,0x0000,0x0000,0x0000,0x0000,0x0000,0x0000,
    0x0000,0x0000,0x0000,0x0000,0x0000,0x0000,0x0000,0x0000,0x0000,0x0000,0x0000,0x0000,0x0000,0x0000,0x0000,0x0000,0x0000,0x0000,0x0000,0x0000,0x0000,0x0000,0x0000,0x0000,
    0x0000,0x732d,0x3986,0x0000,0x0000,0x0000,0x0000,0x0000,0x0000,0x0841,0x324d,0x326e,0x42f0,0x5393,0x5393,0x4b32,0x4b52,0x4b11,0x2a2d,0x1927,0x0000,0x0000,0x0000,0x0000,
    0x0000,0x0000,0x0000,0x0000,0x0000,0x0000,0x0000,0x0042,0x322d,0x3aaf,0x42f1,0x42f1,0x5352,0x5393,0x4b52,0x42f0,0x324e,0x2a2d,0x0842,0x0000,0x0000,0x0000,0x0000,0x0000,
    0x0000,0x0000,0x3965,0x3986,0x0000,0x0000,0x0000,0x0000,0x0000,0x0000,0x0000,0x0000,0x0000,0x0000,0x0000,0x0000,0x0000,0x0000,0x0000,0x0000,0x0000,0x0000,0x0000,0x0000,
    0x0000,0x0000,0x0000,0x0000,0x0000,0x0000,0x0000,0x0000,0x0000,0x0000,0x0000,0x0000,0x0000,0x0000,0x0000,0x0000,0x0000,0x0000,0x0000,0x0000,0x0000,0x0000,0x0000,0x0000,
    0x0000,0x0000,0x0000,0x0000,0x0000,0x0000,0x0000,0x0000,0x0000,0x0000,0x0000,0x0000,0x0000,0x0000,0x0000,0x0000,0x0000,0x0000,0x0000,0x0000,0x0000,0x0000,0x0000,0x0000,
    0x0000,0x0000,0x0000,0x0000,0x0000,0x0000,0x0000,0x0000,0x0000,0x0000,0x0000,0x0000,0x0000,0x0000,0x0000,0x0000,0x0000,0x0000,0x0000,0x0000,0x0000,0x0000,0x0000,0x0000,
    0x0000,0x0000,0x0000,0x0000,0x0000,0x0000,0x0000,0x0000,0x0000,0x0000,0x0000,0x0000,0x0000,0x0000,0x0000,0x0000,0x18a2,0x5228,0x0000,0x0000,0x0000,0x0000,0x0000,0x0000,
    0x0000,0x0021,0x21cb,0x326f,0x42f1,0x5393,0x5393,0x5373,0x4b52,0x42f1,0x2a0d,0x10e6,0x0000,0x0000,0x0000,0x0000,0x0000,0x0000,0x0000,0x0000,0x0000,0x0000,0x0000,0x0020,
    0x21ab,0x3a8f,0x4b31,0x5352,0x5bd3,0x5bd3,0x4b31,0x3a8f,0x21cb,0x21cb,0x0842,0x0000,0x0000,0x0000,0x0000,0x0000,0x0000,0x0000,0x0841,0x4186,0x0000,0x0000,0x0000,0x0000,
    0x0000,0x0000,0x0000,0x0000,0x0000,0x0000,0x0000,0x0000,0x0000,0x0000,0x0000,0x0000,0x0000,0x0000,0x0000,0x0000,0x0000,0x0000,0x0000,0x0000,0x0000,0x0000,0x0000,0x0000,
    0x0000,0x0000,0x0000,0x0000,0x0000,0x0000,0x0000,0x0000,0x0000,0x0000,0x0000,0x0000,0x0000,0x0000,0x0000,0x0000,0x0000,0x0000,0x0000,0x0000,0x0000,0x0000,0x0000,0x0000,
    0x0000,0x0000,0x0000,0x0000,0x0000,0x0000,0x0000,0x0000,0x0000,0x0000,0x0000,0x0000,0x0000,0x0000,0x0000,0x0000,0x0000,0x0000,0x0000,0x0000,0x0000,0x0000,0x0000,0x0000,
    0x0000,0x0000,0x0000,0x0000,0x0000,0x0000,0x0000,0x0000,0x0000,0x0000,0x0000,0x0000,0x0000,0x0000,0x0000,0x0000,0x0000,0x0000,0x0000,0x0000,0x0000,0x0000,0x0000,0x0000,
    0x0000,0x0000,0x0000,0x0000,0x0000,0x0000,0x0000,0x0000,0x2104,0x5a6a,0x0000,0x0000,0x0000,0x0000,0x0000,0x0000,0x0000,0x0000,0x29cb,0x324e,0x322d,0x5373,0x5373,0x4b72,
    0x4b73,0x324e,0x21ab,0x0883,0x0000,0x0000,0x0000,0x0000,0x0000,0x0000,0x0000,0x0000,0x0000,0x0000,0x0000,0x0000,0x1107,0x324e,0x4b52,0x5352,0x5b93,0x5392,0x4b31,0x322d,
    0x2a0c,0x2a0d,0x08c5,0x0000,0x0000,0x0000,0x0000,0x0000,0x0000,0x0000,0x0000,0x3124,0x1061,0x0000,0x0000,0x0000,0x0000,0x0000,0x0000,0x0000,0x0000,0x0000,0x0000,0x0000,
    0x0000,0x0000,0x0000,0x0000,0x0000,0x0000,0x0000,0x0000,0x0000,0x0000,0x0000,0x0000,0x0000,0x0000,0x0000,0x0000,0x0000,0x0000,0x0000,0x0000,0x0000,0x0000,0x0000,0x0000,
    0x0000,0x0000,0x0000,0x0000,0x0000,0x0000,0x0000,0x0000,0x0000,0x0000,0x0000,0x0000,0x0000,0x0000,0x0000,0x0000,0x0000,0x0000,0x0000,0x0000,0x0000,0x0000,0x0000,0x0000,
    0x0000,0x0000,0x0000,0x0000,0x0000,0x0000,0x0000,0x0000,0x0000,0x0000,0x0000,0x0000,0x0000,0x0000,0x0000,0x0000,0x0000,0x0000,0x0000,0x0000,0x0000,0x0000,0x0000,0x0000,
    0x0000,0x0000,0x0000,0x0000,0x0000,0x0000,0x0000,0x0000,0x0000,0x0000,0x0000,0x0000,0x0000,0x0000,0x0000,0x0000,0x0000,0x0000,0x0000,0x0000,0x0000,0x0000,0x0000,0x0000,
    0x1882,0x1061,0x0000,0x0000,0x0000,0x0000,0x0000,0x0000,0x0000,0x10c4,0x324e,0x3a8f,0x324e,0x3ad0,0x4311,0x4331,0x3a8f,0x21cb,0x1948,0x0000,0x0000,0x0000,0x0000,0x0000,
    0x0000,0x0000,0x0000,0x0000,0x0000,0x0000,0x0000,0x0000,0x0863,0x21cb,0x3a6f,0x4b11,0x4b52,0x4b52,0x42f1,0x324e,0x3aaf,0x324d,0x21cb,0x0842,0x0000,0x0000,0x0000,0x0000,
    0x0000,0x0000,0x0000,0x1061,0x20a2,0x0000,0x0000,0x0000,0x0000,0x0000,0x0000,0x0000,0x0000,0x0000,0x0000,0x0000,0x0000,0x0000,0x0000,0x0000,0x0000,0x0000,0x0000,0x0000,
    0x0000,0x0000,0x0000,0x0000,0x0000,0x0000,0x0000,0x0000,0x0000,0x0000,0x0000,0x0000,0x0000,0x0000,0x0000,0x0000,0x0000,0x0000,0x0000,0x0000,0x0000,0x0000,0x0000,0x0000,
    0x0000,0x0000,0x0000,0x0000,0x0000,0x0000,0x0000,0x0000,0x0000,0x0000,0x0000,0x0000,0x0000,0x0000,0x0000,0x0000,0x0000,0x0000,0x0000,0x0000,0x0000,0x0000,0x0000,0x0000,
    0x0000,0x0000,0x0000,0x0000,0x0000,0x0000,0x0000,0x0000,0x0000,0x0000,0x0000,0x0000,0x0000,0x0000,0x0000,0x0000,0x0000,0x0000,0x0000,0x0000,0x0000,0x0000,0x0000,0x0000,
    0x0000,0x0000,0x0000,0x0000,0x0000,0x0000,0x0000,0x0000,0x0000,0x0000,0x0000,0x0000,0x0000,0x0000,0x0000,0x0000,0x1061,0x0020,0x0000,0x0000,0x0000,0x0000,0x0000,0x0000,
    0x0000,0x31c8,0x8474,0x4b31,0x2a4e,0x29ed,0x324e,0x324e,0x29ec,0x21ec,0x1128,0x0000,0x0000,0x0000,0x0000,0x0000,0x0000,0x0000,0x0000,0x0000,0x0000,0x0000,0x0000,0x0000,
    0x0000,0x1128,0x29ec,0x29ec,0x3a6e,0x3a8f,0x324d,0x2a0c,0x42d0,0x42d0,0x3a8f,0x1127,0x0000,0x0000,0x0000,0x0000,0x0000,0x0000,0x0000,0x0000,0x0820,0x0000,0x0000,0x0000,
    0x0000,0x0000,0x0000,0x0000,0x0000,0x0000,0x0000,0x0000,0x0000,0x0000,0x0000,0x0000,0x0000,0x0000,0x0000,0x0000,0x0000,0x0000,0x0000,0x0000,0x0000,0x0000,0x0000,0x0000,
    0x0000,0x0000,0x0000,0x0000,0x0000,0x0000,0x0000,0x0000,0x0000,0x0000,0x0000,0x0000,0x0000,0x0000,0x0000,0x0000,0x0000,0x0000,0x0000,0x0000,0x0000,0x0000,0x0000,0x0000,
    0x0000,0x0000,0x0000,0x0000,0x0000,0x0000,0x0000,0x0000,0x0000,0x0000,0x0000,0x0000,0x0000,0x0000,0x0000,0x0000,0x0000,0x0000,0x0000,0x0000,0x0000,0x0000,0x0000,0x0000,
    0x0000,0x0000,0x0000,0x0000,0x0000,0x0000,0x0000,0x0000,0x0000,0x0000,0x0000,0x0000,0x0000,0x0000,0x0000,0x0000,0x0000,0x0000,0x0000,0x0000,0x0000,0x0000,0x0000,0x0000,
    0x0000,0x0000,0x0000,0x0000,0x0000,0x0000,0x0000,0x0000,0x0000,0x0000,0x0000,0x0000,0x0000,0x0000,0x0000,0x0000,0x0000,0x4aac,0xdd94,0xddf6,0x9494,0x3a6e,0x2a2d,0x29cb,
    0x2a0d,0x2a2d,0x10e6,0x0000,0x0000,0x0000,0x0000,0x0000,0x0000,0x0000,0x0000,0x0000,0x0000,0x0000,0x0000,0x0000,0x0000,0x0021,0x218a,0x2a0c,0x21cb,0x2a0d,0x29ec,0x320c,
    0x42f0,0x3ad0,0x326f,0x29ec,0x0021,0x0000,0x0000,0x0000,0x0000,0x0000,0x0000,0x0000,0x0000,0x0000,0x0000,0x0000,0x0000,0x0000,0x0000,0x0000,0x0000,0x0000,0x0000,0x0000,
    0x0000,0x0000,0x0000,0x0000,0x0000,0x0000,0x0000,0x0000,0x0000,0x0000,0x0000,0x0000,0x0000,0x0000,0x0000,0x0000,0x0000,0x0000,0x0000,0x0000,0x0000,0x0000,0x0000,0x0000,
    0x0000,0x0000,0x0000,0x0000,0x0000,0x0000,0x0000,0x0000,0x0000,0x0000,0x0000,0x0000,0x0000,0x0000,0x0000,0x0000,0x0000,0x0000,0x0000,0x0000,0x0000,0x0000,0x0000,0x0000,
    0x0000,0x0000,0x0000,0x0000,0x0000,0x0000,0x0000,0x0000,0x0000,0x0000,0x0000,0x0000,0x0000,0x0000,0x0000,0x0000,0x0000,0x0000,0x0000,0x0000,0x0000,0x0000,0x0000,0x0000,
    0x0000,0x0000,0x0000,0x0000,0x0000,0x0000,0x0000,0x0000,0x0000,0x0000,0x0000,0x0000,0x0000,0x0000,0x0000,0x0000,0x0000,0x0000,0x0000,0x0000,0x0000,0x0000,0x0000,0x0000,
    0x0000,0x0000,0x0000,0x0000,0x0000,0x0000,0x0000,0x0000,0x0000,0x29eb,0x73f2,0xcdd7,0xe5f6,0xb515,0x4b10,0x2a0c,0x322d,0x21cb,0x08a5,0x0000,0x0000,0x0000,0x0000,0x0000,
    0x0000,0x0000,0x0000,0x0000,0x0000,0x0000,0x0000,0x0000,0x0000,0x0000,0x10e6,0x322d,0x3a8f,0x324e,0x29eb,0x29ec,0x29ec,0x322d,0x324e,0x322d,0x08a4,0x0000,0x0000,0x0000,
    0x0000,0x0000,0x0000,0x0000,0x0000,0x0000,0x0000,0x0000,0x0000,0x0000,0x0000,0x0000,0x0000,0x0000,0x0000,0x0000,0x0000,0x0000,0x0000,0x0000,0x0000,0x0000,0x0000,0x0000,
    0x0000,0x0000,0x0000,0x0000,0x0000,0x0000,0x0000,0x0000,0x0000,0x0000,0x0000,0x0000,0x0000,0x0000,0x0000,0x0000,0x0000,0x0000,0x0000,0x0000,0x0000,0x0000,0x0000,0x0000,
    0x0000,0x0000,0x0000,0x0000,0x0000,0x0000,0x0000,0x0000,0x0000,0x0000,0x0000,0x0000,0x0000,0x0000,0x0000,0x0000,0x0000,0x0000,0x0000,0x0000,0x0000,0x0000,0x0000,0x0000,
    0x0000,0x0000,0x0000,0x0000,0x0000,0x0000,0x0000,0x0000,0x0000,0x0000,0x0000,0x0000,0x0000,0x0000,0x0000,0x0000,0x0000,0x0000,0x0000,0x0000,0x0000,0x0000,0x0000,0x0000,
    0x0000,0x0000,0x0000,0x0000,0x0000,0x0000,0x0000,0x0000,0x0000,0x0000,0x0000,0x0000,0x0000,0x0000,0x0000,0x0000,0x0000,0x0000,0x0000,0x0000,0x0000,0x0000,0x0000,0x0000,
    0x0042,0x21ec,0x2a2d,0x324d,0x42f0,0x5b72,0x42f0,0x324e,0x21cb,0x21cc,0x08a4,0x0000,0x0000,0x0000,0x0000,0x0000,0x0000,0x0000,0x0000,0x0000,0x0000,0x0000,0x0000,0x0000,
    0x0000,0x0000,0x08a4,0x21ab,0x322d,0x4b32,0x4b11,0x4b11,0x42d0,0x326e,0x324d,0x324e,0x1948,0x0000,0x0000,0x0000,0x0000,0x0000,0x0000,0x0000,0x0000,0x0000,0x0000,0x0000,
    0x0000,0x0000,0x0000,0x0000,0x0000,0x0000,0x0000,0x0000,0x0000,0x0000,0x0000,0x0000,0x0000,0x0000,0x0000,0x0000,0x0000,0x0000,0x0000,0x0000,0x0000,0x0000,0x0000,0x0000,
    0x0000,0x0000,0x0000,0x0000,0x0000,0x0000,0x0000,0x0000,0x0000,0x0000,0x0000,0x0000,0x0000,0x0000,0x0000,0x0000,0x0000,0x0000,0x0000,0x0000,0x0000,0x0000,0x0000,0x0000,
    0x0000,0x0000,0x0000,0x0000,0x0000,0x0000,0x0000,0x0000,0x0000,0x0000,0x0000,0x0000,0x0000,0x0000,0x0000,0x0000,0x0000,0x0000,0x0000,0x0000,0x0000,0x0000,0x0000,0x0000,
    0x0000,0x0000,0x0000,0x0000,0x0000,0x0000,0x0000,0x0000,0x0000,0x0000,0x0000,0x0000,0x0000,0x0000,0x0000,0x0000,0x0000,0x0000,0x0000,0x0000,0x0000,0x0000,0x0000,0x0000,
    0x0000,0x0000,0x0000,0x0000,0x0000,0x0000,0x0000,0x0000,0x0000,0x0000,0x0000,0x0000,0x0000,0x0000,0x0000,0x0000,0x0883,0x2a2d,0x3a8f,0x322d,0x2a0d,0x3ad1,0x3a8f,0x2a0d,
    0x322d,0x29ec,0x0883,0x0000,0x0000,0x0000,0x0000,0x0000,0x0000,0x0000,0x0000,0x0000,0x0000,0x0000,0x0000,0x0000,0x0000,0x0000,0x0042,0x21cb,0x29cc,0x2a0c,0x4b11,0x5373,
    0x4b32,0x42f1,0x3a8f,0x3a8f,0x21cb,0x0000,0x0000,0x0000,0x0000,0x0000,0x0000,0x0000,0x0000,0x0000,0x0000,0x0000,0x0000,0x0000,0x0000,0x0000,0x0000,0x0000,0x0000,0x0000,
    0x0000,0x0000,0x0000,0x0000,0x0000,0x0000,0x0000,0x0000,0x0000,0x0000,0x0000,0x0000,0x0000,0x0000,0x0000,0x0000,0x0000,0x0000,0x0000,0x0000,0x0000,0x0000,0x0000,0x0000,
    0x0000,0x0000,0x0000,0x0000,0x0000,0x0000,0x0000,0x0000,0x0000,0x0000,0x0000,0x0000,0x0000,0x0000,0x0000,0x0000,0x0000,0x0000,0x0000,0x0000,0x0000,0x0000,0x0000,0x0000,
    0x0000,0x0000,0x0000,0x0000,0x0000,0x0000,0x0000,0x0000,0x0000,0x0000,0x0000,0x0000,0x0000,0x0000,0x0000,0x0000,0x0000,0x0000,0x0000,0x0000,0x0000,0x0000,0x0000,0x0000,
    0x0000,0x0000,0x0000,0x0000,0x0000,0x0000,0x0000,0x0000,0x0000,0x0000,0x0000,0x0000,0x0000,0x0000,0x0000,0x0000,0x0000,0x0000,0x0000,0x0000,0x0000,0x0000,0x0000,0x0000,
    0x0000,0x0000,0x0000,0x0000,0x0000,0x0000,0x0000,0x0000,0x08a4,0x326f,0x3a8f,0x3a6e,0x322d,0x3a8f,0x326e,0x326e,0x324e,0x29ec,0x0062,0x0000,0x0000,0x0000,0x0000,0x0000,
    0x0000,0x0000,0x0000,0x0000,0x0000,0x0000,0x0000,0x0000,0x0000,0x0000,0x0000,0x1949,0x324e,0x324d,0x324d,0x42f1,0x3a8f,0x3ad0,0x3aaf,0x3aaf,0x29ec,0x0021,0x0000,0x0000,
    0x0000,0x0000,0x0000,0x0000,0x0000,0x0000,0x0000,0x0000,0x0000,0x0000,0x0000,0x0000,0x0000,0x0000,0x0000,0x0000,0x0000,0x0000,0x0000,0x0000,0x0000,0x0000,0x0000,0x0000,
    0x0000,0x0000,0x0000,0x0000,0x0000,0x0000,0x0000,0x0000,0x0000,0x0000,0x0000,0x0000,0x0000,0x0000,0x0000,0x0000,0x0000,0x0000,0x0000,0x0000,0x0000,0x0000,0x0000,0x0000,
    0x0000,0x0000,0x0000,0x0000,0x0000,0x0000,0x0000,0x0000,0x0000,0x0000,0x0000,0x0000,0x0000,0x0000,0x0000,0x0000,0x0000,0x0000,0x0000,0x0000,0x0000,0x0000,0x0000,0x0000,
    0x0000,0x0000,0x0000,0x0000,0x0000,0x0000,0x0000,0x0000,0x0000,0x0000,0x0000,0x0000,0x0000,0x0000,0x0000,0x0000,0x0000,0x0000,0x0000,0x0000,0x0000,0x0000,0x0000,0x0000,
    0x0000,0x0000,0x0000,0x0000,0x0000,0x0000,0x0000,0x0000,0x0000,0x0000,0x0000,0x0000,0x0000,0x0000,0x0000,0x0000,0x0000,0x0000,0x0000,0x0000,0x0000,0x0000,0x0000,0x0000,
    0x08a5,0x3a8f,0x3ab0,0x3a8f,0x3a6f,0x326f,0x326e,0x326e,0x3a6f,0x21cc,0x0021,0x0000,0x0000,0x0000,0x0000,0x0000,0x0000,0x0000,0x0000,0x0000,0x0000,0x0000,0x0000,0x0000,
    0x0000,0x0000,0x0000,0x10c6,0x2a2d,0x3a8f,0x3a6f,0x3a8f,0x3a8f,0x3a8f,0x3a8f,0x3ab0,0x2a0c,0x0062,0x0000,0x0000,0x0000,0x0000,0x0000,0x0000,0x0000,0x0000,0x0000,0x0000,
    0x0000,0x0000,0x0000,0x0000,0x0000,0x0000,0x0000,0x0000,0x0000,0x0000,0x0000,0x0000,0x0000,0x0000,0x0000,0x0000,0x0000,0x0000,0x0000,0x0000,0x0000,0x0000,0x0000,0x0000,
    0x0000,0x0000,0x0000,0x0000,0x0000,0x0000,0x0000,0x0000,0x0000,0x0000,0x0000,0x0000,0x0000,0x0000,0x0000,0x0000,0x0000,0x0000,0x0000,0x0000,0x0000,0x0000,0x0000,0x0000,
    0x0000,0x0000,0x0000,0x0000,0x0000,0x0000,0x0000,0x0000,0x0000,0x0000,0x0000,0x0000,0x0000,0x0000,0x0000,0x0000,0x0000,0x0000,0x0000,0x0000,0x0000,0x0000,0x0000,0x0000,
    0x0000,0x0000,0x0000,0x0000,0x0000,0x0000,0x0000,0x0000,0x0000,0x0000,0x0000,0x0000,0x0000,0x0000,0x0000,0x0000,0x0000,0x0000,0x0000,0x0000,0x0000,0x0000,0x0000,0x0000,
    0x0000,0x0000,0x0000,0x0000,0x0000,0x0000,0x0000,0x0000,0x0000,0x0000,0x0000,0x0000,0x0000,0x0000,0x0000,0x0000,0x0884,0x326f,0x3ad0,0x3ab0,0x3aaf,0x3a8f,0x3a6f,0x3a8f,
    0x3ab0,0x21aa,0x0000,0x0000,0x0000,0x0000,0x0000,0x0000,0x0000,0x0000,0x0000,0x0000,0x0000,0x0000,0x0000,0x0000,0x0000,0x0000,0x0000,0x0062,0x2a0d,0x3aaf,0x3a8f,0x3a8f,
    0x3a8f,0x3ab0,0x3a8f,0x3ad0,0x2a2d,0x08a4,0x0000,0x0000,0x0000,0x0000,0x0000,0x0000,0x0000,0x0000,0x0000,0x0000,0x0000,0x0000,0x0000,0x0000,0x0000,0x0000,0x0000,0x0000,
    0x0000,0x0000,0x0000,0x0000,0x0000,0x0000,0x0000,0x0000,0x0000,0x0000,0x0000,0x0000,0x0000,0x0000,0x0000,0x0000,0x0000,0x0000,0x0000,0x0000,0x0000,0x0000,0x0000,0x0000,
    0x0000,0x0000,0x0000,0x0000,0x0000,0x0000,0x0000,0x0000,0x0000,0x0000,0x0000,0x0000,0x0000,0x0000,0x0000,0x0000,0x0000,0x0000,0x0000,0x0000,0x0000,0x0000,0x0000,0x0000,
    0x0000,0x0000,0x0000,0x0000,0x0000,0x0000,0x0000,0x0000,0x0000,0x0000,0x0000,0x0000,0x0000,0x0000,0x0000,0x0000,0x0000,0x0000,0x0000,0x0000,0x0000,0x0000,0x0000,0x0000,
    0x0000,0x0000,0x0000,0x0000,0x0000,0x0000,0x0000,0x0000,0x0000,0x0000,0x0000,0x0000,0x0000,0x0000,0x0000,0x0000,0x0000,0x0000,0x0000,0x0000,0x0000,0x0000,0x0000,0x0000,
    0x0000,0x0000,0x0000,0x0000,0x0000,0x0000,0x0000,0x0000,0x0063,0x324e,0x4311,0x3ad0,0x3a8f,0x3a8f,0x3a8f,0x3ab0,0x326f,0x1948,0x0000,0x0000,0x0000,0x0000,0x0000,0x0000,
    0x0000,0x0000,0x0000,0x0000,0x0000,0x0000,0x0000,0x0000,0x0000,0x0000,0x0000,0x0000,0x1969,0x3ab0,0x3a8f,0x326e,0x3a8f,0x3a8f,0x3a8f,0x42b0,0x324e,0x10e6,0x0000,0x0000,
    0x0000,0x0000,0x0000,0x0000,0x0000,0x0000,0x0000,0x0000,0x0000,0x0000,0x0000,0x0000,0x0000,0x0000,0x0000,0x0000,0x0000,0x0000,0x0000,0x0000,0x0000,0x0000,0x0000,0x0000,
    0x0000,0x0000,0x0000,0x0000,0x0000,0x0000,0x0000,0x0000,0x0000,0x0000,0x0000,0x0000,0x0000,0x0000,0x0000,0x0000,0x0000,0x0000,0x0000,0x0000,0x0000,0x0000,0x0000,0x0000,
    0x0000,0x0000,0x0000,0x0000,0x0000,0x0000,0x0000,0x0000,0x0000,0x0000,0x0000,0x0000,0x0000,0x0000,0x0000,0x0000,0x0000,0x0000,0x0000,0x0000,0x0000,0x0000,0x0000,0x0000,
    0x0000,0x0000,0x0000,0x0000,0x0000,0x0000,0x0000,0x0000,0x0000,0x0000,0x0000,0x0000,0x0000,0x0000,0x0000,0x0000,0x0000,0x0000,0x0000,0x0000,0x0000,0x0000,0x0000,0x0000,
    0x0000,0x0000,0x0000,0x0000,0x0000,0x0000,0x0000,0x0000,0x0000,0x0000,0x0000,0x0000,0x0000,0x0000,0x0000,0x0000,0x0000,0x0000,0x0000,0x0000,0x0000,0x0000,0x0000,0x0000,
    0x0041,0x21ec,0x42f1,0x42f1,0x3ab0,0x3ab0,0x3ab0,0x3a8f,0x2a2d,0x10e6,0x0000,0x0000,0x0000,0x0000,0x0000,0x0000,0x0000,0x0000,0x0000,0x0000,0x0000,0x0000,0x0000,0x0000,
    0x0000,0x0000,0x0000,0x0000,0x08a4,0x326e,0x42d0,0x326f,0x3a6f,0x3a8f,0x3aaf,0x42d0,0x2a2e,0x1107,0x0000,0x0000,0x0000,0x0000,0x0000,0x0000,0x0000,0x0000,0x0000,0x0000,
    0x0000,0x0000,0x0000,0x0000,0x0000,0x0000,0x0000,0x0000,0x0000,0x0000,0x0000,0x0000,0x0000,0x0000,0x0000,0x0000,0x0000,0x0000,0x0000,0x0000,0x0000,0x0000,0x0000,0x0000,
    0x0000,0x0000,0x0000,0x0000,0x0000,0x0000,0x0000,0x0000,0x0000,0x0000,0x0000,0x0000,0x0000,0x0000,0x0000,0x0000,0x0000,0x0000,0x0000,0x0000,0x0000,0x0000,0x0000,0x0000,
    0x0000,0x0000,0x0000,0x0000,0x0000,0x0000,0x0000,0x0000,0x0000,0x0000,0x0000,0x0000,0x0000,0x0000,0x0000,0x0000,0x0000,0x0000,0x0000,0x0000,0x0000,0x0000,0x0000,0x0000,
    0x0000,0x0000,0x0000,0x0000,0x0000,0x0000,0x0000,0x0000,0x0000,0x0000,0x0000,0x0000,0x0000,0x0000,0x0000,0x0000,0x0000,0x0000,0x0000,0x0000,0x0000,0x0000,0x0000,0x0000,
    0x0000,0x0000,0x0000,0x0000,0x0000,0x0000,0x0000,0x0000,0x0000,0x0000,0x0000,0x0000,0x0000,0x0000,0x0000,0x0000,0x0021,0x21cb,0x3ab0,0x4b11,0x3ab0,0x3ad0,0x3aaf,0x322d,
    0x2a2d,0x08a4,0x0000,0x0000,0x0000,0x0000,0x0000,0x0000,0x0000,0x0000,0x0000,0x0000,0x0000,0x0000,0x0000,0x0000,0x0000,0x0000,0x0000,0x0000,0x0021,0x21ab,0x3ab0,0x42f1,
    0x326f,0x326e,0x4311,0x3aaf,0x2a0d,0x1127,0x0000,0x0000,0x0000,0x0000,0x0000,0x0000,0x0000,0x0000,0x0000,0x0000,0x0000,0x0000,0x0000,0x0000,0x0000,0x0000,0x0000,0x0000,
    0x0000,0x0000,0x0000,0x0000,0x0000,0x0000,0x0000,0x0000,0x0000,0x0000,0x0000,0x0000,0x0000,0x0000,0x0000,0x0000,0x0000,0x0000,0x0000,0x0000,0x0000,0x0000,0x0000,0x0000,
    0x0000,0x0000,0x0000,0x0000,0x0000,0x0000,0x0000,0x0000,0x0000,0x0000,0x0000,0x0000,0x0000,0x0000,0x0000,0x0000,0x0000,0x0000,0x0000,0x0000,0x0000,0x0000,0x0000,0x0000,
    0x0000,0x0000,0x0000,0x0000,0x0000,0x0000,0x0000,0x0000,0x0000,0x0000,0x0000,0x0000,0x0000,0x0000,0x0000,0x0000,0x0000,0x0000,0x0000,0x0000,0x0000,0x0000,0x0000,0x0000,
    0x0000,0x0000,0x0000,0x0000,0x0000,0x0000,0x0000,0x0000,0x0000,0x0000,0x0000,0x0000,0x0000,0x0000,0x0000,0x0000,0x0000,0x0000,0x0000,0x0000,0x0000,0x0000,0x0000,0x0000,
    0x0000,0x0000,0x0000,0x0000,0x0000,0x0000,0x0000,0x0000,0x0000,0x1989,0x324e,0x4311,0x42f1,0x3a8f,0x326e,0x2a0d,0x29ec,0x0863,0x0000,0x0000,0x0000,0x0000,0x0000,0x0000,
    0x0000,0x0000,0x0000,0x0000,0x0000,0x0000,0x0000,0x0000,0x0000,0x0000,0x0000,0x0000,0x0000,0x1106,0x2a0d,0x3a8f,0x4311,0x3a8f,0x42f1,0x2a2d,0x2a2d,0x1948,0x0000,0x0000,
    0x0000,0x0000,0x0000,0x0000,0x0000,0x0000,0x0000,0x0000,0x0000,0x0000,0x0000,0x0000,0x0000,0x0000,0x0000,0x0000,0x0000,0x0000,0x0000,0x0000,0x0000,0x0000,0x0000,0x0000,
    0x0000,0x0000,0x0000,0x0000,0x0000,0x0000,0x0000,0x0000,0x0000,0x0000,0x0000,0x0000,0x0000,0x0000,0x0000,0x0000,0x0000,0x0000,0x0000,0x0000,0x0000,0x0000,0x0000,0x0000,
    0x0000,0x0000,0x0000,0x0000,0x0000,0x0000,0x0000,0x0000,0x0000,0x0000,0x0000,0x0000,0x0000,0x0000,0x0000,0x0000,0x0000,0x0000,0x0000,0x0000,0x0000,0x0000,0x0000,0x0000,
    0x0000,0x0000,0x0000,0x0000,0x0000,0x0000,0x0000,0x0000,0x0000,0x0000,0x0000,0x0000,0x0000,0x0000,0x0000,0x0000,0x0000,0x0000,0x0000,0x0000,0x0000,0x0000,0x0000,0x0000,
    0x0000,0x0000,0x0000,0x0000,0x0000,0x0000,0x0000,0x0000,0x0000,0x0000,0x0000,0x0000,0x0000,0x0000,0x0000,0x0000,0x0000,0x0000,0x0000,0x0000,0x0000,0x0000,0x0000,0x0000,
    0x0000,0x1928,0x2a2e,0x3ab0,0x4b52,0x324d,0x29ec,0x322e,0x21cb,0x0042,0x0000,0x0000,0x0000,0x0000,0x0000,0x0000,0x0000,0x0000,0x0000,0x0000,0x0000,0x0000,0x0000,0x0000,
    0x0000,0x0000,0x0000,0x0000,0x0000,0x0042,0x2a0d,0x29ec,0x3aaf,0x4b32,0x42d0,0x21ab,0x322d,0x1989,0x0000,0x0000,0x0000,0x0000,0x0000,0x0000,0x0000,0x0000,0x0000,0x0000,
    0x0000,0x0000,0x0000,0x0000,0x0000,0x0000,0x0000,0x0000,0x0000,0x0000,0x0000,0x0000,0x0000,0x0000,0x0000,0x0000,0x0000,0x0000,0x0000,0x0000,0x0000,0x0000,0x0000,0x0000,
    0x0000,0x0000,0x0000,0x0000,0x0000,0x0000,0x0000,0x0000,0x0000,0x0000,0x0000,0x0000,0x0000,0x0000,0x0000,0x0000,0x0000,0x0000,0x0000,0x0000,0x0000,0x0000,0x0000,0x0000,
    0x0000,0x0000,0x0000,0x0000,0x0000,0x0000,0x0000,0x0000,0x0000,0x0000,0x0000,0x0000,0x0000,0x0000,0x0000,0x0000,0x0000,0x0000,0x0000,0x0000,0x0000,0x0000,0x0000,0x0000,
    0x0000,0x0000,0x0000,0x0000,0x0000,0x0000,0x0000,0x0000,0x0000,0x0000,0x0000,0x0000,0x0000,0x0000,0x0000,0x0000,0x0000,0x0000,0x0000,0x0000,0x0000,0x0000,0x0000,0x0000,
    0x0000,0x0000,0x0000,0x0000,0x0000,0x0000,0x0000,0x0000,0x0000,0x0000,0x0000,0x0000,0x0000,0x0000,0x0000,0x0000,0x0000,0x10e6,0x324e,0x2a2d,0x42f1,0x4311,0x324d,0x21ab,
    0x21ab,0x10c5,0x0000,0x0000,0x0000,0x0000,0x0000,0x0000,0x0000,0x0000,0x0000,0x0000,0x0000,0x0000,0x0000,0x0000,0x0000,0x0000,0x0000,0x0000,0x0000,0x0000,0x21aa,0x324e,
    0x29ec,0x4311,0x4b32,0x29ec,0x29ec,0x21ab,0x0021,0x0000,0x0000,0x0000,0x0000,0x0000,0x0000,0x0000,0x0000,0x0000,0x0000,0x0000,0x0000,0x0000,0x0000,0x0000,0x0000,0x0000,
    0x0000,0x0000,0x0000,0x0000,0x0000,0x0000,0x0000,0x0000,0x0000,0x0000,0x0000,0x0000,0x0000,0x0000,0x0000,0x0000,0x0000,0x0000,0x0000,0x0000,0x0000,0x0000,0x0000,0x0000,
    0x0000,0x0000,0x0000,0x0000,0x0000,0x0000,0x0000,0x0000,0x0000,0x0000,0x0000,0x0000,0x0000,0x0000,0x0000,0x0000,0x0000,0x0000,0x0000,0x0000,0x0000,0x0000,0x0000,0x0000,
    0x0000,0x0000,0x0000,0x0000,0x0000,0x0000,0x0000,0x0000,0x0000,0x0000,0x0000,0x0000,0x0000,0x0000,0x0000,0x0000,0x0000,0x0000,0x0000,0x0000,0x0000,0x0000,0x0000,0x0000,
    0x0000,0x0000,0x0000,0x0000,0x0000,0x0000,0x0000,0x0000,0x0000,0x0000,0x0000,0x0000,0x0000,0x0000,0x0000,0x0000,0x0000,0x0000,0x0000,0x0000,0x0000,0x0000,0x0000,0x0000,
    0x0000,0x0000,0x0000,0x0000,0x0000,0x0000,0x0000,0x0000,0x0000,0x0884,0x322e,0x29ec,0x3a8f,0x42d0,0x4311,0x324d,0x29ec,0x198a,0x0000,0x0000,0x0000,0x0000,0x0000,0x0000,
    0x0000,0x0000,0x0000,0x0000,0x0000,0x0000,0x0000,0x0000,0x0000,0x0000,0x0000,0x0000,0x0000,0x0000,0x10e6,0x2a0d,0x326e,0x3ad0,0x42d0,0x3ab0,0x326f,0x29ed,0x1948,0x0000,
    0x0000,0x0000,0x0000,0x0000,0x0000,0x0000,0x0000,0x0000,0x0000,0x0000,0x0000,0x0000,0x0000,0x0000,0x0000,0x0000,0x0000,0x0000,0x0000,0x0000,0x0000,0x0000,0x0000,0x0000,
    0x0000,0x0000,0x0000,0x0000,0x0000,0x0000,0x0000,0x0000,0x0000,0x0000,0x0000,0x0000,0x0000,0x0000,0x0000,0x0000,0x0000,0x0000,0x0000,0x0000,0x0000,0x0000,0x0000,0x0000,
    0x0000,0x0000,0x0000,0x0000,0x0000,0x0000,0x0000,0x0000,0x0000,0x0000,0x0000,0x0000,0x0000,0x0000,0x0000,0x0000,0x0000,0x0000,0x0000,0x0000,0x0000,0x0000,0x0000,0x0000,
    0x0000,0x0000,0x0000,0x0000,0x0000,0x0000,0x0000,0x0000,0x0000,0x0000,0x0000,0x0000,0x0000,0x0000,0x0000,0x0000,0x0000,0x0000,0x0000,0x0000,0x0000,0x0000,0x0000,0x0000,
    0x0000,0x0000,0x0000,0x0000,0x0000,0x0000,0x0000,0x0000,0x0000,0x0000,0x0000,0x0000,0x0000,0x0000,0x0000,0x0000,0x0000,0x0000,0x0000,0x0000,0x0000,0x0000,0x0000,0x0000,
    0x0000,0x10e6,0x2a0c,0x3a8f,0x42f1,0x3ad0,0x42d1,0x42f1,0x3a6f,0x21cc,0x0042,0x0000,0x0000,0x0000,0x0000,0x0000,0x0000,0x0000,0x0000,0x0000,0x0000,0x0000,0x0000,0x0000,
    0x0000,0x0000,0x0000,0x0000,0x0000,0x0000,0x08c5,0x29ec,0x42f1,0x3ad0,0x3aaf,0x42d0,0x42f1,0x42f1,0x324e,0x0883,0x0000,0x0000,0x0000,0x0000,0x0000,0x0000,0x0000,0x0000,
    0x0000,0x0000,0x0000,0x0000,0x0000,0x0000,0x0000,0x0000,0x0000,0x0000,0x0000,0x0000,0x0000,0x0000,0x0000,0x0000,0x0000,0x0000,0x0000,0x0000,0x0000,0x0000,0x0000,0x0000,
    0x0000,0x0000,0x0000,0x0000,0x0000,0x0000,0x0000,0x0000,0x0000,0x0000,0x0000,0x0000,0x0000,0x0000,0x0000,0x0000,0x0000,0x0000,0x0000,0x0000,0x0000,0x0000,0x0000,0x0000,
    0x0000,0x0000,0x0000,0x0000,0x0000,0x0000,0x0000,0x0000,0x0000,0x0000,0x0000,0x0000,0x0000,0x0000,0x0000,0x0000,0x0000,0x0000,0x0000,0x0000,0x0000,0x0000,0x0000,0x0000,
    0x0000,0x0000,0x0000,0x0000,0x0000,0x0000,0x0000,0x0000,0x0000,0x0000,0x0000,0x0000,0x0000,0x0000,0x0000,0x0000,0x0000,0x0000,0x0000,0x0000,0x0000,0x0000,0x0000,0x0000,
    0x0000,0x0000,0x0000,0x0000,0x0000,0x0000,0x0000,0x0000,0x0000,0x0000,0x0000,0x0000,0x0000,0x0000,0x0000,0x0000,0x08a4,0x328f,0x42b0,0x4311,0x3ab0,0x2a2d,0x29eb,0x29ec,
    0x21ec,0x1969,0x0000,0x0000,0x0000,0x0000,0x0000,0x0000,0x0000,0x0000,0x0000,0x0000,0x0000,0x0000,0x0000,0x0000,0x0000,0x0000,0x0000,0x0000,0x0000,0x0001,0x21cb,0x3ab0,
    0x3ab0,0x322d,0x21cb,0x21ab,0x29ec,0x326f,0x29ed,0x08a4,0x0000,0x0000,0x0000,0x0000,0x0000,0x0000,0x0000,0x0000,0x0000,0x0000,0x0000,0x0000,0x0000,0x0000,0x0000,0x0000,
    0x0000,0x0000,0x0000,0x0000,0x0000,0x0000,0x0000,0x0000,0x0000,0x0000,0x0000,0x0000,0x0000,0x0000,0x0000,0x0000,0x0000,0x0000,0x0000,0x0000,0x0000,0x0000,0x0000,0x0000,
    0x0000,0x0000,0x0000,0x0000,0x0000,0x0000,0x0000,0x0000,0x0000,0x0000,0x0000,0x0000,0x0000,0x0000,0x0000,0x0000,0x0000,0x0000,0x0000,0x0000,0x0000,0x0000,0x0000,0x0000,
    0x0000,0x0000,0x0000,0x0000,0x0000,0x0000,0x0000,0x0000,0x0000,0x0000,0x0000,0x0000,0x0000,0x0000,0x0000,0x0000,0x0000,0x0000,0x0000,0x0000,0x0000,0x0000,0x0000,0x0000,
    0x0000,0x0000,0x0000,0x0000,0x0000,0x0000,0x0000,0x0000,0x0000,0x0000,0x0000,0x0000,0x0000,0x0000,0x0000,0x0000,0x0000,0x0000,0x0000,0x0000,0x0000,0x0000,0x0000,0x0000,
    0x0000,0x0000,0x0000,0x0000,0x0000,0x0000,0x0000,0x0000,0x1107,0x328f,0x42d0,0x2a0c,0x21cb,0x21cb,0x21cb,0x21cb,0x21ab,0x0884,0x0000,0x0000,0x0000,0x0000,0x0000,0x0000,
    0x0000,0x0000,0x0000,0x0000,0x0000,0x0000,0x0000,0x0000,0x0000,0x0000,0x0000,0x0000,0x0000,0x0863,0x326f,0x3aaf,0x21cb,0x21ab,0x21cb,0x21cb,0x324e,0x21cb,0x198a,0x0042,
    0x0000,0x0000,0x0000,0x0000,0x0000,0x0000,0x0000,0x0000,0x0000,0x0000,0x0000,0x0000,0x0000,0x0000,0x0000,0x0000,0x0000,0x0000,0x0000,0x0000,0x0000,0x0000,0x0000,0x0000,
    0x0000,0x0000,0x0000,0x0000,0x0000,0x0000,0x0000,0x0000,0x0000,0x0000,0x0000,0x0000,0x0000,0x0000,0x0000,0x0000,0x0000,0x0000,0x0000,0x0000,0x0000,0x0000,0x0000,0x0000,
    0x0000,0x0000,0x0000,0x0000,0x0000,0x0000,0x0000,0x0000,0x0000,0x0000,0x0000,0x0000,0x0000,0x0000,0x0000,0x0000,0x0000,0x0000,0x0000,0x0000,0x0000,0x0000,0x0000,0x0000,
    0x0000,0x0000,0x0000,0x0000,0x0000,0x0000,0x0000,0x0000,0x0000,0x0000,0x0000,0x0000,0x0000,0x0000,0x0000,0x0000,0x0000,0x0000,0x0000,0x0000,0x0000,0x0000,0x0000,0x0000,
    0x0000,0x0000,0x0000,0x0000,0x0000,0x0000,0x0000,0x0000,0x0000,0x0000,0x0000,0x0000,0x0000,0x0000,0x0000,0x0000,0x0000,0x0000,0x0000,0x0000,0x0000,0x0000,0x0000,0x0000,
    0x0021,0x198a,0x324e,0x324d,0x2a0c,0x326e,0x324d,0x21cb,0x198a,0x0863,0x0000,0x0000,0x0000,0x0000,0x0000,0x0000,0x0000,0x0000,0x0000,0x0000,0x0000,0x0000,0x0000,0x0000,
    0x0000,0x0000,0x0000,0x0000,0x0000,0x0000,0x1948,0x2a2d,0x324d,0x326e,0x2a0c,0x324e,0x29ec,0x21aa,0x1969,0x0021,0x0000,0x0000,0x0000,0x0000,0x0000,0x0000,0x0000,0x0000,
    0x0000,0x0000,0x0000,0x0000,0x0000,0x0000,0x0000,0x0000,0x0000,0x0000,0x0000,0x0000,0x0000,0x0000,0x0000,0x0000,0x0000,0x0000,0x0000,0x0000,0x0000,0x0000,0x0000,0x0000,
    0x0000,0x0000,0x0000,0x0000,0x0000,0x0000,0x0000,0x0000,0x0000,0x0000,0x0000,0x0000,0x0000,0x0000,0x0000,0x0000,0x0000,0x0000,0x0000,0x0000,0x0000,0x0000,0x0000,0x0000,
    0x0000,0x0000,0x0000,0x0000,0x0000,0x0000,0x0000,0x0000,0x0000,0x0000,0x0000,0x0000,0x0000,0x0000,0x0000,0x0000,0x0000,0x0000,0x0000,0x0000,0x0000,0x0000,0x0000,0x0000,
    0x0000,0x0000,0x0000,0x0000,0x0000,0x0000,0x0000,0x0000,0x0000,0x0000,0x0000,0x0000,0x0000,0x0000,0x0000,0x0000,0x0000,0x0000,0x0000,0x0000,0x0000,0x0000,0x0000,0x0000,
    0x0000,0x0000,0x0000,0x0000,0x0000,0x0000,0x0000,0x0000,0x0000,0x0000,0x0000,0x0000,0x0000,0x0000,0x0000,0x0000,0x0000,0x1948,0x21cb,0x322d,0x3ad0,0x4332,0x3ad0,0x2a2d,
    0x21cb,0x1127,0x0000,0x0000,0x0000,0x0000,0x0000,0x0000,0x0000,0x0000,0x0000,0x0000,0x0000,0x0000,0x0000,0x0000,0x0000,0x0000,0x0000,0x0000,0x0000,0x0000,0x0021,0x198a,
    0x2a0d,0x42d1,0x4b32,0x4312,0x326e,0x2a2d,0x2a0d,0x1107,0x0000,0x0000,0x0000,0x0000,0x0000,0x0000,0x0000,0x0000,0x0000,0x0000,0x0000,0x0000,0x0000,0x0000,0x0000,0x0000,
    0x0000,0x0000,0x0000,0x0000,0x0000,0x0000,0x0000,0x0000,0x0000,0x0000,0x0000,0x0000,0x0000,0x0000,0x0000,0x0000,0x0000,0x0000,0x0000,0x0000,0x0000,0x0000,0x0000,0x0000,
    0x0000,0x0000,0x0000,0x0000,0x0000,0x0000,0x0000,0x0000,0x0000,0x0000,0x0000,0x0000,0x0000,0x0000,0x0000,0x0000,0x0000,0x0000,0x0000,0x0000,0x0000,0x0000,0x0000,0x0000,
    0x0000,0x0000,0x0000,0x0000,0x0000,0x0000,0x0000,0x0000,0x0000,0x0000,0x0000,0x0000,0x0000,0x0000,0x0000,0x0000,0x0000,0x0000,0x0000,0x0000,0x0000,0x0000,0x0000,0x0000,
    0x0000,0x0000,0x0000,0x0000,0x0000,0x0000,0x0000,0x0000,0x0000,0x0000,0x0000,0x0000,0x0000,0x0000,0x0000,0x0000,0x0000,0x0000,0x0000,0x0000,0x0000,0x0000,0x0000,0x0000,
    0x0000,0x0000,0x0000,0x0000,0x0000,0x0000,0x0000,0x0000,0x0883,0x2a0d,0x3a8f,0x42f1,0x3aaf,0x3a6e,0x2a0d,0x29ec,0x21cb,0x1107,0x0000,0x0000,0x0000,0x0000,0x0000,0x0000,
    0x0000,0x0000,0x0000,0x0000,0x0000,0x0000,0x0000,0x0000,0x0000,0x0000,0x0000,0x0000,0x0000,0x0000,0x0021,0x1969,0x324e,0x3a8e,0x3a6e,0x42d0,0x3a8f,0x3a8f,0x2a0d,0x1949,
    0x0000,0x0000,0x0000,0x0000,0x0000,0x0000,0x0000,0x0000,0x0000,0x0000,0x0000,0x0000,0x0000,0x0000,0x0000,0x0000,0x0000,0x0000,0x0000,0x0000,0x0000,0x0000,0x0000,0x0000,
    0x0000,0x0000,0x0000,0x0000,0x0000,0x0000,0x0000,0x0000,0x0000,0x0000,0x0000,0x0000,0x0000,0x0000,0x0000,0x0000,0x0000,0x0000,0x0000,0x0000,0x0000,0x0000,0x0000,0x0000,
    0x0000,0x0000,0x0000,0x0000,0x0000,0x0000,0x0000,0x0000,0x0000,0x0000,0x0000,0x0000,0x0000,0x0000,0x0000,0x0000,0x0000,0x0000,0x0000,0x0000,0x0000,0x0000,0x0000,0x0000,
    0x0000,0x0000,0x0000,0x0000,0x0000,0x0000,0x0000,0x0000,0x0000,0x0000,0x0000,0x0000,0x0000,0x0000,0x0000,0x0000,0x0000,0x0000,0x0000,0x0000,0x0000,0x0000,0x0000,0x0000,
    0x0000,0x0000,0x0000,0x0000,0x0000,0x0000,0x0000,0x0000,0x0000,0x0000,0x0000,0x0000,0x0000,0x0000,0x0000,0x0000,0x0000,0x0000,0x0000,0x0000,0x0000,0x0000,0x0000,0x0000,
    0x0884,0x2a4e,0x326f,0x3ab0,0x42f1,0x4311,0x3ab0,0x2a0d,0x21cc,0x10e6,0x0000,0x0000,0x0000,0x0000,0x0000,0x0000,0x0000,0x0000,0x0000,0x0000,0x0000,0x0000,0x0000,0x0000,
    0x0000,0x0000,0x0000,0x0000,0x0000,0x0000,0x0021,0x21ab,0x2a0d,0x322d,0x42f1,0x4b53,0x42f1,0x326f,0x21ab,0x1969,0x0000,0x0000,0x0000,0x0000,0x0000,0x0000,0x0000,0x0000,
    0x0000,0x0000,0x0000,0x0000,0x0000,0x0000,0x0000,0x0000,0x0000,0x0000,0x0000,0x0000,0x0000,0x0000,0x0000,0x0000,0x0000,0x0000,0x0000,0x0000,0x0000,0x0000,0x0000,0x0000,
    0x0000,0x0000,0x0000,0x0000,0x0000,0x0000,0x0000,0x0000,0x0000,0x0000,0x0000,0x0000,0x0000,0x0000,0x0000,0x0000,0x0000,0x0000,0x0000,0x0000,0x0000,0x0000,0x0000,0x0000,
    0x0000,0x0000,0x0000,0x0000,0x0000,0x0000,0x0000,0x0000,0x0000,0x0000,0x0000,0x0000,0x0000,0x0000,0x0000,0x0000,0x0000,0x0000,0x0000,0x0000,0x0000,0x0000,0x0000,0x0000,
    0x0000,0x0000,0x0000,0x0000,0x0000,0x0000,0x0000,0x0000,0x0000,0x0000,0x0000,0x0000,0x0000,0x0000,0x0000,0x0000,0x0000,0x0000,0x0000,0x0000,0x0000,0x0000,0x0000,0x0000,
    0x0000,0x0000,0x0000,0x0000,0x0000,0x0000,0x0000,0x0000,0x0000,0x0000,0x0000,0x0000,0x0000,0x0000,0x0000,0x0000,0x0021,0x1969,0x21ec,0x322c,0x320b,0x320b,0x29a9,0x21a9,
    0x1948,0x0862,0x0000,0x0000,0x0000,0x0000,0x0000,0x0000,0x0000,0x0000,0x0000,0x0000,0x0000,0x0000,0x0000,0x0000,0x0000,0x0000,0x0000,0x0000,0x0000,0x0000,0x0000,0x1107,
    0x21cb,0x2a0c,0x3a4d,0x29a9,0x2988,0x2946,0x2905,0x1083,0x0000,0x0000,0x0000,0x0000,0x0000,0x0000,0x0000,0x0000,0x0000,0x0000,0x0000,0x0000,0x0000,0x0000,0x0000,0x0000,
    0x0000,0x0000,0x0000,0x0000,0x0000,0x0000,0x0000,0x0000,0x0000,0x0000,0x0000,0x0000,0x0000,0x0000,0x0000,0x0000,0x0000,0x0000,0x0000,0x0000,0x0000,0x0000,0x0000,0x0000,
    0x0000,0x0000,0x0000,0x0000,0x0000,0x0000,0x0000,0x0000,0x0000,0x0000,0x0000,0x0000,0x0000,0x0000,0x0000,0x0000,0x0000,0x0000,0x0000,0x0000,0x0000,0x0000,0x0000,0x0000,
    0x0000,0x0000,0x0000,0x0000,0x0000,0x0000,0x0000,0x0000,0x0000,0x0000,0x0000,0x0000,0x0000,0x0000,0x0000,0x0000,0x0000,0x0000,0x0000,0x0000,0x0000,0x0000,0x0000,0x0000,
    0x0000,0x0000,0x0000,0x0000,0x0000,0x0000,0x0000,0x0000,0x0000,0x0000,0x0000,0x0000,0x0000,0x0000,0x0000,0x0000,0x0000,0x0000,0x0000,0x0000,0x0000,0x0000,0x0000,0x0000,
    0x0000,0x0000,0x0000,0x0000,0x0000,0x0000,0x0000,0x0000,0x0000,0x1041,0x3124,0x4186,0x30e3,0x28e3,0x28c2,0x3924,0x28e3,0x0020,0x0000,0x0000,0x0000,0x0000,0x0000,0x0000,
    0x0000,0x0000,0x0000,0x0000,0x0000,0x0000,0x0000,0x0000,0x0000,0x0000,0x0000,0x0000,0x0000,0x0000,0x0000,0x0020,0x18a3,0x3104,0x3944,0x28c2,0x3924,0x3124,0x4185,0x20a2,
    0x0000,0x0000,0x0000,0x0000,0x0000,0x0000,0x0000,0x0000,0x0000,0x0000,0x0000,0x0000,0x0000,0x0000,0x0000,0x0000,0x0000,0x0000,0x0000,0x0000,0x0000,0x0000,0x0000,0x0000,
    0x0000,0x0000,0x0000,0x0000,0x0000,0x0000,0x0000,0x0000,0x0000,0x0000,0x0000,0x0000,0x0000,0x0000,0x0000,0x0000,0x0000,0x0000,0x0000,0x0000,0x0000,0x0000,0x0000,0x0000,
    0x0000,0x0000,0x0000,0x0000,0x0000,0x0000,0x0000,0x0000,0x0000,0x0000,0x0000,0x0000,0x0000,0x0000,0x0000,0x0000,0x0000,0x0000,0x0000,0x0000,0x0000,0x0000,0x0000,0x0000,
    0x0000,0x0000,0x0000,0x0000,0x0000,0x0000,0x0000,0x0000,0x0000,0x0000,0x0000,0x0000,0x0000,0x0000,0x0000,0x0000,0x0000,0x0000,0x0000,0x0000,0x0000,0x0000,0x0000,0x0000,
    0x0000,0x0000,0x0000,0x0000,0x0000,0x0000,0x0000,0x0000,0x0000,0x0000,0x0000,0x0000,0x0000,0x0000,0x0000,0x0000,0x0000,0x0000,0x0000,0x0000,0x0000,0x0000,0x0000,0x0000,
    0x0000,0x20a2,0x49a6,0x49c7,0x3104,0x4186,0x3124,0x3965,0x3124,0x0841,0x0000,0x0000,0x0000,0x0000,0x0000,0x0000,0x0000,0x0000,0x0000,0x0000,0x0000,0x0000,0x0000,0x0000,
    0x0000,0x0000,0x0000,0x0000,0x0000,0x0000,0x0000,0x0000,0x28e3,0x49a6,0x49a6,0x2904,0x3965,0x3104,0x3945,0x3104,0x0000,0x0000,0x0000,0x0000,0x0000,0x0000,0x0000,0x0000,
    0x0000,0x0000,0x0000,0x0000,0x0000,0x0000,0x0000,0x0000,0x0000,0x0000,0x0000,0x0000,0x0000,0x0000,0x0000,0x0000,0x0000,0x0000,0x0000,0x0000,0x0000,0x0000,0x0000,0x0000,
    0x0000,0x0000,0x0000,0x0000,0x0000,0x0000,0x0000,0x0000,0x0000,0x0000,0x0000,0x0000,0x0000,0x0000,0x0000,0x0000,0x0000,0x0000,0x0000,0x0000,0x0000,0x0000,0x0000,0x0000,
    0x0000,0x0000,0x0000,0x0000,0x0000,0x0000,0x0000,0x0000,0x0000,0x0000,0x0000,0x0000,0x0000,0x0000,0x0000,0x0000,0x0000,0x0000,0x0000,0x0000,0x0000,0x0000,0x0000,0x0000,
    0x0000,0x0000,0x0000,0x0000,0x0000,0x0000,0x0000,0x0000,0x0000,0x0000,0x0000,0x0000,0x0000,0x0000,0x0000,0x0000,0x0000,0x0000,0x0000,0x0000,0x0000,0x0000,0x0000,0x0000,
    0x0000,0x0000,0x0000,0x0000,0x0000,0x0000,0x0000,0x0000,0x0000,0x0000,0x0000,0x0000,0x0000,0x0000,0x0000,0x0000,0x0000,0x28e3,0x3944,0x4165,0x3124,0x49a6,0x3945,0x3944,
    0x3945,0x1882,0x0000,0x0000,0x0000,0x0000,0x0000,0x0000,0x0000,0x0000,0x0000,0x0000,0x0000,0x0000,0x0000,0x0000,0x0000,0x0000,0x0000,0x0000,0x0000,0x0000,0x0000,0x0020,
    0x3945,0x4165,0x49a6,0x3965,0x3965,0x3124,0x3945,0x4165,0x0820,0x0000,0x0000,0x0000,0x0000,0x0000,0x0000,0x0000,0x0000,0x0000,0x0000,0x0000,0x0000,0x0000,0x0000,0x0000,
    0x0000,0x0000,0x0000,0x0000,0x0000,0x0000,0x0000,0x0000,0x0000,0x0000,0x0000,0x0000,0x0000,0x0000,0x0000,0x0000,0x0000,0x0000,0x0000,0x0000,0x0000,0x0000,0x0000,0x0000,
    0x0000,0x0000,0x0000,0x0000,0x0000,0x0000,0x0000,0x0000,0x0000,0x0000,0x0000,0x0000,0x0000,0x0000,0x0000,0x0000,0x0000,0x0000,0x0000,0x0000,0x0000,0x0000,0x0000,0x0000,
    0x0000,0x0000,0x0000,0x0000,0x0000,0x0000,0x0000,0x0000,0x0000,0x0000,0x0000,0x0000,0x0000,0x0000,0x0000,0x0000,0x0000,0x0000,0x0000,0x0000,0x0000,0x0000,0x0000,0x0000,
    0x0000,0x0000,0x0000,0x0000,0x0000,0x0000,0x0000,0x0000,0x0000,0x0000,0x0000,0x0000,0x0000,0x0000,0x0000,0x0000,0x0000,0x0000,0x0000,0x0000,0x0000,0x0000,0x0000,0x0000,
    0x0000,0x0000,0x0000,0x0000,0x0000,0x0000,0x0000,0x0000,0x0000,0x3104,0x4165,0x51e7,0x4165,0x3945,0x3104,0x3945,0x4185,0x1882,0x0000,0x0000,0x0000,0x0000,0x0000,0x0000,
    0x0000,0x0000,0x0000,0x0000,0x0000,0x0000,0x0000,0x0000,0x0000,0x0000,0x0000,0x0000,0x0000,0x0000,0x0000,0x0020,0x3944,0x3945,0x49e7,0x49c7,0x3965,0x3945,0x28e3,0x41a6,
    0x28e3,0x0000,0x0000,0x0000,0x0000,0x0000,0x0000,0x0000,0x0000,0x0000,0x0000,0x0000,0x0000,0x0000,0x0000,0x0000,0x0000,0x0000,0x0000,0x0000,0x0000,0x0000,0x0000,0x0000,
    0x0000,0x0000,0x0000,0x0000,0x0000,0x0000,0x0000,0x0000,0x0000,0x0000,0x0000,0x0000,0x0000,0x0000,0x0000,0x0000,0x0000,0x0000,0x0000,0x0000,0x0000,0x0000,0x0000,0x0000,
    0x0000,0x0000,0x0000,0x0000,0x0000,0x0000,0x0000,0x0000,0x0000,0x0000,0x0000,0x0000,0x0000,0x0000,0x0000,0x0000,0x0000,0x0000,0x0000,0x0000,0x0000,0x0000,0x0000,0x0000,
    0x0000,0x0000,0x0000,0x0000,0x0000,0x0000,0x0000,0x0000,0x0000,0x0000,0x0000,0x0000,0x0000,0x0000,0x0000,0x0000,0x0000,0x0000,0x0000,0x0000,0x0000,0x0000,0x0000,0x0000,
    0x0000,0x0000,0x0000,0x0000,0x0000,0x0000,0x0000,0x0000,0x0000,0x0000,0x0000,0x0000,0x0000,0x0000,0x0000,0x0000,0x0000,0x0000,0x0000,0x0000,0x0000,0x0000,0x0000,0x0000,
    0x0000,0x28e3,0x4165,0x51e7,0x4186,0x3965,0x3944,0x3965,0x4186,0x20c3,0x0000,0x0000,0x0000,0x0000,0x0000,0x0000,0x0000,0x0000,0x0000,0x0000,0x0000,0x0000,0x0000,0x0000,
    0x0000,0x0000,0x0000,0x0000,0x0000,0x0000,0x0000,0x0820,0x3924,0x3924,0x49c7,0x49c7,0x3124,0x4186,0x3945,0x3965,0x3144,0x0000,0x0000,0x0000,0x0000,0x0000,0x0000,0x0000,
    0x0000,0x0000,0x0000,0x0000,0x0000,0x0000,0x0000,0x0000,0x0000,0x0000,0x0000,0x0000,0x0000,0x0000,0x0000,0x0000,0x0000,0x0000,0x0000,0x0000,0x0000,0x0000,0x0000,0x0000,
    0x0000,0x0000,0x0000,0x0000,0x0000,0x0000,0x0000,0x0000,0x0000,0x0000,0x0000,0x0000,0x0000,0x0000,0x0000,0x0000,0x0000,0x0000,0x0000,0x0000,0x0000,0x0000,0x0000,0x0000,
    0x0000,0x0000,0x0000,0x0000,0x0000,0x0000,0x0000,0x0000,0x0000,0x0000,0x0000,0x0000,0x0000,0x0000,0x0000,0x0000,0x0000,0x0000,0x0000,0x0000,0x0000,0x0000,0x0000,0x0000,
    0x0000,0x0000,0x0000,0x0000,0x0000,0x0000,0x0000,0x0000,0x0000,0x0000,0x0000,0x0000,0x0000,0x0000,0x0000,0x0000,0x0000,0x0000,0x0000,0x0000,0x0000,0x0000,0x0000,0x0000,
    0x0000,0x0000,0x0000,0x0000,0x0000,0x0000,0x0000,0x0000,0x0000,0x0000,0x0000,0x0000,0x0000,0x0000,0x0000,0x0000,0x0000,0x3124,0x4165,0x49c6,0x51e7,0x4186,0x41a6,0x49c6,
    0x4186,0x28e3,0x0020,0x0000,0x0000,0x0000,0x0000,0x0000,0x0000,0x0000,0x0000,0x0000,0x0000,0x0000,0x0000,0x0000,0x0000,0x0000,0x0000,0x0000,0x0000,0x0000,0x0000,0x0841,
    0x3124,0x3944,0x3965,0x51e7,0x49c6,0x4186,0x41a6,0x49a6,0x3965,0x20a2,0x0000,0x0000,0x0000,0x0000,0x0000,0x0000,0x0000,0x0000,0x0000,0x0000,0x0000,0x0000,0x0000,0x0000,
    0x0000,0x0000,0x0000,0x0000,0x0000,0x0000,0x0000,0x0000,0x0000,0x0000,0x0000,0x0000,0x0000,0x0000,0x0000,0x0000,0x0000,0x0000,0x0000,0x0000,0x0000,0x0000,0x0000,0x0000,
    0x0000,0x0000,0x0000,0x0000,0x0000,0x0000,0x0000,0x0000,0x0000,0x0000,0x0000,0x0000,0x0000,0x0000,0x0000,0x0000,0x0000,0x0000,0x0000,0x0000,0x0000,0x0000,0x0000,0x0000,
    0x0000,0x0000,0x0000,0x0000,0x0000,0x0000,0x0000,0x0000,0x0000,0x0000,0x0000,0x0000,0x0000,0x0000,0x0000,0x0000,0x0000,0x0000,0x0000,0x0000,0x0000,0x0000,0x0000,0x0000,
    0x0000,0x0000,0x0000,0x0000,0x0000,0x0000,0x0000,0x0000,0x0000,0x0000,0x0000,0x0000,0x0000,0x0000,0x0000,0x0000,0x0000,0x0000,0x0000,0x0000,0x0000,0x0000,0x0000,0x0000,
    0x0000,0x0000,0x0000,0x0000,0x0000,0x0000,0x0000,0x0000,0x0841,0x4186,0x49c6,0x41a6,0x51e7,0x51e7,0x49c6,0x41a6,0x3965,0x3944,0x1062,0x0000,0x0000,0x0000,0x0000,0x0000,
    0x0000,0x0000,0x0000,0x0000,0x0000,0x0000,0x0000,0x0000,0x0000,0x0000,0x0000,0x0000,0x0000,0x0000,0x0000,0x0841,0x3124,0x3965,0x3965,0x3965,0x5207,0x5208,0x4186,0x3985,
    0x3944,0x3944,0x1061,0x0000,0x0000,0x0000,0x0000,0x0000,0x0000,0x0000,0x0000,0x0000,0x0000,0x0000,0x0000,0x0000,0x0000,0x0000,0x0000,0x0000,0x0000,0x0000,0x0000,0x0000,
    0x0000,0x0000,0x0000,0x0000,0x0000,0x0000,0x0000,0x0000,0x0000,0x0000,0x0000,0x0000,0x0000,0x0000,0x0000,0x0000,0x0000,0x0000,0x0000,0x0000,0x0000,0x0000,0x0000,0x0000,
    0x0000,0x0000,0x0000,0x0000,0x0000,0x0000,0x0000,0x0000,0x0000,0x0000,0x0000,0x0000,0x0000,0x0000,0x0000,0x0000,0x0000,0x0000,0x0000,0x0000,0x0000,0x0000,0x0000,0x0000,
    0x0000,0x0000,0x0000,0x0000,0x0000,0x0000,0x0000,0x0000,0x0000,0x0000,0x0000,0x0000,0x0000,0x0000,0x0000,0x0000,0x0000,0x0000,0x0000,0x0000,0x0000,0x0000,0x0000,0x0000,
    0x0000,0x0000,0x0000,0x0000,0x0000,0x0000,0x0000,0x0000,0x0000,0x0000,0x0000,0x0000,0x0000,0x0000,0x0000,0x0000,0x0000,0x0000,0x0000,0x0000,0x0000,0x0000,0x0000,0x0000,
    0x1061,0x4186,0x4186,0x4185,0x6248,0x6269,0x49a6,0x3965,0x3124,0x3945,0x20c3,0x0000,0x0000,0x0000,0x0000,0x0000,0x0000,0x0000,0x0000,0x0000,0x0000,0x0000,0x0000,0x0000,
    0x0000,0x0000,0x0000,0x0000,0x0000,0x0000,0x0000,0x0000,0x20c2,0x3124,0x4165,0x49c6,0x5a28,0x5a28,0x49c6,0x3945,0x3104,0x3945,0x18a2,0x0000,0x0000,0x0000,0x0000,0x0000,
    0x0000,0x0000,0x0000,0x0000,0x0000,0x0000,0x0000,0x0000,0x0000,0x0000,0x0000,0x0000,0x0000,0x0000,0x0000,0x0000,0x0000,0x0000,0x0000,0x0000,0x0000,0x0000,0x0000,0x0000,
    0x0000,0x0000,0x0000,0x0000,0x0000,0x0000,0x0000,0x0000,0x0000,0x0000,0x0000,0x0000,0x0000,0x0000,0x0000,0x0000,0x0000,0x0000,0x0000,0x0000,0x0000,0x0000,0x0000,0x0000,
    0x0000,0x0000,0x0000,0x0000,0x0000,0x0000,0x0000,0x0000,0x0000,0x0000,0x0000,0x0000,0x0000,0x0000,0x0000,0x0000,0x0000,0x0000,0x0000,0x0000,0x0000,0x0000,0x0000,0x0000,
    0x0000,0x0000,0x0000,0x0000,0x0000,0x0000,0x0000,0x0000,0x0000,0x0000,0x0000,0x0000,0x0000,0x0000,0x0000,0x0000,0x0000,0x0000,0x0000,0x0000,0x0000,0x0000,0x0000,0x0000,
    0x0000,0x0000,0x0000,0x0000,0x0000,0x0000,0x0000,0x0000,0x0000,0x0000,0x0000,0x0000,0x0000,0x0000,0x0000,0x0000,0x1061,0x3124,0x4186,0x49c6,0x6a8a,0x6aaa,0x49c6,0x4186,
    0x3145,0x3945,0x28e3,0x0000,0x0000,0x0000,0x0000,0x0000,0x0000,0x0000,0x0000,0x0000,0x0000,0x0000,0x0000,0x0000,0x0000,0x0000,0x0000,0x0000,0x0000,0x0000,0x0000,0x0000,
    0x1061,0x3124,0x3924,0x4186,0x6249,0x5a28,0x41a6,0x41a6,0x3945,0x3944,0x20a2,0x0000,0x0000,0x0000,0x0000,0x0000,0x0000,0x0000,0x0000,0x0000,0x0000,0x0000,0x0000,0x0000,
    0x0000,0x0000,0x0000,0x0000,0x0000,0x0000,0x0000,0x0000,0x0000,0x0000,0x0000,0x0000,0x0000,0x0000,0x0000,0x0000,0x0000,0x0000,0x0000,0x0000,0x0000,0x0000,0x0000,0x0000,
    0x0000,0x0000,0x0000,0x0000,0x0000,0x0000,0x0000,0x0000,0x0000,0x0000,0x0000,0x0000,0x0000,0x0000,0x0000,0x0000,0x0000,0x0000,0x0000,0x0000,0x0000,0x0000,0x0000,0x0000,
    0x0000,0x0000,0x0000,0x0000,0x0000,0x0000,0x0000,0x0000,0x0000,0x0000,0x0000,0x0000,0x0000,0x0000,0x0000,0x0000,0x0000,0x0000,0x0000,0x0000,0x0000,0x0000,0x0000,0x0000,
    0x0000,0x0000,0x0000,0x0000,0x0000,0x0000,0x0000,0x0000,0x0000,0x0000,0x0000,0x0000,0x0000,0x0000,0x0000,0x0000,0x0000,0x0000,0x0000,0x0000,0x0000,0x0000,0x0000,0x0000,
    0x0000,0x0000,0x0000,0x0000,0x0000,0x0000,0x0000,0x0000,0x18a2,0x3945,0x3965,0x3945,0x3965,0x4186,0x3965,0x3965,0x3124,0x3124,0x28e3,0x0000,0x0000,0x0000,0x0000,0x0000,
    0x0000,0x0000,0x0000,0x0000,0x0000,0x0000,0x0000,0x0000,0x0000,0x0000,0x0000,0x0000,0x0000,0x0000,0x0000,0x0000,0x1061,0x3945,0x3124,0x3124,0x3945,0x3965,0x3945,0x3124,
    0x3124,0x3945,0x2904,0x0000,0x0000,0x0000,0x0000,0x0000,0x0000,0x0000,0x0000,0x0000,0x0000,0x0000,0x0000,0x0000,0x0000,0x0000,0x0000,0x0000,0x0000,0x0000,0x0000,0x0000,
    0x0000,0x0000,0x0000,0x0000,0x0000,0x0000,0x0000,0x0000,0x0000,0x0000,0x0000,0x0000,0x0000,0x0000,0x0000,0x0000,0x0000,0x0000,0x0000,0x0000,0x0000,0x0000,0x0000,0x0000,
    0x0000,0x0000,0x0000,0x0000,0x0000,0x0000,0x0000,0x0000,0x0000,0x0000,0x0000,0x0000,0x0000,0x0000,0x0000,0x0000,0x0000,0x0000,0x0000,0x0000,0x0000,0x0000,0x0000,0x0000,
    0x0000,0x0000,0x0000,0x0000,0x0000,0x0000,0x0000,0x0000,0x0000,0x0000,0x0000,0x0000,0x0000,0x0000,0x0000,0x0000,0x0000,0x0000,0x0000,0x0000,0x0000,0x0000,0x0000,0x0000,
    0x0000,0x0000,0x0000,0x0000,0x0000,0x0000,0x0000,0x0000,0x0000,0x0000,0x0000,0x0000,0x0000,0x0000,0x0000,0x0000,0x0000,0x0000,0x0000,0x0000,0x0000,0x0000,0x0000,0x0000,
    0x0820,0x3104,0x4186,0x3965,0x49a6,0x41a6,0x4165,0x4165,0x3124,0x3104,0x1882,0x0000,0x0000,0x0000,0x0000,0x0000,0x0000,0x0000,0x0000,0x0000,0x0000,0x0000,0x0000,0x0000,
    0x0000,0x0000,0x0000,0x0000,0x0000,0x0000,0x0000,0x0000,0x0820,0x2903,0x4165,0x3965,0x49c6,0x41a6,0x3945,0x3945,0x3124,0x3945,0x18a2,0x0000,0x0000,0x0000,0x0000,0x0000,
    0x0000,0x0000,0x0000,0x0000,0x0000,0x0000,0x0000,0x0000,0x0000,0x0000,0x0000,0x0000,0x0000,0x0000,0x0000,0x0000,0x0000,0x0000,0x0000,0x0000,0x0000,0x0000,0x0000,0x0000,
    0x0000,0x0000,0x0000,0x0000,0x0000,0x0000,0x0000,0x0000,0x0000,0x0000,0x0000,0x0000,0x0000,0x0000,0x0000,0x0000,0x0000,0x0000,0x0000,0x0000,0x0000,0x0000,0x0000,0x0000,
    0x0000,0x0000,0x0000,0x0000,0x0000,0x0000,0x0000,0x0000,0x0000,0x0000,0x0000,0x0000,0x0000,0x0000,0x0000,0x0000,0x0000,0x0000,0x0000,0x0000,0x0000,0x0000,0x0000,0x0000,
    0x0000,0x0000,0x0000,0x0000,0x0000,0x0000,0x0000,0x0000,0x0000,0x0000,0x0000,0x0000,0x0000,0x0000,0x0000,0x0000,0x0000,0x0000,0x0000,0x0000,0x0000,0x0000,0x0000,0x0000,
    0x0000,0x0000,0x0000,0x0000,0x0000,0x0000,0x0000,0x0000,0x0000,0x0000,0x0000,0x0000,0x0000,0x0000,0x0000,0x0000,0x0000,0x0020,0x20a2,0x3124,0x49a6,0x49a6,0x3965,0x3124,
    0x20c3,0x1041,0x0000,0x0000,0x0000,0x0000,0x0000,0x0000,0x0000,0x0000,0x0000,0x0000,0x0000,0x0000,0x0000,0x0000,0x0000,0x0000,0x0000,0x0000,0x0000,0x0000,0x0000,0x0000,
    0x0000,0x0000,0x1882,0x28e3,0x4186,0x4186,0x3945,0x3124,0x20a2,0x0841,0x0000,0x0000,0x0000,0x0000,0x0000,0x0000,0x0000,0x0000,0x0000,0x0000,0x0000,0x0000,0x0000,0x0000,
    0x0000,0x0000,0x0000,0x0000,0x0000,0x0000,0x0000,0x0000,0x0000,0x0000,0x0000,0x0000,0x0000,0x0000,0x0000,0x0000,0x0000,0x0000,0x0000,0x0000,0x0000,0x0000,0x0000,0x0000,
    0x0000,0x0000,0x0000,0x0000,0x0000,0x0000,0x0000,0x0000,0x0000,0x0000,0x0000,0x0000,0x0000,0x0000,0x0000,0x0000,0x0000,0x0000,0x0000,0x0000,0x0000,0x0000,0x0000,0x0000,
    0x0000,0x0000,0x0000,0x0000,0x0000,0x0000,0x0000,0x0000,0x0000,0x0000,0x0000,0x0000,0x0000,0x0000,0x0000,0x0000,0x0000,0x0000,0x0000,0x0000,0x0000,0x0000,0x0000,0x0000,
    0x0000,0x0000,0x0000,0x0000,0x0000,0x0000,0x0000,0x0000,0x0000,0x0000,0x0000,0x0000,0x0000,0x0000,0x0000,0x0000,0x0000,0x0000,0x0000,0x0000,0x0000,0x0000,0x0000,0x0000,
    0x0000,0x0000,0x0000,0x0000,0x0000,0x0000,0x0000,0x0000,0x0000,0x0000,0x0000,0x0000,0x0000,0x0820,0x0820,0x0000,0x0000,0x0000,0x0000,0x0000,0x0000,0x0000,0x0000,0x0000,
    0x0000,0x0000,0x0000,0x0000,0x0000,0x0000,0x0000,0x0000,0x0000,0x0000,0x0000,0x0000,0x0000,0x0000,0x0000,0x0000,0x0000,0x0000,0x0000,0x0000,0x0000,0x0020,0x0020,0x0000,
    0x0000,0x0000,0x0000,0x0000,0x0000,0x0000,0x0000,0x0000,0x0000,0x0000,0x0000,0x0000,0x0000,0x0000,0x0000,0x0000,0x0000,0x0000,0x0000,0x0000,0x0000,0x0000,0x0000,0x0000,
    0x0000,0x0000,0x0000,0x0000,0x0000,0x0000,0x0000,0x0000,0x0000,0x0000,0x0000,0x0000,0x0000,0x0000,0x0000,0x0000,0x0000,0x0000,0x0000,0x0000,0x0000,0x0000,0x0000,0x0000,
    0x0000,0x0000,0x0000,0x0000,0x0000,0x0000,0x0000,0x0000,0x0000,0x0000,0x0000,0x0000,0x0000,0x0000,0x0000,0x0000,0x0000,0x0000,0x0000,0x0000,0x0000,0x0000,0x0000,0x0000,
    0x0000,0x0000,0x0000,0x0000,0x0000,0x0000,0x0000,0x0000,0x0000,0x0000,0x0000,0x0000,0x0000,0x0000,0x0000,0x0000,0x0000,0x0000,0x0000,0x0000,0x0000,0x0000,0x0000,0x0000,
    0x0000,0x0000,0x0000,0x0000,0x0000,0x0000,0x0000,0x0000,0x0000,0x0000,0x0000,0x0000,0x0000,0x0000,0x0000,0x0000,0x0000,0x0000,0x0000,0x0000,0x0000,0x0000,0x0000,0x0000,
    0x0000,0x0000,0x0000,0x0000,0x0000,0x0000,0x0000,0x0000,0x0000,0x0000,0x0000,0x0000,0x0000,0x0000,0x0000,0x0000,0x0000,0x0000,0x0000,0x0000,0x0000,0x0000,0x0000,0x0000,
    0x0000,0x0000,0x0000,0x0000,0x0000,0x0000,0x0000,0x0000,0x0000,0x0000,0x0000,0x0000,0x0000,0x0000,0x0000,0x0000,0x0000,0x0000,0x0000,0x0000,0x0000,0x0000,0x0000,0x0000,
    0x0000,0x0000,0x0000,0x0000,0x0000,0x0000,0x0000,0x0000,0x0000,0x0000,0x0000,0x0000,0x0000,0x0000,0x0000,0x0000,0x0000,0x0000,0x0000,0x0000,0x0000,0x0000,0x0000,0x0000,
    0x0000,0x0000,0x0000,0x0000,0x0000,0x0000,0x0000,0x0000,0x0000,0x0000,0x0000,0x0000,0x0000,0x0000,0x0000,0x0000,0x0000,0x0000,0x0000,0x0000,0x0000,0x0000,0x0000,0x0000,
    0x0000,0x0000,0x0000,0x0000,0x0000,0x0000,0x0000,0x0000,0x0000,0x0000,0x0000,0x0000,0x0000,0x0000,0x0000,0x0000,0x0000,0x0000,0x0000,0x0000,0x0000,0x0000,0x0000,0x0000,
    0x0000,0x0000,0x0000,0x0000,0x0000,0x0000,0x0000,0x0000,0x0000,0x0000,0x0000,0x0000,0x0000,0x0000,0x0000,0x0000,0x0000,0x0000,0x0000,0x0000,0x0000,0x0000,0x0000,0x0000,
    0x0000,0x0000,0x0000,0x0000,0x0000,0x0000,0x0000,0x0000,0x0000,0x0000,0x0000,0x0000,0x0000,0x0000,0x0000,0x0000,0x0000,0x0000,0x0000,0x0000,0x0000,0x0000,0x0000,0x0000,
    0x0000,0x0000,0x0000,0x0000,0x0000,0x0000,0x0000,0x0000,0x0000,0x0000,0x0000,0x0000,0x0000,0x0000,0x0000,0x0000,0x0000,0x0000,0x0000,0x0000,0x0000,0x0000,0x0000,0x0000,
    0x0000,0x0000,0x0000,0x0000,0x0000,0x0000,0x0000,0x0000,0x0000,0x0000,0x0000,0x0000,0x0000,0x0000,0x0000,0x0000,0x0000,0x0000,0x0000,0x0000,0x0000,0x0000,0x0000,0x0000,
    0x0000,0x0000,0x0000,0x0000,0x0000,0x0000,0x0000,0x0000,0x0000,0x0000,0x0000,0x0000,0x0000,0x0000,0x0000,0x0000,0x0000,0x0000,0x0000,0x0000,0x0000,0x0000,0x0000,0x0000,
    0x0000,0x0000,0x0000,0x0000,0x0000,0x0000,0x0000,0x0000,0x0000,0x0000,0x0000,0x0000,0x0000,0x0000,0x0000,0x0000,
};
