/* Generated by tools/generate_dino_sprites.py; do not edit.
 * Sprite artwork: Copyright 2015 The Chromium Authors. All rights reserved.
 * BSD license: assets/dino/chromium/LICENSE. Source PNG SHA256:
 * 04d05978fdb111358073ab0524e5c1fafc0826615c206987618416b8bd8a4747
 * Original 1x pixels and alpha, inverted luminance for the black night field.
 */
#pragma once
#include "lvgl.h"
#include "dino_sprite_ids.h"

#if !LV_DRAW_SW_SUPPORT_AL88
#error "Dino original sprites require LV_DRAW_SW_SUPPORT_AL88"
#endif

_Alignas(4) static const uint8_t dino_pixels_trex_stand[] = {
    0xff,0x00,0xff,0x00,0xff,0x00,0xff,0x00,0xff,0x00,0xff,0x00,0xff,0x00,0xff,0x00,0xff,0x00,0xff,0x00,0xff,0x00,0xff,0x00,0xff,0x00,0xff,0x00,0xff,0x00,0xff,0x00,
    0xff,0x00,0xff,0x00,0xff,0x00,0xff,0x00,0xff,0x00,0xff,0x00,0x00,0xff,0x00,0xff,0x00,0xff,0x00,0xff,0x00,0xff,0x00,0xff,0x00,0xff,0x00,0xff,0x00,0xff,0x00,0xff,
    0x00,0xff,0x00,0xff,0x00,0xff,0x00,0xff,0x00,0xff,0x00,0xff,0x00,0xff,0x00,0xff,0x00,0xff,0x00,0xff,0xff,0x00,0xff,0x00,0xff,0x00,0xff,0x00,0xff,0x00,0xff,0x00,
    0xff,0x00,0xff,0x00,0xff,0x00,0xff,0x00,0xff,0x00,0xff,0x00,0xff,0x00,0xff,0x00,0xff,0x00,0xff,0x00,0xff,0x00,0xff,0x00,0xff,0x00,0xff,0x00,0xff,0x00,0xff,0x00,
    0xff,0x00,0xff,0x00,0x00,0xff,0x00,0xff,0x00,0xff,0x00,0xff,0x00,0xff,0x00,0xff,0x00,0xff,0x00,0xff,0x00,0xff,0x00,0xff,0x00,0xff,0x00,0xff,0x00,0xff,0x00,0xff,
    0x00,0xff,0x00,0xff,0x00,0xff,0x00,0xff,0x00,0xff,0x00,0xff,0xff,0x00,0xff,0x00,0xff,0x00,0xff,0x00,0xff,0x00,0xff,0x00,0xff,0x00,0xff,0x00,0xff,0x00,0xff,0x00,
    0xff,0x00,0xff,0x00,0xff,0x00,0xff,0x00,0xff,0x00,0xff,0x00,0xff,0x00,0xff,0x00,0xff,0x00,0xff,0x00,0xff,0x00,0xff,0x00,0x00,0xff,0x00,0xff,0x00,0xff,0x00,0xff,
    0xac,0xff,0xac,0xff,0xac,0xff,0xac,0xff,0xac,0xff,0xac,0xff,0xac,0xff,0xac,0xff,0xac,0xff,0xac,0xff,0xac,0xff,0xac,0xff,0xac,0xff,0xac,0xff,0xac,0xff,0xac,0xff,
    0x00,0xff,0x00,0xff,0xff,0x00,0xff,0x00,0xff,0x00,0xff,0x00,0xff,0x00,0xff,0x00,0xff,0x00,0xff,0x00,0xff,0x00,0xff,0x00,0xff,0x00,0xff,0x00,0xff,0x00,0xff,0x00,
    0xff,0x00,0xff,0x00,0xff,0x00,0xff,0x00,0xff,0x00,0xff,0x00,0xff,0x00,0xff,0x00,0x00,0xff,0x00,0xff,0x00,0xff,0x00,0xff,0xac,0xff,0xac,0xff,0xac,0xff,0xac,0xff,
    0xac,0xff,0xac,0xff,0xac,0xff,0xac,0xff,0xac,0xff,0xac,0xff,0xac,0xff,0xac,0xff,0xac,0xff,0xac,0xff,0xac,0xff,0xac,0xff,0x00,0xff,0x00,0xff,0xff,0x00,0xff,0x00,
    0xff,0x00,0xff,0x00,0xff,0x00,0xff,0x00,0xff,0x00,0xff,0x00,0xff,0x00,0xff,0x00,0xff,0x00,0xff,0x00,0xff,0x00,0xff,0x00,0xff,0x00,0xff,0x00,0xff,0x00,0xff,0x00,
    0xff,0x00,0xff,0x00,0xff,0x00,0xff,0x00,0x00,0xff,0x00,0xff,0xac,0xff,0xac,0xff,0xac,0xff,0xac,0xff,0xac,0xff,0xac,0xff,0xac,0xff,0xac,0xff,0xac,0xff,0xac,0xff,
    0xac,0xff,0xac,0xff,0xac,0xff,0xac,0xff,0xac,0xff,0xac,0xff,0xac,0xff,0xac,0xff,0xac,0xff,0xac,0xff,0x00,0xff,0x00,0xff,0xff,0x00,0xff,0x00,0xff,0x00,0xff,0x00,
    0xff,0x00,0xff,0x00,0xff,0x00,0xff,0x00,0xff,0x00,0xff,0x00,0xff,0x00,0xff,0x00,0xff,0x00,0xff,0x00,0xff,0x00,0xff,0x00,0xff,0x00,0xff,0x00,0xff,0x00,0xff,0x00,
    0x00,0xff,0x00,0xff,0xac,0xff,0xac,0xff,0xac,0xff,0xac,0xff,0x00,0xff,0x00,0xff,0xac,0xff,0xac,0xff,0xac,0xff,0xac,0xff,0xac,0xff,0xac,0xff,0xac,0xff,0xac,0xff,
    0xac,0xff,0xac,0xff,0xac,0xff,0xac,0xff,0xac,0xff,0xac,0xff,0x00,0xff,0x00,0xff,0xff,0x00,0xff,0x00,0xff,0x00,0xff,0x00,0xff,0x00,0xff,0x00,0xff,0x00,0xff,0x00,
    0xff,0x00,0xff,0x00,0xff,0x00,0xff,0x00,0xff,0x00,0xff,0x00,0xff,0x00,0xff,0x00,0xff,0x00,0xff,0x00,0xff,0x00,0xff,0x00,0x00,0xff,0x00,0xff,0xac,0xff,0xac,0xff,
    0xac,0xff,0xac,0xff,0x00,0xff,0x00,0xff,0xac,0xff,0xac,0xff,0xac,0xff,0xac,0xff,0xac,0xff,0xac,0xff,0xac,0xff,0xac,0xff,0xac,0xff,0xac,0xff,0xac,0xff,0xac,0xff,
    0xac,0xff,0xac,0xff,0x00,0xff,0x00,0xff,0xff,0x00,0xff,0x00,0xff,0x00,0xff,0x00,0xff,0x00,0xff,0x00,0xff,0x00,0xff,0x00,0xff,0x00,0xff,0x00,0xff,0x00,0xff,0x00,
    0xff,0x00,0xff,0x00,0xff,0x00,0xff,0x00,0xff,0x00,0xff,0x00,0xff,0x00,0xff,0x00,0x00,0xff,0x00,0xff,0xac,0xff,0xac,0xff,0xac,0xff,0xac,0xff,0xac,0xff,0xac,0xff,
    0xac,0xff,0xac,0xff,0xac,0xff,0xac,0xff,0xac,0xff,0xac,0xff,0xac,0xff,0xac,0xff,0xac,0xff,0xac,0xff,0xac,0xff,0xac,0xff,0xac,0xff,0xac,0xff,0x00,0xff,0x00,0xff,
    0xff,0x00,0xff,0x00,0xff,0x00,0xff,0x00,0xff,0x00,0xff,0x00,0xff,0x00,0xff,0x00,0xff,0x00,0xff,0x00,0xff,0x00,0xff,0x00,0xff,0x00,0xff,0x00,0xff,0x00,0xff,0x00,
    0xff,0x00,0xff,0x00,0xff,0x00,0xff,0x00,0x00,0xff,0x00,0xff,0xac,0xff,0xac,0xff,0xac,0xff,0xac,0xff,0xac,0xff,0xac,0xff,0xac,0xff,0xac,0xff,0xac,0xff,0xac,0xff,
    0xac,0xff,0xac,0xff,0xac,0xff,0xac,0xff,0xac,0xff,0xac,0xff,0xac,0xff,0xac,0xff,0xac,0xff,0xac,0xff,0x00,0xff,0x00,0xff,0xff,0x00,0xff,0x00,0xff,0x00,0xff,0x00,
    0xff,0x00,0xff,0x00,0xff,0x00,0xff,0x00,0xff,0x00,0xff,0x00,0xff,0x00,0xff,0x00,0xff,0x00,0xff,0x00,0xff,0x00,0xff,0x00,0xff,0x00,0xff,0x00,0xff,0x00,0xff,0x00,
    0x00,0xff,0x00,0xff,0xac,0xff,0xac,0xff,0xac,0xff,0xac,0xff,0xac,0xff,0xac,0xff,0xac,0xff,0xac,0xff,0xac,0xff,0xac,0xff,0xac,0xff,0xac,0xff,0xac,0xff,0xac,0xff,
    0xac,0xff,0xac,0xff,0xac,0xff,0xac,0xff,0xac,0xff,0xac,0xff,0x00,0xff,0x00,0xff,0xff,0x00,0xff,0x00,0xff,0x00,0xff,0x00,0xff,0x00,0xff,0x00,0xff,0x00,0xff,0x00,
    0xff,0x00,0xff,0x00,0xff,0x00,0xff,0x00,0xff,0x00,0xff,0x00,0xff,0x00,0xff,0x00,0xff,0x00,0xff,0x00,0xff,0x00,0xff,0x00,0x00,0xff,0x00,0xff,0xac,0xff,0xac,0xff,
    0xac,0xff,0xac,0xff,0xac,0xff,0xac,0xff,0xac,0xff,0xac,0xff,0xac,0xff,0xac,0xff,0xac,0xff,0xac,0xff,0xac,0xff,0xac,0xff,0xac,0xff,0xac,0xff,0xac,0xff,0xac,0xff,
    0xac,0xff,0xac,0xff,0x00,0xff,0x00,0xff,0xff,0x00,0xff,0x00,0xff,0x00,0xff,0x00,0xff,0x00,0xff,0x00,0xff,0x00,0xff,0x00,0xff,0x00,0xff,0x00,0xff,0x00,0xff,0x00,
    0xff,0x00,0xff,0x00,0xff,0x00,0xff,0x00,0xff,0x00,0xff,0x00,0xff,0x00,0xff,0x00,0x00,0xff,0x00,0xff,0xac,0xff,0xac,0xff,0xac,0xff,0xac,0xff,0xac,0xff,0xac,0xff,
    0xac,0xff,0xac,0xff,0xac,0xff,0xac,0xff,0xac,0xff,0xac,0xff,0xac,0xff,0xac,0xff,0xac,0xff,0xac,0xff,0xac,0xff,0xac,0xff,0xac,0xff,0xac,0xff,0x00,0xff,0x00,0xff,
    0xff,0x00,0xff,0x00,0xff,0x00,0xff,0x00,0xff,0x00,0xff,0x00,0xff,0x00,0xff,0x00,0xff,0x00,0xff,0x00,0xff,0x00,0xff,0x00,0xff,0x00,0xff,0x00,0xff,0x00,0xff,0x00,
    0xff,0x00,0xff,0x00,0xff,0x00,0xff,0x00,0x00,0xff,0x00,0xff,0xac,0xff,0xac,0xff,0xac,0xff,0xac,0xff,0xac,0xff,0xac,0xff,0xac,0xff,0xac,0xff,0xac,0xff,0xac,0xff,
    0xac,0xff,0xac,0xff,0xac,0xff,0xac,0xff,0xac,0xff,0xac,0xff,0xac,0xff,0xac,0xff,0xac,0xff,0xac,0xff,0x00,0xff,0x00,0xff,0xff,0x00,0xff,0x00,0xff,0x00,0xff,0x00,
    0xff,0x00,0xff,0x00,0xff,0x00,0xff,0x00,0xff,0x00,0xff,0x00,0xff,0x00,0xff,0x00,0xff,0x00,0xff,0x00,0xff,0x00,0xff,0x00,0xff,0x00,0xff,0x00,0xff,0x00,0xff,0x00,
    0x00,0xff,0x00,0xff,0xac,0xff,0xac,0xff,0xac,0xff,0xac,0xff,0xac,0xff,0xac,0xff,0xac,0xff,0xac,0xff,0xac,0xff,0xac,0xff,0x00,0xff,0x00,0xff,0x00,0xff,0x00,0xff,
    0x00,0xff,0x00,0xff,0x00,0xff,0x00,0xff,0x00,0xff,0x00,0xff,0x00,0xff,0x00,0xff,0xff,0x00,0xff,0x00,0xff,0x00,0xff,0x00,0xff,0x00,0xff,0x00,0xff,0x00,0xff,0x00,
    0xff,0x00,0xff,0x00,0xff,0x00,0xff,0x00,0xff,0x00,0xff,0x00,0xff,0x00,0xff,0x00,0xff,0x00,0xff,0x00,0xff,0x00,0xff,0x00,0x00,0xff,0x00,0xff,0xac,0xff,0xac,0xff,
    0xac,0xff,0xac,0xff,0xac,0xff,0xac,0xff,0xac,0xff,0xac,0xff,0xac,0xff,0xac,0xff,0x00,0xff,0x00,0xff,0x00,0xff,0x00,0xff,0x00,0xff,0x00,0xff,0x00,0xff,0x00,0xff,
    0x00,0xff,0x00,0xff,0x00,0xff,0x00,0xff,0xff,0x00,0xff,0x00,0x08,0xff,0x08,0xff,0x08,0xff,0x08,0xff,0xff,0x00,0xff,0x00,0xff,0x00,0xff,0x00,0xff,0x00,0xff,0x00,
    0xff,0x00,0xff,0x00,0xff,0x00,0xff,0x00,0xff,0x00,0xff,0x00,0x00,0xff,0x00,0xff,0x00,0xff,0x00,0xff,0xac,0xff,0xac,0xff,0xac,0xff,0xac,0xff,0xac,0xff,0xac,0xff,
    0xac,0xff,0xac,0xff,0xac,0xff,0xac,0xff,0xac,0xff,0xac,0xff,0xac,0xff,0xac,0xff,0xac,0xff,0xac,0xff,0x00,0xff,0x00,0xff,0xff,0x00,0xff,0x00,0xff,0x00,0xff,0x00,
    0xff,0x00,0xff,0x00,0x08,0xff,0x08,0xff,0x08,0xff,0x08,0xff,0xff,0x00,0xff,0x00,0xff,0x00,0xff,0x00,0xff,0x00,0xff,0x00,0xff,0x00,0xff,0x00,0xff,0x00,0xff,0x00,
    0xff,0x00,0xff,0x00,0x00,0xff,0x00,0xff,0x00,0xff,0x00,0xff,0xac,0xff,0xac,0xff,0xac,0xff,0xac,0xff,0xac,0xff,0xac,0xff,0xac,0xff,0xac,0xff,0xac,0xff,0xac,0xff,
    0xac,0xff,0xac,0xff,0xac,0xff,0xac,0xff,0xac,0xff,0xac,0xff,0x00,0xff,0x00,0xff,0xff,0x00,0xff,0x00,0xff,0x00,0xff,0x00,0x08,0xff,0x08,0xff,0xac,0xff,0xac,0xff,
    0x08,0xff,0x08,0xff,0xff,0x00,0xff,0x00,0xff,0x00,0xff,0x00,0xff,0x00,0xff,0x00,0xff,0x00,0xff,0x00,0xff,0x00,0x00,0xff,0x00,0xff,0x00,0xff,0x00,0xff,0x00,0xff,
    0xac,0xff,0xac,0xff,0xac,0xff,0xac,0xff,0xac,0xff,0xac,0xff,0xac,0xff,0xac,0xff,0xac,0xff,0xac,0xff,0x00,0xff,0x00,0xff,0x00,0xff,0x00,0xff,0x00,0xff,0x00,0xff,
    0x00,0xff,0x00,0xff,0x00,0xff,0x00,0xff,0xff,0x00,0xff,0x00,0xff,0x00,0xff,0x00,0x08,0xff,0x08,0xff,0xac,0xff,0xac,0xff,0x08,0xff,0x08,0xff,0xff,0x00,0xff,0x00,
    0xff,0x00,0xff,0x00,0xff,0x00,0xff,0x00,0xff,0x00,0xff,0x00,0xff,0x00,0x00,0xff,0x00,0xff,0x00,0xff,0x00,0xff,0x00,0xff,0xac,0xff,0xac,0xff,0xac,0xff,0xac,0xff,
    0xac,0xff,0xac,0xff,0xac,0xff,0xac,0xff,0xac,0xff,0xac,0xff,0x00,0xff,0x00,0xff,0x00,0xff,0x00,0xff,0x00,0xff,0x00,0xff,0x00,0xff,0x00,0xff,0x00,0xff,0x00,0xff,
    0xff,0x00,0xff,0x00,0xff,0x00,0xff,0x00,0x08,0xff,0x08,0xff,0xac,0xff,0xac,0xff,0x08,0xff,0x08,0xff,0xff,0x00,0xff,0x00,0xff,0x00,0xff,0x00,0xff,0x00,0xff,0x00,
    0x00,0xff,0x00,0xff,0x00,0xff,0x00,0xff,0x00,0xff,0xac,0xff,0xac,0xff,0xac,0xff,0xac,0xff,0xac,0xff,0xac,0xff,0xac,0xff,0xac,0xff,0xac,0xff,0xac,0xff,0xac,0xff,
    0xac,0xff,0xac,0xff,0x00,0xff,0x00,0xff,0x00,0xff,0x00,0xff,0x00,0xff,0x00,0xff,0xff,0x00,0xff,0x00,0xff,0x00,0xff,0x00,0xff,0x00,0xff,0x00,0xff,0x00,0xff,0x00,
    0x08,0xff,0x08,0xff,0xac,0xff,0xac,0xff,0x08,0xff,0x08,0xff,0xff,0x00,0xff,0x00,0xff,0x00,0xff,0x00,0xff,0x00,0xff,0x00,0x00,0xff,0x00,0xff,0x00,0xff,0x00,0xff,
    0x00,0xff,0xac,0xff,0xac,0xff,0xac,0xff,0xac,0xff,0xac,0xff,0xac,0xff,0xac,0xff,0xac,0xff,0xac,0xff,0xac,0xff,0xac,0xff,0xac,0xff,0xac,0xff,0x00,0xff,0x00,0xff,
    0x00,0xff,0x00,0xff,0x00,0xff,0x00,0xff,0xff,0x00,0xff,0x00,0xff,0x00,0xff,0x00,0xff,0x00,0xff,0x00,0xff,0x00,0xff,0x00,0x08,0xff,0x08,0xff,0xac,0xff,0xac,0xff,
    0xac,0xff,0xac,0xff,0x00,0xff,0x00,0xff,0x00,0xff,0x00,0xff,0x00,0xff,0x00,0xff,0x00,0xff,0x00,0xff,0xac,0xff,0xac,0xff,0xac,0xff,0xac,0xff,0xac,0xff,0xac,0xff,
    0xac,0xff,0xac,0xff,0xac,0xff,0xac,0xff,0xac,0xff,0xac,0xff,0xac,0xff,0xac,0xff,0xac,0xff,0xac,0xff,0xac,0xff,0xac,0xff,0xac,0xff,0xac,0xff,0x00,0xff,0x00,0xff,
    0xff,0x00,0xff,0x00,0xff,0x00,0xff,0x00,0xff,0x00,0xff,0x00,0xff,0x00,0xff,0x00,0x08,0xff,0x08,0xff,0xac,0xff,0xac,0xff,0xac,0xff,0xac,0xff,0x00,0xff,0x00,0xff,
    0x00,0xff,0x00,0xff,0x00,0xff,0x00,0xff,0x00,0xff,0x00,0xff,0xac,0xff,0xac,0xff,0xac,0xff,0xac,0xff,0xac,0xff,0xac,0xff,0xac,0xff,0xac,0xff,0xac,0xff,0xac,0xff,
    0xac,0xff,0xac,0xff,0xac,0xff,0xac,0xff,0xac,0xff,0xac,0xff,0xac,0xff,0xac,0xff,0xac,0xff,0xac,0xff,0x00,0xff,0x00,0xff,0xff,0x00,0xff,0x00,0xff,0x00,0xff,0x00,
    0xff,0x00,0xff,0x00,0xff,0x00,0xff,0x00,0x08,0xff,0x08,0xff,0xac,0xff,0xac,0xff,0xac,0xff,0xac,0xff,0xac,0xff,0xac,0xff,0x00,0xff,0x00,0xff,0x00,0xff,0x00,0xff,
    0xac,0xff,0xac,0xff,0xac,0xff,0xac,0xff,0xac,0xff,0xac,0xff,0xac,0xff,0xac,0xff,0xac,0xff,0xac,0xff,0xac,0xff,0xac,0xff,0xac,0xff,0xac,0xff,0xac,0xff,0xac,0xff,
    0xac,0xff,0xac,0xff,0x00,0xff,0x00,0xff,0xac,0xff,0xac,0xff,0x00,0xff,0x00,0xff,0xff,0x00,0xff,0x00,0xff,0x00,0xff,0x00,0xff,0x00,0xff,0x00,0xff,0x00,0xff,0x00,
    0x08,0xff,0x08,0xff,0xac,0xff,0xac,0xff,0xac,0xff,0xac,0xff,0xac,0xff,0xac,0xff,0x00,0xff,0x00,0xff,0x00,0xff,0x00,0xff,0xac,0xff,0xac,0xff,0xac,0xff,0xac,0xff,
    0xac,0xff,0xac,0xff,0xac,0xff,0xac,0xff,0xac,0xff,0xac,0xff,0xac,0xff,0xac,0xff,0xac,0xff,0xac,0xff,0xac,0xff,0xac,0xff,0xac,0xff,0xac,0xff,0x00,0xff,0x00,0xff,
    0xac,0xff,0xac,0xff,0x00,0xff,0x00,0xff,0xff,0x00,0xff,0x00,0xff,0x00,0xff,0x00,0xff,0x00,0xff,0x00,0xff,0x00,0xff,0x00,0x08,0xff,0x08,0xff,0xac,0xff,0xac,0xff,
    0xac,0xff,0xac,0xff,0xac,0xff,0xac,0xff,0xac,0xff,0xac,0xff,0xac,0xff,0xac,0xff,0xac,0xff,0xac,0xff,0xac,0xff,0xac,0xff,0xac,0xff,0xac,0xff,0xac,0xff,0xac,0xff,
    0xac,0xff,0xac,0xff,0xac,0xff,0xac,0xff,0xac,0xff,0xac,0xff,0xac,0xff,0xac,0xff,0xac,0xff,0xac,0xff,0x00,0xff,0x00,0xff,0x00,0xff,0x00,0xff,0x00,0xff,0x00,0xff,
    0xff,0x00,0xff,0x00,0xff,0x00,0xff,0x00,0xff,0x00,0xff,0x00,0xff,0x00,0xff,0x00,0x08,0xff,0x08,0xff,0xac,0xff,0xac,0xff,0xac,0xff,0xac,0xff,0xac,0xff,0xac,0xff,
    0xac,0xff,0xac,0xff,0xac,0xff,0xac,0xff,0xac,0xff,0xac,0xff,0xac,0xff,0xac,0xff,0xac,0xff,0xac,0xff,0xac,0xff,0xac,0xff,0xac,0xff,0xac,0xff,0xac,0xff,0xac,0xff,
    0xac,0xff,0xac,0xff,0xac,0xff,0xac,0xff,0xac,0xff,0xac,0xff,0x00,0xff,0x00,0xff,0x00,0xff,0x00,0xff,0x00,0xff,0x00,0xff,0xff,0x00,0xff,0x00,0xff,0x00,0xff,0x00,
    0xff,0x00,0xff,0x00,0xff,0x00,0xff,0x00,0x08,0xff,0x08,0xff,0xac,0xff,0xac,0xff,0xac,0xff,0xac,0xff,0xac,0xff,0xac,0xff,0xac,0xff,0xac,0xff,0xac,0xff,0xac,0xff,
    0xac,0xff,0xac,0xff,0xac,0xff,0xac,0xff,0xac,0xff,0xac,0xff,0xac,0xff,0xac,0xff,0xac,0xff,0xac,0xff,0xac,0xff,0xac,0xff,0xac,0xff,0xac,0xff,0xac,0xff,0xac,0xff,
    0xac,0xff,0xac,0xff,0x00,0xff,0x00,0xff,0xff,0x00,0xff,0x00,0xff,0x00,0xff,0x00,0xff,0x00,0xff,0x00,0xff,0x00,0xff,0x00,0xff,0x00,0xff,0x00,0xff,0x00,0xff,0x00,
    0x08,0xff,0x08,0xff,0xac,0xff,0xac,0xff,0xac,0xff,0xac,0xff,0xac,0xff,0xac,0xff,0xac,0xff,0xac,0xff,0xac,0xff,0xac,0xff,0xac,0xff,0xac,0xff,0xac,0xff,0xac,0xff,
    0xac,0xff,0xac,0xff,0xac,0xff,0xac,0xff,0xac,0xff,0xac,0xff,0xac,0xff,0xac,0xff,0xac,0xff,0xac,0xff,0xac,0xff,0xac,0xff,0xac,0xff,0xac,0xff,0x00,0xff,0x00,0xff,
    0xff,0x00,0xff,0x00,0xff,0x00,0xff,0x00,0xff,0x00,0xff,0x00,0xff,0x00,0xff,0x00,0xff,0x00,0xff,0x00,0xff,0x00,0xff,0x00,0xff,0x00,0xff,0x00,0x00,0xff,0x00,0xff,
    0xac,0xff,0xac,0xff,0xac,0xff,0xac,0xff,0xac,0xff,0xac,0xff,0xac,0xff,0xac,0xff,0xac,0xff,0xac,0xff,0xac,0xff,0xac,0xff,0xac,0xff,0xac,0xff,0xac,0xff,0xac,0xff,
    0xac,0xff,0xac,0xff,0xac,0xff,0xac,0xff,0xac,0xff,0xac,0xff,0xac,0xff,0xac,0xff,0xac,0xff,0xac,0xff,0x00,0xff,0x00,0xff,0xff,0x00,0xff,0x00,0xff,0x00,0xff,0x00,
    0xff,0x00,0xff,0x00,0xff,0x00,0xff,0x00,0xff,0x00,0xff,0x00,0xff,0x00,0xff,0x00,0xff,0x00,0xff,0x00,0x00,0xff,0x00,0xff,0xac,0xff,0xac,0xff,0xac,0xff,0xac,0xff,
    0xac,0xff,0xac,0xff,0xac,0xff,0xac,0xff,0xac,0xff,0xac,0xff,0xac,0xff,0xac,0xff,0xac,0xff,0xac,0xff,0xac,0xff,0xac,0xff,0xac,0xff,0xac,0xff,0xac,0xff,0xac,0xff,
    0xac,0xff,0xac,0xff,0xac,0xff,0xac,0xff,0x00,0xff,0x00,0xff,0xff,0x00,0xff,0x00,0xff,0x00,0xff,0x00,0xff,0x00,0xff,0x00,0xff,0x00,0xff,0x00,0xff,0x00,0xff,0x00,
    0xff,0x00,0xff,0x00,0xff,0x00,0xff,0x00,0xff,0x00,0xff,0x00,0xff,0x00,0xff,0x00,0x00,0xff,0x00,0xff,0xac,0xff,0xac,0xff,0xac,0xff,0xac,0xff,0xac,0xff,0xac,0xff,
    0xac,0xff,0xac,0xff,0xac,0xff,0xac,0xff,0xac,0xff,0xac,0xff,0xac,0xff,0xac,0xff,0xac,0xff,0xac,0xff,0xac,0xff,0xac,0xff,0xac,0xff,0xac,0xff,0xac,0xff,0xac,0xff,
    0x00,0xff,0x00,0xff,0xff,0x00,0xff,0x00,0xff,0x00,0xff,0x00,0xff,0x00,0xff,0x00,0xff,0x00,0xff,0x00,0xff,0x00,0xff,0x00,0xff,0x00,0xff,0x00,0xff,0x00,0xff,0x00,
    0xff,0x00,0xff,0x00,0xff,0x00,0xff,0x00,0x00,0xff,0x00,0xff,0xac,0xff,0xac,0xff,0xac,0xff,0xac,0xff,0xac,0xff,0xac,0xff,0xac,0xff,0xac,0xff,0xac,0xff,0xac,0xff,
    0xac,0xff,0xac,0xff,0xac,0xff,0xac,0xff,0xac,0xff,0xac,0xff,0xac,0xff,0xac,0xff,0xac,0xff,0xac,0xff,0xac,0xff,0xac,0xff,0x00,0xff,0x00,0xff,0xff,0x00,0xff,0x00,
    0xff,0x00,0xff,0x00,0xff,0x00,0xff,0x00,0xff,0x00,0xff,0x00,0xff,0x00,0xff,0x00,0xff,0x00,0xff,0x00,0xff,0x00,0xff,0x00,0xff,0x00,0xff,0x00,0xff,0x00,0xff,0x00,
    0xff,0x00,0xff,0x00,0x00,0xff,0x00,0xff,0xac,0xff,0xac,0xff,0xac,0xff,0xac,0xff,0xac,0xff,0xac,0xff,0xac,0xff,0xac,0xff,0xac,0xff,0xac,0xff,0xac,0xff,0xac,0xff,
    0xac,0xff,0xac,0xff,0xac,0xff,0xac,0xff,0xac,0xff,0xac,0xff,0x00,0xff,0x00,0xff,0x00,0xff,0x00,0xff,0xff,0x00,0xff,0x00,0xff,0x00,0xff,0x00,0xff,0x00,0xff,0x00,
    0xff,0x00,0xff,0x00,0xff,0x00,0xff,0x00,0xff,0x00,0xff,0x00,0xff,0x00,0xff,0x00,0xff,0x00,0xff,0x00,0xff,0x00,0xff,0x00,0xff,0x00,0xff,0x00,0x00,0xff,0x00,0xff,
    0xac,0xff,0xac,0xff,0xac,0xff,0xac,0xff,0xac,0xff,0xac,0xff,0xac,0xff,0xac,0xff,0xac,0xff,0xac,0xff,0xac,0xff,0xac,0xff,0xac,0xff,0xac,0xff,0xac,0xff,0xac,0xff,
    0xac,0xff,0xac,0xff,0x00,0xff,0x00,0xff,0x00,0xff,0x00,0xff,0xff,0x00,0xff,0x00,0xff,0x00,0xff,0x00,0xff,0x00,0xff,0x00,0xff,0x00,0xff,0x00,0xff,0x00,0xff,0x00,
    0xff,0x00,0xff,0x00,0xff,0x00,0xff,0x00,0xff,0x00,0xff,0x00,0xff,0x00,0xff,0x00,0xff,0x00,0xff,0x00,0xff,0x00,0xff,0x00,0x00,0xff,0x00,0xff,0xac,0xff,0xac,0xff,
    0xac,0xff,0xac,0xff,0xac,0xff,0xac,0xff,0xac,0xff,0xac,0xff,0xac,0xff,0xac,0xff,0xac,0xff,0xac,0xff,0xac,0xff,0xac,0xff,0x00,0xff,0x00,0xff,0x00,0xff,0x00,0xff,
    0xff,0x00,0xff,0x00,0xff,0x00,0xff,0x00,0xff,0x00,0xff,0x00,0xff,0x00,0xff,0x00,0xff,0x00,0xff,0x00,0xff,0x00,0xff,0x00,0xff,0x00,0xff,0x00,0xff,0x00,0xff,0x00,
    0xff,0x00,0xff,0x00,0xff,0x00,0xff,0x00,0xff,0x00,0xff,0x00,0xff,0x00,0xff,0x00,0x00,0xff,0x00,0xff,0xac,0xff,0xac,0xff,0xac,0xff,0xac,0xff,0xac,0xff,0xac,0xff,
    0xac,0xff,0xac,0xff,0xac,0xff,0xac,0xff,0xac,0xff,0xac,0xff,0xac,0xff,0xac,0xff,0x00,0xff,0x00,0xff,0x00,0xff,0x00,0xff,0xff,0x00,0xff,0x00,0xff,0x00,0xff,0x00,
    0xff,0x00,0xff,0x00,0xff,0x00,0xff,0x00,0xff,0x00,0xff,0x00,0xff,0x00,0xff,0x00,0xff,0x00,0xff,0x00,0xff,0x00,0xff,0x00,0xff,0x00,0xff,0x00,0xff,0x00,0xff,0x00,
    0xff,0x00,0xff,0x00,0xff,0x00,0xff,0x00,0x00,0xff,0x00,0xff,0x00,0xff,0x00,0xff,0xac,0xff,0xac,0xff,0xac,0xff,0xac,0xff,0xac,0xff,0xac,0xff,0x00,0xff,0x00,0xff,
    0xac,0xff,0xac,0xff,0xac,0xff,0xac,0xff,0x00,0xff,0x00,0xff,0x00,0xff,0x00,0xff,0xff,0x00,0xff,0x00,0xff,0x00,0xff,0x00,0xff,0x00,0xff,0x00,0xff,0x00,0xff,0x00,
    0xff,0x00,0xff,0x00,0xff,0x00,0xff,0x00,0xff,0x00,0xff,0x00,0xff,0x00,0xff,0x00,0xff,0x00,0xff,0x00,0xff,0x00,0xff,0x00,0xff,0x00,0xff,0x00,0xff,0x00,0xff,0x00,
    0x00,0xff,0x00,0xff,0x00,0xff,0x00,0xff,0xac,0xff,0xac,0xff,0xac,0xff,0xac,0xff,0xac,0xff,0xac,0xff,0x00,0xff,0x00,0xff,0xac,0xff,0xac,0xff,0xac,0xff,0xac,0xff,
    0x00,0xff,0x00,0xff,0x00,0xff,0x00,0xff,0xff,0x00,0xff,0x00,0xff,0x00,0xff,0x00,0xff,0x00,0xff,0x00,0xff,0x00,0xff,0x00,0xff,0x00,0xff,0x00,0xff,0x00,0xff,0x00,
    0xff,0x00,0xff,0x00,0xff,0x00,0xff,0x00,0xff,0x00,0xff,0x00,0xff,0x00,0xff,0x00,0xff,0x00,0xff,0x00,0xff,0x00,0xff,0x00,0xff,0x00,0xff,0x00,0x00,0xff,0x00,0xff,
    0xac,0xff,0xac,0xff,0xac,0xff,0xac,0xff,0x00,0xff,0x00,0xff,0xff,0x00,0xff,0x00,0x00,0xff,0x00,0xff,0xac,0xff,0xac,0xff,0x00,0xff,0x00,0xff,0xff,0x00,0xff,0x00,
    0xff,0x00,0xff,0x00,0xff,0x00,0xff,0x00,0xff,0x00,0xff,0x00,0xff,0x00,0xff,0x00,0xff,0x00,0xff,0x00,0xff,0x00,0xff,0x00,0xff,0x00,0xff,0x00,0xff,0x00,0xff,0x00,
    0xff,0x00,0xff,0x00,0xff,0x00,0xff,0x00,0xff,0x00,0xff,0x00,0xff,0x00,0xff,0x00,0xff,0x00,0xff,0x00,0x00,0xff,0x00,0xff,0xac,0xff,0xac,0xff,0xac,0xff,0xac,0xff,
    0x00,0xff,0x00,0xff,0xff,0x00,0xff,0x00,0x00,0xff,0x00,0xff,0xac,0xff,0xac,0xff,0x00,0xff,0x00,0xff,0xff,0x00,0xff,0x00,0xff,0x00,0xff,0x00,0xff,0x00,0xff,0x00,
    0xff,0x00,0xff,0x00,0xff,0x00,0xff,0x00,0xff,0x00,0xff,0x00,0xff,0x00,0xff,0x00,0xff,0x00,0xff,0x00,0xff,0x00,0xff,0x00,0xff,0x00,0xff,0x00,0xff,0x00,0xff,0x00,
    0xff,0x00,0xff,0x00,0xff,0x00,0xff,0x00,0xff,0x00,0xff,0x00,0x00,0xff,0x00,0xff,0xac,0xff,0xac,0xff,0x00,0xff,0x00,0xff,0xff,0x00,0xff,0x00,0xff,0x00,0xff,0x00,
    0x00,0xff,0x00,0xff,0xac,0xff,0xac,0xff,0x00,0xff,0x00,0xff,0xff,0x00,0xff,0x00,0xff,0x00,0xff,0x00,0xff,0x00,0xff,0x00,0xff,0x00,0xff,0x00,0xff,0x00,0xff,0x00,
    0xff,0x00,0xff,0x00,0xff,0x00,0xff,0x00,0xff,0x00,0xff,0x00,0xff,0x00,0xff,0x00,0xff,0x00,0xff,0x00,0xff,0x00,0xff,0x00,0xff,0x00,0xff,0x00,0xff,0x00,0xff,0x00,
    0xff,0x00,0xff,0x00,0x00,0xff,0x00,0xff,0xac,0xff,0xac,0xff,0x00,0xff,0x00,0xff,0xff,0x00,0xff,0x00,0xff,0x00,0xff,0x00,0x00,0xff,0x00,0xff,0xac,0xff,0xac,0xff,
    0x00,0xff,0x00,0xff,0xff,0x00,0xff,0x00,0xff,0x00,0xff,0x00,0xff,0x00,0xff,0x00,0xff,0x00,0xff,0x00,0xff,0x00,0xff,0x00,0xff,0x00,0xff,0x00,0xff,0x00,0xff,0x00,
    0xff,0x00,0xff,0x00,0xff,0x00,0xff,0x00,0xff,0x00,0xff,0x00,0xff,0x00,0xff,0x00,0xff,0x00,0xff,0x00,0xff,0x00,0xff,0x00,0xff,0x00,0xff,0x00,0x00,0xff,0x00,0xff,
    0xac,0xff,0xac,0xff,0xac,0xff,0xac,0xff,0x00,0xff,0x00,0xff,0xff,0x00,0xff,0x00,0x00,0xff,0x00,0xff,0xac,0xff,0xac,0xff,0xac,0xff,0xac,0xff,0x00,0xff,0x00,0xff,
    0xff,0x00,0xff,0x00,0xff,0x00,0xff,0x00,0xff,0x00,0xff,0x00,0xff,0x00,0xff,0x00,0xff,0x00,0xff,0x00,0xff,0x00,0xff,0x00,0xff,0x00,0xff,0x00,0xff,0x00,0xff,0x00,
    0xff,0x00,0xff,0x00,0xff,0x00,0xff,0x00,0xff,0x00,0xff,0x00,0xff,0x00,0xff,0x00,0xff,0x00,0xff,0x00,0x00,0xff,0x00,0xff,0xac,0xff,0xac,0xff,0xac,0xff,0xac,0xff,
    0x00,0xff,0x00,0xff,0xff,0x00,0xff,0x00,0x00,0xff,0x00,0xff,0xac,0xff,0xac,0xff,0xac,0xff,0xac,0xff,0x00,0xff,0x00,0xff,0xff,0x00,0xff,0x00,0xff,0x00,0xff,0x00,
    0xff,0x00,0xff,0x00,0xff,0x00,0xff,0x00,0xff,0x00,0xff,0x00,0xff,0x00,0xff,0x00,0xff,0x00,0xff,0x00,0xff,0x00,0xff,0x00,0xff,0x00,0xff,0x00,0xff,0x00,0xff,0x00,
    0xff,0x00,0xff,0x00,0xff,0x00,0xff,0x00,0xff,0x00,0xff,0x00,0x00,0xff,0x00,0xff,0x00,0xff,0x00,0xff,0x00,0xff,0x00,0xff,0x00,0xff,0x00,0xff,0xff,0x00,0xff,0x00,
    0x00,0xff,0x00,0xff,0x00,0xff,0x00,0xff,0x00,0xff,0x00,0xff,0x00,0xff,0x00,0xff,0xff,0x00,0xff,0x00,0xff,0x00,0xff,0x00,0xff,0x00,0xff,0x00,0xff,0x00,0xff,0x00,
    0xff,0x00,0xff,0x00,0xff,0x00,0xff,0x00,0xff,0x00,0xff,0x00,0xff,0x00,0xff,0x00,0xff,0x00,0xff,0x00,0xff,0x00,0xff,0x00,0xff,0x00,0xff,0x00,0xff,0x00,0xff,0x00,
    0xff,0x00,0xff,0x00,0x00,0xff,0x00,0xff,0x00,0xff,0x00,0xff,0x00,0xff,0x00,0xff,0x00,0xff,0x00,0xff,0xff,0x00,0xff,0x00,0x00,0xff,0x00,0xff,0x00,0xff,0x00,0xff,
    0x00,0xff,0x00,0xff,0x00,0xff,0x00,0xff,0xff,0x00,0xff,0x00,0xff,0x00,0xff,0x00,0xff,0x00,0xff,0x00,0xff,0x00,0xff,0x00,0xff,0x00,0xff,0x00,0xff,0x00,0xff,0x00,
    0xff,0x00,0xff,0x00,0xff,0x00,0xff,0x00,
};
static const lv_image_dsc_t dino_image_trex_stand = {
    .header = {.magic = LV_IMAGE_HEADER_MAGIC, .cf = LV_COLOR_FORMAT_AL88, .w = 44, .h = 47, .stride = 88},
    .data_size = sizeof(dino_pixels_trex_stand), .data = dino_pixels_trex_stand,
};

_Alignas(4) static const uint8_t dino_pixels_trex_blink[] = {
    0xff,0x00,0xff,0x00,0xff,0x00,0xff,0x00,0xff,0x00,0xff,0x00,0xff,0x00,0xff,0x00,0xff,0x00,0xff,0x00,0xff,0x00,0xff,0x00,0xff,0x00,0xff,0x00,0xff,0x00,0xff,0x00,
    0xff,0x00,0xff,0x00,0xff,0x00,0xff,0x00,0xff,0x00,0xff,0x00,0x00,0xff,0x00,0xff,0x00,0xff,0x00,0xff,0x00,0xff,0x00,0xff,0x00,0xff,0x00,0xff,0x00,0xff,0x00,0xff,
    0x00,0xff,0x00,0xff,0x00,0xff,0x00,0xff,0x00,0xff,0x00,0xff,0x00,0xff,0x00,0xff,0x00,0xff,0x00,0xff,0xff,0x00,0xff,0x00,0xff,0x00,0xff,0x00,0xff,0x00,0xff,0x00,
    0xff,0x00,0xff,0x00,0xff,0x00,0xff,0x00,0xff,0x00,0xff,0x00,0xff,0x00,0xff,0x00,0xff,0x00,0xff,0x00,0xff,0x00,0xff,0x00,0xff,0x00,0xff,0x00,0xff,0x00,0xff,0x00,
    0xff,0x00,0xff,0x00,0x00,0xff,0x00,0xff,0x00,0xff,0x00,0xff,0x00,0xff,0x00,0xff,0x00,0xff,0x00,0xff,0x00,0xff,0x00,0xff,0x00,0xff,0x00,0xff,0x00,0xff,0x00,0xff,
    0x00,0xff,0x00,0xff,0x00,0xff,0x00,0xff,0x00,0xff,0x00,0xff,0xff,0x00,0xff,0x00,0xff,0x00,0xff,0x00,0xff,0x00,0xff,0x00,0xff,0x00,0xff,0x00,0xff,0x00,0xff,0x00,
    0xff,0x00,0xff,0x00,0xff,0x00,0xff,0x00,0xff,0x00,0xff,0x00,0xff,0x00,0xff,0x00,0xff,0x00,0xff,0x00,0xff,0x00,0xff,0x00,0x00,0xff,0x00,0xff,0x00,0xff,0x00,0xff,
    0xac,0xff,0xac,0xff,0xac,0xff,0xac,0xff,0xac,0xff,0xac,0xff,0xac,0xff,0xac,0xff,0xac,0xff,0xac,0xff,0xac,0xff,0xac,0xff,0xac,0xff,0xac,0xff,0xac,0xff,0xac,0xff,
    0x00,0xff,0x00,0xff,0xff,0x00,0xff,0x00,0xff,0x00,0xff,0x00,0xff,0x00,0xff,0x00,0xff,0x00,0xff,0x00,0xff,0x00,0xff,0x00,0xff,0x00,0xff,0x00,0xff,0x00,0xff,0x00,
    0xff,0x00,0xff,0x00,0xff,0x00,0xff,0x00,0xff,0x00,0xff,0x00,0xff,0x00,0xff,0x00,0x00,0xff,0x00,0xff,0x00,0xff,0x00,0xff,0xac,0xff,0xac,0xff,0xac,0xff,0xac,0xff,
    0xac,0xff,0xac,0xff,0xac,0xff,0xac,0xff,0xac,0xff,0xac,0xff,0xac,0xff,0xac,0xff,0xac,0xff,0xac,0xff,0xac,0xff,0xac,0xff,0x00,0xff,0x00,0xff,0xff,0x00,0xff,0x00,
    0xff,0x00,0xff,0x00,0xff,0x00,0xff,0x00,0xff,0x00,0xff,0x00,0xff,0x00,0xff,0x00,0xff,0x00,0xff,0x00,0xff,0x00,0xff,0x00,0xff,0x00,0xff,0x00,0xff,0x00,0xff,0x00,
    0xff,0x00,0xff,0x00,0xff,0x00,0xff,0x00,0x00,0xff,0x00,0xff,0xac,0xff,0xac,0xff,0xac,0xff,0xac,0xff,0xac,0xff,0xac,0xff,0xac,0xff,0xac,0xff,0xac,0xff,0xac,0xff,
    0xac,0xff,0xac,0xff,0xac,0xff,0xac,0xff,0xac,0xff,0xac,0xff,0xac,0xff,0xac,0xff,0xac,0xff,0xac,0xff,0x00,0xff,0x00,0xff,0xff,0x00,0xff,0x00,0xff,0x00,0xff,0x00,
    0xff,0x00,0xff,0x00,0xff,0x00,0xff,0x00,0xff,0x00,0xff,0x00,0xff,0x00,0xff,0x00,0xff,0x00,0xff,0x00,0xff,0x00,0xff,0x00,0xff,0x00,0xff,0x00,0xff,0x00,0xff,0x00,
    0x00,0xff,0x00,0xff,0xac,0xff,0xac,0xff,0xac,0xff,0xac,0xff,0xac,0xff,0xac,0xff,0xac,0xff,0xac,0xff,0xac,0xff,0xac,0xff,0xac,0xff,0xac,0xff,0xac,0xff,0xac,0xff,
    0xac,0xff,0xac,0xff,0xac,0xff,0xac,0xff,0xac,0xff,0xac,0xff,0x00,0xff,0x00,0xff,0xff,0x00,0xff,0x00,0xff,0x00,0xff,0x00,0xff,0x00,0xff,0x00,0xff,0x00,0xff,0x00,
    0xff,0x00,0xff,0x00,0xff,0x00,0xff,0x00,0xff,0x00,0xff,0x00,0xff,0x00,0xff,0x00,0xff,0x00,0xff,0x00,0xff,0x00,0xff,0x00,0x00,0xff,0x00,0xff,0xac,0xff,0xac,0xff,
    0xac,0xff,0xac,0xff,0xac,0xff,0xac,0xff,0xac,0xff,0xac,0xff,0xac,0xff,0xac,0xff,0xac,0xff,0xac,0xff,0xac,0xff,0xac,0xff,0xac,0xff,0xac,0xff,0xac,0xff,0xac,0xff,
    0xac,0xff,0xac,0xff,0x00,0xff,0x00,0xff,0xff,0x00,0xff,0x00,0xff,0x00,0xff,0x00,0xff,0x00,0xff,0x00,0xff,0x00,0xff,0x00,0xff,0x00,0xff,0x00,0xff,0x00,0xff,0x00,
    0xff,0x00,0xff,0x00,0xff,0x00,0xff,0x00,0xff,0x00,0xff,0x00,0xff,0x00,0xff,0x00,0x00,0xff,0x00,0xff,0xac,0xff,0xac,0xff,0xac,0xff,0xac,0xff,0xac,0xff,0xac,0xff,
    0xac,0xff,0xac,0xff,0xac,0xff,0xac,0xff,0xac,0xff,0xac,0xff,0xac,0xff,0xac,0xff,0xac,0xff,0xac,0xff,0xac,0xff,0xac,0xff,0xac,0xff,0xac,0xff,0x00,0xff,0x00,0xff,
    0xff,0x00,0xff,0x00,0xff,0x00,0xff,0x00,0xff,0x00,0xff,0x00,0xff,0x00,0xff,0x00,0xff,0x00,0xff,0x00,0xff,0x00,0xff,0x00,0xff,0x00,0xff,0x00,0xff,0x00,0xff,0x00,
    0xff,0x00,0xff,0x00,0xff,0x00,0xff,0x00,0x00,0xff,0x00,0xff,0xac,0xff,0xac,0xff,0xac,0xff,0xac,0xff,0xac,0xff,0xac,0xff,0xac,0xff,0xac,0xff,0xac,0xff,0xac,0xff,
    0xac,0xff,0xac,0xff,0xac,0xff,0xac,0xff,0xac,0xff,0xac,0xff,0xac,0xff,0xac,0xff,0xac,0xff,0xac,0xff,0x00,0xff,0x00,0xff,0xff,0x00,0xff,0x00,0xff,0x00,0xff,0x00,
    0xff,0x00,0xff,0x00,0xff,0x00,0xff,0x00,0xff,0x00,0xff,0x00,0xff,0x00,0xff,0x00,0xff,0x00,0xff,0x00,0xff,0x00,0xff,0x00,0xff,0x00,0xff,0x00,0xff,0x00,0xff,0x00,
    0x00,0xff,0x00,0xff,0xac,0xff,0xac,0xff,0xac,0xff,0xac,0xff,0xac,0xff,0xac,0xff,0xac,0xff,0xac,0xff,0xac,0xff,0xac,0xff,0xac,0xff,0xac,0xff,0xac,0xff,0xac,0xff,
    0xac,0xff,0xac,0xff,0xac,0xff,0xac,0xff,0xac,0xff,0xac,0xff,0x00,0xff,0x00,0xff,0xff,0x00,0xff,0x00,0xff,0x00,0xff,0x00,0xff,0x00,0xff,0x00,0xff,0x00,0xff,0x00,
    0xff,0x00,0xff,0x00,0xff,0x00,0xff,0x00,0xff,0x00,0xff,0x00,0xff,0x00,0xff,0x00,0xff,0x00,0xff,0x00,0xff,0x00,0xff,0x00,0x00,0xff,0x00,0xff,0xac,0xff,0xac,0xff,
    0xac,0xff,0xac,0xff,0xac,0xff,0xac,0xff,0xac,0xff,0xac,0xff,0xac,0xff,0xac,0xff,0xac,0xff,0xac,0xff,0xac,0xff,0xac,0xff,0xac,0xff,0xac,0xff,0xac,0xff,0xac,0xff,
    0xac,0xff,0xac,0xff,0x00,0xff,0x00,0xff,0xff,0x00,0xff,0x00,0xff,0x00,0xff,0x00,0xff,0x00,0xff,0x00,0xff,0x00,0xff,0x00,0xff,0x00,0xff,0x00,0xff,0x00,0xff,0x00,
    0xff,0x00,0xff,0x00,0xff,0x00,0xff,0x00,0xff,0x00,0xff,0x00,0xff,0x00,0xff,0x00,0x00,0xff,0x00,0xff,0xac,0xff,0xac,0xff,0xac,0xff,0xac,0xff,0xac,0xff,0xac,0xff,
    0xac,0xff,0xac,0xff,0xac,0xff,0xac,0xff,0xac,0xff,0xac,0xff,0xac,0xff,0xac,0xff,0xac,0xff,0xac,0xff,0xac,0xff,0xac,0xff,0xac,0xff,0xac,0xff,0x00,0xff,0x00,0xff,
    0xff,0x00,0xff,0x00,0xff,0x00,0xff,0x00,0xff,0x00,0xff,0x00,0xff,0x00,0xff,0x00,0xff,0x00,0xff,0x00,0xff,0x00,0xff,0x00,0xff,0x00,0xff,0x00,0xff,0x00,0xff,0x00,
    0xff,0x00,0xff,0x00,0xff,0x00,0xff,0x00,0x00,0xff,0x00,0xff,0xac,0xff,0xac,0xff,0xac,0xff,0xac,0xff,0xac,0xff,0xac,0xff,0xac,0xff,0xac,0xff,0xac,0xff,0xac,0xff,
    0xac,0xff,0xac,0xff,0xac,0xff,0xac,0xff,0xac,0xff,0xac,0xff,0xac,0xff,0xac,0xff,0xac,0xff,0xac,0xff,0x00,0xff,0x00,0xff,0xff,0x00,0xff,0x00,0xff,0x00,0xff,0x00,
    0xff,0x00,0xff,0x00,0xff,0x00,0xff,0x00,0xff,0x00,0xff,0x00,0xff,0x00,0xff,0x00,0xff,0x00,0xff,0x00,0xff,0x00,0xff,0x00,0xff,0x00,0xff,0x00,0xff,0x00,0xff,0x00,
    0x00,0xff,0x00,0xff,0xac,0xff,0xac,0xff,0xac,0xff,0xac,0xff,0xac,0xff,0xac,0xff,0xac,0xff,0xac,0xff,0xac,0xff,0xac,0xff,0x00,0xff,0x00,0xff,0x00,0xff,0x00,0xff,
    0x00,0xff,0x00,0xff,0x00,0xff,0x00,0xff,0x00,0xff,0x00,0xff,0x00,0xff,0x00,0xff,0xff,0x00,0xff,0x00,0xff,0x00,0xff,0x00,0xff,0x00,0xff,0x00,0xff,0x00,0xff,0x00,
    0xff,0x00,0xff,0x00,0xff,0x00,0xff,0x00,0xff,0x00,0xff,0x00,0xff,0x00,0xff,0x00,0xff,0x00,0xff,0x00,0xff,0x00,0xff,0x00,0x00,0xff,0x00,0xff,0xac,0xff,0xac,0xff,
    0xac,0xff,0xac,0xff,0xac,0xff,0xac,0xff,0xac,0xff,0xac,0xff,0xac,0xff,0xac,0xff,0x00,0xff,0x00,0xff,0x00,0xff,0x00,0xff,0x00,0xff,0x00,0xff,0x00,0xff,0x00,0xff,
    0x00,0xff,0x00,0xff,0x00,0xff,0x00,0xff,0xff,0x00,0xff,0x00,0x00,0xff,0x00,0xff,0x00,0xff,0x00,0xff,0xff,0x00,0xff,0x00,0xff,0x00,0xff,0x00,0xff,0x00,0xff,0x00,
    0xff,0x00,0xff,0x00,0xff,0x00,0xff,0x00,0xff,0x00,0xff,0x00,0x00,0xff,0x00,0xff,0x00,0xff,0x00,0xff,0xac,0xff,0xac,0xff,0xac,0xff,0xac,0xff,0xac,0xff,0xac,0xff,
    0xac,0xff,0xac,0xff,0xac,0xff,0xac,0xff,0xac,0xff,0xac,0xff,0xac,0xff,0xac,0xff,0xac,0xff,0xac,0xff,0x00,0xff,0x00,0xff,0xff,0x00,0xff,0x00,0xff,0x00,0xff,0x00,
    0xff,0x00,0xff,0x00,0x00,0xff,0x00,0xff,0x00,0xff,0x00,0xff,0xff,0x00,0xff,0x00,0xff,0x00,0xff,0x00,0xff,0x00,0xff,0x00,0xff,0x00,0xff,0x00,0xff,0x00,0xff,0x00,
    0xff,0x00,0xff,0x00,0x00,0xff,0x00,0xff,0x00,0xff,0x00,0xff,0xac,0xff,0xac,0xff,0xac,0xff,0xac,0xff,0xac,0xff,0xac,0xff,0xac,0xff,0xac,0xff,0xac,0xff,0xac,0xff,
    0xac,0xff,0xac,0xff,0xac,0xff,0xac,0xff,0xac,0xff,0xac,0xff,0x00,0xff,0x00,0xff,0xff,0x00,0xff,0x00,0xff,0x00,0xff,0x00,0x00,0xff,0x00,0xff,0xac,0xff,0xac,0xff,
    0x00,0xff,0x00,0xff,0xff,0x00,0xff,0x00,0xff,0x00,0xff,0x00,0xff,0x00,0xff,0x00,0xff,0x00,0xff,0x00,0xff,0x00,0x00,0xff,0x00,0xff,0x00,0xff,0x00,0xff,0x00,0xff,
    0xac,0xff,0xac,0xff,0xac,0xff,0xac,0xff,0xac,0xff,0xac,0xff,0xac,0xff,0xac,0xff,0xac,0xff,0xac,0xff,0x00,0xff,0x00,0xff,0x00,0xff,0x00,0xff,0x00,0xff,0x00,0xff,
    0x00,0xff,0x00,0xff,0x00,0xff,0x00,0xff,0xff,0x00,0xff,0x00,0xff,0x00,0xff,0x00,0x00,0xff,0x00,0xff,0xac,0xff,0xac,0xff,0x00,0xff,0x00,0xff,0xff,0x00,0xff,0x00,
    0xff,0x00,0xff,0x00,0xff,0x00,0xff,0x00,0xff,0x00,0xff,0x00,0xff,0x00,0x00,0xff,0x00,0xff,0x00,0xff,0x00,0xff,0x00,0xff,0xac,0xff,0xac,0xff,0xac,0xff,0xac,0xff,
    0xac,0xff,0xac,0xff,0xac,0xff,0xac,0xff,0xac,0xff,0xac,0xff,0x00,0xff,0x00,0xff,0x00,0xff,0x00,0xff,0x00,0xff,0x00,0xff,0x00,0xff,0x00,0xff,0x00,0xff,0x00,0xff,
    0xff,0x00,0xff,0x00,0xff,0x00,0xff,0x00,0x00,0xff,0x00,0xff,0xac,0xff,0xac,0xff,0x00,0xff,0x00,0xff,0xff,0x00,0xff,0x00,0xff,0x00,0xff,0x00,0xff,0x00,0xff,0x00,
    0x00,0xff,0x00,0xff,0x00,0xff,0x00,0xff,0x00,0xff,0xac,0xff,0xac,0xff,0xac,0xff,0xac,0xff,0xac,0xff,0xac,0xff,0xac,0xff,0xac,0xff,0xac,0xff,0xac,0xff,0xac,0xff,
    0xac,0xff,0xac,0xff,0x00,0xff,0x00,0xff,0x00,0xff,0x00,0xff,0x00,0xff,0x00,0xff,0xff,0x00,0xff,0x00,0xff,0x00,0xff,0x00,0xff,0x00,0xff,0x00,0xff,0x00,0xff,0x00,
    0x00,0xff,0x00,0xff,0xac,0xff,0xac,0xff,0x00,0xff,0x00,0xff,0xff,0x00,0xff,0x00,0xff,0x00,0xff,0x00,0xff,0x00,0xff,0x00,0x00,0xff,0x00,0xff,0x00,0xff,0x00,0xff,
    0x00,0xff,0xac,0xff,0xac,0xff,0xac,0xff,0xac,0xff,0xac,0xff,0xac,0xff,0xac,0xff,0xac,0xff,0xac,0xff,0xac,0xff,0xac,0xff,0xac,0xff,0xac,0xff,0x00,0xff,0x00,0xff,
    0x00,0xff,0x00,0xff,0x00,0xff,0x00,0xff,0xff,0x00,0xff,0x00,0xff,0x00,0xff,0x00,0xff,0x00,0xff,0x00,0xff,0x00,0xff,0x00,0x00,0xff,0x00,0xff,0xac,0xff,0xac,0xff,
    0xac,0xff,0xac,0xff,0x00,0xff,0x00,0xff,0x00,0xff,0x00,0xff,0x00,0xff,0x00,0xff,0x00,0xff,0x00,0xff,0xac,0xff,0xac,0xff,0xac,0xff,0xac,0xff,0xac,0xff,0xac,0xff,
    0xac,0xff,0xac,0xff,0xac,0xff,0xac,0xff,0xac,0xff,0xac,0xff,0xac,0xff,0xac,0xff,0xac,0xff,0xac,0xff,0xac,0xff,0xac,0xff,0xac,0xff,0xac,0xff,0x00,0xff,0x00,0xff,
    0xff,0x00,0xff,0x00,0xff,0x00,0xff,0x00,0xff,0x00,0xff,0x00,0xff,0x00,0xff,0x00,0x00,0xff,0x00,0xff,0xac,0xff,0xac,0xff,0xac,0xff,0xac,0xff,0x00,0xff,0x00,0xff,
    0x00,0xff,0x00,0xff,0x00,0xff,0x00,0xff,0x00,0xff,0x00,0xff,0xac,0xff,0xac,0xff,0xac,0xff,0xac,0xff,0xac,0xff,0xac,0xff,0xac,0xff,0xac,0xff,0xac,0xff,0xac,0xff,
    0xac,0xff,0xac,0xff,0xac,0xff,0xac,0xff,0xac,0xff,0xac,0xff,0xac,0xff,0xac,0xff,0xac,0xff,0xac,0xff,0x00,0xff,0x00,0xff,0xff,0x00,0xff,0x00,0xff,0x00,0xff,0x00,
    0xff,0x00,0xff,0x00,0xff,0x00,0xff,0x00,0x00,0xff,0x00,0xff,0xac,0xff,0xac,0xff,0xac,0xff,0xac,0xff,0xac,0xff,0xac,0xff,0x00,0xff,0x00,0xff,0x00,0xff,0x00,0xff,
    0xac,0xff,0xac,0xff,0xac,0xff,0xac,0xff,0xac,0xff,0xac,0xff,0xac,0xff,0xac,0xff,0xac,0xff,0xac,0xff,0xac,0xff,0xac,0xff,0xac,0xff,0xac,0xff,0xac,0xff,0xac,0xff,
    0xac,0xff,0xac,0xff,0x00,0xff,0x00,0xff,0xac,0xff,0xac,0xff,0x00,0xff,0x00,0xff,0xff,0x00,0xff,0x00,0xff,0x00,0xff,0x00,0xff,0x00,0xff,0x00,0xff,0x00,0xff,0x00,
    0x00,0xff,0x00,0xff,0xac,0xff,0xac,0xff,0xac,0xff,0xac,0xff,0xac,0xff,0xac,0xff,0x00,0xff,0x00,0xff,0x00,0xff,0x00,0xff,0xac,0xff,0xac,0xff,0xac,0xff,0xac,0xff,
    0xac,0xff,0xac,0xff,0xac,0xff,0xac,0xff,0xac,0xff,0xac,0xff,0xac,0xff,0xac,0xff,0xac,0xff,0xac,0xff,0xac,0xff,0xac,0xff,0xac,0xff,0xac,0xff,0x00,0xff,0x00,0xff,
    0xac,0xff,0xac,0xff,0x00,0xff,0x00,0xff,0xff,0x00,0xff,0x00,0xff,0x00,0xff,0x00,0xff,0x00,0xff,0x00,0xff,0x00,0xff,0x00,0x00,0xff,0x00,0xff,0xac,0xff,0xac,0xff,
    0xac,0xff,0xac,0xff,0xac,0xff,0xac,0xff,0xac,0xff,0xac,0xff,0xac,0xff,0xac,0xff,0xac,0xff,0xac,0xff,0xac,0xff,0xac,0xff,0xac,0xff,0xac,0xff,0xac,0xff,0xac,0xff,
    0xac,0xff,0xac,0xff,0xac,0xff,0xac,0xff,0xac,0xff,0xac,0xff,0xac,0xff,0xac,0xff,0xac,0xff,0xac,0xff,0x00,0xff,0x00,0xff,0x00,0xff,0x00,0xff,0x00,0xff,0x00,0xff,
    0xff,0x00,0xff,0x00,0xff,0x00,0xff,0x00,0xff,0x00,0xff,0x00,0xff,0x00,0xff,0x00,0x00,0xff,0x00,0xff,0xac,0xff,0xac,0xff,0xac,0xff,0xac,0xff,0xac,0xff,0xac,0xff,
    0xac,0xff,0xac,0xff,0xac,0xff,0xac,0xff,0xac,0xff,0xac,0xff,0xac,0xff,0xac,0xff,0xac,0xff,0xac,0xff,0xac,0xff,0xac,0xff,0xac,0xff,0xac,0xff,0xac,0xff,0xac,0xff,
    0xac,0xff,0xac,0xff,0xac,0xff,0xac,0xff,0xac,0xff,0xac,0xff,0x00,0xff,0x00,0xff,0x00,0xff,0x00,0xff,0x00,0xff,0x00,0xff,0xff,0x00,0xff,0x00,0xff,0x00,0xff,0x00,
    0xff,0x00,0xff,0x00,0xff,0x00,0xff,0x00,0x00,0xff,0x00,0xff,0xac,0xff,0xac,0xff,0xac,0xff,0xac,0xff,0xac,0xff,0xac,0xff,0xac,0xff,0xac,0xff,0xac,0xff,0xac,0xff,
    0xac,0xff,0xac,0xff,0xac,0xff,0xac,0xff,0xac,0xff,0xac,0xff,0xac,0xff,0xac,0xff,0xac,0xff,0xac,0xff,0xac,0xff,0xac,0xff,0xac,0xff,0xac,0xff,0xac,0xff,0xac,0xff,
    0xac,0xff,0xac,0xff,0x00,0xff,0x00,0xff,0xff,0x00,0xff,0x00,0xff,0x00,0xff,0x00,0xff,0x00,0xff,0x00,0xff,0x00,0xff,0x00,0xff,0x00,0xff,0x00,0xff,0x00,0xff,0x00,
    0x00,0xff,0x00,0xff,0xac,0xff,0xac,0xff,0xac,0xff,0xac,0xff,0xac,0xff,0xac,0xff,0xac,0xff,0xac,0xff,0xac,0xff,0xac,0xff,0xac,0xff,0xac,0xff,0xac,0xff,0xac,0xff,
    0xac,0xff,0xac,0xff,0xac,0xff,0xac,0xff,0xac,0xff,0xac,0xff,0xac,0xff,0xac,0xff,0xac,0xff,0xac,0xff,0xac,0xff,0xac,0xff,0xac,0xff,0xac,0xff,0x00,0xff,0x00,0xff,
    0xff,0x00,0xff,0x00,0xff,0x00,0xff,0x00,0xff,0x00,0xff,0x00,0xff,0x00,0xff,0x00,0xff,0x00,0xff,0x00,0xff,0x00,0xff,0x00,0xff,0x00,0xff,0x00,0x00,0xff,0x00,0xff,
    0xac,0xff,0xac,0xff,0xac,0xff,0xac,0xff,0xac,0xff,0xac,0xff,0xac,0xff,0xac,0xff,0xac,0xff,0xac,0xff,0xac,0xff,0xac,0xff,0xac,0xff,0xac,0xff,0xac,0xff,0xac,0xff,
    0xac,0xff,0xac,0xff,0xac,0xff,0xac,0xff,0xac,0xff,0xac,0xff,0xac,0xff,0xac,0xff,0xac,0xff,0xac,0xff,0x00,0xff,0x00,0xff,0xff,0x00,0xff,0x00,0xff,0x00,0xff,0x00,
    0xff,0x00,0xff,0x00,0xff,0x00,0xff,0x00,0xff,0x00,0xff,0x00,0xff,0x00,0xff,0x00,0xff,0x00,0xff,0x00,0x00,0xff,0x00,0xff,0xac,0xff,0xac,0xff,0xac,0xff,0xac,0xff,
    0xac,0xff,0xac,0xff,0xac,0xff,0xac,0xff,0xac,0xff,0xac,0xff,0xac,0xff,0xac,0xff,0xac,0xff,0xac,0xff,0xac,0xff,0xac,0xff,0xac,0xff,0xac,0xff,0xac,0xff,0xac,0xff,
    0xac,0xff,0xac,0xff,0xac,0xff,0xac,0xff,0x00,0xff,0x00,0xff,0xff,0x00,0xff,0x00,0xff,0x00,0xff,0x00,0xff,0x00,0xff,0x00,0xff,0x00,0xff,0x00,0xff,0x00,0xff,0x00,
    0xff,0x00,0xff,0x00,0xff,0x00,0xff,0x00,0xff,0x00,0xff,0x00,0xff,0x00,0xff,0x00,0x00,0xff,0x00,0xff,0xac,0xff,0xac,0xff,0xac,0xff,0xac,0xff,0xac,0xff,0xac,0xff,
    0xac,0xff,0xac,0xff,0xac,0xff,0xac,0xff,0xac,0xff,0xac,0xff,0xac,0xff,0xac,0xff,0xac,0xff,0xac,0xff,0xac,0xff,0xac,0xff,0xac,0xff,0xac,0xff,0xac,0xff,0xac,0xff,
    0x00,0xff,0x00,0xff,0xff,0x00,0xff,0x00,0xff,0x00,0xff,0x00,0xff,0x00,0xff,0x00,0xff,0x00,0xff,0x00,0xff,0x00,0xff,0x00,0xff,0x00,0xff,0x00,0xff,0x00,0xff,0x00,
    0xff,0x00,0xff,0x00,0xff,0x00,0xff,0x00,0x00,0xff,0x00,0xff,0xac,0xff,0xac,0xff,0xac,0xff,0xac,0xff,0xac,0xff,0xac,0xff,0xac,0xff,0xac,0xff,0xac,0xff,0xac,0xff,
    0xac,0xff,0xac,0xff,0xac,0xff,0xac,0xff,0xac,0xff,0xac,0xff,0xac,0xff,0xac,0xff,0xac,0xff,0xac,0xff,0xac,0xff,0xac,0xff,0x00,0xff,0x00,0xff,0xff,0x00,0xff,0x00,
    0xff,0x00,0xff,0x00,0xff,0x00,0xff,0x00,0xff,0x00,0xff,0x00,0xff,0x00,0xff,0x00,0xff,0x00,0xff,0x00,0xff,0x00,0xff,0x00,0xff,0x00,0xff,0x00,0xff,0x00,0xff,0x00,
    0xff,0x00,0xff,0x00,0x00,0xff,0x00,0xff,0xac,0xff,0xac,0xff,0xac,0xff,0xac,0xff,0xac,0xff,0xac,0xff,0xac,0xff,0xac,0xff,0xac,0xff,0xac,0xff,0xac,0xff,0xac,0xff,
    0xac,0xff,0xac,0xff,0xac,0xff,0xac,0xff,0xac,0xff,0xac,0xff,0x00,0xff,0x00,0xff,0x00,0xff,0x00,0xff,0xff,0x00,0xff,0x00,0xff,0x00,0xff,0x00,0xff,0x00,0xff,0x00,
    0xff,0x00,0xff,0x00,0xff,0x00,0xff,0x00,0xff,0x00,0xff,0x00,0xff,0x00,0xff,0x00,0xff,0x00,0xff,0x00,0xff,0x00,0xff,0x00,0xff,0x00,0xff,0x00,0x00,0xff,0x00,0xff,
    0xac,0xff,0xac,0xff,0xac,0xff,0xac,0xff,0xac,0xff,0xac,0xff,0xac,0xff,0xac,0xff,0xac,0xff,0xac,0xff,0xac,0xff,0xac,0xff,0xac,0xff,0xac,0xff,0xac,0xff,0xac,0xff,
    0xac,0xff,0xac,0xff,0x00,0xff,0x00,0xff,0x00,0xff,0x00,0xff,0xff,0x00,0xff,0x00,0xff,0x00,0xff,0x00,0xff,0x00,0xff,0x00,0xff,0x00,0xff,0x00,0xff,0x00,0xff,0x00,
    0xff,0x00,0xff,0x00,0xff,0x00,0xff,0x00,0xff,0x00,0xff,0x00,0xff,0x00,0xff,0x00,0xff,0x00,0xff,0x00,0xff,0x00,0xff,0x00,0x00,0xff,0x00,0xff,0xac,0xff,0xac,0xff,
    0xac,0xff,0xac,0xff,0xac,0xff,0xac,0xff,0xac,0xff,0xac,0xff,0xac,0xff,0xac,0xff,0xac,0xff,0xac,0xff,0xac,0xff,0xac,0xff,0x00,0xff,0x00,0xff,0x00,0xff,0x00,0xff,
    0xff,0x00,0xff,0x00,0xff,0x00,0xff,0x00,0xff,0x00,0xff,0x00,0xff,0x00,0xff,0x00,0xff,0x00,0xff,0x00,0xff,0x00,0xff,0x00,0xff,0x00,0xff,0x00,0xff,0x00,0xff,0x00,
    0xff,0x00,0xff,0x00,0xff,0x00,0xff,0x00,0xff,0x00,0xff,0x00,0xff,0x00,0xff,0x00,0x00,0xff,0x00,0xff,0xac,0xff,0xac,0xff,0xac,0xff,0xac,0xff,0xac,0xff,0xac,0xff,
    0xac,0xff,0xac,0xff,0xac,0xff,0xac,0xff,0xac,0xff,0xac,0xff,0xac,0xff,0xac,0xff,0x00,0xff,0x00,0xff,0x00,0xff,0x00,0xff,0xff,0x00,0xff,0x00,0xff,0x00,0xff,0x00,
    0xff,0x00,0xff,0x00,0xff,0x00,0xff,0x00,0xff,0x00,0xff,0x00,0xff,0x00,0xff,0x00,0xff,0x00,0xff,0x00,0xff,0x00,0xff,0x00,0xff,0x00,0xff,0x00,0xff,0x00,0xff,0x00,
    0xff,0x00,0xff,0x00,0xff,0x00,0xff,0x00,0x00,0xff,0x00,0xff,0x00,0xff,0x00,0xff,0xac,0xff,0xac,0xff,0xac,0xff,0xac,0xff,0xac,0xff,0xac,0xff,0x00,0xff,0x00,0xff,
    0xac,0xff,0xac,0xff,0xac,0xff,0xac,0xff,0x00,0xff,0x00,0xff,0x00,0xff,0x00,0xff,0xff,0x00,0xff,0x00,0xff,0x00,0xff,0x00,0xff,0x00,0xff,0x00,0xff,0x00,0xff,0x00,
    0xff,0x00,0xff,0x00,0xff,0x00,0xff,0x00,0xff,0x00,0xff,0x00,0xff,0x00,0xff,0x00,0xff,0x00,0xff,0x00,0xff,0x00,0xff,0x00,0xff,0x00,0xff,0x00,0xff,0x00,0xff,0x00,
    0x00,0xff,0x00,0xff,0x00,0xff,0x00,0xff,0xac,0xff,0xac,0xff,0xac,0xff,0xac,0xff,0xac,0xff,0xac,0xff,0x00,0xff,0x00,0xff,0xac,0xff,0xac,0xff,0xac,0xff,0xac,0xff,
    0x00,0xff,0x00,0xff,0x00,0xff,0x00,0xff,0xff,0x00,0xff,0x00,0xff,0x00,0xff,0x00,0xff,0x00,0xff,0x00,0xff,0x00,0xff,0x00,0xff,0x00,0xff,0x00,0xff,0x00,0xff,0x00,
    0xff,0x00,0xff,0x00,0xff,0x00,0xff,0x00,0xff,0x00,0xff,0x00,0xff,0x00,0xff,0x00,0xff,0x00,0xff,0x00,0xff,0x00,0xff,0x00,0xff,0x00,0xff,0x00,0x00,0xff,0x00,0xff,
    0xac,0xff,0xac,0xff,0xac,0xff,0xac,0xff,0x00,0xff,0x00,0xff,0xff,0x00,0xff,0x00,0x00,0xff,0x00,0xff,0xac,0xff,0xac,0xff,0x00,0xff,0x00,0xff,0xff,0x00,0xff,0x00,
    0xff,0x00,0xff,0x00,0xff,0x00,0xff,0x00,0xff,0x00,0xff,0x00,0xff,0x00,0xff,0x00,0xff,0x00,0xff,0x00,0xff,0x00,0xff,0x00,0xff,0x00,0xff,0x00,0xff,0x00,0xff,0x00,
    0xff,0x00,0xff,0x00,0xff,0x00,0xff,0x00,0xff,0x00,0xff,0x00,0xff,0x00,0xff,0x00,0xff,0x00,0xff,0x00,0x00,0xff,0x00,0xff,0xac,0xff,0xac,0xff,0xac,0xff,0xac,0xff,
    0x00,0xff,0x00,0xff,0xff,0x00,0xff,0x00,0x00,0xff,0x00,0xff,0xac,0xff,0xac,0xff,0x00,0xff,0x00,0xff,0xff,0x00,0xff,0x00,0xff,0x00,0xff,0x00,0xff,0x00,0xff,0x00,
    0xff,0x00,0xff,0x00,0xff,0x00,0xff,0x00,0xff,0x00,0xff,0x00,0xff,0x00,0xff,0x00,0xff,0x00,0xff,0x00,0xff,0x00,0xff,0x00,0xff,0x00,0xff,0x00,0xff,0x00,0xff,0x00,
    0xff,0x00,0xff,0x00,0xff,0x00,0xff,0x00,0xff,0x00,0xff,0x00,0x00,0xff,0x00,0xff,0xac,0xff,0xac,0xff,0x00,0xff,0x00,0xff,0xff,0x00,0xff,0x00,0xff,0x00,0xff,0x00,
    0x00,0xff,0x00,0xff,0xac,0xff,0xac,0xff,0x00,0xff,0x00,0xff,0xff,0x00,0xff,0x00,0xff,0x00,0xff,0x00,0xff,0x00,0xff,0x00,0xff,0x00,0xff,0x00,0xff,0x00,0xff,0x00,
    0xff,0x00,0xff,0x00,0xff,0x00,0xff,0x00,0xff,0x00,0xff,0x00,0xff,0x00,0xff,0x00,0xff,0x00,0xff,0x00,0xff,0x00,0xff,0x00,0xff,0x00,0xff,0x00,0xff,0x00,0xff,0x00,
    0xff,0x00,0xff,0x00,0x00,0xff,0x00,0xff,0xac,0xff,0xac,0xff,0x00,0xff,0x00,0xff,0xff,0x00,0xff,0x00,0xff,0x00,0xff,0x00,0x00,0xff,0x00,0xff,0xac,0xff,0xac,0xff,
    0x00,0xff,0x00,0xff,0xff,0x00,0xff,0x00,0xff,0x00,0xff,0x00,0xff,0x00,0xff,0x00,0xff,0x00,0xff,0x00,0xff,0x00,0xff,0x00,0xff,0x00,0xff,0x00,0xff,0x00,0xff,0x00,
    0xff,0x00,0xff,0x00,0xff,0x00,0xff,0x00,0xff,0x00,0xff,0x00,0xff,0x00,0xff,0x00,0xff,0x00,0xff,0x00,0xff,0x00,0xff,0x00,0xff,0x00,0xff,0x00,0x00,0xff,0x00,0xff,
    0xac,0xff,0xac,0xff,0xac,0xff,0xac,0xff,0x00,0xff,0x00,0xff,0xff,0x00,0xff,0x00,0x00,0xff,0x00,0xff,0xac,0xff,0xac,0xff,0xac,0xff,0xac,0xff,0x00,0xff,0x00,0xff,
    0xff,0x00,0xff,0x00,0xff,0x00,0xff,0x00,0xff,0x00,0xff,0x00,0xff,0x00,0xff,0x00,0xff,0x00,0xff,0x00,0xff,0x00,0xff,0x00,0xff,0x00,0xff,0x00,0xff,0x00,0xff,0x00,
    0xff,0x00,0xff,0x00,0xff,0x00,0xff,0x00,0xff,0x00,0xff,0x00,0xff,0x00,0xff,0x00,0xff,0x00,0xff,0x00,0x00,0xff,0x00,0xff,0xac,0xff,0xac,0xff,0xac,0xff,0xac,0xff,
    0x00,0xff,0x00,0xff,0xff,0x00,0xff,0x00,0x00,0xff,0x00,0xff,0xac,0xff,0xac,0xff,0xac,0xff,0xac,0xff,0x00,0xff,0x00,0xff,0xff,0x00,0xff,0x00,0xff,0x00,0xff,0x00,
    0xff,0x00,0xff,0x00,0xff,0x00,0xff,0x00,0xff,0x00,0xff,0x00,0xff,0x00,0xff,0x00,0xff,0x00,0xff,0x00,0xff,0x00,0xff,0x00,0xff,0x00,0xff,0x00,0xff,0x00,0xff,0x00,
    0xff,0x00,0xff,0x00,0xff,0x00,0xff,0x00,0xff,0x00,0xff,0x00,0x00,0xff,0x00,0xff,0x00,0xff,0x00,0xff,0x00,0xff,0x00,0xff,0x00,0xff,0x00,0xff,0xff,0x00,0xff,0x00,
    0x00,0xff,0x00,0xff,0x00,0xff,0x00,0xff,0x00,0xff,0x00,0xff,0x00,0xff,0x00,0xff,0xff,0x00,0xff,0x00,0xff,0x00,0xff,0x00,0xff,0x00,0xff,0x00,0xff,0x00,0xff,0x00,
    0xff,0x00,0xff,0x00,0xff,0x00,0xff,0x00,0xff,0x00,0xff,0x00,0xff,0x00,0xff,0x00,0xff,0x00,0xff,0x00,0xff,0x00,0xff,0x00,0xff,0x00,0xff,0x00,0xff,0x00,0xff,0x00,
    0xff,0x00,0xff,0x00,0x00,0xff,0x00,0xff,0x00,0xff,0x00,0xff,0x00,0xff,0x00,0xff,0x00,0xff,0x00,0xff,0xff,0x00,0xff,0x00,0x00,0xff,0x00,0xff,0x00,0xff,0x00,0xff,
    0x00,0xff,0x00,0xff,0x00,0xff,0x00,0xff,0xff,0x00,0xff,0x00,0xff,0x00,0xff,0x00,0xff,0x00,0xff,0x00,0xff,0x00,0xff,0x00,0xff,0x00,0xff,0x00,0xff,0x00,0xff,0x00,
    0xff,0x00,0xff,0x00,0xff,0x00,0xff,0x00,
};
static const lv_image_dsc_t dino_image_trex_blink = {
    .header = {.magic = LV_IMAGE_HEADER_MAGIC, .cf = LV_COLOR_FORMAT_AL88, .w = 44, .h = 47, .stride = 88},
    .data_size = sizeof(dino_pixels_trex_blink), .data = dino_pixels_trex_blink,
};

_Alignas(4) static const uint8_t dino_pixels_trex_run_0[] = {
    0xff,0x00,0xff,0x00,0xff,0x00,0xff,0x00,0xff,0x00,0xff,0x00,0xff,0x00,0xff,0x00,0xff,0x00,0xff,0x00,0xff,0x00,0xff,0x00,0xff,0x00,0xff,0x00,0xff,0x00,0xff,0x00,
    0xff,0x00,0xff,0x00,0xff,0x00,0xff,0x00,0xff,0x00,0xff,0x00,0x00,0xff,0x00,0xff,0x00,0xff,0x00,0xff,0x00,0xff,0x00,0xff,0x00,0xff,0x00,0xff,0x00,0xff,0x00,0xff,
    0x00,0xff,0x00,0xff,0x00,0xff,0x00,0xff,0x00,0xff,0x00,0xff,0x00,0xff,0x00,0xff,0x00,0xff,0x00,0xff,0xff,0x00,0xff,0x00,0xff,0x00,0xff,0x00,0xff,0x00,0xff,0x00,
    0xff,0x00,0xff,0x00,0xff,0x00,0xff,0x00,0xff,0x00,0xff,0x00,0xff,0x00,0xff,0x00,0xff,0x00,0xff,0x00,0xff,0x00,0xff,0x00,0xff,0x00,0xff,0x00,0xff,0x00,0xff,0x00,
    0xff,0x00,0xff,0x00,0x00,0xff,0x00,0xff,0x00,0xff,0x00,0xff,0x00,0xff,0x00,0xff,0x00,0xff,0x00,0xff,0x00,0xff,0x00,0xff,0x00,0xff,0x00,0xff,0x00,0xff,0x00,0xff,
    0x00,0xff,0x00,0xff,0x00,0xff,0x00,0xff,0x00,0xff,0x00,0xff,0xff,0x00,0xff,0x00,0xff,0x00,0xff,0x00,0xff,0x00,0xff,0x00,0xff,0x00,0xff,0x00,0xff,0x00,0xff,0x00,
    0xff,0x00,0xff,0x00,0xff,0x00,0xff,0x00,0xff,0x00,0xff,0x00,0xff,0x00,0xff,0x00,0xff,0x00,0xff,0x00,0xff,0x00,0xff,0x00,0x00,0xff,0x00,0xff,0x00,0xff,0x00,0xff,
    0xac,0xff,0xac,0xff,0xac,0xff,0xac,0xff,0xac,0xff,0xac,0xff,0xac,0xff,0xac,0xff,0xac,0xff,0xac,0xff,0xac,0xff,0xac,0xff,0xac,0xff,0xac,0xff,0xac,0xff,0xac,0xff,
    0x00,0xff,0x00,0xff,0xff,0x00,0xff,0x00,0xff,0x00,0xff,0x00,0xff,0x00,0xff,0x00,0xff,0x00,0xff,0x00,0xff,0x00,0xff,0x00,0xff,0x00,0xff,0x00,0xff,0x00,0xff,0x00,
    0xff,0x00,0xff,0x00,0xff,0x00,0xff,0x00,0xff,0x00,0xff,0x00,0xff,0x00,0xff,0x00,0x00,0xff,0x00,0xff,0x00,0xff,0x00,0xff,0xac,0xff,0xac,0xff,0xac,0xff,0xac,0xff,
    0xac,0xff,0xac,0xff,0xac,0xff,0xac,0xff,0xac,0xff,0xac,0xff,0xac,0xff,0xac,0xff,0xac,0xff,0xac,0xff,0xac,0xff,0xac,0xff,0x00,0xff,0x00,0xff,0xff,0x00,0xff,0x00,
    0xff,0x00,0xff,0x00,0xff,0x00,0xff,0x00,0xff,0x00,0xff,0x00,0xff,0x00,0xff,0x00,0xff,0x00,0xff,0x00,0xff,0x00,0xff,0x00,0xff,0x00,0xff,0x00,0xff,0x00,0xff,0x00,
    0xff,0x00,0xff,0x00,0xff,0x00,0xff,0x00,0x00,0xff,0x00,0xff,0xac,0xff,0xac,0xff,0xac,0xff,0xac,0xff,0xac,0xff,0xac,0xff,0xac,0xff,0xac,0xff,0xac,0xff,0xac,0xff,
    0xac,0xff,0xac,0xff,0xac,0xff,0xac,0xff,0xac,0xff,0xac,0xff,0xac,0xff,0xac,0xff,0xac,0xff,0xac,0xff,0x00,0xff,0x00,0xff,0xff,0x00,0xff,0x00,0xff,0x00,0xff,0x00,
    0xff,0x00,0xff,0x00,0xff,0x00,0xff,0x00,0xff,0x00,0xff,0x00,0xff,0x00,0xff,0x00,0xff,0x00,0xff,0x00,0xff,0x00,0xff,0x00,0xff,0x00,0xff,0x00,0xff,0x00,0xff,0x00,
    0x00,0xff,0x00,0xff,0xac,0xff,0xac,0xff,0xac,0xff,0xac,0xff,0x00,0xff,0x00,0xff,0xac,0xff,0xac,0xff,0xac,0xff,0xac,0xff,0xac,0xff,0xac,0xff,0xac,0xff,0xac,0xff,
    0xac,0xff,0xac,0xff,0xac,0xff,0xac,0xff,0xac,0xff,0xac,0xff,0x00,0xff,0x00,0xff,0xff,0x00,0xff,0x00,0xff,0x00,0xff,0x00,0xff,0x00,0xff,0x00,0xff,0x00,0xff,0x00,
    0xff,0x00,0xff,0x00,0xff,0x00,0xff,0x00,0xff,0x00,0xff,0x00,0xff,0x00,0xff,0x00,0xff,0x00,0xff,0x00,0xff,0x00,0xff,0x00,0x00,0xff,0x00,0xff,0xac,0xff,0xac,0xff,
    0xac,0xff,0xac,0xff,0x00,0xff,0x00,0xff,0xac,0xff,0xac,0xff,0xac,0xff,0xac,0xff,0xac,0xff,0xac,0xff,0xac,0xff,0xac,0xff,0xac,0xff,0xac,0xff,0xac,0xff,0xac,0xff,
    0xac,0xff,0xac,0xff,0x00,0xff,0x00,0xff,0xff,0x00,0xff,0x00,0xff,0x00,0xff,0x00,0xff,0x00,0xff,0x00,0xff,0x00,0xff,0x00,0xff,0x00,0xff,0x00,0xff,0x00,0xff,0x00,
    0xff,0x00,0xff,0x00,0xff,0x00,0xff,0x00,0xff,0x00,0xff,0x00,0xff,0x00,0xff,0x00,0x00,0xff,0x00,0xff,0xac,0xff,0xac,0xff,0xac,0xff,0xac,0xff,0xac,0xff,0xac,0xff,
    0xac,0xff,0xac,0xff,0xac,0xff,0xac,0xff,0xac,0xff,0xac,0xff,0xac,0xff,0xac,0xff,0xac,0xff,0xac,0xff,0xac,0xff,0xac,0xff,0xac,0xff,0xac,0xff,0x00,0xff,0x00,0xff,
    0xff,0x00,0xff,0x00,0xff,0x00,0xff,0x00,0xff,0x00,0xff,0x00,0xff,0x00,0xff,0x00,0xff,0x00,0xff,0x00,0xff,0x00,0xff,0x00,0xff,0x00,0xff,0x00,0xff,0x00,0xff,0x00,
    0xff,0x00,0xff,0x00,0xff,0x00,0xff,0x00,0x00,0xff,0x00,0xff,0xac,0xff,0xac,0xff,0xac,0xff,0xac,0xff,0xac,0xff,0xac,0xff,0xac,0xff,0xac,0xff,0xac,0xff,0xac,0xff,
    0xac,0xff,0xac,0xff,0xac,0xff,0xac,0xff,0xac,0xff,0xac,0xff,0xac,0xff,0xac,0xff,0xac,0xff,0xac,0xff,0x00,0xff,0x00,0xff,0xff,0x00,0xff,0x00,0xff,0x00,0xff,0x00,
    0xff,0x00,0xff,0x00,0xff,0x00,0xff,0x00,0xff,0x00,0xff,0x00,0xff,0x00,0xff,0x00,0xff,0x00,0xff,0x00,0xff,0x00,0xff,0x00,0xff,0x00,0xff,0x00,0xff,0x00,0xff,0x00,
    0x00,0xff,0x00,0xff,0xac,0xff,0xac,0xff,0xac,0xff,0xac,0xff,0xac,0xff,0xac,0xff,0xac,0xff,0xac,0xff,0xac,0xff,0xac,0xff,0xac,0xff,0xac,0xff,0xac,0xff,0xac,0xff,
    0xac,0xff,0xac,0xff,0xac,0xff,0xac,0xff,0xac,0xff,0xac,0xff,0x00,0xff,0x00,0xff,0xff,0x00,0xff,0x00,0xff,0x00,0xff,0x00,0xff,0x00,0xff,0x00,0xff,0x00,0xff,0x00,
    0xff,0x00,0xff,0x00,0xff,0x00,0xff,0x00,0xff,0x00,0xff,0x00,0xff,0x00,0xff,0x00,0xff,0x00,0xff,0x00,0xff,0x00,0xff,0x00,0x00,0xff,0x00,0xff,0xac,0xff,0xac,0xff,
    0xac,0xff,0xac,0xff,0xac,0xff,0xac,0xff,0xac,0xff,0xac,0xff,0xac,0xff,0xac,0xff,0xac,0xff,0xac,0xff,0xac,0xff,0xac,0xff,0xac,0xff,0xac,0xff,0xac,0xff,0xac,0xff,
    0xac,0xff,0xac,0xff,0x00,0xff,0x00,0xff,0xff,0x00,0xff,0x00,0xff,0x00,0xff,0x00,0xff,0x00,0xff,0x00,0xff,0x00,0xff,0x00,0xff,0x00,0xff,0x00,0xff,0x00,0xff,0x00,
    0xff,0x00,0xff,0x00,0xff,0x00,0xff,0x00,0xff,0x00,0xff,0x00,0xff,0x00,0xff,0x00,0x00,0xff,0x00,0xff,0xac,0xff,0xac,0xff,0xac,0xff,0xac,0xff,0xac,0xff,0xac,0xff,
    0xac,0xff,0xac,0xff,0xac,0xff,0xac,0xff,0xac,0xff,0xac,0xff,0xac,0xff,0xac,0xff,0xac,0xff,0xac,0xff,0xac,0xff,0xac,0xff,0xac,0xff,0xac,0xff,0x00,0xff,0x00,0xff,
    0xff,0x00,0xff,0x00,0xff,0x00,0xff,0x00,0xff,0x00,0xff,0x00,0xff,0x00,0xff,0x00,0xff,0x00,0xff,0x00,0xff,0x00,0xff,0x00,0xff,0x00,0xff,0x00,0xff,0x00,0xff,0x00,
    0xff,0x00,0xff,0x00,0xff,0x00,0xff,0x00,0x00,0xff,0x00,0xff,0xac,0xff,0xac,0xff,0xac,0xff,0xac,0xff,0xac,0xff,0xac,0xff,0xac,0xff,0xac,0xff,0xac,0xff,0xac,0xff,
    0xac,0xff,0xac,0xff,0xac,0xff,0xac,0xff,0xac,0xff,0xac,0xff,0xac,0xff,0xac,0xff,0xac,0xff,0xac,0xff,0x00,0xff,0x00,0xff,0xff,0x00,0xff,0x00,0xff,0x00,0xff,0x00,
    0xff,0x00,0xff,0x00,0xff,0x00,0xff,0x00,0xff,0x00,0xff,0x00,0xff,0x00,0xff,0x00,0xff,0x00,0xff,0x00,0xff,0x00,0xff,0x00,0xff,0x00,0xff,0x00,0xff,0x00,0xff,0x00,
    0x00,0xff,0x00,0xff,0xac,0xff,0xac,0xff,0xac,0xff,0xac,0xff,0xac,0xff,0xac,0xff,0xac,0xff,0xac,0xff,0xac,0xff,0xac,0xff,0x00,0xff,0x00,0xff,0x00,0xff,0x00,0xff,
    0x00,0xff,0x00,0xff,0x00,0xff,0x00,0xff,0x00,0xff,0x00,0xff,0x00,0xff,0x00,0xff,0xff,0x00,0xff,0x00,0xff,0x00,0xff,0x00,0xff,0x00,0xff,0x00,0xff,0x00,0xff,0x00,
    0xff,0x00,0xff,0x00,0xff,0x00,0xff,0x00,0xff,0x00,0xff,0x00,0xff,0x00,0xff,0x00,0xff,0x00,0xff,0x00,0xff,0x00,0xff,0x00,0x00,0xff,0x00,0xff,0xac,0xff,0xac,0xff,
    0xac,0xff,0xac,0xff,0xac,0xff,0xac,0xff,0xac,0xff,0xac,0xff,0xac,0xff,0xac,0xff,0x00,0xff,0x00,0xff,0x00,0xff,0x00,0xff,0x00,0xff,0x00,0xff,0x00,0xff,0x00,0xff,
    0x00,0xff,0x00,0xff,0x00,0xff,0x00,0xff,0xff,0x00,0xff,0x00,0x00,0xff,0x00,0xff,0x00,0xff,0x00,0xff,0xff,0x00,0xff,0x00,0xff,0x00,0xff,0x00,0xff,0x00,0xff,0x00,
    0xff,0x00,0xff,0x00,0xff,0x00,0xff,0x00,0xff,0x00,0xff,0x00,0x00,0xff,0x00,0xff,0x00,0xff,0x00,0xff,0xac,0xff,0xac,0xff,0xac,0xff,0xac,0xff,0xac,0xff,0xac,0xff,
    0xac,0xff,0xac,0xff,0xac,0xff,0xac,0xff,0xac,0xff,0xac,0xff,0xac,0xff,0xac,0xff,0xac,0xff,0xac,0xff,0x00,0xff,0x00,0xff,0xff,0x00,0xff,0x00,0xff,0x00,0xff,0x00,
    0xff,0x00,0xff,0x00,0x00,0xff,0x00,0xff,0x00,0xff,0x00,0xff,0xff,0x00,0xff,0x00,0xff,0x00,0xff,0x00,0xff,0x00,0xff,0x00,0xff,0x00,0xff,0x00,0xff,0x00,0xff,0x00,
    0xff,0x00,0xff,0x00,0x00,0xff,0x00,0xff,0x00,0xff,0x00,0xff,0xac,0xff,0xac,0xff,0xac,0xff,0xac,0xff,0xac,0xff,0xac,0xff,0xac,0xff,0xac,0xff,0xac,0xff,0xac,0xff,
    0xac,0xff,0xac,0xff,0xac,0xff,0xac,0xff,0xac,0xff,0xac,0xff,0x00,0xff,0x00,0xff,0xff,0x00,0xff,0x00,0xff,0x00,0xff,0x00,0x00,0xff,0x00,0xff,0xac,0xff,0xac,0xff,
    0x00,0xff,0x00,0xff,0xff,0x00,0xff,0x00,0xff,0x00,0xff,0x00,0xff,0x00,0xff,0x00,0xff,0x00,0xff,0x00,0xff,0x00,0x00,0xff,0x00,0xff,0x00,0xff,0x00,0xff,0x00,0xff,
    0xac,0xff,0xac,0xff,0xac,0xff,0xac,0xff,0xac,0xff,0xac,0xff,0xac,0xff,0xac,0xff,0xac,0xff,0xac,0xff,0x00,0xff,0x00,0xff,0x00,0xff,0x00,0xff,0x00,0xff,0x00,0xff,
    0x00,0xff,0x00,0xff,0x00,0xff,0x00,0xff,0xff,0x00,0xff,0x00,0xff,0x00,0xff,0x00,0x00,0xff,0x00,0xff,0xac,0xff,0xac,0xff,0x00,0xff,0x00,0xff,0xff,0x00,0xff,0x00,
    0xff,0x00,0xff,0x00,0xff,0x00,0xff,0x00,0xff,0x00,0xff,0x00,0xff,0x00,0x00,0xff,0x00,0xff,0x00,0xff,0x00,0xff,0x00,0xff,0xac,0xff,0xac,0xff,0xac,0xff,0xac,0xff,
    0xac,0xff,0xac,0xff,0xac,0xff,0xac,0xff,0xac,0xff,0xac,0xff,0x00,0xff,0x00,0xff,0x00,0xff,0x00,0xff,0x00,0xff,0x00,0xff,0x00,0xff,0x00,0xff,0x00,0xff,0x00,0xff,
    0xff,0x00,0xff,0x00,0xff,0x00,0xff,0x00,0x00,0xff,0x00,0xff,0xac,0xff,0xac,0xff,0x00,0xff,0x00,0xff,0xff,0x00,0xff,0x00,0xff,0x00,0xff,0x00,0xff,0x00,0xff,0x00,
    0x00,0xff,0x00,0xff,0x00,0xff,0x00,0xff,0x00,0xff,0xac,0xff,0xac,0xff,0xac,0xff,0xac,0xff,0xac,0xff,0xac,0xff,0xac,0xff,0xac,0xff,0xac,0xff,0xac,0xff,0xac,0xff,
    0xac,0xff,0xac,0xff,0x00,0xff,0x00,0xff,0x00,0xff,0x00,0xff,0x00,0xff,0x00,0xff,0xff,0x00,0xff,0x00,0xff,0x00,0xff,0x00,0xff,0x00,0xff,0x00,0xff,0x00,0xff,0x00,
    0x00,0xff,0x00,0xff,0xac,0xff,0xac,0xff,0x00,0xff,0x00,0xff,0xff,0x00,0xff,0x00,0xff,0x00,0xff,0x00,0xff,0x00,0xff,0x00,0x00,0xff,0x00,0xff,0x00,0xff,0x00,0xff,
    0x00,0xff,0xac,0xff,0xac,0xff,0xac,0xff,0xac,0xff,0xac,0xff,0xac,0xff,0xac,0xff,0xac,0xff,0xac,0xff,0xac,0xff,0xac,0xff,0xac,0xff,0xac,0xff,0x00,0xff,0x00,0xff,
    0x00,0xff,0x00,0xff,0x00,0xff,0x00,0xff,0xff,0x00,0xff,0x00,0xff,0x00,0xff,0x00,0xff,0x00,0xff,0x00,0xff,0x00,0xff,0x00,0x00,0xff,0x00,0xff,0xac,0xff,0xac,0xff,
    0xac,0xff,0xac,0xff,0x00,0xff,0x00,0xff,0x00,0xff,0x00,0xff,0x00,0xff,0x00,0xff,0x00,0xff,0x00,0xff,0xac,0xff,0xac,0xff,0xac,0xff,0xac,0xff,0xac,0xff,0xac,0xff,
    0xac,0xff,0xac,0xff,0xac,0xff,0xac,0xff,0xac,0xff,0xac,0xff,0xac,0xff,0xac,0xff,0xac,0xff,0xac,0xff,0xac,0xff,0xac,0xff,0xac,0xff,0xac,0xff,0x00,0xff,0x00,0xff,
    0xff,0x00,0xff,0x00,0xff,0x00,0xff,0x00,0xff,0x00,0xff,0x00,0xff,0x00,0xff,0x00,0x00,0xff,0x00,0xff,0xac,0xff,0xac,0xff,0xac,0xff,0xac,0xff,0x00,0xff,0x00,0xff,
    0x00,0xff,0x00,0xff,0x00,0xff,0x00,0xff,0x00,0xff,0x00,0xff,0xac,0xff,0xac,0xff,0xac,0xff,0xac,0xff,0xac,0xff,0xac,0xff,0xac,0xff,0xac,0xff,0xac,0xff,0xac,0xff,
    0xac,0xff,0xac,0xff,0xac,0xff,0xac,0xff,0xac,0xff,0xac,0xff,0xac,0xff,0xac,0xff,0xac,0xff,0xac,0xff,0x00,0xff,0x00,0xff,0xff,0x00,0xff,0x00,0xff,0x00,0xff,0x00,
    0xff,0x00,0xff,0x00,0xff,0x00,0xff,0x00,0x00,0xff,0x00,0xff,0xac,0xff,0xac,0xff,0xac,0xff,0xac,0xff,0xac,0xff,0xac,0xff,0x00,0xff,0x00,0xff,0x00,0xff,0x00,0xff,
    0xac,0xff,0xac,0xff,0xac,0xff,0xac,0xff,0xac,0xff,0xac,0xff,0xac,0xff,0xac,0xff,0xac,0xff,0xac,0xff,0xac,0xff,0xac,0xff,0xac,0xff,0xac,0xff,0xac,0xff,0xac,0xff,
    0xac,0xff,0xac,0xff,0x00,0xff,0x00,0xff,0xac,0xff,0xac,0xff,0x00,0xff,0x00,0xff,0xff,0x00,0xff,0x00,0xff,0x00,0xff,0x00,0xff,0x00,0xff,0x00,0xff,0x00,0xff,0x00,
    0x00,0xff,0x00,0xff,0xac,0xff,0xac,0xff,0xac,0xff,0xac,0xff,0xac,0xff,0xac,0xff,0x00,0xff,0x00,0xff,0x00,0xff,0x00,0xff,0xac,0xff,0xac,0xff,0xac,0xff,0xac,0xff,
    0xac,0xff,0xac,0xff,0xac,0xff,0xac,0xff,0xac,0xff,0xac,0xff,0xac,0xff,0xac,0xff,0xac,0xff,0xac,0xff,0xac,0xff,0xac,0xff,0xac,0xff,0xac,0xff,0x00,0xff,0x00,0xff,
    0xac,0xff,0xac,0xff,0x00,0xff,0x00,0xff,0xff,0x00,0xff,0x00,0xff,0x00,0xff,0x00,0xff,0x00,0xff,0x00,0xff,0x00,0xff,0x00,0x00,0xff,0x00,0xff,0xac,0xff,0xac,0xff,
    0xac,0xff,0xac,0xff,0xac,0xff,0xac,0xff,0xac,0xff,0xac,0xff,0xac,0xff,0xac,0xff,0xac,0xff,0xac,0xff,0xac,0xff,0xac,0xff,0xac,0xff,0xac,0xff,0xac,0xff,0xac,0xff,
    0xac,0xff,0xac,0xff,0xac,0xff,0xac,0xff,0xac,0xff,0xac,0xff,0xac,0xff,0xac,0xff,0xac,0xff,0xac,0xff,0x00,0xff,0x00,0xff,0x00,0xff,0x00,0xff,0x00,0xff,0x00,0xff,
    0xff,0x00,0xff,0x00,0xff,0x00,0xff,0x00,0xff,0x00,0xff,0x00,0xff,0x00,0xff,0x00,0x00,0xff,0x00,0xff,0xac,0xff,0xac,0xff,0xac,0xff,0xac,0xff,0xac,0xff,0xac,0xff,
    0xac,0xff,0xac,0xff,0xac,0xff,0xac,0xff,0xac,0xff,0xac,0xff,0xac,0xff,0xac,0xff,0xac,0xff,0xac,0xff,0xac,0xff,0xac,0xff,0xac,0xff,0xac,0xff,0xac,0xff,0xac,0xff,
    0xac,0xff,0xac,0xff,0xac,0xff,0xac,0xff,0xac,0xff,0xac,0xff,0x00,0xff,0x00,0xff,0x00,0xff,0x00,0xff,0x00,0xff,0x00,0xff,0xff,0x00,0xff,0x00,0xff,0x00,0xff,0x00,
    0xff,0x00,0xff,0x00,0xff,0x00,0xff,0x00,0x00,0xff,0x00,0xff,0xac,0xff,0xac,0xff,0xac,0xff,0xac,0xff,0xac,0xff,0xac,0xff,0xac,0xff,0xac,0xff,0xac,0xff,0xac,0xff,
    0xac,0xff,0xac,0xff,0xac,0xff,0xac,0xff,0xac,0xff,0xac,0xff,0xac,0xff,0xac,0xff,0xac,0xff,0xac,0xff,0xac,0xff,0xac,0xff,0xac,0xff,0xac,0xff,0xac,0xff,0xac,0xff,
    0xac,0xff,0xac,0xff,0x00,0xff,0x00,0xff,0xff,0x00,0xff,0x00,0xff,0x00,0xff,0x00,0xff,0x00,0xff,0x00,0xff,0x00,0xff,0x00,0xff,0x00,0xff,0x00,0xff,0x00,0xff,0x00,
    0x00,0xff,0x00,0xff,0xac,0xff,0xac,0xff,0xac,0xff,0xac,0xff,0xac,0xff,0xac,0xff,0xac,0xff,0xac,0xff,0xac,0xff,0xac,0xff,0xac,0xff,0xac,0xff,0xac,0xff,0xac,0xff,
    0xac,0xff,0xac,0xff,0xac,0xff,0xac,0xff,0xac,0xff,0xac,0xff,0xac,0xff,0xac,0xff,0xac,0xff,0xac,0xff,0xac,0xff,0xac,0xff,0xac,0xff,0xac,0xff,0x00,0xff,0x00,0xff,
    0xff,0x00,0xff,0x00,0xff,0x00,0xff,0x00,0xff,0x00,0xff,0x00,0xff,0x00,0xff,0x00,0xff,0x00,0xff,0x00,0xff,0x00,0xff,0x00,0xff,0x00,0xff,0x00,0x00,0xff,0x00,0xff,
    0xac,0xff,0xac,0xff,0xac,0xff,0xac,0xff,0xac,0xff,0xac,0xff,0xac,0xff,0xac,0xff,0xac,0xff,0xac,0xff,0xac,0xff,0xac,0xff,0xac,0xff,0xac,0xff,0xac,0xff,0xac,0xff,
    0xac,0xff,0xac,0xff,0xac,0xff,0xac,0xff,0xac,0xff,0xac,0xff,0xac,0xff,0xac,0xff,0xac,0xff,0xac,0xff,0x00,0xff,0x00,0xff,0xff,0x00,0xff,0x00,0xff,0x00,0xff,0x00,
    0xff,0x00,0xff,0x00,0xff,0x00,0xff,0x00,0xff,0x00,0xff,0x00,0xff,0x00,0xff,0x00,0xff,0x00,0xff,0x00,0x00,0xff,0x00,0xff,0xac,0xff,0xac,0xff,0xac,0xff,0xac,0xff,
    0xac,0xff,0xac,0xff,0xac,0xff,0xac,0xff,0xac,0xff,0xac,0xff,0xac,0xff,0xac,0xff,0xac,0xff,0xac,0xff,0xac,0xff,0xac,0xff,0xac,0xff,0xac,0xff,0xac,0xff,0xac,0xff,
    0xac,0xff,0xac,0xff,0xac,0xff,0xac,0xff,0x00,0xff,0x00,0xff,0xff,0x00,0xff,0x00,0xff,0x00,0xff,0x00,0xff,0x00,0xff,0x00,0xff,0x00,0xff,0x00,0xff,0x00,0xff,0x00,
    0xff,0x00,0xff,0x00,0xff,0x00,0xff,0x00,0xff,0x00,0xff,0x00,0xff,0x00,0xff,0x00,0x00,0xff,0x00,0xff,0xac,0xff,0xac,0xff,0xac,0xff,0xac,0xff,0xac,0xff,0xac,0xff,
    0xac,0xff,0xac,0xff,0xac,0xff,0xac,0xff,0xac,0xff,0xac,0xff,0xac,0xff,0xac,0xff,0xac,0xff,0xac,0xff,0xac,0xff,0xac,0xff,0xac,0xff,0xac,0xff,0xac,0xff,0xac,0xff,
    0x00,0xff,0x00,0xff,0xff,0x00,0xff,0x00,0xff,0x00,0xff,0x00,0xff,0x00,0xff,0x00,0xff,0x00,0xff,0x00,0xff,0x00,0xff,0x00,0xff,0x00,0xff,0x00,0xff,0x00,0xff,0x00,
    0xff,0x00,0xff,0x00,0xff,0x00,0xff,0x00,0x00,0xff,0x00,0xff,0xac,0xff,0xac,0xff,0xac,0xff,0xac,0xff,0xac,0xff,0xac,0xff,0xac,0xff,0xac,0xff,0xac,0xff,0xac,0xff,
    0xac,0xff,0xac,0xff,0xac,0xff,0xac,0xff,0xac,0xff,0xac,0xff,0xac,0xff,0xac,0xff,0xac,0xff,0xac,0xff,0xac,0xff,0xac,0xff,0x00,0xff,0x00,0xff,0xff,0x00,0xff,0x00,
    0xff,0x00,0xff,0x00,0xff,0x00,0xff,0x00,0xff,0x00,0xff,0x00,0xff,0x00,0xff,0x00,0xff,0x00,0xff,0x00,0xff,0x00,0xff,0x00,0xff,0x00,0xff,0x00,0xff,0x00,0xff,0x00,
    0xff,0x00,0xff,0x00,0x00,0xff,0x00,0xff,0xac,0xff,0xac,0xff,0xac,0xff,0xac,0xff,0xac,0xff,0xac,0xff,0xac,0xff,0xac,0xff,0xac,0xff,0xac,0xff,0xac,0xff,0xac,0xff,
    0xac,0xff,0xac,0xff,0xac,0xff,0xac,0xff,0xac,0xff,0xac,0xff,0x00,0xff,0x00,0xff,0x00,0xff,0x00,0xff,0xff,0x00,0xff,0x00,0xff,0x00,0xff,0x00,0xff,0x00,0xff,0x00,
    0xff,0x00,0xff,0x00,0xff,0x00,0xff,0x00,0xff,0x00,0xff,0x00,0xff,0x00,0xff,0x00,0xff,0x00,0xff,0x00,0xff,0x00,0xff,0x00,0xff,0x00,0xff,0x00,0x00,0xff,0x00,0xff,
    0xac,0xff,0xac,0xff,0xac,0xff,0xac,0xff,0xac,0xff,0xac,0xff,0xac,0xff,0xac,0xff,0xac,0xff,0xac,0xff,0xac,0xff,0xac,0xff,0xac,0xff,0xac,0xff,0xac,0xff,0xac,0xff,
    0xac,0xff,0xac,0xff,0x00,0xff,0x00,0xff,0x00,0xff,0x00,0xff,0xff,0x00,0xff,0x00,0xff,0x00,0xff,0x00,0xff,0x00,0xff,0x00,0xff,0x00,0xff,0x00,0xff,0x00,0xff,0x00,
    0xff,0x00,0xff,0x00,0xff,0x00,0xff,0x00,0xff,0x00,0xff,0x00,0xff,0x00,0xff,0x00,0xff,0x00,0xff,0x00,0xff,0x00,0xff,0x00,0x00,0xff,0x00,0xff,0xac,0xff,0xac,0xff,
    0xac,0xff,0xac,0xff,0xac,0xff,0xac,0xff,0xac,0xff,0xac,0xff,0xac,0xff,0xac,0xff,0xac,0xff,0xac,0xff,0xac,0xff,0xac,0xff,0x00,0xff,0x00,0xff,0x00,0xff,0x00,0xff,
    0xff,0x00,0xff,0x00,0xff,0x00,0xff,0x00,0xff,0x00,0xff,0x00,0xff,0x00,0xff,0x00,0xff,0x00,0xff,0x00,0xff,0x00,0xff,0x00,0xff,0x00,0xff,0x00,0xff,0x00,0xff,0x00,
    0xff,0x00,0xff,0x00,0xff,0x00,0xff,0x00,0xff,0x00,0xff,0x00,0xff,0x00,0xff,0x00,0x00,0xff,0x00,0xff,0xac,0xff,0xac,0xff,0xac,0xff,0xac,0xff,0xac,0xff,0xac,0xff,
    0xac,0xff,0xac,0xff,0xac,0xff,0xac,0xff,0xac,0xff,0xac,0xff,0xac,0xff,0xac,0xff,0x00,0xff,0x00,0xff,0x00,0xff,0x00,0xff,0xff,0x00,0xff,0x00,0xff,0x00,0xff,0x00,
    0xff,0x00,0xff,0x00,0xff,0x00,0xff,0x00,0xff,0x00,0xff,0x00,0xff,0x00,0xff,0x00,0xff,0x00,0xff,0x00,0xff,0x00,0xff,0x00,0xff,0x00,0xff,0x00,0xff,0x00,0xff,0x00,
    0xff,0x00,0xff,0x00,0xff,0x00,0xff,0x00,0x00,0xff,0x00,0xff,0x00,0xff,0x00,0xff,0xac,0xff,0xac,0xff,0xac,0xff,0xac,0xff,0xac,0xff,0xac,0xff,0x00,0xff,0x00,0xff,
    0x00,0xff,0x00,0xff,0xac,0xff,0xac,0xff,0xac,0xff,0xac,0xff,0xac,0xff,0x00,0xff,0x00,0xff,0x00,0xff,0x00,0xff,0xff,0x00,0xff,0x00,0xff,0x00,0xff,0x00,0xff,0x00,
    0xff,0x00,0xff,0x00,0xff,0x00,0xff,0x00,0xff,0x00,0xff,0x00,0xff,0x00,0xff,0x00,0xff,0x00,0xff,0x00,0xff,0x00,0xff,0x00,0xff,0x00,0xff,0x00,0xff,0x00,0xff,0x00,
    0x00,0xff,0x00,0xff,0x00,0xff,0x00,0xff,0xac,0xff,0xac,0xff,0xac,0xff,0xac,0xff,0xac,0xff,0xac,0xff,0x00,0xff,0x00,0xff,0x00,0xff,0x00,0xff,0xac,0xff,0xac,0xff,
    0xac,0xff,0xac,0xff,0xac,0xff,0x00,0xff,0x00,0xff,0x00,0xff,0x00,0xff,0xff,0x00,0xff,0x00,0xff,0x00,0xff,0x00,0xff,0x00,0xff,0x00,0xff,0x00,0xff,0x00,0xff,0x00,
    0xff,0x00,0xff,0x00,0xff,0x00,0xff,0x00,0xff,0x00,0xff,0x00,0xff,0x00,0xff,0x00,0xff,0x00,0xff,0x00,0xff,0x00,0xff,0x00,0xff,0x00,0xff,0x00,0x00,0xff,0x00,0xff,
    0xac,0xff,0xac,0xff,0xac,0xff,0xac,0xff,0x00,0xff,0x00,0xff,0xff,0x00,0xff,0x00,0x00,0xff,0x00,0xff,0x00,0xff,0x00,0xff,0x00,0xff,0x00,0xff,0x00,0xff,0x00,0xff,
    0x00,0xff,0xff,0x00,0xff,0x00,0xff,0x00,0xff,0x00,0xff,0x00,0xff,0x00,0xff,0x00,0xff,0x00,0xff,0x00,0xff,0x00,0xff,0x00,0xff,0x00,0xff,0x00,0xff,0x00,0xff,0x00,
    0xff,0x00,0xff,0x00,0xff,0x00,0xff,0x00,0xff,0x00,0xff,0x00,0xff,0x00,0xff,0x00,0xff,0x00,0xff,0x00,0x00,0xff,0x00,0xff,0xac,0xff,0xac,0xff,0xac,0xff,0xac,0xff,
    0x00,0xff,0x00,0xff,0xff,0x00,0xff,0x00,0x00,0xff,0x00,0xff,0x00,0xff,0x00,0xff,0x00,0xff,0x00,0xff,0x00,0xff,0x00,0xff,0x00,0xff,0xff,0x00,0xff,0x00,0xff,0x00,
    0xff,0x00,0xff,0x00,0xff,0x00,0xff,0x00,0xff,0x00,0xff,0x00,0xff,0x00,0xff,0x00,0xff,0x00,0xff,0x00,0xff,0x00,0xff,0x00,0xff,0x00,0xff,0x00,0xff,0x00,0xff,0x00,
    0xff,0x00,0xff,0x00,0xff,0x00,0xff,0x00,0xff,0x00,0xff,0x00,0x00,0xff,0x00,0xff,0xac,0xff,0xac,0xff,0x00,0xff,0x00,0xff,0xff,0x00,0xff,0x00,0xff,0x00,0xff,0x00,
    0xff,0x00,0xff,0x00,0xff,0x00,0xff,0x00,0xff,0x00,0xff,0x00,0xff,0x00,0xff,0x00,0xff,0x00,0xff,0x00,0xff,0x00,0xff,0x00,0xff,0x00,0xff,0x00,0xff,0x00,0xff,0x00,
    0xff,0x00,0xff,0x00,0xff,0x00,0xff,0x00,0xff,0x00,0xff,0x00,0xff,0x00,0xff,0x00,0xff,0x00,0xff,0x00,0xff,0x00,0xff,0x00,0xff,0x00,0xff,0x00,0xff,0x00,0xff,0x00,
    0xff,0x00,0xff,0x00,0x00,0xff,0x00,0xff,0xac,0xff,0xac,0xff,0x00,0xff,0x00,0xff,0xff,0x00,0xff,0x00,0xff,0x00,0xff,0x00,0xff,0x00,0xff,0x00,0xff,0x00,0xff,0x00,
    0xff,0x00,0xff,0x00,0xff,0x00,0xff,0x00,0xff,0x00,0xff,0x00,0xff,0x00,0xff,0x00,0xff,0x00,0xff,0x00,0xff,0x00,0xff,0x00,0xff,0x00,0xff,0x00,0xff,0x00,0xff,0x00,
    0xff,0x00,0xff,0x00,0xff,0x00,0xff,0x00,0xff,0x00,0xff,0x00,0xff,0x00,0xff,0x00,0xff,0x00,0xff,0x00,0xff,0x00,0xff,0x00,0xff,0x00,0xff,0x00,0x00,0xff,0x00,0xff,
    0xac,0xff,0xac,0xff,0xac,0xff,0xac,0xff,0x00,0xff,0x00,0xff,0xff,0x00,0xff,0x00,0xff,0x00,0xff,0x00,0xff,0x00,0xff,0x00,0xff,0x00,0xff,0x00,0xff,0x00,0xff,0x00,
    0xff,0x00,0xff,0x00,0xff,0x00,0xff,0x00,0xff,0x00,0xff,0x00,0xff,0x00,0xff,0x00,0xff,0x00,0xff,0x00,0xff,0x00,0xff,0x00,0xff,0x00,0xff,0x00,0xff,0x00,0xff,0x00,
    0xff,0x00,0xff,0x00,0xff,0x00,0xff,0x00,0xff,0x00,0xff,0x00,0xff,0x00,0xff,0x00,0xff,0x00,0xff,0x00,0x00,0xff,0x00,0xff,0xac,0xff,0xac,0xff,0xac,0xff,0xac,0xff,
    0x00,0xff,0x00,0xff,0xff,0x00,0xff,0x00,0xff,0x00,0xff,0x00,0xff,0x00,0xff,0x00,0xff,0x00,0xff,0x00,0xff,0x00,0xff,0x00,0xff,0x00,0xff,0x00,0xff,0x00,0xff,0x00,
    0xff,0x00,0xff,0x00,0xff,0x00,0xff,0x00,0xff,0x00,0xff,0x00,0xff,0x00,0xff,0x00,0xff,0x00,0xff,0x00,0xff,0x00,0xff,0x00,0xff,0x00,0xff,0x00,0xff,0x00,0xff,0x00,
    0xff,0x00,0xff,0x00,0xff,0x00,0xff,0x00,0xff,0x00,0xff,0x00,0x00,0xff,0x00,0xff,0x00,0xff,0x00,0xff,0x00,0xff,0x00,0xff,0x00,0xff,0x00,0xff,0xff,0x00,0xff,0x00,
    0xff,0x00,0xff,0x00,0xff,0x00,0xff,0x00,0xff,0x00,0xff,0x00,0xff,0x00,0xff,0x00,0xff,0x00,0xff,0x00,0xff,0x00,0xff,0x00,0xff,0x00,0xff,0x00,0xff,0x00,0xff,0x00,
    0xff,0x00,0xff,0x00,0xff,0x00,0xff,0x00,0xff,0x00,0xff,0x00,0xff,0x00,0xff,0x00,0xff,0x00,0xff,0x00,0xff,0x00,0xff,0x00,0xff,0x00,0xff,0x00,0xff,0x00,0xff,0x00,
    0xff,0x00,0xff,0x00,0x00,0xff,0x00,0xff,0x00,0xff,0x00,0xff,0x00,0xff,0x00,0xff,0x00,0xff,0x00,0xff,0xff,0x00,0xff,0x00,0xff,0x00,0xff,0x00,0xff,0x00,0xff,0x00,
    0xff,0x00,0xff,0x00,0xff,0x00,0xff,0x00,0xff,0x00,0xff,0x00,0xff,0x00,0xff,0x00,0xff,0x00,0xff,0x00,0xff,0x00,0xff,0x00,0xff,0x00,0xff,0x00,0xff,0x00,0xff,0x00,
    0xff,0x00,0xff,0x00,0xff,0x00,0xff,0x00,
};
static const lv_image_dsc_t dino_image_trex_run_0 = {
    .header = {.magic = LV_IMAGE_HEADER_MAGIC, .cf = LV_COLOR_FORMAT_AL88, .w = 44, .h = 47, .stride = 88},
    .data_size = sizeof(dino_pixels_trex_run_0), .data = dino_pixels_trex_run_0,
};

_Alignas(4) static const uint8_t dino_pixels_trex_run_1[] = {
    0xff,0x00,0xff,0x00,0xff,0x00,0xff,0x00,0xff,0x00,0xff,0x00,0xff,0x00,0xff,0x00,0xff,0x00,0xff,0x00,0xff,0x00,0xff,0x00,0xff,0x00,0xff,0x00,0xff,0x00,0xff,0x00,
    0xff,0x00,0xff,0x00,0xff,0x00,0xff,0x00,0xff,0x00,0xff,0x00,0x00,0xff,0x00,0xff,0x00,0xff,0x00,0xff,0x00,0xff,0x00,0xff,0x00,0xff,0x00,0xff,0x00,0xff,0x00,0xff,
    0x00,0xff,0x00,0xff,0x00,0xff,0x00,0xff,0x00,0xff,0x00,0xff,0x00,0xff,0x00,0xff,0x00,0xff,0x00,0xff,0xff,0x00,0xff,0x00,0xff,0x00,0xff,0x00,0xff,0x00,0xff,0x00,
    0xff,0x00,0xff,0x00,0xff,0x00,0xff,0x00,0xff,0x00,0xff,0x00,0xff,0x00,0xff,0x00,0xff,0x00,0xff,0x00,0xff,0x00,0xff,0x00,0xff,0x00,0xff,0x00,0xff,0x00,0xff,0x00,
    0xff,0x00,0xff,0x00,0x00,0xff,0x00,0xff,0x00,0xff,0x00,0xff,0x00,0xff,0x00,0xff,0x00,0xff,0x00,0xff,0x00,0xff,0x00,0xff,0x00,0xff,0x00,0xff,0x00,0xff,0x00,0xff,
    0x00,0xff,0x00,0xff,0x00,0xff,0x00,0xff,0x00,0xff,0x00,0xff,0xff,0x00,0xff,0x00,0xff,0x00,0xff,0x00,0xff,0x00,0xff,0x00,0xff,0x00,0xff,0x00,0xff,0x00,0xff,0x00,
    0xff,0x00,0xff,0x00,0xff,0x00,0xff,0x00,0xff,0x00,0xff,0x00,0xff,0x00,0xff,0x00,0xff,0x00,0xff,0x00,0xff,0x00,0xff,0x00,0x00,0xff,0x00,0xff,0x00,0xff,0x00,0xff,
    0xac,0xff,0xac,0xff,0xac,0xff,0xac,0xff,0xac,0xff,0xac,0xff,0xac,0xff,0xac,0xff,0xac,0xff,0xac,0xff,0xac,0xff,0xac,0xff,0xac,0xff,0xac,0xff,0xac,0xff,0xac,0xff,
    0x00,0xff,0x00,0xff,0xff,0x00,0xff,0x00,0xff,0x00,0xff,0x00,0xff,0x00,0xff,0x00,0xff,0x00,0xff,0x00,0xff,0x00,0xff,0x00,0xff,0x00,0xff,0x00,0xff,0x00,0xff,0x00,
    0xff,0x00,0xff,0x00,0xff,0x00,0xff,0x00,0xff,0x00,0xff,0x00,0xff,0x00,0xff,0x00,0x00,0xff,0x00,0xff,0x00,0xff,0x00,0xff,0xac,0xff,0xac,0xff,0xac,0xff,0xac,0xff,
    0xac,0xff,0xac,0xff,0xac,0xff,0xac,0xff,0xac,0xff,0xac,0xff,0xac,0xff,0xac,0xff,0xac,0xff,0xac,0xff,0xac,0xff,0xac,0xff,0x00,0xff,0x00,0xff,0xff,0x00,0xff,0x00,
    0xff,0x00,0xff,0x00,0xff,0x00,0xff,0x00,0xff,0x00,0xff,0x00,0xff,0x00,0xff,0x00,0xff,0x00,0xff,0x00,0xff,0x00,0xff,0x00,0xff,0x00,0xff,0x00,0xff,0x00,0xff,0x00,
    0xff,0x00,0xff,0x00,0xff,0x00,0xff,0x00,0x00,0xff,0x00,0xff,0xac,0xff,0xac,0xff,0xac,0xff,0xac,0xff,0xac,0xff,0xac,0xff,0xac,0xff,0xac,0xff,0xac,0xff,0xac,0xff,
    0xac,0xff,0xac,0xff,0xac,0xff,0xac,0xff,0xac,0xff,0xac,0xff,0xac,0xff,0xac,0xff,0xac,0xff,0xac,0xff,0x00,0xff,0x00,0xff,0xff,0x00,0xff,0x00,0xff,0x00,0xff,0x00,
    0xff,0x00,0xff,0x00,0xff,0x00,0xff,0x00,0xff,0x00,0xff,0x00,0xff,0x00,0xff,0x00,0xff,0x00,0xff,0x00,0xff,0x00,0xff,0x00,0xff,0x00,0xff,0x00,0xff,0x00,0xff,0x00,
    0x00,0xff,0x00,0xff,0xac,0xff,0xac,0xff,0xac,0xff,0xac,0xff,0x00,0xff,0x00,0xff,0xac,0xff,0xac,0xff,0xac,0xff,0xac,0xff,0xac,0xff,0xac,0xff,0xac,0xff,0xac,0xff,
    0xac,0xff,0xac,0xff,0xac,0xff,0xac,0xff,0xac,0xff,0xac,0xff,0x00,0xff,0x00,0xff,0xff,0x00,0xff,0x00,0xff,0x00,0xff,0x00,0xff,0x00,0xff,0x00,0xff,0x00,0xff,0x00,
    0xff,0x00,0xff,0x00,0xff,0x00,0xff,0x00,0xff,0x00,0xff,0x00,0xff,0x00,0xff,0x00,0xff,0x00,0xff,0x00,0xff,0x00,0xff,0x00,0x00,0xff,0x00,0xff,0xac,0xff,0xac,0xff,
    0xac,0xff,0xac,0xff,0x00,0xff,0x00,0xff,0xac,0xff,0xac,0xff,0xac,0xff,0xac,0xff,0xac,0xff,0xac,0xff,0xac,0xff,0xac,0xff,0xac,0xff,0xac,0xff,0xac,0xff,0xac,0xff,
    0xac,0xff,0xac,0xff,0x00,0xff,0x00,0xff,0xff,0x00,0xff,0x00,0xff,0x00,0xff,0x00,0xff,0x00,0xff,0x00,0xff,0x00,0xff,0x00,0xff,0x00,0xff,0x00,0xff,0x00,0xff,0x00,
    0xff,0x00,0xff,0x00,0xff,0x00,0xff,0x00,0xff,0x00,0xff,0x00,0xff,0x00,0xff,0x00,0x00,0xff,0x00,0xff,0xac,0xff,0xac,0xff,0xac,0xff,0xac,0xff,0xac,0xff,0xac,0xff,
    0xac,0xff,0xac,0xff,0xac,0xff,0xac,0xff,0xac,0xff,0xac,0xff,0xac,0xff,0xac,0xff,0xac,0xff,0xac,0xff,0xac,0xff,0xac,0xff,0xac,0xff,0xac,0xff,0x00,0xff,0x00,0xff,
    0xff,0x00,0xff,0x00,0xff,0x00,0xff,0x00,0xff,0x00,0xff,0x00,0xff,0x00,0xff,0x00,0xff,0x00,0xff,0x00,0xff,0x00,0xff,0x00,0xff,0x00,0xff,0x00,0xff,0x00,0xff,0x00,
    0xff,0x00,0xff,0x00,0xff,0x00,0xff,0x00,0x00,0xff,0x00,0xff,0xac,0xff,0xac,0xff,0xac,0xff,0xac,0xff,0xac,0xff,0xac,0xff,0xac,0xff,0xac,0xff,0xac,0xff,0xac,0xff,
    0xac,0xff,0xac,0xff,0xac,0xff,0xac,0xff,0xac,0xff,0xac,0xff,0xac,0xff,0xac,0xff,0xac,0xff,0xac,0xff,0x00,0xff,0x00,0xff,0xff,0x00,0xff,0x00,0xff,0x00,0xff,0x00,
    0xff,0x00,0xff,0x00,0xff,0x00,0xff,0x00,0xff,0x00,0xff,0x00,0xff,0x00,0xff,0x00,0xff,0x00,0xff,0x00,0xff,0x00,0xff,0x00,0xff,0x00,0xff,0x00,0xff,0x00,0xff,0x00,
    0x00,0xff,0x00,0xff,0xac,0xff,0xac,0xff,0xac,0xff,0xac,0xff,0xac,0xff,0xac,0xff,0xac,0xff,0xac,0xff,0xac,0xff,0xac,0xff,0xac,0xff,0xac,0xff,0xac,0xff,0xac,0xff,
    0xac,0xff,0xac,0xff,0xac,0xff,0xac,0xff,0xac,0xff,0xac,0xff,0x00,0xff,0x00,0xff,0xff,0x00,0xff,0x00,0xff,0x00,0xff,0x00,0xff,0x00,0xff,0x00,0xff,0x00,0xff,0x00,
    0xff,0x00,0xff,0x00,0xff,0x00,0xff,0x00,0xff,0x00,0xff,0x00,0xff,0x00,0xff,0x00,0xff,0x00,0xff,0x00,0xff,0x00,0xff,0x00,0x00,0xff,0x00,0xff,0xac,0xff,0xac,0xff,
    0xac,0xff,0xac,0xff,0xac,0xff,0xac,0xff,0xac,0xff,0xac,0xff,0xac,0xff,0xac,0xff,0xac,0xff,0xac,0xff,0xac,0xff,0xac,0xff,0xac,0xff,0xac,0xff,0xac,0xff,0xac,0xff,
    0xac,0xff,0xac,0xff,0x00,0xff,0x00,0xff,0xff,0x00,0xff,0x00,0xff,0x00,0xff,0x00,0xff,0x00,0xff,0x00,0xff,0x00,0xff,0x00,0xff,0x00,0xff,0x00,0xff,0x00,0xff,0x00,
    0xff,0x00,0xff,0x00,0xff,0x00,0xff,0x00,0xff,0x00,0xff,0x00,0xff,0x00,0xff,0x00,0x00,0xff,0x00,0xff,0xac,0xff,0xac,0xff,0xac,0xff,0xac,0xff,0xac,0xff,0xac,0xff,
    0xac,0xff,0xac,0xff,0xac,0xff,0xac,0xff,0xac,0xff,0xac,0xff,0xac,0xff,0xac,0xff,0xac,0xff,0xac,0xff,0xac,0xff,0xac,0xff,0xac,0xff,0xac,0xff,0x00,0xff,0x00,0xff,
    0xff,0x00,0xff,0x00,0xff,0x00,0xff,0x00,0xff,0x00,0xff,0x00,0xff,0x00,0xff,0x00,0xff,0x00,0xff,0x00,0xff,0x00,0xff,0x00,0xff,0x00,0xff,0x00,0xff,0x00,0xff,0x00,
    0xff,0x00,0xff,0x00,0xff,0x00,0xff,0x00,0x00,0xff,0x00,0xff,0xac,0xff,0xac,0xff,0xac,0xff,0xac,0xff,0xac,0xff,0xac,0xff,0xac,0xff,0xac,0xff,0xac,0xff,0xac,0xff,
    0xac,0xff,0xac,0xff,0xac,0xff,0xac,0xff,0xac,0xff,0xac,0xff,0xac,0xff,0xac,0xff,0xac,0xff,0xac,0xff,0x00,0xff,0x00,0xff,0xff,0x00,0xff,0x00,0xff,0x00,0xff,0x00,
    0xff,0x00,0xff,0x00,0xff,0x00,0xff,0x00,0xff,0x00,0xff,0x00,0xff,0x00,0xff,0x00,0xff,0x00,0xff,0x00,0xff,0x00,0xff,0x00,0xff,0x00,0xff,0x00,0xff,0x00,0xff,0x00,
    0x00,0xff,0x00,0xff,0xac,0xff,0xac,0xff,0xac,0xff,0xac,0xff,0xac,0xff,0xac,0xff,0xac,0xff,0xac,0xff,0xac,0xff,0xac,0xff,0x00,0xff,0x00,0xff,0x00,0xff,0x00,0xff,
    0x00,0xff,0x00,0xff,0x00,0xff,0x00,0xff,0x00,0xff,0x00,0xff,0x00,0xff,0x00,0xff,0xff,0x00,0xff,0x00,0xff,0x00,0xff,0x00,0xff,0x00,0xff,0x00,0xff,0x00,0xff,0x00,
    0xff,0x00,0xff,0x00,0xff,0x00,0xff,0x00,0xff,0x00,0xff,0x00,0xff,0x00,0xff,0x00,0xff,0x00,0xff,0x00,0xff,0x00,0xff,0x00,0x00,0xff,0x00,0xff,0xac,0xff,0xac,0xff,
    0xac,0xff,0xac,0xff,0xac,0xff,0xac,0xff,0xac,0xff,0xac,0xff,0xac,0xff,0xac,0xff,0x00,0xff,0x00,0xff,0x00,0xff,0x00,0xff,0x00,0xff,0x00,0xff,0x00,0xff,0x00,0xff,
    0x00,0xff,0x00,0xff,0x00,0xff,0x00,0xff,0xff,0x00,0xff,0x00,0x00,0xff,0x00,0xff,0x00,0xff,0x00,0xff,0xff,0x00,0xff,0x00,0xff,0x00,0xff,0x00,0xff,0x00,0xff,0x00,
    0xff,0x00,0xff,0x00,0xff,0x00,0xff,0x00,0xff,0x00,0xff,0x00,0x00,0xff,0x00,0xff,0x00,0xff,0x00,0xff,0xac,0xff,0xac,0xff,0xac,0xff,0xac,0xff,0xac,0xff,0xac,0xff,
    0xac,0xff,0xac,0xff,0xac,0xff,0xac,0xff,0xac,0xff,0xac,0xff,0xac,0xff,0xac,0xff,0xac,0xff,0xac,0xff,0x00,0xff,0x00,0xff,0xff,0x00,0xff,0x00,0xff,0x00,0xff,0x00,
    0xff,0x00,0xff,0x00,0x00,0xff,0x00,0xff,0x00,0xff,0x00,0xff,0xff,0x00,0xff,0x00,0xff,0x00,0xff,0x00,0xff,0x00,0xff,0x00,0xff,0x00,0xff,0x00,0xff,0x00,0xff,0x00,
    0xff,0x00,0xff,0x00,0x00,0xff,0x00,0xff,0x00,0xff,0x00,0xff,0xac,0xff,0xac,0xff,0xac,0xff,0xac,0xff,0xac,0xff,0xac,0xff,0xac,0xff,0xac,0xff,0xac,0xff,0xac,0xff,
    0xac,0xff,0xac,0xff,0xac,0xff,0xac,0xff,0xac,0xff,0xac,0xff,0x00,0xff,0x00,0xff,0xff,0x00,0xff,0x00,0xff,0x00,0xff,0x00,0x00,0xff,0x00,0xff,0xac,0xff,0xac,0xff,
    0x00,0xff,0x00,0xff,0xff,0x00,0xff,0x00,0xff,0x00,0xff,0x00,0xff,0x00,0xff,0x00,0xff,0x00,0xff,0x00,0xff,0x00,0x00,0xff,0x00,0xff,0x00,0xff,0x00,0xff,0x00,0xff,
    0xac,0xff,0xac,0xff,0xac,0xff,0xac,0xff,0xac,0xff,0xac,0xff,0xac,0xff,0xac,0xff,0xac,0xff,0xac,0xff,0x00,0xff,0x00,0xff,0x00,0xff,0x00,0xff,0x00,0xff,0x00,0xff,
    0x00,0xff,0x00,0xff,0x00,0xff,0x00,0xff,0xff,0x00,0xff,0x00,0xff,0x00,0xff,0x00,0x00,0xff,0x00,0xff,0xac,0xff,0xac,0xff,0x00,0xff,0x00,0xff,0xff,0x00,0xff,0x00,
    0xff,0x00,0xff,0x00,0xff,0x00,0xff,0x00,0xff,0x00,0xff,0x00,0xff,0x00,0x00,0xff,0x00,0xff,0x00,0xff,0x00,0xff,0x00,0xff,0xac,0xff,0xac,0xff,0xac,0xff,0xac,0xff,
    0xac,0xff,0xac,0xff,0xac,0xff,0xac,0xff,0xac,0xff,0xac,0xff,0x00,0xff,0x00,0xff,0x00,0xff,0x00,0xff,0x00,0xff,0x00,0xff,0x00,0xff,0x00,0xff,0x00,0xff,0x00,0xff,
    0xff,0x00,0xff,0x00,0xff,0x00,0xff,0x00,0x00,0xff,0x00,0xff,0xac,0xff,0xac,0xff,0x00,0xff,0x00,0xff,0xff,0x00,0xff,0x00,0xff,0x00,0xff,0x00,0xff,0x00,0xff,0x00,
    0x00,0xff,0x00,0xff,0x00,0xff,0x00,0xff,0x00,0xff,0xac,0xff,0xac,0xff,0xac,0xff,0xac,0xff,0xac,0xff,0xac,0xff,0xac,0xff,0xac,0xff,0xac,0xff,0xac,0xff,0xac,0xff,
    0xac,0xff,0xac,0xff,0x00,0xff,0x00,0xff,0x00,0xff,0x00,0xff,0x00,0xff,0x00,0xff,0xff,0x00,0xff,0x00,0xff,0x00,0xff,0x00,0xff,0x00,0xff,0x00,0xff,0x00,0xff,0x00,
    0x00,0xff,0x00,0xff,0xac,0xff,0xac,0xff,0x00,0xff,0x00,0xff,0xff,0x00,0xff,0x00,0xff,0x00,0xff,0x00,0xff,0x00,0xff,0x00,0x00,0xff,0x00,0xff,0x00,0xff,0x00,0xff,
    0x00,0xff,0xac,0xff,0xac,0xff,0xac,0xff,0xac,0xff,0xac,0xff,0xac,0xff,0xac,0xff,0xac,0xff,0xac,0xff,0xac,0xff,0xac,0xff,0xac,0xff,0xac,0xff,0x00,0xff,0x00,0xff,
    0x00,0xff,0x00,0xff,0x00,0xff,0x00,0xff,0xff,0x00,0xff,0x00,0xff,0x00,0xff,0x00,0xff,0x00,0xff,0x00,0xff,0x00,0xff,0x00,0x00,0xff,0x00,0xff,0xac,0xff,0xac,0xff,
    0xac,0xff,0xac,0xff,0x00,0xff,0x00,0xff,0x00,0xff,0x00,0xff,0x00,0xff,0x00,0xff,0x00,0xff,0x00,0xff,0xac,0xff,0xac,0xff,0xac,0xff,0xac,0xff,0xac,0xff,0xac,0xff,
    0xac,0xff,0xac,0xff,0xac,0xff,0xac,0xff,0xac,0xff,0xac,0xff,0xac,0xff,0xac,0xff,0xac,0xff,0xac,0xff,0xac,0xff,0xac,0xff,0xac,0xff,0xac,0xff,0x00,0xff,0x00,0xff,
    0xff,0x00,0xff,0x00,0xff,0x00,0xff,0x00,0xff,0x00,0xff,0x00,0xff,0x00,0xff,0x00,0x00,0xff,0x00,0xff,0xac,0xff,0xac,0xff,0xac,0xff,0xac,0xff,0x00,0xff,0x00,0xff,
    0x00,0xff,0x00,0xff,0x00,0xff,0x00,0xff,0x00,0xff,0x00,0xff,0xac,0xff,0xac,0xff,0xac,0xff,0xac,0xff,0xac,0xff,0xac,0xff,0xac,0xff,0xac,0xff,0xac,0xff,0xac,0xff,
    0xac,0xff,0xac,0xff,0xac,0xff,0xac,0xff,0xac,0xff,0xac,0xff,0xac,0xff,0xac,0xff,0xac,0xff,0xac,0xff,0x00,0xff,0x00,0xff,0xff,0x00,0xff,0x00,0xff,0x00,0xff,0x00,
    0xff,0x00,0xff,0x00,0xff,0x00,0xff,0x00,0x00,0xff,0x00,0xff,0xac,0xff,0xac,0xff,0xac,0xff,0xac,0xff,0xac,0xff,0xac,0xff,0x00,0xff,0x00,0xff,0x00,0xff,0x00,0xff,
    0xac,0xff,0xac,0xff,0xac,0xff,0xac,0xff,0xac,0xff,0xac,0xff,0xac,0xff,0xac,0xff,0xac,0xff,0xac,0xff,0xac,0xff,0xac,0xff,0xac,0xff,0xac,0xff,0xac,0xff,0xac,0xff,
    0xac,0xff,0xac,0xff,0x00,0xff,0x00,0xff,0xac,0xff,0xac,0xff,0x00,0xff,0x00,0xff,0xff,0x00,0xff,0x00,0xff,0x00,0xff,0x00,0xff,0x00,0xff,0x00,0xff,0x00,0xff,0x00,
    0x00,0xff,0x00,0xff,0xac,0xff,0xac,0xff,0xac,0xff,0xac,0xff,0xac,0xff,0xac,0xff,0x00,0xff,0x00,0xff,0x00,0xff,0x00,0xff,0xac,0xff,0xac,0xff,0xac,0xff,0xac,0xff,
    0xac,0xff,0xac,0xff,0xac,0xff,0xac,0xff,0xac,0xff,0xac,0xff,0xac,0xff,0xac,0xff,0xac,0xff,0xac,0xff,0xac,0xff,0xac,0xff,0xac,0xff,0xac,0xff,0x00,0xff,0x00,0xff,
    0xac,0xff,0xac,0xff,0x00,0xff,0x00,0xff,0xff,0x00,0xff,0x00,0xff,0x00,0xff,0x00,0xff,0x00,0xff,0x00,0xff,0x00,0xff,0x00,0x00,0xff,0x00,0xff,0xac,0xff,0xac,0xff,
    0xac,0xff,0xac,0xff,0xac,0xff,0xac,0xff,0xac,0xff,0xac,0xff,0xac,0xff,0xac,0xff,0xac,0xff,0xac,0xff,0xac,0xff,0xac,0xff,0xac,0xff,0xac,0xff,0xac,0xff,0xac,0xff,
    0xac,0xff,0xac,0xff,0xac,0xff,0xac,0xff,0xac,0xff,0xac,0xff,0xac,0xff,0xac,0xff,0xac,0xff,0xac,0xff,0x00,0xff,0x00,0xff,0x00,0xff,0x00,0xff,0x00,0xff,0x00,0xff,
    0xff,0x00,0xff,0x00,0xff,0x00,0xff,0x00,0xff,0x00,0xff,0x00,0xff,0x00,0xff,0x00,0x00,0xff,0x00,0xff,0xac,0xff,0xac,0xff,0xac,0xff,0xac,0xff,0xac,0xff,0xac,0xff,
    0xac,0xff,0xac,0xff,0xac,0xff,0xac,0xff,0xac,0xff,0xac,0xff,0xac,0xff,0xac,0xff,0xac,0xff,0xac,0xff,0xac,0xff,0xac,0xff,0xac,0xff,0xac,0xff,0xac,0xff,0xac,0xff,
    0xac,0xff,0xac,0xff,0xac,0xff,0xac,0xff,0xac,0xff,0xac,0xff,0x00,0xff,0x00,0xff,0x00,0xff,0x00,0xff,0x00,0xff,0x00,0xff,0xff,0x00,0xff,0x00,0xff,0x00,0xff,0x00,
    0xff,0x00,0xff,0x00,0xff,0x00,0xff,0x00,0x00,0xff,0x00,0xff,0xac,0xff,0xac,0xff,0xac,0xff,0xac,0xff,0xac,0xff,0xac,0xff,0xac,0xff,0xac,0xff,0xac,0xff,0xac,0xff,
    0xac,0xff,0xac,0xff,0xac,0xff,0xac,0xff,0xac,0xff,0xac,0xff,0xac,0xff,0xac,0xff,0xac,0xff,0xac,0xff,0xac,0xff,0xac,0xff,0xac,0xff,0xac,0xff,0xac,0xff,0xac,0xff,
    0xac,0xff,0xac,0xff,0x00,0xff,0x00,0xff,0xff,0x00,0xff,0x00,0xff,0x00,0xff,0x00,0xff,0x00,0xff,0x00,0xff,0x00,0xff,0x00,0xff,0x00,0xff,0x00,0xff,0x00,0xff,0x00,
    0x00,0xff,0x00,0xff,0xac,0xff,0xac,0xff,0xac,0xff,0xac,0xff,0xac,0xff,0xac,0xff,0xac,0xff,0xac,0xff,0xac,0xff,0xac,0xff,0xac,0xff,0xac,0xff,0xac,0xff,0xac,0xff,
    0xac,0xff,0xac,0xff,0xac,0xff,0xac,0xff,0xac,0xff,0xac,0xff,0xac,0xff,0xac,0xff,0xac,0xff,0xac,0xff,0xac,0xff,0xac,0xff,0xac,0xff,0xac,0xff,0x00,0xff,0x00,0xff,
    0xff,0x00,0xff,0x00,0xff,0x00,0xff,0x00,0xff,0x00,0xff,0x00,0xff,0x00,0xff,0x00,0xff,0x00,0xff,0x00,0xff,0x00,0xff,0x00,0xff,0x00,0xff,0x00,0x00,0xff,0x00,0xff,
    0xac,0xff,0xac,0xff,0xac,0xff,0xac,0xff,0xac,0xff,0xac,0xff,0xac,0xff,0xac,0xff,0xac,0xff,0xac,0xff,0xac,0xff,0xac,0xff,0xac,0xff,0xac,0xff,0xac,0xff,0xac,0xff,
    0xac,0xff,0xac,0xff,0xac,0xff,0xac,0xff,0xac,0xff,0xac,0xff,0xac,0xff,0xac,0xff,0xac,0xff,0xac,0xff,0x00,0xff,0x00,0xff,0xff,0x00,0xff,0x00,0xff,0x00,0xff,0x00,
    0xff,0x00,0xff,0x00,0xff,0x00,0xff,0x00,0xff,0x00,0xff,0x00,0xff,0x00,0xff,0x00,0xff,0x00,0xff,0x00,0x00,0xff,0x00,0xff,0xac,0xff,0xac,0xff,0xac,0xff,0xac,0xff,
    0xac,0xff,0xac,0xff,0xac,0xff,0xac,0xff,0xac,0xff,0xac,0xff,0xac,0xff,0xac,0xff,0xac,0xff,0xac,0xff,0xac,0xff,0xac,0xff,0xac,0xff,0xac,0xff,0xac,0xff,0xac,0xff,
    0xac,0xff,0xac,0xff,0xac,0xff,0xac,0xff,0x00,0xff,0x00,0xff,0xff,0x00,0xff,0x00,0xff,0x00,0xff,0x00,0xff,0x00,0xff,0x00,0xff,0x00,0xff,0x00,0xff,0x00,0xff,0x00,
    0xff,0x00,0xff,0x00,0xff,0x00,0xff,0x00,0xff,0x00,0xff,0x00,0xff,0x00,0xff,0x00,0x00,0xff,0x00,0xff,0xac,0xff,0xac,0xff,0xac,0xff,0xac,0xff,0xac,0xff,0xac,0xff,
    0xac,0xff,0xac,0xff,0xac,0xff,0xac,0xff,0xac,0xff,0xac,0xff,0xac,0xff,0xac,0xff,0xac,0xff,0xac,0xff,0xac,0xff,0xac,0xff,0xac,0xff,0xac,0xff,0xac,0xff,0xac,0xff,
    0x00,0xff,0x00,0xff,0xff,0x00,0xff,0x00,0xff,0x00,0xff,0x00,0xff,0x00,0xff,0x00,0xff,0x00,0xff,0x00,0xff,0x00,0xff,0x00,0xff,0x00,0xff,0x00,0xff,0x00,0xff,0x00,
    0xff,0x00,0xff,0x00,0xff,0x00,0xff,0x00,0x00,0xff,0x00,0xff,0xac,0xff,0xac,0xff,0xac,0xff,0xac,0xff,0xac,0xff,0xac,0xff,0xac,0xff,0xac,0xff,0xac,0xff,0xac,0xff,
    0xac,0xff,0xac,0xff,0xac,0xff,0xac,0xff,0xac,0xff,0xac,0xff,0xac,0xff,0xac,0xff,0xac,0xff,0xac,0xff,0xac,0xff,0xac,0xff,0x00,0xff,0x00,0xff,0xff,0x00,0xff,0x00,
    0xff,0x00,0xff,0x00,0xff,0x00,0xff,0x00,0xff,0x00,0xff,0x00,0xff,0x00,0xff,0x00,0xff,0x00,0xff,0x00,0xff,0x00,0xff,0x00,0xff,0x00,0xff,0x00,0xff,0x00,0xff,0x00,
    0xff,0x00,0xff,0x00,0x00,0xff,0x00,0xff,0xac,0xff,0xac,0xff,0xac,0xff,0xac,0xff,0xac,0xff,0xac,0xff,0xac,0xff,0xac,0xff,0xac,0xff,0xac,0xff,0xac,0xff,0xac,0xff,
    0xac,0xff,0xac,0xff,0xac,0xff,0xac,0xff,0xac,0xff,0xac,0xff,0x00,0xff,0x00,0xff,0x00,0xff,0x00,0xff,0xff,0x00,0xff,0x00,0xff,0x00,0xff,0x00,0xff,0x00,0xff,0x00,
    0xff,0x00,0xff,0x00,0xff,0x00,0xff,0x00,0xff,0x00,0xff,0x00,0xff,0x00,0xff,0x00,0xff,0x00,0xff,0x00,0xff,0x00,0xff,0x00,0xff,0x00,0xff,0x00,0x00,0xff,0x00,0xff,
    0xac,0xff,0xac,0xff,0xac,0xff,0xac,0xff,0xac,0xff,0xac,0xff,0xac,0xff,0xac,0xff,0xac,0xff,0xac,0xff,0xac,0xff,0xac,0xff,0xac,0xff,0xac,0xff,0xac,0xff,0xac,0xff,
    0xac,0xff,0xac,0xff,0x00,0xff,0x00,0xff,0x00,0xff,0x00,0xff,0xff,0x00,0xff,0x00,0xff,0x00,0xff,0x00,0xff,0x00,0xff,0x00,0xff,0x00,0xff,0x00,0xff,0x00,0xff,0x00,
    0xff,0x00,0xff,0x00,0xff,0x00,0xff,0x00,0xff,0x00,0xff,0x00,0xff,0x00,0xff,0x00,0xff,0x00,0xff,0x00,0xff,0x00,0xff,0x00,0x00,0xff,0x00,0xff,0xac,0xff,0xac,0xff,
    0xac,0xff,0xac,0xff,0xac,0xff,0xac,0xff,0xac,0xff,0xac,0xff,0xac,0xff,0xac,0xff,0xac,0xff,0xac,0xff,0xac,0xff,0xac,0xff,0x00,0xff,0x00,0xff,0x00,0xff,0x00,0xff,
    0xff,0x00,0xff,0x00,0xff,0x00,0xff,0x00,0xff,0x00,0xff,0x00,0xff,0x00,0xff,0x00,0xff,0x00,0xff,0x00,0xff,0x00,0xff,0x00,0xff,0x00,0xff,0x00,0xff,0x00,0xff,0x00,
    0xff,0x00,0xff,0x00,0xff,0x00,0xff,0x00,0xff,0x00,0xff,0x00,0xff,0x00,0xff,0x00,0x00,0xff,0x00,0xff,0xac,0xff,0xac,0xff,0xac,0xff,0xac,0xff,0xac,0xff,0xac,0xff,
    0xac,0xff,0xac,0xff,0xac,0xff,0xac,0xff,0xac,0xff,0xac,0xff,0xac,0xff,0xac,0xff,0x00,0xff,0x00,0xff,0x00,0xff,0x00,0xff,0xff,0x00,0xff,0x00,0xff,0x00,0xff,0x00,
    0xff,0x00,0xff,0x00,0xff,0x00,0xff,0x00,0xff,0x00,0xff,0x00,0xff,0x00,0xff,0x00,0xff,0x00,0xff,0x00,0xff,0x00,0xff,0x00,0xff,0x00,0xff,0x00,0xff,0x00,0xff,0x00,
    0xff,0x00,0xff,0x00,0xff,0x00,0xff,0x00,0x00,0xff,0x00,0xff,0x00,0xff,0x00,0xff,0xac,0xff,0xac,0xff,0xac,0xff,0xac,0xff,0x00,0xff,0x00,0xff,0x00,0xff,0x00,0xff,
    0xac,0xff,0xac,0xff,0xac,0xff,0xac,0xff,0x00,0xff,0x00,0xff,0x00,0xff,0x00,0xff,0xff,0x00,0xff,0x00,0xff,0x00,0xff,0x00,0xff,0x00,0xff,0x00,0xff,0x00,0xff,0x00,
    0xff,0x00,0xff,0x00,0xff,0x00,0xff,0x00,0xff,0x00,0xff,0x00,0xff,0x00,0xff,0x00,0xff,0x00,0xff,0x00,0xff,0x00,0xff,0x00,0xff,0x00,0xff,0x00,0xff,0x00,0xff,0x00,
    0x00,0xff,0x00,0xff,0x00,0xff,0x00,0xff,0xac,0xff,0xac,0xff,0xac,0xff,0xac,0xff,0x00,0xff,0x00,0xff,0x00,0xff,0x00,0xff,0xac,0xff,0xac,0xff,0xac,0xff,0xac,0xff,
    0x00,0xff,0x00,0xff,0x00,0xff,0x00,0xff,0xff,0x00,0xff,0x00,0xff,0x00,0xff,0x00,0xff,0x00,0xff,0x00,0xff,0x00,0xff,0x00,0xff,0x00,0xff,0x00,0xff,0x00,0xff,0x00,
    0xff,0x00,0xff,0x00,0xff,0x00,0xff,0x00,0xff,0x00,0xff,0x00,0xff,0x00,0xff,0x00,0xff,0x00,0xff,0x00,0xff,0x00,0xff,0x00,0xff,0x00,0xff,0x00,0x00,0xff,0x00,0xff,
    0x00,0xff,0x00,0xff,0xac,0xff,0xac,0xff,0xac,0xff,0xac,0xff,0x00,0xff,0x00,0xff,0x00,0xff,0x00,0xff,0xac,0xff,0xac,0xff,0x00,0xff,0x00,0xff,0xff,0x00,0xff,0x00,
    0xff,0x00,0xff,0x00,0xff,0x00,0xff,0x00,0xff,0x00,0xff,0x00,0xff,0x00,0xff,0x00,0xff,0x00,0xff,0x00,0xff,0x00,0xff,0x00,0xff,0x00,0xff,0x00,0xff,0x00,0xff,0x00,
    0xff,0x00,0xff,0x00,0xff,0x00,0xff,0x00,0xff,0x00,0xff,0x00,0xff,0x00,0xff,0x00,0xff,0x00,0xff,0x00,0x00,0xff,0x00,0xff,0x00,0xff,0x00,0xff,0xac,0xff,0xac,0xff,
    0xac,0xff,0xac,0xff,0x00,0xff,0x00,0xff,0x00,0xff,0x00,0xff,0xac,0xff,0xac,0xff,0x00,0xff,0x00,0xff,0xff,0x00,0xff,0x00,0xff,0x00,0xff,0x00,0xff,0x00,0xff,0x00,
    0xff,0x00,0xff,0x00,0xff,0x00,0xff,0x00,0xff,0x00,0xff,0x00,0xff,0x00,0xff,0x00,0xff,0x00,0xff,0x00,0xff,0x00,0xff,0x00,0xff,0x00,0xff,0x00,0xff,0x00,0xff,0x00,
    0xff,0x00,0xff,0x00,0xff,0x00,0xff,0x00,0xff,0x00,0xff,0x00,0xff,0x00,0xff,0x00,0x00,0xff,0x00,0xff,0x00,0xff,0x00,0xff,0x00,0xff,0x00,0xff,0xff,0x00,0xff,0x00,
    0x00,0xff,0x00,0xff,0xac,0xff,0xac,0xff,0x00,0xff,0x00,0xff,0xff,0x00,0xff,0x00,0xff,0x00,0xff,0x00,0xff,0x00,0xff,0x00,0xff,0x00,0xff,0x00,0xff,0x00,0xff,0x00,
    0xff,0x00,0xff,0x00,0xff,0x00,0xff,0x00,0xff,0x00,0xff,0x00,0xff,0x00,0xff,0x00,0xff,0x00,0xff,0x00,0xff,0x00,0xff,0x00,0xff,0x00,0xff,0x00,0xff,0x00,0xff,0x00,
    0xff,0x00,0xff,0x00,0xff,0x00,0xff,0x00,0x00,0xff,0x00,0xff,0x00,0xff,0x00,0xff,0x00,0xff,0x00,0xff,0xff,0x00,0xff,0x00,0x00,0xff,0x00,0xff,0xac,0xff,0xac,0xff,
    0x00,0xff,0x00,0xff,0xff,0x00,0xff,0x00,0xff,0x00,0xff,0x00,0xff,0x00,0xff,0x00,0xff,0x00,0xff,0x00,0xff,0x00,0xff,0x00,0xff,0x00,0xff,0x00,0xff,0x00,0xff,0x00,
    0xff,0x00,0xff,0x00,0xff,0x00,0xff,0x00,0xff,0x00,0xff,0x00,0xff,0x00,0xff,0x00,0xff,0x00,0xff,0x00,0xff,0x00,0xff,0x00,0xff,0x00,0xff,0x00,0xff,0x00,0xff,0x00,
    0xff,0x00,0xff,0x00,0xff,0x00,0xff,0x00,0xff,0x00,0xff,0x00,0xff,0x00,0xff,0x00,0x00,0xff,0x00,0xff,0xac,0xff,0xac,0xff,0xac,0xff,0xac,0xff,0x00,0xff,0x00,0xff,
    0xff,0x00,0xff,0x00,0xff,0x00,0xff,0x00,0xff,0x00,0xff,0x00,0xff,0x00,0xff,0x00,0xff,0x00,0xff,0x00,0xff,0x00,0xff,0x00,0xff,0x00,0xff,0x00,0xff,0x00,0xff,0x00,
    0xff,0x00,0xff,0x00,0xff,0x00,0xff,0x00,0xff,0x00,0xff,0x00,0xff,0x00,0xff,0x00,0xff,0x00,0xff,0x00,0xff,0x00,0xff,0x00,0xff,0x00,0xff,0x00,0xff,0x00,0xff,0x00,
    0xff,0x00,0xff,0x00,0xff,0x00,0xff,0x00,0x00,0xff,0x00,0xff,0xac,0xff,0xac,0xff,0xac,0xff,0xac,0xff,0x00,0xff,0x00,0xff,0xff,0x00,0xff,0x00,0xff,0x00,0xff,0x00,
    0xff,0x00,0xff,0x00,0xff,0x00,0xff,0x00,0xff,0x00,0xff,0x00,0xff,0x00,0xff,0x00,0xff,0x00,0xff,0x00,0xff,0x00,0xff,0x00,0xff,0x00,0xff,0x00,0xff,0x00,0xff,0x00,
    0xff,0x00,0xff,0x00,0xff,0x00,0xff,0x00,0xff,0x00,0xff,0x00,0xff,0x00,0xff,0x00,0xff,0x00,0xff,0x00,0xff,0x00,0xff,0x00,0xff,0x00,0xff,0x00,0xff,0x00,0xff,0x00,
    0x00,0xff,0x00,0xff,0x00,0xff,0x00,0xff,0x00,0xff,0x00,0xff,0x00,0xff,0x00,0xff,0xff,0x00,0xff,0x00,0xff,0x00,0xff,0x00,0xff,0x00,0xff,0x00,0xff,0x00,0xff,0x00,
    0xff,0x00,0xff,0x00,0xff,0x00,0xff,0x00,0xff,0x00,0xff,0x00,0xff,0x00,0xff,0x00,0xff,0x00,0xff,0x00,0xff,0x00,0xff,0x00,0xff,0x00,0xff,0x00,0xff,0x00,0xff,0x00,
    0xff,0x00,0xff,0x00,0xff,0x00,0xff,0x00,0xff,0x00,0xff,0x00,0xff,0x00,0xff,0x00,0xff,0x00,0xff,0x00,0xff,0x00,0xff,0x00,0x00,0xff,0x00,0xff,0x00,0xff,0x00,0xff,
    0x00,0xff,0x00,0xff,0x00,0xff,0x00,0xff,0xff,0x00,0xff,0x00,0xff,0x00,0xff,0x00,0xff,0x00,0xff,0x00,0xff,0x00,0xff,0x00,0xff,0x00,0xff,0x00,0xff,0x00,0xff,0x00,
    0xff,0x00,0xff,0x00,0xff,0x00,0xff,0x00,
};
static const lv_image_dsc_t dino_image_trex_run_1 = {
    .header = {.magic = LV_IMAGE_HEADER_MAGIC, .cf = LV_COLOR_FORMAT_AL88, .w = 44, .h = 47, .stride = 88},
    .data_size = sizeof(dino_pixels_trex_run_1), .data = dino_pixels_trex_run_1,
};

_Alignas(4) static const uint8_t dino_pixels_trex_duck_0[] = {
    0xff,0x00,0xff,0x00,0xff,0x00,0xff,0x00,0xff,0x00,0xff,0x00,0xff,0x00,0xff,0x00,0xff,0x00,0xff,0x00,0xff,0x00,0xff,0x00,0xff,0x00,0xff,0x00,0xff,0x00,0xff,0x00,
    0xff,0x00,0xff,0x00,0xff,0x00,0xff,0x00,0xff,0x00,0xff,0x00,0xff,0x00,0xff,0x00,0xff,0x00,0xff,0x00,0xff,0x00,0xff,0x00,0xff,0x00,0xff,0x00,0xff,0x00,0xff,0x00,
    0xff,0x00,0xff,0x00,0xff,0x00,0xff,0x00,0xff,0x00,0xff,0x00,0xff,0x00,0xff,0x00,0xff,0x00,0xff,0x00,0xff,0x00,0xff,0x00,0xff,0x00,0xff,0x00,0xff,0x00,0xff,0x00,
    0xff,0x00,0xff,0x00,0xff,0x00,0xff,0x00,0xff,0x00,0xff,0x00,0xff,0x00,0xff,0x00,0xff,0x00,0xff,0x00,0xff,0x00,0xff,0x00,0xff,0x00,0xff,0x00,0xff,0x00,0xff,0x00,
    0xff,0x00,0xff,0x00,0xff,0x00,0xff,0x00,0xff,0x00,0xff,0x00,0xff,0x00,0xff,0x00,0xff,0x00,0xff,0x00,0xff,0x00,0xff,0x00,0xff,0x00,0xff,0x00,0xff,0x00,0xff,0x00,
    0xff,0x00,0xff,0x00,0xff,0x00,0xff,0x00,0xff,0x00,0xff,0x00,0xff,0x00,0xff,0x00,0xff,0x00,0xff,0x00,0xff,0x00,0xff,0x00,0xff,0x00,0xff,0x00,0xff,0x00,0xff,0x00,
    0xff,0x00,0xff,0x00,0xff,0x00,0xff,0x00,0xff,0x00,0xff,0x00,0xff,0x00,0xff,0x00,0xff,0x00,0xff,0x00,0xff,0x00,0xff,0x00,0xff,0x00,0xff,0x00,0xff,0x00,0xff,0x00,
    0xff,0x00,0xff,0x00,0xff,0x00,0xff,0x00,0xff,0x00,0xff,0x00,0xff,0x00,0xff,0x00,0xff,0x00,0xff,0x00,0xff,0x00,0xff,0x00,0xff,0x00,0xff,0x00,0xff,0x00,0xff,0x00,
    0xff,0x00,0xff,0x00,0xff,0x00,0xff,0x00,0xff,0x00,0xff,0x00,0xff,0x00,0xff,0x00,0xff,0x00,0xff,0x00,0xff,0x00,0xff,0x00,0xff,0x00,0xff,0x00,0xff,0x00,0xff,0x00,
    0xff,0x00,0xff,0x00,0xff,0x00,0xff,0x00,0xff,0x00,0xff,0x00,0xff,0x00,0xff,0x00,0xff,0x00,0xff,0x00,0xff,0x00,0xff,0x00,0xff,0x00,0xff,0x00,0xff,0x00,0xff,0x00,
    0xff,0x00,0xff,0x00,0xff,0x00,0xff,0x00,0xff,0x00,0xff,0x00,0xff,0x00,0xff,0x00,0xff,0x00,0xff,0x00,0xff,0x00,0xff,0x00,0xff,0x00,0xff,0x00,0xff,0x00,0xff,0x00,
    0xff,0x00,0xff,0x00,0xff,0x00,0xff,0x00,0xff,0x00,0xff,0x00,0xff,0x00,0xff,0x00,0xff,0x00,0xff,0x00,0xff,0x00,0xff,0x00,0xff,0x00,0xff,0x00,0xff,0x00,0xff,0x00,
    0xff,0x00,0xff,0x00,0xff,0x00,0xff,0x00,0xff,0x00,0xff,0x00,0xff,0x00,0xff,0x00,0xff,0x00,0xff,0x00,0xff,0x00,0xff,0x00,0xff,0x00,0xff,0x00,0xff,0x00,0xff,0x00,
    0xff,0x00,0xff,0x00,0xff,0x00,0xff,0x00,0xff,0x00,0xff,0x00,0xff,0x00,0xff,0x00,0xff,0x00,0xff,0x00,0xff,0x00,0xff,0x00,0xff,0x00,0xff,0x00,0xff,0x00,0xff,0x00,
    0xff,0x00,0xff,0x00,0xff,0x00,0xff,0x00,0xff,0x00,0xff,0x00,0xff,0x00,0xff,0x00,0xff,0x00,0xff,0x00,0xff,0x00,0xff,0x00,0xff,0x00,0xff,0x00,0xff,0x00,0xff,0x00,
    0xff,0x00,0xff,0x00,0xff,0x00,0xff,0x00,0xff,0x00,0xff,0x00,0xff,0x00,0xff,0x00,0xff,0x00,0xff,0x00,0xff,0x00,0xff,0x00,0xff,0x00,0xff,0x00,0xff,0x00,0xff,0x00,
    0xff,0x00,0xff,0x00,0xff,0x00,0xff,0x00,0xff,0x00,0xff,0x00,0xff,0x00,0xff,0x00,0xff,0x00,0xff,0x00,0xff,0x00,0xff,0x00,0xff,0x00,0xff,0x00,0xff,0x00,0xff,0x00,
    0xff,0x00,0xff,0x00,0xff,0x00,0xff,0x00,0xff,0x00,0xff,0x00,0xff,0x00,0xff,0x00,0xff,0x00,0xff,0x00,0xff,0x00,0xff,0x00,0xff,0x00,0xff,0x00,0xff,0x00,0xff,0x00,
    0xff,0x00,0xff,0x00,0xff,0x00,0xff,0x00,0xff,0x00,0xff,0x00,0xff,0x00,0xff,0x00,0xff,0x00,0xff,0x00,0xff,0x00,0xff,0x00,0xff,0x00,0xff,0x00,0xff,0x00,0xff,0x00,
    0xff,0x00,0xff,0x00,0xff,0x00,0xff,0x00,0xff,0x00,0xff,0x00,0xff,0x00,0xff,0x00,0xff,0x00,0xff,0x00,0xff,0x00,0xff,0x00,0xff,0x00,0xff,0x00,0xff,0x00,0xff,0x00,
    0xff,0x00,0xff,0x00,0xff,0x00,0xff,0x00,0xff,0x00,0xff,0x00,0xff,0x00,0xff,0x00,0xff,0x00,0xff,0x00,0xff,0x00,0xff,0x00,0xff,0x00,0xff,0x00,0xff,0x00,0xff,0x00,
    0xff,0x00,0xff,0x00,0xff,0x00,0xff,0x00,0xff,0x00,0xff,0x00,0xff,0x00,0xff,0x00,0xff,0x00,0xff,0x00,0xff,0x00,0xff,0x00,0xff,0x00,0xff,0x00,0xff,0x00,0xff,0x00,
    0xff,0x00,0xff,0x00,0xff,0x00,0xff,0x00,0xff,0x00,0xff,0x00,0xff,0x00,0xff,0x00,0xff,0x00,0xff,0x00,0xff,0x00,0xff,0x00,0xff,0x00,0xff,0x00,0xff,0x00,0xff,0x00,
    0xff,0x00,0xff,0x00,0xff,0x00,0xff,0x00,0xff,0x00,0xff,0x00,0xff,0x00,0xff,0x00,0xff,0x00,0xff,0x00,0xff,0x00,0xff,0x00,0xff,0x00,0xff,0x00,0xff,0x00,0xff,0x00,
    0xff,0x00,0xff,0x00,0xff,0x00,0xff,0x00,0xff,0x00,0xff,0x00,0xff,0x00,0xff,0x00,0xff,0x00,0xff,0x00,0xff,0x00,0xff,0x00,0xff,0x00,0xff,0x00,0xff,0x00,0xff,0x00,
    0xff,0x00,0xff,0x00,0xff,0x00,0xff,0x00,0xff,0x00,0xff,0x00,0xff,0x00,0xff,0x00,0xff,0x00,0xff,0x00,0xff,0x00,0xff,0x00,0xff,0x00,0xff,0x00,0xff,0x00,0xff,0x00,
    0xff,0x00,0xff,0x00,0xff,0x00,0xff,0x00,0xff,0x00,0xff,0x00,0xff,0x00,0xff,0x00,0xff,0x00,0xff,0x00,0xff,0x00,0xff,0x00,0xff,0x00,0xff,0x00,0xff,0x00,0xff,0x00,
    0xff,0x00,0xff,0x00,0xff,0x00,0xff,0x00,0xff,0x00,0xff,0x00,0xff,0x00,0xff,0x00,0xff,0x00,0xff,0x00,0xff,0x00,0xff,0x00,0xff,0x00,0xff,0x00,0xff,0x00,0xff,0x00,
    0xff,0x00,0xff,0x00,0xff,0x00,0xff,0x00,0xff,0x00,0xff,0x00,0xff,0x00,0xff,0x00,0xff,0x00,0xff,0x00,0xff,0x00,0xff,0x00,0xff,0x00,0xff,0x00,0xff,0x00,0xff,0x00,
    0xff,0x00,0xff,0x00,0xff,0x00,0xff,0x00,0xff,0x00,0xff,0x00,0xff,0x00,0xff,0x00,0xff,0x00,0xff,0x00,0xff,0x00,0xff,0x00,0xff,0x00,0xff,0x00,0xff,0x00,0xff,0x00,
    0xff,0x00,0xff,0x00,0xff,0x00,0xff,0x00,0xff,0x00,0xff,0x00,0xff,0x00,0xff,0x00,0xff,0x00,0xff,0x00,0xff,0x00,0xff,0x00,0xff,0x00,0xff,0x00,0xff,0x00,0xff,0x00,
    0xff,0x00,0xff,0x00,0xff,0x00,0xff,0x00,0xff,0x00,0xff,0x00,0xff,0x00,0xff,0x00,0xff,0x00,0xff,0x00,0xff,0x00,0xff,0x00,0xff,0x00,0xff,0x00,0xff,0x00,0xff,0x00,
    0xff,0x00,0xff,0x00,0xff,0x00,0xff,0x00,0xff,0x00,0xff,0x00,0xff,0x00,0xff,0x00,0xff,0x00,0xff,0x00,0xff,0x00,0xff,0x00,0xff,0x00,0xff,0x00,0xff,0x00,0xff,0x00,
    0xff,0x00,0xff,0x00,0xff,0x00,0xff,0x00,0xff,0x00,0xff,0x00,0xff,0x00,0xff,0x00,0xff,0x00,0xff,0x00,0xff,0x00,0xff,0x00,0xff,0x00,0xff,0x00,0xff,0x00,0xff,0x00,
    0xff,0x00,0xff,0x00,0xff,0x00,0xff,0x00,0xff,0x00,0xff,0x00,0xff,0x00,0xff,0x00,0xff,0x00,0xff,0x00,0xff,0x00,0xff,0x00,0xff,0x00,0xff,0x00,0xff,0x00,0xff,0x00,
    0xff,0x00,0xff,0x00,0xff,0x00,0xff,0x00,0xff,0x00,0xff,0x00,0xff,0x00,0xff,0x00,0xff,0x00,0xff,0x00,0xff,0x00,0xff,0x00,0xff,0x00,0xff,0x00,0xff,0x00,0xff,0x00,
    0xff,0x00,0xff,0x00,0xff,0x00,0xff,0x00,0xff,0x00,0xff,0x00,0xff,0x00,0xff,0x00,0xff,0x00,0xff,0x00,0xff,0x00,0xff,0x00,0xff,0x00,0xff,0x00,0xff,0x00,0xff,0x00,
    0xff,0x00,0xff,0x00,0xff,0x00,0xff,0x00,0xff,0x00,0xff,0x00,0xff,0x00,0xff,0x00,0xff,0x00,0xff,0x00,0xff,0x00,0xff,0x00,0xff,0x00,0xff,0x00,0xff,0x00,0xff,0x00,
    0xff,0x00,0xff,0x00,0xff,0x00,0xff,0x00,0xff,0x00,0xff,0x00,0xff,0x00,0xff,0x00,0xff,0x00,0xff,0x00,0xff,0x00,0xff,0x00,0xff,0x00,0xff,0x00,0xff,0x00,0xff,0x00,
    0xff,0x00,0xff,0x00,0xff,0x00,0xff,0x00,0xff,0x00,0xff,0x00,0xff,0x00,0xff,0x00,0xff,0x00,0xff,0x00,0xff,0x00,0xff,0x00,0xff,0x00,0xff,0x00,0xff,0x00,0xff,0x00,
    0xff,0x00,0xff,0x00,0xff,0x00,0xff,0x00,0xff,0x00,0xff,0x00,0xff,0x00,0xff,0x00,0xff,0x00,0xff,0x00,0xff,0x00,0xff,0x00,0xff,0x00,0xff,0x00,0xff,0x00,0xff,0x00,
    0xff,0x00,0xff,0x00,0xff,0x00,0xff,0x00,0xff,0x00,0xff,0x00,0xff,0x00,0xff,0x00,0xff,0x00,0xff,0x00,0xff,0x00,0xff,0x00,0xff,0x00,0xff,0x00,0xff,0x00,0xff,0x00,
    0xff,0x00,0xff,0x00,0xff,0x00,0xff,0x00,0xff,0x00,0xff,0x00,0xff,0x00,0xff,0x00,0xff,0x00,0xff,0x00,0xff,0x00,0xff,0x00,0xff,0x00,0xff,0x00,0xff,0x00,0xff,0x00,
    0xff,0x00,0xff,0x00,0xff,0x00,0xff,0x00,0xff,0x00,0xff,0x00,0xff,0x00,0xff,0x00,0xff,0x00,0xff,0x00,0xff,0x00,0xff,0x00,0xff,0x00,0xff,0x00,0xff,0x00,0xff,0x00,
    0xff,0x00,0xff,0x00,0xff,0x00,0xff,0x00,0xff,0x00,0xff,0x00,0xff,0x00,0xff,0x00,0xff,0x00,0xff,0x00,0xff,0x00,0xff,0x00,0xff,0x00,0xff,0x00,0xff,0x00,0xff,0x00,
    0xff,0x00,0xff,0x00,0xff,0x00,0xff,0x00,0xff,0x00,0xff,0x00,0xff,0x00,0xff,0x00,0xff,0x00,0xff,0x00,0xff,0x00,0xff,0x00,0xff,0x00,0xff,0x00,0xff,0x00,0xff,0x00,
    0xff,0x00,0xff,0x00,0xff,0x00,0xff,0x00,0xff,0x00,0xff,0x00,0xff,0x00,0xff,0x00,0xff,0x00,0xff,0x00,0xff,0x00,0xff,0x00,0xff,0x00,0xff,0x00,0xff,0x00,0xff,0x00,
    0xff,0x00,0xff,0x00,0xff,0x00,0xff,0x00,0xff,0x00,0xff,0x00,0xff,0x00,0xff,0x00,0xff,0x00,0xff,0x00,0xff,0x00,0xff,0x00,0xff,0x00,0xff,0x00,0xff,0x00,0xff,0x00,
    0xff,0x00,0xff,0x00,0xff,0x00,0xff,0x00,0xff,0x00,0xff,0x00,0xff,0x00,0xff,0x00,0xff,0x00,0xff,0x00,0xff,0x00,0xff,0x00,0xff,0x00,0xff,0x00,0xff,0x00,0xff,0x00,
    0xff,0x00,0xff,0x00,0xff,0x00,0xff,0x00,0xff,0x00,0xff,0x00,0xff,0x00,0xff,0x00,0xff,0x00,0xff,0x00,0xff,0x00,0xff,0x00,0xff,0x00,0xff,0x00,0xff,0x00,0xff,0x00,
    0xff,0x00,0xff,0x00,0xff,0x00,0xff,0x00,0xff,0x00,0xff,0x00,0xff,0x00,0xff,0x00,0xff,0x00,0xff,0x00,0xff,0x00,0xff,0x00,0xff,0x00,0xff,0x00,0xff,0x00,0xff,0x00,
    0xff,0x00,0xff,0x00,0xff,0x00,0xff,0x00,0xff,0x00,0xff,0x00,0xff,0x00,0xff,0x00,0xff,0x00,0xff,0x00,0xff,0x00,0xff,0x00,0xff,0x00,0xff,0x00,0xff,0x00,0xff,0x00,
    0xff,0x00,0xff,0x00,0xff,0x00,0xff,0x00,0xff,0x00,0xff,0x00,0xff,0x00,0xff,0x00,0xff,0x00,0xff,0x00,0xff,0x00,0xff,0x00,0xff,0x00,0xff,0x00,0xff,0x00,0xff,0x00,
    0xff,0x00,0xff,0x00,0xff,0x00,0xff,0x00,0xff,0x00,0xff,0x00,0xff,0x00,0xff,0x00,0xff,0x00,0xff,0x00,0xff,0x00,0xff,0x00,0xff,0x00,0xff,0x00,0xff,0x00,0xff,0x00,
    0xff,0x00,0xff,0x00,0xff,0x00,0xff,0x00,0xff,0x00,0xff,0x00,0xff,0x00,0xff,0x00,0xff,0x00,0xff,0x00,0xff,0x00,0xff,0x00,0xff,0x00,0xff,0x00,0xff,0x00,0xff,0x00,
    0xff,0x00,0xff,0x00,0xff,0x00,0xff,0x00,0xff,0x00,0xff,0x00,0xff,0x00,0xff,0x00,0xff,0x00,0xff,0x00,0xff,0x00,0xff,0x00,0xff,0x00,0xff,0x00,0xff,0x00,0xff,0x00,
    0xff,0x00,0xff,0x00,0xff,0x00,0xff,0x00,0xff,0x00,0xff,0x00,0xff,0x00,0xff,0x00,0xff,0x00,0xff,0x00,0xff,0x00,0xff,0x00,0xff,0x00,0xff,0x00,0xff,0x00,0xff,0x00,
    0xff,0x00,0xff,0x00,0xff,0x00,0xff,0x00,0xff,0x00,0xff,0x00,0xff,0x00,0xff,0x00,0xff,0x00,0xff,0x00,0xff,0x00,0xff,0x00,0xff,0x00,0xff,0x00,0xff,0x00,0xff,0x00,
    0xff,0x00,0xff,0x00,0xff,0x00,0xff,0x00,0xff,0x00,0xff,0x00,0xff,0x00,0xff,0x00,0xff,0x00,0xff,0x00,0xff,0x00,0xff,0x00,0xff,0x00,0xff,0x00,0xff,0x00,0xff,0x00,
    0xff,0x00,0xff,0x00,0xff,0x00,0xff,0x00,0xff,0x00,0xff,0x00,0xff,0x00,0xff,0x00,0xff,0x00,0xff,0x00,0xff,0x00,0xff,0x00,0xff,0x00,0xff,0x00,0xff,0x00,0xff,0x00,
    0xff,0x00,0xff,0x00,0xff,0x00,0xff,0x00,0xff,0x00,0xff,0x00,0xff,0x00,0xff,0x00,0xff,0x00,0xff,0x00,0xff,0x00,0xff,0x00,0xff,0x00,0xff,0x00,0xff,0x00,0xff,0x00,
    0xff,0x00,0xff,0x00,0xff,0x00,0xff,0x00,0xff,0x00,0xff,0x00,0xff,0x00,0xff,0x00,0xff,0x00,0xff,0x00,0xff,0x00,0xff,0x00,0xff,0x00,0xff,0x00,0xff,0x00,0xff,0x00,
    0xff,0x00,0xff,0x00,0xff,0x00,0xff,0x00,0xff,0x00,0xff,0x00,0xff,0x00,0xff,0x00,0xff,0x00,0xff,0x00,0xff,0x00,0x00,0xff,0x00,0xff,0x00,0xff,0x00,0xff,0x00,0xff,
    0x00,0xff,0xff,0x00,0xff,0x00,0xff,0x00,0xff,0x00,0xff,0x00,0xff,0x00,0xff,0x00,0xff,0x00,0xff,0x00,0xff,0x00,0xff,0x00,0xff,0x00,0xff,0x00,0xff,0x00,0xff,0x00,
    0xff,0x00,0xff,0x00,0xff,0x00,0xff,0x00,0xff,0x00,0xff,0x00,0xff,0x00,0xff,0x00,0xff,0x00,0xff,0x00,0xff,0x00,0xff,0x00,0xff,0x00,0xff,0x00,0xff,0x00,0xff,0x00,
    0xff,0x00,0xff,0x00,0xff,0x00,0xff,0x00,0xff,0x00,0xff,0x00,0xff,0x00,0xff,0x00,0xff,0x00,0xff,0x00,0xff,0x00,0xff,0x00,0xff,0x00,0xff,0x00,0xff,0x00,0xff,0x00,
    0xff,0x00,0xff,0x00,0xff,0x00,0xff,0x00,0xff,0x00,0xff,0x00,0x00,0xff,0x00,0xff,0x00,0xff,0x00,0xff,0x00,0xff,0x00,0xff,0xff,0x00,0xff,0x00,0xff,0x00,0xff,0x00,
    0xff,0x00,0xff,0x00,0xff,0x00,0xff,0x00,0xff,0x00,0xff,0x00,0xff,0x00,0xff,0x00,0xff,0x00,0xff,0x00,0xff,0x00,0xff,0x00,0xff,0x00,0xff,0x00,0xff,0x00,0xff,0x00,
    0xff,0x00,0xff,0x00,0xff,0x00,0xff,0x00,0xff,0x00,0xff,0x00,0xff,0x00,0xff,0x00,0xff,0x00,0xff,0x00,0xff,0x00,0x00,0xff,0x00,0xff,0x00,0xff,0x00,0xff,0x00,0xff,
    0x00,0xff,0x00,0xff,0x00,0xff,0x00,0xff,0x00,0xff,0x00,0xff,0x00,0xff,0x00,0xff,0x00,0xff,0x00,0xff,0x00,0xff,0x00,0xff,0x00,0xff,0x00,0xff,0x00,0xff,0xff,0x00,
    0xff,0x00,0x00,0xff,0x00,0xff,0xac,0xff,0xac,0xff,0x00,0xff,0x00,0xff,0x00,0xff,0x00,0xff,0x00,0xff,0x00,0xff,0xff,0x00,0xff,0x00,0xff,0x00,0xff,0x00,0x00,0xff,
    0x00,0xff,0x00,0xff,0x00,0xff,0x00,0xff,0x00,0xff,0x00,0xff,0x00,0xff,0x00,0xff,0x00,0xff,0x00,0xff,0x00,0xff,0x00,0xff,0x00,0xff,0x00,0xff,0x00,0xff,0x00,0xff,
    0x00,0xff,0x00,0xff,0x00,0xff,0x00,0xff,0xff,0x00,0xff,0x00,0x00,0xff,0x00,0xff,0x00,0xff,0x00,0xff,0x00,0xff,0x00,0xff,0x00,0xff,0x00,0xff,0x00,0xff,0x00,0xff,
    0x00,0xff,0x00,0xff,0x00,0xff,0x00,0xff,0x00,0xff,0x00,0xff,0x00,0xff,0x00,0xff,0x00,0xff,0x00,0xff,0xff,0x00,0xff,0x00,0x00,0xff,0x00,0xff,0xac,0xff,0xac,0xff,
    0x00,0xff,0x00,0xff,0x00,0xff,0x00,0xff,0x00,0xff,0x00,0xff,0xff,0x00,0xff,0x00,0xff,0x00,0xff,0x00,0x00,0xff,0x00,0xff,0x00,0xff,0x00,0xff,0x00,0xff,0x00,0xff,
    0x00,0xff,0x00,0xff,0x00,0xff,0x00,0xff,0x00,0xff,0x00,0xff,0x00,0xff,0x00,0xff,0x00,0xff,0x00,0xff,0x00,0xff,0x00,0xff,0x00,0xff,0x00,0xff,0x00,0xff,0x00,0xff,
    0x00,0xff,0x00,0xff,0x00,0xff,0xac,0xff,0xac,0xff,0xac,0xff,0xac,0xff,0xac,0xff,0xac,0xff,0xac,0xff,0xac,0xff,0xac,0xff,0xac,0xff,0xac,0xff,0xac,0xff,0xac,0xff,
    0xac,0xff,0xac,0xff,0xac,0xff,0x00,0xff,0x00,0xff,0x00,0xff,0x00,0xff,0x00,0xff,0x00,0xff,0xac,0xff,0xac,0xff,0xac,0xff,0xac,0xff,0xac,0xff,0xac,0xff,0x00,0xff,
    0x00,0xff,0x00,0xff,0x00,0xff,0x00,0xff,0x00,0xff,0x00,0xff,0x00,0xff,0xac,0xff,0xac,0xff,0xac,0xff,0xac,0xff,0xac,0xff,0xac,0xff,0xac,0xff,0xac,0xff,0xac,0xff,
    0xac,0xff,0xac,0xff,0xac,0xff,0xac,0xff,0xac,0xff,0xac,0xff,0xac,0xff,0xac,0xff,0x00,0xff,0x00,0xff,0x00,0xff,0x00,0xff,0x00,0xff,0x00,0xff,0xac,0xff,0xac,0xff,
    0xac,0xff,0xac,0xff,0xac,0xff,0xac,0xff,0xac,0xff,0xac,0xff,0xac,0xff,0xac,0xff,0xac,0xff,0xac,0xff,0xac,0xff,0xac,0xff,0xac,0xff,0xac,0xff,0x00,0xff,0x00,0xff,
    0x00,0xff,0x00,0xff,0x00,0xff,0x00,0xff,0xac,0xff,0xac,0xff,0xac,0xff,0xac,0xff,0xac,0xff,0xac,0xff,0x00,0xff,0x00,0xff,0x00,0xff,0x00,0xff,0x00,0xff,0x00,0xff,
    0x00,0xff,0x00,0xff,0xac,0xff,0xac,0xff,0xac,0xff,0xac,0xff,0xac,0xff,0xac,0xff,0xac,0xff,0xac,0xff,0xac,0xff,0xac,0xff,0xac,0xff,0xac,0xff,0xac,0xff,0xac,0xff,
    0xac,0xff,0xac,0xff,0xac,0xff,0x00,0xff,0x00,0xff,0x00,0xff,0x00,0xff,0xac,0xff,0xac,0xff,0xac,0xff,0xac,0xff,0xac,0xff,0xac,0xff,0xac,0xff,0xac,0xff,0xac,0xff,
    0xac,0xff,0xac,0xff,0xac,0xff,0xac,0xff,0xac,0xff,0xac,0xff,0xac,0xff,0xac,0xff,0xac,0xff,0xac,0xff,0xac,0xff,0x00,0xff,0x00,0xff,0x00,0xff,0x00,0xff,0xac,0xff,
    0xac,0xff,0xac,0xff,0xac,0xff,0xac,0xff,0xac,0xff,0xac,0xff,0xac,0xff,0xac,0xff,0xac,0xff,0xac,0xff,0xac,0xff,0xac,0xff,0xac,0xff,0xac,0xff,0xac,0xff,0xac,0xff,
    0xac,0xff,0xac,0xff,0xac,0xff,0xac,0xff,0xac,0xff,0xac,0xff,0xac,0xff,0xac,0xff,0xac,0xff,0xac,0xff,0xac,0xff,0xac,0xff,0xac,0xff,0xac,0xff,0xac,0xff,0xac,0xff,
    0xac,0xff,0xac,0xff,0xac,0xff,0xac,0xff,0xac,0xff,0xac,0xff,0x00,0xff,0x00,0xff,0xac,0xff,0xac,0xff,0xac,0xff,0xac,0xff,0xac,0xff,0xac,0xff,0xac,0xff,0xac,0xff,
    0xac,0xff,0xac,0xff,0xac,0xff,0xac,0xff,0xac,0xff,0xac,0xff,0x00,0xff,0x00,0xff,0x00,0xff,0x00,0xff,0xac,0xff,0xac,0xff,0xac,0xff,0xac,0xff,0xac,0xff,0xac,0xff,
    0xac,0xff,0xac,0xff,0xac,0xff,0xac,0xff,0xac,0xff,0xac,0xff,0xac,0xff,0xac,0xff,0xac,0xff,0xac,0xff,0xac,0xff,0xac,0xff,0xac,0xff,0xac,0xff,0xac,0xff,0xac,0xff,
    0xac,0xff,0xac,0xff,0xac,0xff,0xac,0xff,0xac,0xff,0xac,0xff,0xac,0xff,0xac,0xff,0xac,0xff,0xac,0xff,0xac,0xff,0xac,0xff,0xac,0xff,0xac,0xff,0xac,0xff,0xac,0xff,
    0xac,0xff,0x00,0xff,0x00,0xff,0xac,0xff,0xac,0xff,0xac,0xff,0xac,0xff,0xac,0xff,0xac,0xff,0xac,0xff,0xac,0xff,0xac,0xff,0xac,0xff,0xac,0xff,0xac,0xff,0xac,0xff,
    0xac,0xff,0x00,0xff,0x00,0xff,0x00,0xff,0x00,0xff,0x00,0xff,0x00,0xff,0xac,0xff,0xac,0xff,0xac,0xff,0xac,0xff,0xac,0xff,0xac,0xff,0xac,0xff,0xac,0xff,0xac,0xff,
    0xac,0xff,0xac,0xff,0xac,0xff,0xac,0xff,0xac,0xff,0xac,0xff,0xac,0xff,0xac,0xff,0xac,0xff,0xac,0xff,0xac,0xff,0xac,0xff,0xac,0xff,0xac,0xff,0xac,0xff,0xac,0xff,
    0xac,0xff,0xac,0xff,0xac,0xff,0xac,0xff,0xac,0xff,0xac,0xff,0xac,0xff,0xac,0xff,0xac,0xff,0xac,0xff,0xac,0xff,0xac,0xff,0xac,0xff,0xac,0xff,0xac,0xff,0xac,0xff,
    0xac,0xff,0xac,0xff,0xac,0xff,0xac,0xff,0xac,0xff,0xac,0xff,0xac,0xff,0xac,0xff,0xac,0xff,0xac,0xff,0xac,0xff,0xac,0xff,0x00,0xff,0x00,0xff,0x00,0xff,0x00,0xff,
    0x00,0xff,0x00,0xff,0xac,0xff,0xac,0xff,0xac,0xff,0xac,0xff,0xac,0xff,0xac,0xff,0xac,0xff,0xac,0xff,0xac,0xff,0xac,0xff,0xac,0xff,0xac,0xff,0xac,0xff,0xac,0xff,
    0xac,0xff,0xac,0xff,0xac,0xff,0xac,0xff,0xac,0xff,0xac,0xff,0xac,0xff,0xac,0xff,0xac,0xff,0xac,0xff,0xac,0xff,0xac,0xff,0xac,0xff,0xac,0xff,0xac,0xff,0xac,0xff,
    0xac,0xff,0xac,0xff,0xac,0xff,0xac,0xff,0xac,0xff,0xac,0xff,0xac,0xff,0xac,0xff,0xac,0xff,0xac,0xff,0xac,0xff,0xac,0xff,0xac,0xff,0xac,0xff,0xac,0xff,0xac,0xff,
    0xac,0xff,0xac,0xff,0xac,0xff,0xac,0xff,0xac,0xff,0xac,0xff,0xac,0xff,0x00,0xff,0x00,0xff,0xff,0x00,0xff,0x00,0x00,0xff,0x00,0xff,0x00,0xff,0x00,0xff,0xac,0xff,
    0xac,0xff,0xac,0xff,0xac,0xff,0xac,0xff,0xac,0xff,0xac,0xff,0xac,0xff,0xac,0xff,0xac,0xff,0xac,0xff,0xac,0xff,0xac,0xff,0xac,0xff,0xac,0xff,0xac,0xff,0xac,0xff,
    0xac,0xff,0xac,0xff,0xac,0xff,0xac,0xff,0xac,0xff,0xac,0xff,0xac,0xff,0xac,0xff,0xac,0xff,0xac,0xff,0xac,0xff,0xac,0xff,0xac,0xff,0xac,0xff,0xac,0xff,0xac,0xff,
    0xac,0xff,0xac,0xff,0xac,0xff,0xac,0xff,0xac,0xff,0xac,0xff,0xac,0xff,0xac,0xff,0xac,0xff,0xac,0xff,0xac,0xff,0xac,0xff,0xac,0xff,0xac,0xff,0xac,0xff,0xac,0xff,
    0xac,0xff,0xac,0xff,0x00,0xff,0x00,0xff,0xff,0x00,0xff,0x00,0x00,0xff,0x00,0xff,0x00,0xff,0x00,0xff,0xac,0xff,0xac,0xff,0xac,0xff,0xac,0xff,0xac,0xff,0xac,0xff,
    0xac,0xff,0xac,0xff,0xac,0xff,0xac,0xff,0xac,0xff,0xac,0xff,0xac,0xff,0xac,0xff,0xac,0xff,0xac,0xff,0xac,0xff,0xac,0xff,0xac,0xff,0xac,0xff,0xac,0xff,0xac,0xff,
    0xac,0xff,0xac,0xff,0xac,0xff,0xac,0xff,0xac,0xff,0xac,0xff,0xac,0xff,0xac,0xff,0xac,0xff,0xac,0xff,0xac,0xff,0xac,0xff,0xac,0xff,0xac,0xff,0xac,0xff,0xac,0xff,
    0xac,0xff,0xac,0xff,0xac,0xff,0xac,0xff,0xac,0xff,0xac,0xff,0xac,0xff,0xac,0xff,0xac,0xff,0xac,0xff,0xac,0xff,0xac,0xff,0xac,0xff,0x00,0xff,0x00,0xff,0xff,0x00,
    0xff,0x00,0xff,0x00,0xff,0x00,0x00,0xff,0x00,0xff,0x00,0xff,0x00,0xff,0xac,0xff,0xac,0xff,0xac,0xff,0xac,0xff,0xac,0xff,0xac,0xff,0xac,0xff,0xac,0xff,0xac,0xff,
    0xac,0xff,0xac,0xff,0xac,0xff,0xac,0xff,0xac,0xff,0xac,0xff,0xac,0xff,0xac,0xff,0xac,0xff,0xac,0xff,0xac,0xff,0xac,0xff,0xac,0xff,0xac,0xff,0xac,0xff,0xac,0xff,
    0xac,0xff,0xac,0xff,0xac,0xff,0xac,0xff,0xac,0xff,0xac,0xff,0xac,0xff,0xac,0xff,0xac,0xff,0xac,0xff,0xac,0xff,0xac,0xff,0xac,0xff,0xac,0xff,0xac,0xff,0xac,0xff,
    0xac,0xff,0xac,0xff,0xac,0xff,0xac,0xff,0xac,0xff,0xac,0xff,0xac,0xff,0xac,0xff,0x00,0xff,0x00,0xff,0xff,0x00,0xff,0x00,0xff,0x00,0xff,0x00,0x00,0xff,0x00,0xff,
    0x00,0xff,0x00,0xff,0xac,0xff,0xac,0xff,0xac,0xff,0xac,0xff,0xac,0xff,0xac,0xff,0xac,0xff,0xac,0xff,0xac,0xff,0xac,0xff,0xac,0xff,0xac,0xff,0xac,0xff,0xac,0xff,
    0xac,0xff,0xac,0xff,0xac,0xff,0xac,0xff,0xac,0xff,0xac,0xff,0xac,0xff,0xac,0xff,0xac,0xff,0xac,0xff,0xac,0xff,0xac,0xff,0xac,0xff,0xac,0xff,0xac,0xff,0xac,0xff,
    0xac,0xff,0xac,0xff,0xac,0xff,0xac,0xff,0xac,0xff,0xac,0xff,0xac,0xff,0xac,0xff,0xac,0xff,0xac,0xff,0xac,0xff,0xac,0xff,0xac,0xff,0xac,0xff,0xac,0xff,0xac,0xff,
    0xac,0xff,0xac,0xff,0xac,0xff,0x00,0xff,0x00,0xff,0xff,0x00,0xff,0x00,0xff,0x00,0xff,0x00,0xff,0x00,0xff,0x00,0x00,0xff,0x00,0xff,0x00,0xff,0x00,0xff,0xac,0xff,
    0xac,0xff,0xac,0xff,0xac,0xff,0xac,0xff,0xac,0xff,0xac,0xff,0xac,0xff,0xac,0xff,0xac,0xff,0xac,0xff,0xac,0xff,0xac,0xff,0xac,0xff,0xac,0xff,0xac,0xff,0xac,0xff,
    0xac,0xff,0xac,0xff,0xac,0xff,0xac,0xff,0xac,0xff,0xac,0xff,0xac,0xff,0xac,0xff,0xac,0xff,0xac,0xff,0xac,0xff,0xac,0xff,0xac,0xff,0xac,0xff,0xac,0xff,0xac,0xff,
    0xac,0xff,0xac,0xff,0xac,0xff,0xac,0xff,0x00,0xff,0x00,0xff,0x00,0xff,0x00,0xff,0x00,0xff,0x00,0xff,0x00,0xff,0x00,0xff,0x00,0xff,0x00,0xff,0x00,0xff,0x00,0xff,
    0xff,0x00,0xff,0x00,0xff,0x00,0xff,0x00,0xff,0x00,0xff,0x00,0x00,0xff,0x00,0xff,0x00,0xff,0x00,0xff,0xac,0xff,0xac,0xff,0xac,0xff,0xac,0xff,0xac,0xff,0xac,0xff,
    0xac,0xff,0xac,0xff,0xac,0xff,0xac,0xff,0xac,0xff,0xac,0xff,0xac,0xff,0xac,0xff,0xac,0xff,0xac,0xff,0xac,0xff,0xac,0xff,0xac,0xff,0xac,0xff,0xac,0xff,0xac,0xff,
    0xac,0xff,0xac,0xff,0xac,0xff,0xac,0xff,0xac,0xff,0xac,0xff,0xac,0xff,0xac,0xff,0xac,0xff,0xac,0xff,0xac,0xff,0xac,0xff,0xac,0xff,0xac,0xff,0xac,0xff,0x00,0xff,
    0x00,0xff,0x00,0xff,0x00,0xff,0x00,0xff,0x00,0xff,0x00,0xff,0x00,0xff,0x00,0xff,0x00,0xff,0x00,0xff,0x00,0xff,0xff,0x00,0xff,0x00,0xff,0x00,0xff,0x00,0xff,0x00,
    0xff,0x00,0xff,0x00,0xff,0x00,0x00,0xff,0x00,0xff,0x00,0xff,0x00,0xff,0xac,0xff,0xac,0xff,0xac,0xff,0xac,0xff,0xac,0xff,0xac,0xff,0xac,0xff,0xac,0xff,0xac,0xff,
    0xac,0xff,0xac,0xff,0xac,0xff,0xac,0xff,0xac,0xff,0xac,0xff,0xac,0xff,0xac,0xff,0xac,0xff,0xac,0xff,0xac,0xff,0xac,0xff,0xac,0xff,0xac,0xff,0x00,0xff,0x00,0xff,
    0x00,0xff,0x00,0xff,0xac,0xff,0xac,0xff,0xac,0xff,0xac,0xff,0xac,0xff,0xac,0xff,0xac,0xff,0xac,0xff,0xac,0xff,0xac,0xff,0xac,0xff,0xac,0xff,0xac,0xff,0xac,0xff,
    0x00,0xff,0x00,0xff,0x00,0xff,0x00,0xff,0xff,0x00,0xff,0x00,0xff,0x00,0xff,0x00,0xff,0x00,0xff,0x00,0xff,0x00,0xff,0x00,0xff,0x00,0xff,0x00,0x00,0xff,0x00,0xff,
    0x00,0xff,0x00,0xff,0xac,0xff,0xac,0xff,0xac,0xff,0xac,0xff,0xac,0xff,0xac,0xff,0xac,0xff,0xac,0xff,0xac,0xff,0xac,0xff,0xac,0xff,0xac,0xff,0xac,0xff,0xac,0xff,
    0xac,0xff,0xac,0xff,0xac,0xff,0xac,0xff,0xac,0xff,0xac,0xff,0xac,0xff,0xac,0xff,0xac,0xff,0x00,0xff,0x00,0xff,0x00,0xff,0x00,0xff,0xac,0xff,0xac,0xff,0xac,0xff,
    0xac,0xff,0xac,0xff,0xac,0xff,0xac,0xff,0xac,0xff,0xac,0xff,0xac,0xff,0xac,0xff,0xac,0xff,0xac,0xff,0xac,0xff,0x00,0xff,0x00,0xff,0x00,0xff,0x00,0xff,0xff,0x00,
    0xff,0x00,0xff,0x00,0xff,0x00,0xff,0x00,0xff,0x00,0xff,0x00,0xff,0x00,0xff,0x00,0xff,0x00,0xff,0x00,0xff,0x00,0xff,0x00,0x00,0xff,0x00,0xff,0x00,0xff,0xac,0xff,
    0xac,0xff,0xac,0xff,0xac,0xff,0xac,0xff,0xac,0xff,0xac,0xff,0xac,0xff,0xac,0xff,0xac,0xff,0xac,0xff,0xac,0xff,0xac,0xff,0xac,0xff,0xac,0xff,0xac,0xff,0xac,0xff,
    0xac,0xff,0xac,0xff,0xac,0xff,0xac,0xff,0x00,0xff,0x00,0xff,0xff,0x00,0xff,0x00,0x00,0xff,0x00,0xff,0x00,0xff,0x00,0xff,0x00,0xff,0x00,0xff,0x00,0xff,0x00,0xff,
    0x00,0xff,0x00,0xff,0x00,0xff,0x00,0xff,0x00,0xff,0x00,0xff,0x00,0xff,0x00,0xff,0xff,0x00,0xff,0x00,0xff,0x00,0xff,0x00,0xff,0x00,0xff,0x00,0xff,0x00,0xff,0x00,
    0xff,0x00,0xff,0x00,0xff,0x00,0xff,0x00,0xff,0x00,0xff,0x00,0xff,0x00,0x00,0xff,0x00,0xff,0x00,0xff,0xac,0xff,0xac,0xff,0xac,0xff,0xac,0xff,0xac,0xff,0xac,0xff,
    0xac,0xff,0xac,0xff,0xac,0xff,0xac,0xff,0xac,0xff,0xac,0xff,0x00,0xff,0x00,0xff,0x00,0xff,0x00,0xff,0x00,0xff,0xac,0xff,0xac,0xff,0x00,0xff,0x00,0xff,0x00,0xff,
    0x00,0xff,0xff,0x00,0xff,0x00,0x00,0xff,0x00,0xff,0x00,0xff,0x00,0xff,0x00,0xff,0x00,0xff,0x00,0xff,0x00,0xff,0x00,0xff,0x00,0xff,0x00,0xff,0x00,0xff,0x00,0xff,
    0x00,0xff,0x00,0xff,0x00,0xff,0xff,0x00,0xff,0x00,0xff,0x00,0xff,0x00,0xff,0x00,0xff,0x00,0xff,0x00,0xff,0x00,0xff,0x00,0xff,0x00,0xff,0x00,0xff,0x00,0xff,0x00,
    0xff,0x00,0xff,0x00,0x00,0xff,0x00,0xff,0xac,0xff,0xac,0xff,0x00,0xff,0x00,0xff,0x00,0xff,0x00,0xff,0xac,0xff,0xac,0xff,0xac,0xff,0xac,0xff,0xac,0xff,0xac,0xff,
    0x00,0xff,0x00,0xff,0x00,0xff,0x00,0xff,0x00,0xff,0x00,0xff,0xac,0xff,0xac,0xff,0x00,0xff,0x00,0xff,0x00,0xff,0x00,0xff,0xff,0x00,0xff,0x00,0xff,0x00,0xff,0x00,
    0xff,0x00,0xff,0x00,0xff,0x00,0xff,0x00,0xff,0x00,0xff,0x00,0xff,0x00,0xff,0x00,0xff,0x00,0xff,0x00,0xff,0x00,0xff,0x00,0xff,0x00,0xff,0x00,0xff,0x00,0xff,0x00,
    0xff,0x00,0xff,0x00,0xff,0x00,0xff,0x00,0xff,0x00,0xff,0x00,0xff,0x00,0xff,0x00,0xff,0x00,0xff,0x00,0xff,0x00,0x00,0xff,0x00,0xff,0x00,0xff,0x00,0xff,0xac,0xff,
    0xac,0xff,0x00,0xff,0x00,0xff,0x00,0xff,0x00,0xff,0xac,0xff,0xac,0xff,0xac,0xff,0xac,0xff,0xac,0xff,0xac,0xff,0x00,0xff,0x00,0xff,0xff,0x00,0xff,0x00,0x00,0xff,
    0x00,0xff,0xac,0xff,0xac,0xff,0xac,0xff,0xac,0xff,0x00,0xff,0x00,0xff,0x00,0xff,0x00,0xff,0xff,0x00,0xff,0x00,0xff,0x00,0xff,0x00,0xff,0x00,0xff,0x00,0xff,0x00,
    0xff,0x00,0xff,0x00,0xff,0x00,0xff,0x00,0xff,0x00,0xff,0x00,0xff,0x00,0xff,0x00,0xff,0x00,0xff,0x00,0xff,0x00,0xff,0x00,0xff,0x00,0xff,0x00,0xff,0x00,0xff,0x00,
    0xff,0x00,0xff,0x00,0xff,0x00,0xff,0x00,0xff,0x00,0xff,0x00,0x00,0xff,0x00,0xff,0x00,0xff,0x00,0xff,0xac,0xff,0xac,0xff,0xac,0xff,0xac,0xff,0x00,0xff,0x00,0xff,
    0xac,0xff,0xac,0xff,0xac,0xff,0xac,0xff,0x00,0xff,0x00,0xff,0xff,0x00,0xff,0x00,0xff,0x00,0xff,0x00,0x00,0xff,0x00,0xff,0xac,0xff,0xac,0xff,0xac,0xff,0xac,0xff,
    0x00,0xff,0x00,0xff,0x00,0xff,0x00,0xff,0xff,0x00,0xff,0x00,0xff,0x00,0xff,0x00,0xff,0x00,0xff,0x00,0xff,0x00,0xff,0x00,0xff,0x00,0xff,0x00,0xff,0x00,0xff,0x00,
    0xff,0x00,0xff,0x00,0xff,0x00,0xff,0x00,0xff,0x00,0xff,0x00,0xff,0x00,0xff,0x00,0xff,0x00,0xff,0x00,0xff,0x00,0xff,0x00,0xff,0x00,0xff,0x00,0xff,0x00,0xff,0x00,
    0xff,0x00,0xff,0x00,0xff,0x00,0x00,0xff,0x00,0xff,0xac,0xff,0xac,0xff,0xac,0xff,0xac,0xff,0x00,0xff,0x00,0xff,0xac,0xff,0xac,0xff,0xac,0xff,0xac,0xff,0x00,0xff,
    0x00,0xff,0xff,0x00,0xff,0x00,0xff,0x00,0xff,0x00,0x00,0xff,0x00,0xff,0x00,0xff,0x00,0xff,0x00,0xff,0x00,0xff,0x00,0xff,0x00,0xff,0xff,0x00,0xff,0x00,0xff,0x00,
    0xff,0x00,0xff,0x00,0xff,0x00,0xff,0x00,0xff,0x00,0xff,0x00,0xff,0x00,0xff,0x00,0xff,0x00,0xff,0x00,0xff,0x00,0xff,0x00,0xff,0x00,0xff,0x00,0xff,0x00,0xff,0x00,
    0xff,0x00,0xff,0x00,0xff,0x00,0xff,0x00,0xff,0x00,0xff,0x00,0xff,0x00,0xff,0x00,0xff,0x00,0xff,0x00,0xff,0x00,0xff,0x00,0xff,0x00,0xff,0x00,0x00,0xff,0x00,0xff,
    0x00,0xff,0x00,0xff,0x00,0xff,0x00,0xff,0x00,0xff,0x00,0xff,0xac,0xff,0xac,0xff,0x00,0xff,0x00,0xff,0xff,0x00,0xff,0x00,0xff,0x00,0xff,0x00,0xff,0x00,0xff,0x00,
    0x00,0xff,0x00,0xff,0x00,0xff,0x00,0xff,0x00,0xff,0x00,0xff,0x00,0xff,0x00,0xff,0xff,0x00,0xff,0x00,0xff,0x00,0xff,0x00,0xff,0x00,0xff,0x00,0xff,0x00,0xff,0x00,
    0xff,0x00,0xff,0x00,0xff,0x00,0xff,0x00,0xff,0x00,0xff,0x00,0xff,0x00,0xff,0x00,0xff,0x00,0xff,0x00,0xff,0x00,0xff,0x00,0xff,0x00,0xff,0x00,0xff,0x00,0xff,0x00,
    0xff,0x00,0xff,0x00,0xff,0x00,0xff,0x00,0xff,0x00,0xff,0x00,0xff,0x00,0xff,0x00,0xff,0x00,0x00,0xff,0x00,0xff,0x00,0xff,0x00,0xff,0x00,0xff,0x00,0xff,0x00,0xff,
    0x00,0xff,0xac,0xff,0xac,0xff,0x00,0xff,0x00,0xff,0xff,0x00,0xff,0x00,0xff,0x00,0xff,0x00,0xff,0x00,0xff,0x00,0xff,0x00,0xff,0x00,0xff,0x00,0xff,0x00,0xff,0x00,
    0xff,0x00,0xff,0x00,0xff,0x00,0xff,0x00,0xff,0x00,0xff,0x00,0xff,0x00,0xff,0x00,0xff,0x00,0xff,0x00,0xff,0x00,0xff,0x00,0xff,0x00,0xff,0x00,0xff,0x00,0xff,0x00,
    0xff,0x00,0xff,0x00,0xff,0x00,0xff,0x00,0xff,0x00,0xff,0x00,0xff,0x00,0xff,0x00,0xff,0x00,0xff,0x00,0xff,0x00,0xff,0x00,0xff,0x00,0xff,0x00,0xff,0x00,0xff,0x00,
    0xff,0x00,0xff,0x00,0xff,0x00,0xff,0x00,0xff,0x00,0xff,0x00,0xff,0x00,0xff,0x00,0xff,0x00,0xff,0x00,0x00,0xff,0x00,0xff,0xac,0xff,0xac,0xff,0xac,0xff,0xac,0xff,
    0x00,0xff,0x00,0xff,0xff,0x00,0xff,0x00,0xff,0x00,0xff,0x00,0xff,0x00,0xff,0x00,0xff,0x00,0xff,0x00,0xff,0x00,0xff,0x00,0xff,0x00,0xff,0x00,0xff,0x00,0xff,0x00,
    0xff,0x00,0xff,0x00,0xff,0x00,0xff,0x00,0xff,0x00,0xff,0x00,0xff,0x00,0xff,0x00,0xff,0x00,0xff,0x00,0xff,0x00,0xff,0x00,0xff,0x00,0xff,0x00,0xff,0x00,0xff,0x00,
    0xff,0x00,0xff,0x00,0xff,0x00,0xff,0x00,0xff,0x00,0xff,0x00,0xff,0x00,0xff,0x00,0xff,0x00,0xff,0x00,0xff,0x00,0xff,0x00,0xff,0x00,0xff,0x00,0xff,0x00,0xff,0x00,
    0xff,0x00,0xff,0x00,0xff,0x00,0xff,0x00,0xff,0x00,0x00,0xff,0x00,0xff,0xac,0xff,0xac,0xff,0xac,0xff,0xac,0xff,0x00,0xff,0x00,0xff,0xff,0x00,0xff,0x00,0xff,0x00,
    0xff,0x00,0xff,0x00,0xff,0x00,0xff,0x00,0xff,0x00,0xff,0x00,0xff,0x00,0xff,0x00,0xff,0x00,0xff,0x00,0xff,0x00,0xff,0x00,0xff,0x00,0xff,0x00,0xff,0x00,0xff,0x00,
    0xff,0x00,0xff,0x00,0xff,0x00,0xff,0x00,0xff,0x00,0xff,0x00,0xff,0x00,0xff,0x00,0xff,0x00,0xff,0x00,0xff,0x00,0xff,0x00,0xff,0x00,0xff,0x00,0xff,0x00,0xff,0x00,
    0xff,0x00,0xff,0x00,0xff,0x00,0xff,0x00,0xff,0x00,0xff,0x00,0xff,0x00,0xff,0x00,0xff,0x00,0xff,0x00,0xff,0x00,0xff,0x00,0xff,0x00,0xff,0x00,0xff,0x00,0xff,0x00,
    0x00,0xff,0x00,0xff,0x00,0xff,0x00,0xff,0x00,0xff,0x00,0xff,0x00,0xff,0x00,0xff,0xff,0x00,0xff,0x00,0xff,0x00,0xff,0x00,0xff,0x00,0xff,0x00,0xff,0x00,0xff,0x00,
    0xff,0x00,0xff,0x00,0xff,0x00,0xff,0x00,0xff,0x00,0xff,0x00,0xff,0x00,0xff,0x00,0xff,0x00,0xff,0x00,0xff,0x00,0xff,0x00,0xff,0x00,0xff,0x00,0xff,0x00,0xff,0x00,
    0xff,0x00,0xff,0x00,0xff,0x00,0xff,0x00,0xff,0x00,0xff,0x00,0xff,0x00,0xff,0x00,0xff,0x00,0xff,0x00,0xff,0x00,0xff,0x00,0xff,0x00,0xff,0x00,0xff,0x00,0xff,0x00,
    0xff,0x00,0xff,0x00,0xff,0x00,0xff,0x00,0xff,0x00,0xff,0x00,0xff,0x00,0xff,0x00,0xff,0x00,0xff,0x00,0xff,0x00,0x00,0xff,0x00,0xff,0x00,0xff,0x00,0xff,0x00,0xff,
    0x00,0xff,0x00,0xff,0x00,0xff,0xff,0x00,0xff,0x00,0xff,0x00,0xff,0x00,0xff,0x00,0xff,0x00,0xff,0x00,0xff,0x00,0xff,0x00,0xff,0x00,0xff,0x00,0xff,0x00,0xff,0x00,
    0xff,0x00,0xff,0x00,0xff,0x00,0xff,0x00,0xff,0x00,0xff,0x00,0xff,0x00,0xff,0x00,0xff,0x00,0xff,0x00,0xff,0x00,0xff,0x00,0xff,0x00,0xff,0x00,0xff,0x00,0xff,0x00,
    0xff,0x00,0xff,0x00,0xff,0x00,0xff,0x00,0xff,0x00,
};
static const lv_image_dsc_t dino_image_trex_duck_0 = {
    .header = {.magic = LV_IMAGE_HEADER_MAGIC, .cf = LV_COLOR_FORMAT_AL88, .w = 59, .h = 47, .stride = 118},
    .data_size = sizeof(dino_pixels_trex_duck_0), .data = dino_pixels_trex_duck_0,
};

_Alignas(4) static const uint8_t dino_pixels_trex_duck_1[] = {
    0xff,0x00,0xff,0x00,0xff,0x00,0xff,0x00,0xff,0x00,0xff,0x00,0xff,0x00,0xff,0x00,0xff,0x00,0xff,0x00,0xff,0x00,0xff,0x00,0xff,0x00,0xff,0x00,0xff,0x00,0xff,0x00,
    0xff,0x00,0xff,0x00,0xff,0x00,0xff,0x00,0xff,0x00,0xff,0x00,0xff,0x00,0xff,0x00,0xff,0x00,0xff,0x00,0xff,0x00,0xff,0x00,0xff,0x00,0xff,0x00,0xff,0x00,0xff,0x00,
    0xff,0x00,0xff,0x00,0xff,0x00,0xff,0x00,0xff,0x00,0xff,0x00,0xff,0x00,0xff,0x00,0xff,0x00,0xff,0x00,0xff,0x00,0xff,0x00,0xff,0x00,0xff,0x00,0xff,0x00,0xff,0x00,
    0xff,0x00,0xff,0x00,0xff,0x00,0xff,0x00,0xff,0x00,0xff,0x00,0xff,0x00,0xff,0x00,0xff,0x00,0xff,0x00,0xff,0x00,0xff,0x00,0xff,0x00,0xff,0x00,0xff,0x00,0xff,0x00,
    0xff,0x00,0xff,0x00,0xff,0x00,0xff,0x00,0xff,0x00,0xff,0x00,0xff,0x00,0xff,0x00,0xff,0x00,0xff,0x00,0xff,0x00,0xff,0x00,0xff,0x00,0xff,0x00,0xff,0x00,0xff,0x00,
    0xff,0x00,0xff,0x00,0xff,0x00,0xff,0x00,0xff,0x00,0xff,0x00,0xff,0x00,0xff,0x00,0xff,0x00,0xff,0x00,0xff,0x00,0xff,0x00,0xff,0x00,0xff,0x00,0xff,0x00,0xff,0x00,
    0xff,0x00,0xff,0x00,0xff,0x00,0xff,0x00,0xff,0x00,0xff,0x00,0xff,0x00,0xff,0x00,0xff,0x00,0xff,0x00,0xff,0x00,0xff,0x00,0xff,0x00,0xff,0x00,0xff,0x00,0xff,0x00,
    0xff,0x00,0xff,0x00,0xff,0x00,0xff,0x00,0xff,0x00,0xff,0x00,0xff,0x00,0xff,0x00,0xff,0x00,0xff,0x00,0xff,0x00,0xff,0x00,0xff,0x00,0xff,0x00,0xff,0x00,0xff,0x00,
    0xff,0x00,0xff,0x00,0xff,0x00,0xff,0x00,0xff,0x00,0xff,0x00,0xff,0x00,0xff,0x00,0xff,0x00,0xff,0x00,0xff,0x00,0xff,0x00,0xff,0x00,0xff,0x00,0xff,0x00,0xff,0x00,
    0xff,0x00,0xff,0x00,0xff,0x00,0xff,0x00,0xff,0x00,0xff,0x00,0xff,0x00,0xff,0x00,0xff,0x00,0xff,0x00,0xff,0x00,0xff,0x00,0xff,0x00,0xff,0x00,0xff,0x00,0xff,0x00,
    0xff,0x00,0xff,0x00,0xff,0x00,0xff,0x00,0xff,0x00,0xff,0x00,0xff,0x00,0xff,0x00,0xff,0x00,0xff,0x00,0xff,0x00,0xff,0x00,0xff,0x00,0xff,0x00,0xff,0x00,0xff,0x00,
    0xff,0x00,0xff,0x00,0xff,0x00,0xff,0x00,0xff,0x00,0xff,0x00,0xff,0x00,0xff,0x00,0xff,0x00,0xff,0x00,0xff,0x00,0xff,0x00,0xff,0x00,0xff,0x00,0xff,0x00,0xff,0x00,
    0xff,0x00,0xff,0x00,0xff,0x00,0xff,0x00,0xff,0x00,0xff,0x00,0xff,0x00,0xff,0x00,0xff,0x00,0xff,0x00,0xff,0x00,0xff,0x00,0xff,0x00,0xff,0x00,0xff,0x00,0xff,0x00,
    0xff,0x00,0xff,0x00,0xff,0x00,0xff,0x00,0xff,0x00,0xff,0x00,0xff,0x00,0xff,0x00,0xff,0x00,0xff,0x00,0xff,0x00,0xff,0x00,0xff,0x00,0xff,0x00,0xff,0x00,0xff,0x00,
    0xff,0x00,0xff,0x00,0xff,0x00,0xff,0x00,0xff,0x00,0xff,0x00,0xff,0x00,0xff,0x00,0xff,0x00,0xff,0x00,0xff,0x00,0xff,0x00,0xff,0x00,0xff,0x00,0xff,0x00,0xff,0x00,
    0xff,0x00,0xff,0x00,0xff,0x00,0xff,0x00,0xff,0x00,0xff,0x00,0xff,0x00,0xff,0x00,0xff,0x00,0xff,0x00,0xff,0x00,0xff,0x00,0xff,0x00,0xff,0x00,0xff,0x00,0xff,0x00,
    0xff,0x00,0xff,0x00,0xff,0x00,0xff,0x00,0xff,0x00,0xff,0x00,0xff,0x00,0xff,0x00,0xff,0x00,0xff,0x00,0xff,0x00,0xff,0x00,0xff,0x00,0xff,0x00,0xff,0x00,0xff,0x00,
    0xff,0x00,0xff,0x00,0xff,0x00,0xff,0x00,0xff,0x00,0xff,0x00,0xff,0x00,0xff,0x00,0xff,0x00,0xff,0x00,0xff,0x00,0xff,0x00,0xff,0x00,0xff,0x00,0xff,0x00,0xff,0x00,
    0xff,0x00,0xff,0x00,0xff,0x00,0xff,0x00,0xff,0x00,0xff,0x00,0xff,0x00,0xff,0x00,0xff,0x00,0xff,0x00,0xff,0x00,0xff,0x00,0xff,0x00,0xff,0x00,0xff,0x00,0xff,0x00,
    0xff,0x00,0xff,0x00,0xff,0x00,0xff,0x00,0xff,0x00,0xff,0x00,0xff,0x00,0xff,0x00,0xff,0x00,0xff,0x00,0xff,0x00,0xff,0x00,0xff,0x00,0xff,0x00,0xff,0x00,0xff,0x00,
    0xff,0x00,0xff,0x00,0xff,0x00,0xff,0x00,0xff,0x00,0xff,0x00,0xff,0x00,0xff,0x00,0xff,0x00,0xff,0x00,0xff,0x00,0xff,0x00,0xff,0x00,0xff,0x00,0xff,0x00,0xff,0x00,
    0xff,0x00,0xff,0x00,0xff,0x00,0xff,0x00,0xff,0x00,0xff,0x00,0xff,0x00,0xff,0x00,0xff,0x00,0xff,0x00,0xff,0x00,0xff,0x00,0xff,0x00,0xff,0x00,0xff,0x00,0xff,0x00,
    0xff,0x00,0xff,0x00,0xff,0x00,0xff,0x00,0xff,0x00,0xff,0x00,0xff,0x00,0xff,0x00,0xff,0x00,0xff,0x00,0xff,0x00,0xff,0x00,0xff,0x00,0xff,0x00,0xff,0x00,0xff,0x00,
    0xff,0x00,0xff,0x00,0xff,0x00,0xff,0x00,0xff,0x00,0xff,0x00,0xff,0x00,0xff,0x00,0xff,0x00,0xff,0x00,0xff,0x00,0xff,0x00,0xff,0x00,0xff,0x00,0xff,0x00,0xff,0x00,
    0xff,0x00,0xff,0x00,0xff,0x00,0xff,0x00,0xff,0x00,0xff,0x00,0xff,0x00,0xff,0x00,0xff,0x00,0xff,0x00,0xff,0x00,0xff,0x00,0xff,0x00,0xff,0x00,0xff,0x00,0xff,0x00,
    0xff,0x00,0xff,0x00,0xff,0x00,0xff,0x00,0xff,0x00,0xff,0x00,0xff,0x00,0xff,0x00,0xff,0x00,0xff,0x00,0xff,0x00,0xff,0x00,0xff,0x00,0xff,0x00,0xff,0x00,0xff,0x00,
    0xff,0x00,0xff,0x00,0xff,0x00,0xff,0x00,0xff,0x00,0xff,0x00,0xff,0x00,0xff,0x00,0xff,0x00,0xff,0x00,0xff,0x00,0xff,0x00,0xff,0x00,0xff,0x00,0xff,0x00,0xff,0x00,
    0xff,0x00,0xff,0x00,0xff,0x00,0xff,0x00,0xff,0x00,0xff,0x00,0xff,0x00,0xff,0x00,0xff,0x00,0xff,0x00,0xff,0x00,0xff,0x00,0xff,0x00,0xff,0x00,0xff,0x00,0xff,0x00,
    0xff,0x00,0xff,0x00,0xff,0x00,0xff,0x00,0xff,0x00,0xff,0x00,0xff,0x00,0xff,0x00,0xff,0x00,0xff,0x00,0xff,0x00,0xff,0x00,0xff,0x00,0xff,0x00,0xff,0x00,0xff,0x00,
    0xff,0x00,0xff,0x00,0xff,0x00,0xff,0x00,0xff,0x00,0xff,0x00,0xff,0x00,0xff,0x00,0xff,0x00,0xff,0x00,0xff,0x00,0xff,0x00,0xff,0x00,0xff,0x00,0xff,0x00,0xff,0x00,
    0xff,0x00,0xff,0x00,0xff,0x00,0xff,0x00,0xff,0x00,0xff,0x00,0xff,0x00,0xff,0x00,0xff,0x00,0xff,0x00,0xff,0x00,0xff,0x00,0xff,0x00,0xff,0x00,0xff,0x00,0xff,0x00,
    0xff,0x00,0xff,0x00,0xff,0x00,0xff,0x00,0xff,0x00,0xff,0x00,0xff,0x00,0xff,0x00,0xff,0x00,0xff,0x00,0xff,0x00,0xff,0x00,0xff,0x00,0xff,0x00,0xff,0x00,0xff,0x00,
    0xff,0x00,0xff,0x00,0xff,0x00,0xff,0x00,0xff,0x00,0xff,0x00,0xff,0x00,0xff,0x00,0xff,0x00,0xff,0x00,0xff,0x00,0xff,0x00,0xff,0x00,0xff,0x00,0xff,0x00,0xff,0x00,
    0xff,0x00,0xff,0x00,0xff,0x00,0xff,0x00,0xff,0x00,0xff,0x00,0xff,0x00,0xff,0x00,0xff,0x00,0xff,0x00,0xff,0x00,0xff,0x00,0xff,0x00,0xff,0x00,0xff,0x00,0xff,0x00,
    0xff,0x00,0xff,0x00,0xff,0x00,0xff,0x00,0xff,0x00,0xff,0x00,0xff,0x00,0xff,0x00,0xff,0x00,0xff,0x00,0xff,0x00,0xff,0x00,0xff,0x00,0xff,0x00,0xff,0x00,0xff,0x00,
    0xff,0x00,0xff,0x00,0xff,0x00,0xff,0x00,0xff,0x00,0xff,0x00,0xff,0x00,0xff,0x00,0xff,0x00,0xff,0x00,0xff,0x00,0xff,0x00,0xff,0x00,0xff,0x00,0xff,0x00,0xff,0x00,
    0xff,0x00,0xff,0x00,0xff,0x00,0xff,0x00,0xff,0x00,0xff,0x00,0xff,0x00,0xff,0x00,0xff,0x00,0xff,0x00,0xff,0x00,0xff,0x00,0xff,0x00,0xff,0x00,0xff,0x00,0xff,0x00,
    0xff,0x00,0xff,0x00,0xff,0x00,0xff,0x00,0xff,0x00,0xff,0x00,0xff,0x00,0xff,0x00,0xff,0x00,0xff,0x00,0xff,0x00,0xff,0x00,0xff,0x00,0xff,0x00,0xff,0x00,0xff,0x00,
    0xff,0x00,0xff,0x00,0xff,0x00,0xff,0x00,0xff,0x00,0xff,0x00,0xff,0x00,0xff,0x00,0xff,0x00,0xff,0x00,0xff,0x00,0xff,0x00,0xff,0x00,0xff,0x00,0xff,0x00,0xff,0x00,
    0xff,0x00,0xff,0x00,0xff,0x00,0xff,0x00,0xff,0x00,0xff,0x00,0xff,0x00,0xff,0x00,0xff,0x00,0xff,0x00,0xff,0x00,0xff,0x00,0xff,0x00,0xff,0x00,0xff,0x00,0xff,0x00,
    0xff,0x00,0xff,0x00,0xff,0x00,0xff,0x00,0xff,0x00,0xff,0x00,0xff,0x00,0xff,0x00,0xff,0x00,0xff,0x00,0xff,0x00,0xff,0x00,0xff,0x00,0xff,0x00,0xff,0x00,0xff,0x00,
    0xff,0x00,0xff,0x00,0xff,0x00,0xff,0x00,0xff,0x00,0xff,0x00,0xff,0x00,0xff,0x00,0xff,0x00,0xff,0x00,0xff,0x00,0xff,0x00,0xff,0x00,0xff,0x00,0xff,0x00,0xff,0x00,
    0xff,0x00,0xff,0x00,0xff,0x00,0xff,0x00,0xff,0x00,0xff,0x00,0xff,0x00,0xff,0x00,0xff,0x00,0xff,0x00,0xff,0x00,0xff,0x00,0xff,0x00,0xff,0x00,0xff,0x00,0xff,0x00,
    0xff,0x00,0xff,0x00,0xff,0x00,0xff,0x00,0xff,0x00,0xff,0x00,0xff,0x00,0xff,0x00,0xff,0x00,0xff,0x00,0xff,0x00,0xff,0x00,0xff,0x00,0xff,0x00,0xff,0x00,0xff,0x00,
    0xff,0x00,0xff,0x00,0xff,0x00,0xff,0x00,0xff,0x00,0xff,0x00,0xff,0x00,0xff,0x00,0xff,0x00,0xff,0x00,0xff,0x00,0xff,0x00,0xff,0x00,0xff,0x00,0xff,0x00,0xff,0x00,
    0xff,0x00,0xff,0x00,0xff,0x00,0xff,0x00,0xff,0x00,0xff,0x00,0xff,0x00,0xff,0x00,0xff,0x00,0xff,0x00,0xff,0x00,0xff,0x00,0xff,0x00,0xff,0x00,0xff,0x00,0xff,0x00,
    0xff,0x00,0xff,0x00,0xff,0x00,0xff,0x00,0xff,0x00,0xff,0x00,0xff,0x00,0xff,0x00,0xff,0x00,0xff,0x00,0xff,0x00,0xff,0x00,0xff,0x00,0xff,0x00,0xff,0x00,0xff,0x00,
    0xff,0x00,0xff,0x00,0xff,0x00,0xff,0x00,0xff,0x00,0xff,0x00,0xff,0x00,0xff,0x00,0xff,0x00,0xff,0x00,0xff,0x00,0xff,0x00,0xff,0x00,0xff,0x00,0xff,0x00,0xff,0x00,
    0xff,0x00,0xff,0x00,0xff,0x00,0xff,0x00,0xff,0x00,0xff,0x00,0xff,0x00,0xff,0x00,0xff,0x00,0xff,0x00,0xff,0x00,0xff,0x00,0xff,0x00,0xff,0x00,0xff,0x00,0xff,0x00,
    0xff,0x00,0xff,0x00,0xff,0x00,0xff,0x00,0xff,0x00,0xff,0x00,0xff,0x00,0xff,0x00,0xff,0x00,0xff,0x00,0xff,0x00,0xff,0x00,0xff,0x00,0xff,0x00,0xff,0x00,0xff,0x00,
    0xff,0x00,0xff,0x00,0xff,0x00,0xff,0x00,0xff,0x00,0xff,0x00,0xff,0x00,0xff,0x00,0xff,0x00,0xff,0x00,0xff,0x00,0xff,0x00,0xff,0x00,0xff,0x00,0xff,0x00,0xff,0x00,
    0xff,0x00,0xff,0x00,0xff,0x00,0xff,0x00,0xff,0x00,0xff,0x00,0xff,0x00,0xff,0x00,0xff,0x00,0xff,0x00,0xff,0x00,0xff,0x00,0xff,0x00,0xff,0x00,0xff,0x00,0xff,0x00,
    0xff,0x00,0xff,0x00,0xff,0x00,0xff,0x00,0xff,0x00,0xff,0x00,0xff,0x00,0xff,0x00,0xff,0x00,0xff,0x00,0xff,0x00,0xff,0x00,0xff,0x00,0xff,0x00,0xff,0x00,0xff,0x00,
    0xff,0x00,0xff,0x00,0xff,0x00,0xff,0x00,0xff,0x00,0xff,0x00,0xff,0x00,0xff,0x00,0xff,0x00,0xff,0x00,0xff,0x00,0xff,0x00,0xff,0x00,0xff,0x00,0xff,0x00,0xff,0x00,
    0xff,0x00,0xff,0x00,0xff,0x00,0xff,0x00,0xff,0x00,0xff,0x00,0xff,0x00,0xff,0x00,0xff,0x00,0xff,0x00,0xff,0x00,0xff,0x00,0xff,0x00,0xff,0x00,0xff,0x00,0xff,0x00,
    0xff,0x00,0xff,0x00,0xff,0x00,0xff,0x00,0xff,0x00,0xff,0x00,0xff,0x00,0xff,0x00,0xff,0x00,0xff,0x00,0xff,0x00,0xff,0x00,0xff,0x00,0xff,0x00,0xff,0x00,0xff,0x00,
    0xff,0x00,0xff,0x00,0xff,0x00,0xff,0x00,0xff,0x00,0xff,0x00,0xff,0x00,0xff,0x00,0xff,0x00,0xff,0x00,0xff,0x00,0xff,0x00,0xff,0x00,0xff,0x00,0xff,0x00,0xff,0x00,
    0xff,0x00,0xff,0x00,0xff,0x00,0xff,0x00,0xff,0x00,0xff,0x00,0xff,0x00,0xff,0x00,0xff,0x00,0xff,0x00,0xff,0x00,0xff,0x00,0xff,0x00,0xff,0x00,0xff,0x00,0xff,0x00,
    0xff,0x00,0xff,0x00,0xff,0x00,0xff,0x00,0xff,0x00,0xff,0x00,0xff,0x00,0xff,0x00,0xff,0x00,0xff,0x00,0xff,0x00,0xff,0x00,0xff,0x00,0xff,0x00,0xff,0x00,0xff,0x00,
    0xff,0x00,0xff,0x00,0xff,0x00,0xff,0x00,0xff,0x00,0xff,0x00,0xff,0x00,0xff,0x00,0xff,0x00,0xff,0x00,0xff,0x00,0xff,0x00,0xff,0x00,0xff,0x00,0xff,0x00,0xff,0x00,
    0xff,0x00,0xff,0x00,0xff,0x00,0xff,0x00,0xff,0x00,0xff,0x00,0xff,0x00,0xff,0x00,0xff,0x00,0xff,0x00,0xff,0x00,0xff,0x00,0xff,0x00,0xff,0x00,0xff,0x00,0xff,0x00,
    0xff,0x00,0xff,0x00,0xff,0x00,0xff,0x00,0xff,0x00,0xff,0x00,0xff,0x00,0xff,0x00,0xff,0x00,0xff,0x00,0xff,0x00,0xff,0x00,0xff,0x00,0xff,0x00,0xff,0x00,0xff,0x00,
    0xff,0x00,0xff,0x00,0xff,0x00,0xff,0x00,0xff,0x00,0xff,0x00,0xff,0x00,0xff,0x00,0xff,0x00,0xff,0x00,0xff,0x00,0x00,0xff,0x00,0xff,0x00,0xff,0x00,0xff,0x00,0xff,
    0x00,0xff,0xff,0x00,0xff,0x00,0xff,0x00,0xff,0x00,0xff,0x00,0xff,0x00,0xff,0x00,0xff,0x00,0xff,0x00,0xff,0x00,0xff,0x00,0xff,0x00,0xff,0x00,0xff,0x00,0xff,0x00,
    0xff,0x00,0xff,0x00,0xff,0x00,0xff,0x00,0xff,0x00,0xff,0x00,0xff,0x00,0xff,0x00,0xff,0x00,0xff,0x00,0xff,0x00,0xff,0x00,0xff,0x00,0xff,0x00,0xff,0x00,0xff,0x00,
    0xff,0x00,0xff,0x00,0xff,0x00,0xff,0x00,0xff,0x00,0xff,0x00,0xff,0x00,0xff,0x00,0xff,0x00,0xff,0x00,0xff,0x00,0xff,0x00,0xff,0x00,0xff,0x00,0xff,0x00,0xff,0x00,
    0xff,0x00,0xff,0x00,0xff,0x00,0xff,0x00,0xff,0x00,0xff,0x00,0x00,0xff,0x00,0xff,0x00,0xff,0x00,0xff,0x00,0xff,0x00,0xff,0xff,0x00,0xff,0x00,0xff,0x00,0xff,0x00,
    0xff,0x00,0xff,0x00,0xff,0x00,0xff,0x00,0xff,0x00,0xff,0x00,0xff,0x00,0xff,0x00,0xff,0x00,0xff,0x00,0xff,0x00,0xff,0x00,0xff,0x00,0xff,0x00,0xff,0x00,0xff,0x00,
    0xff,0x00,0xff,0x00,0xff,0x00,0xff,0x00,0xff,0x00,0xff,0x00,0xff,0x00,0xff,0x00,0xff,0x00,0xff,0x00,0xff,0x00,0x00,0xff,0x00,0xff,0x00,0xff,0x00,0xff,0x00,0xff,
    0x00,0xff,0x00,0xff,0x00,0xff,0x00,0xff,0x00,0xff,0x00,0xff,0x00,0xff,0x00,0xff,0x00,0xff,0x00,0xff,0x00,0xff,0x00,0xff,0x00,0xff,0x00,0xff,0x00,0xff,0xff,0x00,
    0xff,0x00,0x00,0xff,0x00,0xff,0xac,0xff,0xac,0xff,0x00,0xff,0x00,0xff,0x00,0xff,0x00,0xff,0x00,0xff,0x00,0xff,0xff,0x00,0xff,0x00,0xff,0x00,0xff,0x00,0x00,0xff,
    0x00,0xff,0x00,0xff,0x00,0xff,0x00,0xff,0x00,0xff,0x00,0xff,0x00,0xff,0x00,0xff,0x00,0xff,0x00,0xff,0x00,0xff,0x00,0xff,0x00,0xff,0x00,0xff,0x00,0xff,0x00,0xff,
    0x00,0xff,0x00,0xff,0x00,0xff,0x00,0xff,0xff,0x00,0xff,0x00,0x00,0xff,0x00,0xff,0x00,0xff,0x00,0xff,0x00,0xff,0x00,0xff,0x00,0xff,0x00,0xff,0x00,0xff,0x00,0xff,
    0x00,0xff,0x00,0xff,0x00,0xff,0x00,0xff,0x00,0xff,0x00,0xff,0x00,0xff,0x00,0xff,0x00,0xff,0x00,0xff,0xff,0x00,0xff,0x00,0x00,0xff,0x00,0xff,0xac,0xff,0xac,0xff,
    0x00,0xff,0x00,0xff,0x00,0xff,0x00,0xff,0x00,0xff,0x00,0xff,0xff,0x00,0xff,0x00,0xff,0x00,0xff,0x00,0x00,0xff,0x00,0xff,0x00,0xff,0x00,0xff,0x00,0xff,0x00,0xff,
    0x00,0xff,0x00,0xff,0x00,0xff,0x00,0xff,0x00,0xff,0x00,0xff,0x00,0xff,0x00,0xff,0x00,0xff,0x00,0xff,0x00,0xff,0x00,0xff,0x00,0xff,0x00,0xff,0x00,0xff,0x00,0xff,
    0x00,0xff,0x00,0xff,0x00,0xff,0xac,0xff,0xac,0xff,0xac,0xff,0xac,0xff,0xac,0xff,0xac,0xff,0xac,0xff,0xac,0xff,0xac,0xff,0xac,0xff,0xac,0xff,0xac,0xff,0xac,0xff,
    0xac,0xff,0xac,0xff,0xac,0xff,0x00,0xff,0x00,0xff,0x00,0xff,0x00,0xff,0x00,0xff,0x00,0xff,0xac,0xff,0xac,0xff,0xac,0xff,0xac,0xff,0xac,0xff,0xac,0xff,0x00,0xff,
    0x00,0xff,0x00,0xff,0x00,0xff,0x00,0xff,0x00,0xff,0x00,0xff,0x00,0xff,0xac,0xff,0xac,0xff,0xac,0xff,0xac,0xff,0xac,0xff,0xac,0xff,0xac,0xff,0xac,0xff,0xac,0xff,
    0xac,0xff,0xac,0xff,0xac,0xff,0xac,0xff,0xac,0xff,0xac,0xff,0xac,0xff,0xac,0xff,0x00,0xff,0x00,0xff,0x00,0xff,0x00,0xff,0x00,0xff,0x00,0xff,0xac,0xff,0xac,0xff,
    0xac,0xff,0xac,0xff,0xac,0xff,0xac,0xff,0xac,0xff,0xac,0xff,0xac,0xff,0xac,0xff,0xac,0xff,0xac,0xff,0xac,0xff,0xac,0xff,0xac,0xff,0xac,0xff,0x00,0xff,0x00,0xff,
    0x00,0xff,0x00,0xff,0x00,0xff,0x00,0xff,0xac,0xff,0xac,0xff,0xac,0xff,0xac,0xff,0xac,0xff,0xac,0xff,0x00,0xff,0x00,0xff,0x00,0xff,0x00,0xff,0x00,0xff,0x00,0xff,
    0x00,0xff,0x00,0xff,0xac,0xff,0xac,0xff,0xac,0xff,0xac,0xff,0xac,0xff,0xac,0xff,0xac,0xff,0xac,0xff,0xac,0xff,0xac,0xff,0xac,0xff,0xac,0xff,0xac,0xff,0xac,0xff,
    0xac,0xff,0xac,0xff,0xac,0xff,0x00,0xff,0x00,0xff,0x00,0xff,0x00,0xff,0xac,0xff,0xac,0xff,0xac,0xff,0xac,0xff,0xac,0xff,0xac,0xff,0xac,0xff,0xac,0xff,0xac,0xff,
    0xac,0xff,0xac,0xff,0xac,0xff,0xac,0xff,0xac,0xff,0xac,0xff,0xac,0xff,0xac,0xff,0xac,0xff,0xac,0xff,0xac,0xff,0x00,0xff,0x00,0xff,0x00,0xff,0x00,0xff,0xac,0xff,
    0xac,0xff,0xac,0xff,0xac,0xff,0xac,0xff,0xac,0xff,0xac,0xff,0xac,0xff,0xac,0xff,0xac,0xff,0xac,0xff,0xac,0xff,0xac,0xff,0xac,0xff,0xac,0xff,0xac,0xff,0xac,0xff,
    0xac,0xff,0xac,0xff,0xac,0xff,0xac,0xff,0xac,0xff,0xac,0xff,0xac,0xff,0xac,0xff,0xac,0xff,0xac,0xff,0xac,0xff,0xac,0xff,0xac,0xff,0xac,0xff,0xac,0xff,0xac,0xff,
    0xac,0xff,0xac,0xff,0xac,0xff,0xac,0xff,0xac,0xff,0xac,0xff,0x00,0xff,0x00,0xff,0xac,0xff,0xac,0xff,0xac,0xff,0xac,0xff,0xac,0xff,0xac,0xff,0xac,0xff,0xac,0xff,
    0xac,0xff,0xac,0xff,0xac,0xff,0xac,0xff,0xac,0xff,0xac,0xff,0x00,0xff,0x00,0xff,0x00,0xff,0x00,0xff,0xac,0xff,0xac,0xff,0xac,0xff,0xac,0xff,0xac,0xff,0xac,0xff,
    0xac,0xff,0xac,0xff,0xac,0xff,0xac,0xff,0xac,0xff,0xac,0xff,0xac,0xff,0xac,0xff,0xac,0xff,0xac,0xff,0xac,0xff,0xac,0xff,0xac,0xff,0xac,0xff,0xac,0xff,0xac,0xff,
    0xac,0xff,0xac,0xff,0xac,0xff,0xac,0xff,0xac,0xff,0xac,0xff,0xac,0xff,0xac,0xff,0xac,0xff,0xac,0xff,0xac,0xff,0xac,0xff,0xac,0xff,0xac,0xff,0xac,0xff,0xac,0xff,
    0xac,0xff,0x00,0xff,0x00,0xff,0xac,0xff,0xac,0xff,0xac,0xff,0xac,0xff,0xac,0xff,0xac,0xff,0xac,0xff,0xac,0xff,0xac,0xff,0xac,0xff,0xac,0xff,0xac,0xff,0xac,0xff,
    0xac,0xff,0x00,0xff,0x00,0xff,0x00,0xff,0x00,0xff,0x00,0xff,0x00,0xff,0xac,0xff,0xac,0xff,0xac,0xff,0xac,0xff,0xac,0xff,0xac,0xff,0xac,0xff,0xac,0xff,0xac,0xff,
    0xac,0xff,0xac,0xff,0xac,0xff,0xac,0xff,0xac,0xff,0xac,0xff,0xac,0xff,0xac,0xff,0xac,0xff,0xac,0xff,0xac,0xff,0xac,0xff,0xac,0xff,0xac,0xff,0xac,0xff,0xac,0xff,
    0xac,0xff,0xac,0xff,0xac,0xff,0xac,0xff,0xac,0xff,0xac,0xff,0xac,0xff,0xac,0xff,0xac,0xff,0xac,0xff,0xac,0xff,0xac,0xff,0xac,0xff,0xac,0xff,0xac,0xff,0xac,0xff,
    0xac,0xff,0xac,0xff,0xac,0xff,0xac,0xff,0xac,0xff,0xac,0xff,0xac,0xff,0xac,0xff,0xac,0xff,0xac,0xff,0xac,0xff,0xac,0xff,0x00,0xff,0x00,0xff,0x00,0xff,0x00,0xff,
    0x00,0xff,0x00,0xff,0xac,0xff,0xac,0xff,0xac,0xff,0xac,0xff,0xac,0xff,0xac,0xff,0xac,0xff,0xac,0xff,0xac,0xff,0xac,0xff,0xac,0xff,0xac,0xff,0xac,0xff,0xac,0xff,
    0xac,0xff,0xac,0xff,0xac,0xff,0xac,0xff,0xac,0xff,0xac,0xff,0xac,0xff,0xac,0xff,0xac,0xff,0xac,0xff,0xac,0xff,0xac,0xff,0xac,0xff,0xac,0xff,0xac,0xff,0xac,0xff,
    0xac,0xff,0xac,0xff,0xac,0xff,0xac,0xff,0xac,0xff,0xac,0xff,0xac,0xff,0xac,0xff,0xac,0xff,0xac,0xff,0xac,0xff,0xac,0xff,0xac,0xff,0xac,0xff,0xac,0xff,0xac,0xff,
    0xac,0xff,0xac,0xff,0xac,0xff,0xac,0xff,0xac,0xff,0xac,0xff,0xac,0xff,0x00,0xff,0x00,0xff,0xff,0x00,0xff,0x00,0x00,0xff,0x00,0xff,0x00,0xff,0x00,0xff,0xac,0xff,
    0xac,0xff,0xac,0xff,0xac,0xff,0xac,0xff,0xac,0xff,0xac,0xff,0xac,0xff,0xac,0xff,0xac,0xff,0xac,0xff,0xac,0xff,0xac,0xff,0xac,0xff,0xac,0xff,0xac,0xff,0xac,0xff,
    0xac,0xff,0xac,0xff,0xac,0xff,0xac,0xff,0xac,0xff,0xac,0xff,0xac,0xff,0xac,0xff,0xac,0xff,0xac,0xff,0xac,0xff,0xac,0xff,0xac,0xff,0xac,0xff,0xac,0xff,0xac,0xff,
    0xac,0xff,0xac,0xff,0xac,0xff,0xac,0xff,0xac,0xff,0xac,0xff,0xac,0xff,0xac,0xff,0xac,0xff,0xac,0xff,0xac,0xff,0xac,0xff,0xac,0xff,0xac,0xff,0xac,0xff,0xac,0xff,
    0xac,0xff,0xac,0xff,0x00,0xff,0x00,0xff,0xff,0x00,0xff,0x00,0x00,0xff,0x00,0xff,0x00,0xff,0x00,0xff,0xac,0xff,0xac,0xff,0xac,0xff,0xac,0xff,0xac,0xff,0xac,0xff,
    0xac,0xff,0xac,0xff,0xac,0xff,0xac,0xff,0xac,0xff,0xac,0xff,0xac,0xff,0xac,0xff,0xac,0xff,0xac,0xff,0xac,0xff,0xac,0xff,0xac,0xff,0xac,0xff,0xac,0xff,0xac,0xff,
    0xac,0xff,0xac,0xff,0xac,0xff,0xac,0xff,0xac,0xff,0xac,0xff,0xac,0xff,0xac,0xff,0xac,0xff,0xac,0xff,0xac,0xff,0xac,0xff,0xac,0xff,0xac,0xff,0xac,0xff,0xac,0xff,
    0xac,0xff,0xac,0xff,0xac,0xff,0xac,0xff,0xac,0xff,0xac,0xff,0xac,0xff,0xac,0xff,0xac,0xff,0xac,0xff,0xac,0xff,0xac,0xff,0xac,0xff,0x00,0xff,0x00,0xff,0xff,0x00,
    0xff,0x00,0xff,0x00,0xff,0x00,0x00,0xff,0x00,0xff,0x00,0xff,0x00,0xff,0xac,0xff,0xac,0xff,0xac,0xff,0xac,0xff,0xac,0xff,0xac,0xff,0xac,0xff,0xac,0xff,0xac,0xff,
    0xac,0xff,0xac,0xff,0xac,0xff,0xac,0xff,0xac,0xff,0xac,0xff,0xac,0xff,0xac,0xff,0xac,0xff,0xac,0xff,0xac,0xff,0xac,0xff,0xac,0xff,0xac,0xff,0xac,0xff,0xac,0xff,
    0xac,0xff,0xac,0xff,0xac,0xff,0xac,0xff,0xac,0xff,0xac,0xff,0xac,0xff,0xac,0xff,0xac,0xff,0xac,0xff,0xac,0xff,0xac,0xff,0xac,0xff,0xac,0xff,0xac,0xff,0xac,0xff,
    0xac,0xff,0xac,0xff,0xac,0xff,0xac,0xff,0xac,0xff,0xac,0xff,0xac,0xff,0xac,0xff,0x00,0xff,0x00,0xff,0xff,0x00,0xff,0x00,0xff,0x00,0xff,0x00,0x00,0xff,0x00,0xff,
    0x00,0xff,0x00,0xff,0xac,0xff,0xac,0xff,0xac,0xff,0xac,0xff,0xac,0xff,0xac,0xff,0xac,0xff,0xac,0xff,0xac,0xff,0xac,0xff,0xac,0xff,0xac,0xff,0xac,0xff,0xac,0xff,
    0xac,0xff,0xac,0xff,0xac,0xff,0xac,0xff,0xac,0xff,0xac,0xff,0xac,0xff,0xac,0xff,0xac,0xff,0xac,0xff,0xac,0xff,0xac,0xff,0xac,0xff,0xac,0xff,0xac,0xff,0xac,0xff,
    0xac,0xff,0xac,0xff,0xac,0xff,0xac,0xff,0xac,0xff,0xac,0xff,0xac,0xff,0xac,0xff,0xac,0xff,0xac,0xff,0xac,0xff,0xac,0xff,0xac,0xff,0xac,0xff,0xac,0xff,0xac,0xff,
    0xac,0xff,0xac,0xff,0xac,0xff,0x00,0xff,0x00,0xff,0xff,0x00,0xff,0x00,0xff,0x00,0xff,0x00,0xff,0x00,0xff,0x00,0x00,0xff,0x00,0xff,0x00,0xff,0x00,0xff,0xac,0xff,
    0xac,0xff,0xac,0xff,0xac,0xff,0xac,0xff,0xac,0xff,0xac,0xff,0xac,0xff,0xac,0xff,0xac,0xff,0xac,0xff,0xac,0xff,0xac,0xff,0xac,0xff,0xac,0xff,0xac,0xff,0xac,0xff,
    0xac,0xff,0xac,0xff,0xac,0xff,0xac,0xff,0xac,0xff,0xac,0xff,0xac,0xff,0xac,0xff,0xac,0xff,0xac,0xff,0xac,0xff,0xac,0xff,0xac,0xff,0xac,0xff,0xac,0xff,0xac,0xff,
    0xac,0xff,0xac,0xff,0xac,0xff,0xac,0xff,0x00,0xff,0x00,0xff,0x00,0xff,0x00,0xff,0x00,0xff,0x00,0xff,0x00,0xff,0x00,0xff,0x00,0xff,0x00,0xff,0x00,0xff,0x00,0xff,
    0xff,0x00,0xff,0x00,0xff,0x00,0xff,0x00,0xff,0x00,0xff,0x00,0x00,0xff,0x00,0xff,0x00,0xff,0x00,0xff,0xac,0xff,0xac,0xff,0xac,0xff,0xac,0xff,0xac,0xff,0xac,0xff,
    0xac,0xff,0xac,0xff,0xac,0xff,0xac,0xff,0xac,0xff,0xac,0xff,0xac,0xff,0xac,0xff,0xac,0xff,0xac,0xff,0xac,0xff,0xac,0xff,0xac,0xff,0xac,0xff,0xac,0xff,0xac,0xff,
    0xac,0xff,0xac,0xff,0xac,0xff,0xac,0xff,0xac,0xff,0xac,0xff,0xac,0xff,0xac,0xff,0xac,0xff,0xac,0xff,0xac,0xff,0xac,0xff,0xac,0xff,0xac,0xff,0xac,0xff,0x00,0xff,
    0x00,0xff,0x00,0xff,0x00,0xff,0x00,0xff,0x00,0xff,0x00,0xff,0x00,0xff,0x00,0xff,0x00,0xff,0x00,0xff,0x00,0xff,0xff,0x00,0xff,0x00,0xff,0x00,0xff,0x00,0xff,0x00,
    0xff,0x00,0xff,0x00,0xff,0x00,0x00,0xff,0x00,0xff,0x00,0xff,0x00,0xff,0xac,0xff,0xac,0xff,0xac,0xff,0xac,0xff,0xac,0xff,0xac,0xff,0xac,0xff,0xac,0xff,0xac,0xff,
    0xac,0xff,0xac,0xff,0xac,0xff,0xac,0xff,0xac,0xff,0xac,0xff,0xac,0xff,0xac,0xff,0xac,0xff,0xac,0xff,0xac,0xff,0xac,0xff,0xac,0xff,0xac,0xff,0x00,0xff,0x00,0xff,
    0x00,0xff,0x00,0xff,0xac,0xff,0xac,0xff,0xac,0xff,0xac,0xff,0xac,0xff,0xac,0xff,0xac,0xff,0xac,0xff,0xac,0xff,0xac,0xff,0xac,0xff,0xac,0xff,0xac,0xff,0xac,0xff,
    0x00,0xff,0x00,0xff,0x00,0xff,0x00,0xff,0xff,0x00,0xff,0x00,0xff,0x00,0xff,0x00,0xff,0x00,0xff,0x00,0xff,0x00,0xff,0x00,0xff,0x00,0xff,0x00,0x00,0xff,0x00,0xff,
    0x00,0xff,0x00,0xff,0xac,0xff,0xac,0xff,0xac,0xff,0xac,0xff,0xac,0xff,0xac,0xff,0xac,0xff,0xac,0xff,0xac,0xff,0xac,0xff,0xac,0xff,0xac,0xff,0xac,0xff,0xac,0xff,
    0xac,0xff,0xac,0xff,0xac,0xff,0xac,0xff,0xac,0xff,0xac,0xff,0xac,0xff,0xac,0xff,0xac,0xff,0x00,0xff,0x00,0xff,0x00,0xff,0x00,0xff,0xac,0xff,0xac,0xff,0xac,0xff,
    0xac,0xff,0xac,0xff,0xac,0xff,0xac,0xff,0xac,0xff,0xac,0xff,0xac,0xff,0xac,0xff,0xac,0xff,0xac,0xff,0xac,0xff,0x00,0xff,0x00,0xff,0x00,0xff,0x00,0xff,0xff,0x00,
    0xff,0x00,0xff,0x00,0xff,0x00,0xff,0x00,0xff,0x00,0xff,0x00,0xff,0x00,0xff,0x00,0xff,0x00,0xff,0x00,0xff,0x00,0xff,0x00,0x00,0xff,0x00,0xff,0x00,0xff,0xac,0xff,
    0xac,0xff,0xac,0xff,0xac,0xff,0xac,0xff,0xac,0xff,0xac,0xff,0xac,0xff,0xac,0xff,0xac,0xff,0xac,0xff,0xac,0xff,0xac,0xff,0xac,0xff,0xac,0xff,0xac,0xff,0xac,0xff,
    0xac,0xff,0xac,0xff,0xac,0xff,0xac,0xff,0x00,0xff,0x00,0xff,0xff,0x00,0xff,0x00,0x00,0xff,0x00,0xff,0x00,0xff,0x00,0xff,0x00,0xff,0x00,0xff,0x00,0xff,0x00,0xff,
    0x00,0xff,0x00,0xff,0x00,0xff,0x00,0xff,0x00,0xff,0x00,0xff,0x00,0xff,0x00,0xff,0xff,0x00,0xff,0x00,0xff,0x00,0xff,0x00,0xff,0x00,0xff,0x00,0xff,0x00,0xff,0x00,
    0xff,0x00,0xff,0x00,0xff,0x00,0xff,0x00,0xff,0x00,0xff,0x00,0xff,0x00,0x00,0xff,0x00,0xff,0x00,0xff,0xac,0xff,0xac,0xff,0xac,0xff,0xac,0xff,0xac,0xff,0xac,0xff,
    0xac,0xff,0xac,0xff,0xac,0xff,0xac,0xff,0xac,0xff,0xac,0xff,0x00,0xff,0x00,0xff,0x00,0xff,0x00,0xff,0x00,0xff,0xac,0xff,0xac,0xff,0x00,0xff,0x00,0xff,0x00,0xff,
    0x00,0xff,0xff,0x00,0xff,0x00,0x00,0xff,0x00,0xff,0x00,0xff,0x00,0xff,0x00,0xff,0x00,0xff,0x00,0xff,0x00,0xff,0x00,0xff,0x00,0xff,0x00,0xff,0x00,0xff,0x00,0xff,
    0x00,0xff,0x00,0xff,0x00,0xff,0xff,0x00,0xff,0x00,0xff,0x00,0xff,0x00,0xff,0x00,0xff,0x00,0xff,0x00,0xff,0x00,0xff,0x00,0xff,0x00,0xff,0x00,0xff,0x00,0xff,0x00,
    0xff,0x00,0xff,0x00,0x00,0xff,0x00,0xff,0xac,0xff,0xac,0xff,0xac,0xff,0xac,0xff,0xac,0xff,0xac,0xff,0x00,0xff,0x00,0xff,0x00,0xff,0x00,0xff,0xac,0xff,0xac,0xff,
    0xac,0xff,0xac,0xff,0xac,0xff,0x00,0xff,0x00,0xff,0x00,0xff,0xac,0xff,0xac,0xff,0x00,0xff,0x00,0xff,0x00,0xff,0x00,0xff,0xff,0x00,0xff,0x00,0xff,0x00,0xff,0x00,
    0xff,0x00,0xff,0x00,0xff,0x00,0xff,0x00,0xff,0x00,0xff,0x00,0xff,0x00,0xff,0x00,0xff,0x00,0xff,0x00,0xff,0x00,0xff,0x00,0xff,0x00,0xff,0x00,0xff,0x00,0xff,0x00,
    0xff,0x00,0xff,0x00,0xff,0x00,0xff,0x00,0xff,0x00,0xff,0x00,0xff,0x00,0xff,0x00,0xff,0x00,0xff,0x00,0xff,0x00,0x00,0xff,0x00,0xff,0x00,0xff,0x00,0xff,0xac,0xff,
    0xac,0xff,0xac,0xff,0xac,0xff,0xac,0xff,0xac,0xff,0x00,0xff,0x00,0xff,0x00,0xff,0x00,0xff,0xac,0xff,0xac,0xff,0xac,0xff,0xac,0xff,0xac,0xff,0x00,0xff,0x00,0xff,
    0x00,0xff,0xac,0xff,0xac,0xff,0xac,0xff,0xac,0xff,0x00,0xff,0x00,0xff,0x00,0xff,0x00,0xff,0xff,0x00,0xff,0x00,0xff,0x00,0xff,0x00,0xff,0x00,0xff,0x00,0xff,0x00,
    0xff,0x00,0xff,0x00,0xff,0x00,0xff,0x00,0xff,0x00,0xff,0x00,0xff,0x00,0xff,0x00,0xff,0x00,0xff,0x00,0xff,0x00,0xff,0x00,0xff,0x00,0xff,0x00,0xff,0x00,0xff,0x00,
    0xff,0x00,0xff,0x00,0xff,0x00,0xff,0x00,0xff,0x00,0xff,0x00,0x00,0xff,0x00,0xff,0x00,0xff,0x00,0xff,0xac,0xff,0xac,0xff,0xac,0xff,0xac,0xff,0x00,0xff,0x00,0xff,
    0xff,0x00,0xff,0x00,0xff,0x00,0xff,0x00,0x00,0xff,0x00,0xff,0x00,0xff,0x00,0xff,0x00,0xff,0x00,0xff,0x00,0xff,0x00,0xff,0xac,0xff,0xac,0xff,0xac,0xff,0xac,0xff,
    0x00,0xff,0x00,0xff,0x00,0xff,0x00,0xff,0xff,0x00,0xff,0x00,0xff,0x00,0xff,0x00,0xff,0x00,0xff,0x00,0xff,0x00,0xff,0x00,0xff,0x00,0xff,0x00,0xff,0x00,0xff,0x00,
    0xff,0x00,0xff,0x00,0xff,0x00,0xff,0x00,0xff,0x00,0xff,0x00,0xff,0x00,0xff,0x00,0xff,0x00,0xff,0x00,0xff,0x00,0xff,0x00,0xff,0x00,0xff,0x00,0xff,0x00,0xff,0x00,
    0xff,0x00,0xff,0x00,0xff,0x00,0x00,0xff,0x00,0xff,0xac,0xff,0xac,0xff,0xac,0xff,0xac,0xff,0x00,0xff,0x00,0xff,0xff,0x00,0xff,0x00,0xff,0x00,0xff,0x00,0x00,0xff,
    0x00,0xff,0x00,0xff,0x00,0xff,0x00,0xff,0x00,0xff,0x00,0xff,0x00,0xff,0x00,0xff,0x00,0xff,0x00,0xff,0x00,0xff,0x00,0xff,0x00,0xff,0xff,0x00,0xff,0x00,0xff,0x00,
    0xff,0x00,0xff,0x00,0xff,0x00,0xff,0x00,0xff,0x00,0xff,0x00,0xff,0x00,0xff,0x00,0xff,0x00,0xff,0x00,0xff,0x00,0xff,0x00,0xff,0x00,0xff,0x00,0xff,0x00,0xff,0x00,
    0xff,0x00,0xff,0x00,0xff,0x00,0xff,0x00,0xff,0x00,0xff,0x00,0xff,0x00,0xff,0x00,0xff,0x00,0xff,0x00,0xff,0x00,0xff,0x00,0xff,0x00,0xff,0x00,0x00,0xff,0x00,0xff,
    0xac,0xff,0xac,0xff,0x00,0xff,0x00,0xff,0x00,0xff,0x00,0xff,0xff,0x00,0xff,0x00,0xff,0x00,0xff,0x00,0xff,0x00,0xff,0x00,0xff,0x00,0xff,0x00,0xff,0x00,0xff,0x00,
    0x00,0xff,0x00,0xff,0x00,0xff,0x00,0xff,0x00,0xff,0x00,0xff,0x00,0xff,0x00,0xff,0xff,0x00,0xff,0x00,0xff,0x00,0xff,0x00,0xff,0x00,0xff,0x00,0xff,0x00,0xff,0x00,
    0xff,0x00,0xff,0x00,0xff,0x00,0xff,0x00,0xff,0x00,0xff,0x00,0xff,0x00,0xff,0x00,0xff,0x00,0xff,0x00,0xff,0x00,0xff,0x00,0xff,0x00,0xff,0x00,0xff,0x00,0xff,0x00,
    0xff,0x00,0xff,0x00,0xff,0x00,0xff,0x00,0xff,0x00,0xff,0x00,0xff,0x00,0xff,0x00,0xff,0x00,0x00,0xff,0x00,0xff,0xac,0xff,0xac,0xff,0x00,0xff,0x00,0xff,0x00,0xff,
    0x00,0xff,0xff,0x00,0xff,0x00,0xff,0x00,0xff,0x00,0xff,0x00,0xff,0x00,0xff,0x00,0xff,0x00,0xff,0x00,0xff,0x00,0xff,0x00,0xff,0x00,0xff,0x00,0xff,0x00,0xff,0x00,
    0xff,0x00,0xff,0x00,0xff,0x00,0xff,0x00,0xff,0x00,0xff,0x00,0xff,0x00,0xff,0x00,0xff,0x00,0xff,0x00,0xff,0x00,0xff,0x00,0xff,0x00,0xff,0x00,0xff,0x00,0xff,0x00,
    0xff,0x00,0xff,0x00,0xff,0x00,0xff,0x00,0xff,0x00,0xff,0x00,0xff,0x00,0xff,0x00,0xff,0x00,0xff,0x00,0xff,0x00,0xff,0x00,0xff,0x00,0xff,0x00,0xff,0x00,0xff,0x00,
    0xff,0x00,0xff,0x00,0xff,0x00,0xff,0x00,0x00,0xff,0x00,0xff,0xac,0xff,0xac,0xff,0xac,0xff,0xac,0xff,0x00,0xff,0x00,0xff,0xff,0x00,0xff,0x00,0xff,0x00,0xff,0x00,
    0xff,0x00,0xff,0x00,0xff,0x00,0xff,0x00,0xff,0x00,0xff,0x00,0xff,0x00,0xff,0x00,0xff,0x00,0xff,0x00,0xff,0x00,0xff,0x00,0xff,0x00,0xff,0x00,0xff,0x00,0xff,0x00,
    0xff,0x00,0xff,0x00,0xff,0x00,0xff,0x00,0xff,0x00,0xff,0x00,0xff,0x00,0xff,0x00,0xff,0x00,0xff,0x00,0xff,0x00,0xff,0x00,0xff,0x00,0xff,0x00,0xff,0x00,0xff,0x00,
    0xff,0x00,0xff,0x00,0xff,0x00,0xff,0x00,0xff,0x00,0xff,0x00,0xff,0x00,0xff,0x00,0xff,0x00,0xff,0x00,0xff,0x00,0xff,0x00,0xff,0x00,0xff,0x00,0xff,0x00,0x00,0xff,
    0x00,0xff,0xac,0xff,0xac,0xff,0xac,0xff,0xac,0xff,0x00,0xff,0x00,0xff,0xff,0x00,0xff,0x00,0xff,0x00,0xff,0x00,0xff,0x00,0xff,0x00,0xff,0x00,0xff,0x00,0xff,0x00,
    0xff,0x00,0xff,0x00,0xff,0x00,0xff,0x00,0xff,0x00,0xff,0x00,0xff,0x00,0xff,0x00,0xff,0x00,0xff,0x00,0xff,0x00,0xff,0x00,0xff,0x00,0xff,0x00,0xff,0x00,0xff,0x00,
    0xff,0x00,0xff,0x00,0xff,0x00,0xff,0x00,0xff,0x00,0xff,0x00,0xff,0x00,0xff,0x00,0xff,0x00,0xff,0x00,0xff,0x00,0xff,0x00,0xff,0x00,0xff,0x00,0xff,0x00,0xff,0x00,
    0xff,0x00,0xff,0x00,0xff,0x00,0xff,0x00,0xff,0x00,0xff,0x00,0xff,0x00,0xff,0x00,0xff,0x00,0xff,0x00,0x00,0xff,0x00,0xff,0x00,0xff,0x00,0xff,0x00,0xff,0x00,0xff,
    0x00,0xff,0x00,0xff,0xff,0x00,0xff,0x00,0xff,0x00,0xff,0x00,0xff,0x00,0xff,0x00,0xff,0x00,0xff,0x00,0xff,0x00,0xff,0x00,0xff,0x00,0xff,0x00,0xff,0x00,0xff,0x00,
    0xff,0x00,0xff,0x00,0xff,0x00,0xff,0x00,0xff,0x00,0xff,0x00,0xff,0x00,0xff,0x00,0xff,0x00,0xff,0x00,0xff,0x00,0xff,0x00,0xff,0x00,0xff,0x00,0xff,0x00,0xff,0x00,
    0xff,0x00,0xff,0x00,0xff,0x00,0xff,0x00,0xff,0x00,0xff,0x00,0xff,0x00,0xff,0x00,0xff,0x00,0xff,0x00,0xff,0x00,0xff,0x00,0xff,0x00,0xff,0x00,0xff,0x00,0xff,0x00,
    0xff,0x00,0xff,0x00,0xff,0x00,0xff,0x00,0xff,0x00,0x00,0xff,0x00,0xff,0x00,0xff,0x00,0xff,0x00,0xff,0x00,0xff,0x00,0xff,0x00,0xff,0xff,0x00,0xff,0x00,0xff,0x00,
    0xff,0x00,0xff,0x00,0xff,0x00,0xff,0x00,0xff,0x00,0xff,0x00,0xff,0x00,0xff,0x00,0xff,0x00,0xff,0x00,0xff,0x00,0xff,0x00,0xff,0x00,0xff,0x00,0xff,0x00,0xff,0x00,
    0xff,0x00,0xff,0x00,0xff,0x00,0xff,0x00,0xff,0x00,0xff,0x00,0xff,0x00,0xff,0x00,0xff,0x00,0xff,0x00,0xff,0x00,0xff,0x00,0xff,0x00,0xff,0x00,0xff,0x00,0xff,0x00,
    0xff,0x00,0xff,0x00,0xff,0x00,0xff,0x00,0xff,0x00,
};
static const lv_image_dsc_t dino_image_trex_duck_1 = {
    .header = {.magic = LV_IMAGE_HEADER_MAGIC, .cf = LV_COLOR_FORMAT_AL88, .w = 59, .h = 47, .stride = 118},
    .data_size = sizeof(dino_pixels_trex_duck_1), .data = dino_pixels_trex_duck_1,
};

_Alignas(4) static const uint8_t dino_pixels_trex_crash[] = {
    0xff,0x00,0xff,0x00,0xff,0x00,0xff,0x00,0xff,0x00,0xff,0x00,0xff,0x00,0xff,0x00,0xff,0x00,0xff,0x00,0xff,0x00,0xff,0x00,0xff,0x00,0xff,0x00,0xff,0x00,0xff,0x00,
    0xff,0x00,0xff,0x00,0xff,0x00,0xff,0x00,0xff,0x00,0xff,0x00,0xff,0x00,0xff,0x00,0xff,0x00,0xff,0x00,0xff,0x00,0xff,0x00,0xff,0x00,0xff,0x00,0xff,0x00,0xff,0x00,
    0xff,0x00,0xff,0x00,0xff,0x00,0xff,0x00,0xff,0x00,0xff,0x00,0xff,0x00,0xff,0x00,0xff,0x00,0xff,0x00,0xff,0x00,0xff,0x00,0xff,0x00,0xff,0x00,0xff,0x00,0xff,0x00,
    0xff,0x00,0xff,0x00,0xff,0x00,0xff,0x00,0xff,0x00,0xff,0x00,0xff,0x00,0xff,0x00,0xff,0x00,0xff,0x00,0xff,0x00,0xff,0x00,0xff,0x00,0xff,0x00,0xff,0x00,0xff,0x00,
    0xff,0x00,0xff,0x00,0xff,0x00,0xff,0x00,0xff,0x00,0xff,0x00,0xff,0x00,0xff,0x00,0xff,0x00,0xff,0x00,0xff,0x00,0xff,0x00,0xff,0x00,0xff,0x00,0xff,0x00,0xff,0x00,
    0xff,0x00,0xff,0x00,0xff,0x00,0xff,0x00,0xff,0x00,0xff,0x00,0xff,0x00,0xff,0x00,0xff,0x00,0xff,0x00,0xff,0x00,0xff,0x00,0xff,0x00,0xff,0x00,0xff,0x00,0xff,0x00,
    0xff,0x00,0xff,0x00,0xff,0x00,0xff,0x00,0xff,0x00,0xff,0x00,0xff,0x00,0xff,0x00,0xff,0x00,0xff,0x00,0xff,0x00,0xff,0x00,0xff,0x00,0xff,0x00,0xff,0x00,0xff,0x00,
    0xac,0xff,0xac,0xff,0xac,0xff,0xac,0xff,0xac,0xff,0xac,0xff,0xac,0xff,0xac,0xff,0xac,0xff,0xac,0xff,0xac,0xff,0xac,0xff,0xac,0xff,0xac,0xff,0xac,0xff,0xac,0xff,
    0xff,0x00,0xff,0x00,0xff,0x00,0xff,0x00,0xff,0x00,0xff,0x00,0xff,0x00,0xff,0x00,0xff,0x00,0xff,0x00,0xff,0x00,0xff,0x00,0xff,0x00,0xff,0x00,0xff,0x00,0xff,0x00,
    0xff,0x00,0xff,0x00,0xff,0x00,0xff,0x00,0xff,0x00,0xff,0x00,0xff,0x00,0xff,0x00,0xff,0x00,0xff,0x00,0xff,0x00,0xff,0x00,0xac,0xff,0xac,0xff,0xac,0xff,0xac,0xff,
    0xac,0xff,0xac,0xff,0xac,0xff,0xac,0xff,0xac,0xff,0xac,0xff,0xac,0xff,0xac,0xff,0xac,0xff,0xac,0xff,0xac,0xff,0xac,0xff,0xff,0x00,0xff,0x00,0xff,0x00,0xff,0x00,
    0xff,0x00,0xff,0x00,0xff,0x00,0xff,0x00,0xff,0x00,0xff,0x00,0xff,0x00,0xff,0x00,0xff,0x00,0xff,0x00,0xff,0x00,0xff,0x00,0xff,0x00,0xff,0x00,0xff,0x00,0xff,0x00,
    0xff,0x00,0xff,0x00,0xff,0x00,0xff,0x00,0xff,0x00,0xff,0x00,0xac,0xff,0xac,0xff,0xac,0xff,0xac,0xff,0xac,0xff,0xac,0xff,0xac,0xff,0xac,0xff,0xac,0xff,0xac,0xff,
    0xac,0xff,0xac,0xff,0xac,0xff,0xac,0xff,0xac,0xff,0xac,0xff,0xac,0xff,0xac,0xff,0xac,0xff,0xac,0xff,0xff,0x00,0xff,0x00,0xff,0x00,0xff,0x00,0xff,0x00,0xff,0x00,
    0xff,0x00,0xff,0x00,0xff,0x00,0xff,0x00,0xff,0x00,0xff,0x00,0xff,0x00,0xff,0x00,0xff,0x00,0xff,0x00,0xff,0x00,0xff,0x00,0xff,0x00,0xff,0x00,0xff,0x00,0xff,0x00,
    0xff,0x00,0xff,0x00,0xac,0xff,0xac,0xff,0xac,0xff,0xac,0xff,0x00,0xff,0x00,0xff,0x00,0xff,0x00,0xff,0xac,0xff,0xac,0xff,0xac,0xff,0xac,0xff,0xac,0xff,0xac,0xff,
    0xac,0xff,0xac,0xff,0xac,0xff,0xac,0xff,0xac,0xff,0xac,0xff,0xff,0x00,0xff,0x00,0xff,0x00,0xff,0x00,0xff,0x00,0xff,0x00,0xff,0x00,0xff,0x00,0xff,0x00,0xff,0x00,
    0xff,0x00,0xff,0x00,0xff,0x00,0xff,0x00,0xff,0x00,0xff,0x00,0xff,0x00,0xff,0x00,0xff,0x00,0xff,0x00,0xff,0x00,0xff,0x00,0xff,0x00,0xff,0x00,0xac,0xff,0xac,0xff,
    0xac,0xff,0xac,0xff,0x00,0xff,0xac,0xff,0xac,0xff,0x00,0xff,0xac,0xff,0xac,0xff,0xac,0xff,0xac,0xff,0xac,0xff,0xac,0xff,0xac,0xff,0xac,0xff,0xac,0xff,0xac,0xff,
    0xac,0xff,0xac,0xff,0xff,0x00,0xff,0x00,0xff,0x00,0xff,0x00,0xff,0x00,0xff,0x00,0xff,0x00,0xff,0x00,0xff,0x00,0xff,0x00,0xff,0x00,0xff,0x00,0xff,0x00,0xff,0x00,
    0xff,0x00,0xff,0x00,0xff,0x00,0xff,0x00,0xff,0x00,0xff,0x00,0xff,0x00,0xff,0x00,0xff,0x00,0xff,0x00,0xac,0xff,0xac,0xff,0xac,0xff,0xac,0xff,0x00,0xff,0xac,0xff,
    0xac,0xff,0x00,0xff,0xac,0xff,0xac,0xff,0xac,0xff,0xac,0xff,0xac,0xff,0xac,0xff,0xac,0xff,0xac,0xff,0xac,0xff,0xac,0xff,0xac,0xff,0xac,0xff,0xff,0x00,0xff,0x00,
    0xff,0x00,0xff,0x00,0xff,0x00,0xff,0x00,0xff,0x00,0xff,0x00,0xff,0x00,0xff,0x00,0xff,0x00,0xff,0x00,0xff,0x00,0xff,0x00,0xff,0x00,0xff,0x00,0xff,0x00,0xff,0x00,
    0xff,0x00,0xff,0x00,0xff,0x00,0xff,0x00,0xff,0x00,0xff,0x00,0xac,0xff,0xac,0xff,0xac,0xff,0xac,0xff,0x00,0xff,0x00,0xff,0x00,0xff,0x00,0xff,0xac,0xff,0xac,0xff,
    0xac,0xff,0xac,0xff,0xac,0xff,0xac,0xff,0xac,0xff,0xac,0xff,0xac,0xff,0xac,0xff,0xac,0xff,0xac,0xff,0xff,0x00,0xff,0x00,0xff,0x00,0xff,0x00,0xff,0x00,0xff,0x00,
    0xff,0x00,0xff,0x00,0xff,0x00,0xff,0x00,0xff,0x00,0xff,0x00,0xff,0x00,0xff,0x00,0xff,0x00,0xff,0x00,0xff,0x00,0xff,0x00,0xff,0x00,0xff,0x00,0xff,0x00,0xff,0x00,
    0xff,0x00,0xff,0x00,0xac,0xff,0xac,0xff,0xac,0xff,0xac,0xff,0xac,0xff,0xac,0xff,0xac,0xff,0xac,0xff,0xac,0xff,0xac,0xff,0xac,0xff,0xac,0xff,0xac,0xff,0xac,0xff,
    0xac,0xff,0xac,0xff,0xac,0xff,0xac,0xff,0xac,0xff,0xac,0xff,0xff,0x00,0xff,0x00,0xff,0x00,0xff,0x00,0xff,0x00,0xff,0x00,0xff,0x00,0xff,0x00,0xff,0x00,0xff,0x00,
    0xff,0x00,0xff,0x00,0xff,0x00,0xff,0x00,0xff,0x00,0xff,0x00,0xff,0x00,0xff,0x00,0xff,0x00,0xff,0x00,0xff,0x00,0xff,0x00,0xff,0x00,0xff,0x00,0xac,0xff,0xac,0xff,
    0xac,0xff,0xac,0xff,0xac,0xff,0xac,0xff,0xac,0xff,0xac,0xff,0xac,0xff,0xac,0xff,0xac,0xff,0xac,0xff,0xac,0xff,0xac,0xff,0xac,0xff,0xac,0xff,0xac,0xff,0xac,0xff,
    0xac,0xff,0xac,0xff,0xff,0x00,0xff,0x00,0xff,0x00,0xff,0x00,0xff,0x00,0xff,0x00,0xff,0x00,0xff,0x00,0xff,0x00,0xff,0x00,0xff,0x00,0xff,0x00,0xff,0x00,0xff,0x00,
    0xff,0x00,0xff,0x00,0xff,0x00,0xff,0x00,0xff,0x00,0xff,0x00,0xff,0x00,0xff,0x00,0xff,0x00,0xff,0x00,0xac,0xff,0xac,0xff,0xac,0xff,0xac,0xff,0xac,0xff,0xac,0xff,
    0xac,0xff,0xac,0xff,0xac,0xff,0xac,0xff,0xac,0xff,0xac,0xff,0xac,0xff,0xac,0xff,0xac,0xff,0xac,0xff,0xac,0xff,0xac,0xff,0xac,0xff,0xac,0xff,0xff,0x00,0xff,0x00,
    0xff,0x00,0xff,0x00,0xff,0x00,0xff,0x00,0xff,0x00,0xff,0x00,0xff,0x00,0xff,0x00,0xff,0x00,0xff,0x00,0xff,0x00,0xff,0x00,0xff,0x00,0xff,0x00,0xff,0x00,0xff,0x00,
    0xff,0x00,0xff,0x00,0xff,0x00,0xff,0x00,0xff,0x00,0xff,0x00,0xac,0xff,0xac,0xff,0xac,0xff,0xac,0xff,0xac,0xff,0xac,0xff,0xac,0xff,0xac,0xff,0xac,0xff,0xac,0xff,
    0xac,0xff,0xac,0xff,0xac,0xff,0xac,0xff,0xac,0xff,0xac,0xff,0xac,0xff,0xac,0xff,0xac,0xff,0xac,0xff,0xff,0x00,0xff,0x00,0xff,0x00,0xff,0x00,0xff,0x00,0xff,0x00,
    0xff,0x00,0xff,0x00,0xff,0x00,0xff,0x00,0xff,0x00,0xff,0x00,0xff,0x00,0xff,0x00,0xff,0x00,0xff,0x00,0xff,0x00,0xff,0x00,0xff,0x00,0xff,0x00,0xff,0x00,0xff,0x00,
    0xff,0x00,0xff,0x00,0xac,0xff,0xac,0xff,0xac,0xff,0xac,0xff,0xac,0xff,0xac,0xff,0xac,0xff,0xac,0xff,0xac,0xff,0xac,0xff,0xac,0xff,0xac,0xff,0xac,0xff,0xac,0xff,
    0xac,0xff,0xac,0xff,0xac,0xff,0xac,0xff,0xac,0xff,0xac,0xff,0xff,0x00,0xff,0x00,0xff,0x00,0xff,0x00,0xff,0x00,0xff,0x00,0xff,0x00,0xff,0x00,0xff,0x00,0xff,0x00,
    0xff,0x00,0xff,0x00,0xff,0x00,0xff,0x00,0xff,0x00,0xff,0x00,0xff,0x00,0xff,0x00,0xff,0x00,0xff,0x00,0xff,0x00,0xff,0x00,0xff,0x00,0xff,0x00,0xac,0xff,0xac,0xff,
    0xac,0xff,0xac,0xff,0xac,0xff,0xac,0xff,0xac,0xff,0xac,0xff,0xac,0xff,0xac,0xff,0xac,0xff,0xac,0xff,0xac,0xff,0xac,0xff,0xac,0xff,0xac,0xff,0xac,0xff,0xac,0xff,
    0xac,0xff,0xac,0xff,0xff,0x00,0xff,0x00,0xff,0x00,0xff,0x00,0xff,0x00,0xff,0x00,0xff,0x00,0xff,0x00,0xff,0x00,0xff,0x00,0xff,0x00,0xff,0x00,0xff,0x00,0xff,0x00,
    0xff,0x00,0xff,0x00,0xff,0x00,0xff,0x00,0xff,0x00,0xff,0x00,0xff,0x00,0xff,0x00,0xff,0x00,0xff,0x00,0xac,0xff,0xac,0xff,0xac,0xff,0xac,0xff,0xac,0xff,0xac,0xff,
    0xac,0xff,0xac,0xff,0xac,0xff,0xac,0xff,0xac,0xff,0xac,0xff,0xac,0xff,0xac,0xff,0xac,0xff,0xac,0xff,0xff,0x00,0xff,0x00,0xff,0x00,0xff,0x00,0xff,0x00,0xff,0x00,
    0xff,0x00,0xff,0x00,0xff,0x00,0xff,0x00,0xff,0x00,0xff,0x00,0xff,0x00,0xff,0x00,0xff,0x00,0xff,0x00,0xff,0x00,0xff,0x00,0xff,0x00,0xff,0x00,0xff,0x00,0xff,0x00,
    0xff,0x00,0xff,0x00,0xff,0x00,0xff,0x00,0xff,0x00,0xff,0x00,0xac,0xff,0xac,0xff,0xac,0xff,0xac,0xff,0xac,0xff,0xac,0xff,0xac,0xff,0xac,0xff,0xac,0xff,0xac,0xff,
    0xac,0xff,0xac,0xff,0xac,0xff,0xac,0xff,0xac,0xff,0xac,0xff,0xff,0x00,0xff,0x00,0xff,0x00,0xff,0x00,0xff,0x00,0xff,0x00,0xff,0x00,0xff,0x00,0xac,0xff,0xac,0xff,
    0xff,0x00,0xff,0x00,0xff,0x00,0xff,0x00,0xff,0x00,0xff,0x00,0xff,0x00,0xff,0x00,0xff,0x00,0xff,0x00,0xff,0x00,0xff,0x00,0xff,0x00,0xff,0x00,0xff,0x00,0xff,0x00,
    0xac,0xff,0xac,0xff,0xac,0xff,0xac,0xff,0xac,0xff,0xac,0xff,0xac,0xff,0xac,0xff,0xac,0xff,0xac,0xff,0xff,0x00,0xff,0x00,0xff,0x00,0xff,0x00,0xff,0x00,0xff,0x00,
    0xff,0x00,0xff,0x00,0xff,0x00,0xff,0x00,0xff,0x00,0xff,0x00,0xff,0x00,0xff,0x00,0xff,0x00,0xff,0x00,0xac,0xff,0xac,0xff,0xff,0x00,0xff,0x00,0xff,0x00,0xff,0x00,
    0xff,0x00,0xff,0x00,0xff,0x00,0xff,0x00,0xff,0x00,0xff,0x00,0xff,0x00,0xff,0x00,0xff,0x00,0xff,0x00,0xff,0x00,0xff,0x00,0xac,0xff,0xac,0xff,0xac,0xff,0xac,0xff,
    0xac,0xff,0xac,0xff,0xac,0xff,0xac,0xff,0xac,0xff,0xac,0xff,0xff,0x00,0xff,0x00,0xff,0x00,0xff,0x00,0xff,0x00,0xff,0x00,0xff,0x00,0xff,0x00,0xff,0x00,0xff,0x00,
    0xff,0x00,0xff,0x00,0xff,0x00,0xff,0x00,0xff,0x00,0xff,0x00,0xac,0xff,0xac,0xff,0xff,0x00,0xff,0x00,0xff,0x00,0xff,0x00,0xff,0x00,0xff,0x00,0xff,0x00,0xff,0x00,
    0xff,0x00,0xff,0x00,0xff,0x00,0xff,0x00,0xff,0x00,0xac,0xff,0xac,0xff,0xac,0xff,0xac,0xff,0xac,0xff,0xac,0xff,0xac,0xff,0xac,0xff,0xac,0xff,0xac,0xff,0xac,0xff,
    0xac,0xff,0xac,0xff,0xff,0x00,0xff,0x00,0xff,0x00,0xff,0x00,0xff,0x00,0xff,0x00,0xff,0x00,0xff,0x00,0xff,0x00,0xff,0x00,0xff,0x00,0xff,0x00,0xff,0x00,0xff,0x00,
    0xff,0x00,0xff,0x00,0xac,0xff,0xac,0xff,0xff,0x00,0xff,0x00,0xff,0x00,0xff,0x00,0xff,0x00,0xff,0x00,0xff,0x00,0xff,0x00,0xff,0x00,0xff,0x00,0xff,0x00,0xff,0x00,
    0xff,0x00,0xac,0xff,0xac,0xff,0xac,0xff,0xac,0xff,0xac,0xff,0xac,0xff,0xac,0xff,0xac,0xff,0xac,0xff,0xac,0xff,0xac,0xff,0xac,0xff,0xac,0xff,0xff,0x00,0xff,0x00,
    0xff,0x00,0xff,0x00,0xff,0x00,0xff,0x00,0xff,0x00,0xff,0x00,0xff,0x00,0xff,0x00,0xff,0x00,0xff,0x00,0xff,0x00,0xff,0x00,0xff,0x00,0xff,0x00,0xac,0xff,0xac,0xff,
    0xac,0xff,0xac,0xff,0xff,0x00,0xff,0x00,0xff,0x00,0xff,0x00,0xff,0x00,0xff,0x00,0xff,0x00,0xff,0x00,0xac,0xff,0xac,0xff,0xac,0xff,0xac,0xff,0xac,0xff,0xac,0xff,
    0xac,0xff,0xac,0xff,0xac,0xff,0xac,0xff,0xac,0xff,0xac,0xff,0xac,0xff,0xac,0xff,0xac,0xff,0xac,0xff,0xac,0xff,0xac,0xff,0xac,0xff,0xac,0xff,0xff,0x00,0xff,0x00,
    0xff,0x00,0xff,0x00,0xff,0x00,0xff,0x00,0xff,0x00,0xff,0x00,0xff,0x00,0xff,0x00,0xff,0x00,0xff,0x00,0xac,0xff,0xac,0xff,0xac,0xff,0xac,0xff,0xff,0x00,0xff,0x00,
    0xff,0x00,0xff,0x00,0xff,0x00,0xff,0x00,0xff,0x00,0xff,0x00,0xac,0xff,0xac,0xff,0xac,0xff,0xac,0xff,0xac,0xff,0xac,0xff,0xac,0xff,0xac,0xff,0xac,0xff,0xac,0xff,
    0xac,0xff,0xac,0xff,0xac,0xff,0xac,0xff,0xac,0xff,0xac,0xff,0xac,0xff,0xac,0xff,0xac,0xff,0xac,0xff,0xff,0x00,0xff,0x00,0xff,0x00,0xff,0x00,0xff,0x00,0xff,0x00,
    0xff,0x00,0xff,0x00,0xff,0x00,0xff,0x00,0xff,0x00,0xff,0x00,0xac,0xff,0xac,0xff,0xac,0xff,0xac,0xff,0xac,0xff,0xac,0xff,0xff,0x00,0xff,0x00,0xff,0x00,0xff,0x00,
    0xac,0xff,0xac,0xff,0xac,0xff,0xac,0xff,0xac,0xff,0xac,0xff,0xac,0xff,0xac,0xff,0xac,0xff,0xac,0xff,0xac,0xff,0xac,0xff,0xac,0xff,0xac,0xff,0xac,0xff,0xac,0xff,
    0xac,0xff,0xac,0xff,0xff,0x00,0xff,0x00,0xac,0xff,0xac,0xff,0xff,0x00,0xff,0x00,0xff,0x00,0xff,0x00,0xff,0x00,0xff,0x00,0xff,0x00,0xff,0x00,0xff,0x00,0xff,0x00,
    0xff,0x00,0xff,0x00,0xac,0xff,0xac,0xff,0xac,0xff,0xac,0xff,0xac,0xff,0xac,0xff,0xff,0x00,0xff,0x00,0xff,0x00,0xff,0x00,0xac,0xff,0xac,0xff,0xac,0xff,0xac,0xff,
    0xac,0xff,0xac,0xff,0xac,0xff,0xac,0xff,0xac,0xff,0xac,0xff,0xac,0xff,0xac,0xff,0xac,0xff,0xac,0xff,0xac,0xff,0xac,0xff,0xac,0xff,0xac,0xff,0xff,0x00,0xff,0x00,
    0xac,0xff,0xac,0xff,0xff,0x00,0xff,0x00,0xff,0x00,0xff,0x00,0xff,0x00,0xff,0x00,0xff,0x00,0xff,0x00,0xff,0x00,0xff,0x00,0xff,0x00,0xff,0x00,0xac,0xff,0xac,0xff,
    0xac,0xff,0xac,0xff,0xac,0xff,0xac,0xff,0xac,0xff,0xac,0xff,0xac,0xff,0xac,0xff,0xac,0xff,0xac,0xff,0xac,0xff,0xac,0xff,0xac,0xff,0xac,0xff,0xac,0xff,0xac,0xff,
    0xac,0xff,0xac,0xff,0xac,0xff,0xac,0xff,0xac,0xff,0xac,0xff,0xac,0xff,0xac,0xff,0xac,0xff,0xac,0xff,0xff,0x00,0xff,0x00,0xff,0x00,0xff,0x00,0xff,0x00,0xff,0x00,
    0xff,0x00,0xff,0x00,0xff,0x00,0xff,0x00,0xff,0x00,0xff,0x00,0xff,0x00,0xff,0x00,0xff,0x00,0xff,0x00,0xac,0xff,0xac,0xff,0xac,0xff,0xac,0xff,0xac,0xff,0xac,0xff,
    0xac,0xff,0xac,0xff,0xac,0xff,0xac,0xff,0xac,0xff,0xac,0xff,0xac,0xff,0xac,0xff,0xac,0xff,0xac,0xff,0xac,0xff,0xac,0xff,0xac,0xff,0xac,0xff,0xac,0xff,0xac,0xff,
    0xac,0xff,0xac,0xff,0xac,0xff,0xac,0xff,0xac,0xff,0xac,0xff,0xff,0x00,0xff,0x00,0xff,0x00,0xff,0x00,0xff,0x00,0xff,0x00,0xff,0x00,0xff,0x00,0xff,0x00,0xff,0x00,
    0xff,0x00,0xff,0x00,0xff,0x00,0xff,0x00,0xff,0x00,0xff,0x00,0xac,0xff,0xac,0xff,0xac,0xff,0xac,0xff,0xac,0xff,0xac,0xff,0xac,0xff,0xac,0xff,0xac,0xff,0xac,0xff,
    0xac,0xff,0xac,0xff,0xac,0xff,0xac,0xff,0xac,0xff,0xac,0xff,0xac,0xff,0xac,0xff,0xac,0xff,0xac,0xff,0xac,0xff,0xac,0xff,0xac,0xff,0xac,0xff,0xac,0xff,0xac,0xff,
    0xac,0xff,0xac,0xff,0xff,0x00,0xff,0x00,0xff,0x00,0xff,0x00,0xff,0x00,0xff,0x00,0xff,0x00,0xff,0x00,0xff,0x00,0xff,0x00,0xff,0x00,0xff,0x00,0xff,0x00,0xff,0x00,
    0xff,0x00,0xff,0x00,0xac,0xff,0xac,0xff,0xac,0xff,0xac,0xff,0xac,0xff,0xac,0xff,0xac,0xff,0xac,0xff,0xac,0xff,0xac,0xff,0xac,0xff,0xac,0xff,0xac,0xff,0xac,0xff,
    0xac,0xff,0xac,0xff,0xac,0xff,0xac,0xff,0xac,0xff,0xac,0xff,0xac,0xff,0xac,0xff,0xac,0xff,0xac,0xff,0xac,0xff,0xac,0xff,0xac,0xff,0xac,0xff,0xff,0x00,0xff,0x00,
    0xff,0x00,0xff,0x00,0xff,0x00,0xff,0x00,0xff,0x00,0xff,0x00,0xff,0x00,0xff,0x00,0xff,0x00,0xff,0x00,0xff,0x00,0xff,0x00,0xff,0x00,0xff,0x00,0xff,0x00,0xff,0x00,
    0xac,0xff,0xac,0xff,0xac,0xff,0xac,0xff,0xac,0xff,0xac,0xff,0xac,0xff,0xac,0xff,0xac,0xff,0xac,0xff,0xac,0xff,0xac,0xff,0xac,0xff,0xac,0xff,0xac,0xff,0xac,0xff,
    0xac,0xff,0xac,0xff,0xac,0xff,0xac,0xff,0xac,0xff,0xac,0xff,0xac,0xff,0xac,0xff,0xac,0xff,0xac,0xff,0xff,0x00,0xff,0x00,0xff,0x00,0xff,0x00,0xff,0x00,0xff,0x00,
    0xff,0x00,0xff,0x00,0xff,0x00,0xff,0x00,0xff,0x00,0xff,0x00,0xff,0x00,0xff,0x00,0xff,0x00,0xff,0x00,0xff,0x00,0xff,0x00,0xac,0xff,0xac,0xff,0xac,0xff,0xac,0xff,
    0xac,0xff,0xac,0xff,0xac,0xff,0xac,0xff,0xac,0xff,0xac,0xff,0xac,0xff,0xac,0xff,0xac,0xff,0xac,0xff,0xac,0xff,0xac,0xff,0xac,0xff,0xac,0xff,0xac,0xff,0xac,0xff,
    0xac,0xff,0xac,0xff,0xac,0xff,0xac,0xff,0xff,0x00,0xff,0x00,0xff,0x00,0xff,0x00,0xff,0x00,0xff,0x00,0xff,0x00,0xff,0x00,0xff,0x00,0xff,0x00,0xff,0x00,0xff,0x00,
    0xff,0x00,0xff,0x00,0xff,0x00,0xff,0x00,0xff,0x00,0xff,0x00,0xff,0x00,0xff,0x00,0xff,0x00,0xff,0x00,0xac,0xff,0xac,0xff,0xac,0xff,0xac,0xff,0xac,0xff,0xac,0xff,
    0xac,0xff,0xac,0xff,0xac,0xff,0xac,0xff,0xac,0xff,0xac,0xff,0xac,0xff,0xac,0xff,0xac,0xff,0xac,0xff,0xac,0xff,0xac,0xff,0xac,0xff,0xac,0xff,0xac,0xff,0xac,0xff,
    0xff,0x00,0xff,0x00,0xff,0x00,0xff,0x00,0xff,0x00,0xff,0x00,0xff,0x00,0xff,0x00,0xff,0x00,0xff,0x00,0xff,0x00,0xff,0x00,0xff,0x00,0xff,0x00,0xff,0x00,0xff,0x00,
    0xff,0x00,0xff,0x00,0xff,0x00,0xff,0x00,0xff,0x00,0xff,0x00,0xac,0xff,0xac,0xff,0xac,0xff,0xac,0xff,0xac,0xff,0xac,0xff,0xac,0xff,0xac,0xff,0xac,0xff,0xac,0xff,
    0xac,0xff,0xac,0xff,0xac,0xff,0xac,0xff,0xac,0xff,0xac,0xff,0xac,0xff,0xac,0xff,0xac,0xff,0xac,0xff,0xac,0xff,0xac,0xff,0xff,0x00,0xff,0x00,0xff,0x00,0xff,0x00,
    0xff,0x00,0xff,0x00,0xff,0x00,0xff,0x00,0xff,0x00,0xff,0x00,0xff,0x00,0xff,0x00,0xff,0x00,0xff,0x00,0xff,0x00,0xff,0x00,0xff,0x00,0xff,0x00,0xff,0x00,0xff,0x00,
    0xff,0x00,0xff,0x00,0xff,0x00,0xff,0x00,0xac,0xff,0xac,0xff,0xac,0xff,0xac,0xff,0xac,0xff,0xac,0xff,0xac,0xff,0xac,0xff,0xac,0xff,0xac,0xff,0xac,0xff,0xac,0xff,
    0xac,0xff,0xac,0xff,0xac,0xff,0xac,0xff,0xac,0xff,0xac,0xff,0xff,0x00,0xff,0x00,0xff,0x00,0xff,0x00,0xff,0x00,0xff,0x00,0xff,0x00,0xff,0x00,0xff,0x00,0xff,0x00,
    0xff,0x00,0xff,0x00,0xff,0x00,0xff,0x00,0xff,0x00,0xff,0x00,0xff,0x00,0xff,0x00,0xff,0x00,0xff,0x00,0xff,0x00,0xff,0x00,0xff,0x00,0xff,0x00,0xff,0x00,0xff,0x00,
    0xac,0xff,0xac,0xff,0xac,0xff,0xac,0xff,0xac,0xff,0xac,0xff,0xac,0xff,0xac,0xff,0xac,0xff,0xac,0xff,0xac,0xff,0xac,0xff,0xac,0xff,0xac,0xff,0xac,0xff,0xac,0xff,
    0xac,0xff,0xac,0xff,0xff,0x00,0xff,0x00,0xff,0x00,0xff,0x00,0xff,0x00,0xff,0x00,0xff,0x00,0xff,0x00,0xff,0x00,0xff,0x00,0xff,0x00,0xff,0x00,0xff,0x00,0xff,0x00,
    0xff,0x00,0xff,0x00,0xff,0x00,0xff,0x00,0xff,0x00,0xff,0x00,0xff,0x00,0xff,0x00,0xff,0x00,0xff,0x00,0xff,0x00,0xff,0x00,0xff,0x00,0xff,0x00,0xac,0xff,0xac,0xff,
    0xac,0xff,0xac,0xff,0xac,0xff,0xac,0xff,0xac,0xff,0xac,0xff,0xac,0xff,0xac,0xff,0xac,0xff,0xac,0xff,0xac,0xff,0xac,0xff,0xff,0x00,0xff,0x00,0xff,0x00,0xff,0x00,
    0xff,0x00,0xff,0x00,0xff,0x00,0xff,0x00,0xff,0x00,0xff,0x00,0xff,0x00,0xff,0x00,0xff,0x00,0xff,0x00,0xff,0x00,0xff,0x00,0xff,0x00,0xff,0x00,0xff,0x00,0xff,0x00,
    0xff,0x00,0xff,0x00,0xff,0x00,0xff,0x00,0xff,0x00,0xff,0x00,0xff,0x00,0xff,0x00,0xff,0x00,0xff,0x00,0xac,0xff,0xac,0xff,0xac,0xff,0xac,0xff,0xac,0xff,0xac,0xff,
    0xac,0xff,0xac,0xff,0xac,0xff,0xac,0xff,0xac,0xff,0xac,0xff,0xac,0xff,0xac,0xff,0xff,0x00,0xff,0x00,0xff,0x00,0xff,0x00,0xff,0x00,0xff,0x00,0xff,0x00,0xff,0x00,
    0xff,0x00,0xff,0x00,0xff,0x00,0xff,0x00,0xff,0x00,0xff,0x00,0xff,0x00,0xff,0x00,0xff,0x00,0xff,0x00,0xff,0x00,0xff,0x00,0xff,0x00,0xff,0x00,0xff,0x00,0xff,0x00,
    0xff,0x00,0xff,0x00,0xff,0x00,0xff,0x00,0xff,0x00,0xff,0x00,0xff,0x00,0xff,0x00,0xac,0xff,0xac,0xff,0xac,0xff,0xac,0xff,0xac,0xff,0xac,0xff,0xff,0x00,0xff,0x00,
    0xac,0xff,0xac,0xff,0xac,0xff,0xac,0xff,0xff,0x00,0xff,0x00,0xff,0x00,0xff,0x00,0xff,0x00,0xff,0x00,0xff,0x00,0xff,0x00,0xff,0x00,0xff,0x00,0xff,0x00,0xff,0x00,
    0xff,0x00,0xff,0x00,0xff,0x00,0xff,0x00,0xff,0x00,0xff,0x00,0xff,0x00,0xff,0x00,0xff,0x00,0xff,0x00,0xff,0x00,0xff,0x00,0xff,0x00,0xff,0x00,0xff,0x00,0xff,0x00,
    0xff,0x00,0xff,0x00,0xff,0x00,0xff,0x00,0xac,0xff,0xac,0xff,0xac,0xff,0xac,0xff,0xac,0xff,0xac,0xff,0xff,0x00,0xff,0x00,0xac,0xff,0xac,0xff,0xac,0xff,0xac,0xff,
    0xff,0x00,0xff,0x00,0xff,0x00,0xff,0x00,0xff,0x00,0xff,0x00,0xff,0x00,0xff,0x00,0xff,0x00,0xff,0x00,0xff,0x00,0xff,0x00,0xff,0x00,0xff,0x00,0xff,0x00,0xff,0x00,
    0xff,0x00,0xff,0x00,0xff,0x00,0xff,0x00,0xff,0x00,0xff,0x00,0xff,0x00,0xff,0x00,0xff,0x00,0xff,0x00,0xff,0x00,0xff,0x00,0xff,0x00,0xff,0x00,0xff,0x00,0xff,0x00,
    0xac,0xff,0xac,0xff,0xac,0xff,0xac,0xff,0xff,0x00,0xff,0x00,0xff,0x00,0xff,0x00,0xff,0x00,0xff,0x00,0xac,0xff,0xac,0xff,0xff,0x00,0xff,0x00,0xff,0x00,0xff,0x00,
    0xff,0x00,0xff,0x00,0xff,0x00,0xff,0x00,0xff,0x00,0xff,0x00,0xff,0x00,0xff,0x00,0xff,0x00,0xff,0x00,0xff,0x00,0xff,0x00,0xff,0x00,0xff,0x00,0xff,0x00,0xff,0x00,
    0xff,0x00,0xff,0x00,0xff,0x00,0xff,0x00,0xff,0x00,0xff,0x00,0xff,0x00,0xff,0x00,0xff,0x00,0xff,0x00,0xff,0x00,0xff,0x00,0xac,0xff,0xac,0xff,0xac,0xff,0xac,0xff,
    0xff,0x00,0xff,0x00,0xff,0x00,0xff,0x00,0xff,0x00,0xff,0x00,0xac,0xff,0xac,0xff,0xff,0x00,0xff,0x00,0xff,0x00,0xff,0x00,0xff,0x00,0xff,0x00,0xff,0x00,0xff,0x00,
    0xff,0x00,0xff,0x00,0xff,0x00,0xff,0x00,0xff,0x00,0xff,0x00,0xff,0x00,0xff,0x00,0xff,0x00,0xff,0x00,0xff,0x00,0xff,0x00,0xff,0x00,0xff,0x00,0xff,0x00,0xff,0x00,
    0xff,0x00,0xff,0x00,0xff,0x00,0xff,0x00,0xff,0x00,0xff,0x00,0xff,0x00,0xff,0x00,0xac,0xff,0xac,0xff,0xff,0x00,0xff,0x00,0xff,0x00,0xff,0x00,0xff,0x00,0xff,0x00,
    0xff,0x00,0xff,0x00,0xac,0xff,0xac,0xff,0xff,0x00,0xff,0x00,0xff,0x00,0xff,0x00,0xff,0x00,0xff,0x00,0xff,0x00,0xff,0x00,0xff,0x00,0xff,0x00,0xff,0x00,0xff,0x00,
    0xff,0x00,0xff,0x00,0xff,0x00,0xff,0x00,0xff,0x00,0xff,0x00,0xff,0x00,0xff,0x00,0xff,0x00,0xff,0x00,0xff,0x00,0xff,0x00,0xff,0x00,0xff,0x00,0xff,0x00,0xff,0x00,
    0xff,0x00,0xff,0x00,0xff,0x00,0xff,0x00,0xac,0xff,0xac,0xff,0xff,0x00,0xff,0x00,0xff,0x00,0xff,0x00,0xff,0x00,0xff,0x00,0xff,0x00,0xff,0x00,0xac,0xff,0xac,0xff,
    0xff,0x00,0xff,0x00,0xff,0x00,0xff,0x00,0xff,0x00,0xff,0x00,0xff,0x00,0xff,0x00,0xff,0x00,0xff,0x00,0xff,0x00,0xff,0x00,0xff,0x00,0xff,0x00,0xff,0x00,0xff,0x00,
    0xff,0x00,0xff,0x00,0xff,0x00,0xff,0x00,0xff,0x00,0xff,0x00,0xff,0x00,0xff,0x00,0xff,0x00,0xff,0x00,0xff,0x00,0xff,0x00,0xff,0x00,0xff,0x00,0xff,0x00,0xff,0x00,
    0xac,0xff,0xac,0xff,0xac,0xff,0xac,0xff,0xff,0x00,0xff,0x00,0xff,0x00,0xff,0x00,0xff,0x00,0xff,0x00,0xac,0xff,0xac,0xff,0xac,0xff,0xac,0xff,0xff,0x00,0xff,0x00,
    0xff,0x00,0xff,0x00,0xff,0x00,0xff,0x00,0xff,0x00,0xff,0x00,0xff,0x00,0xff,0x00,0xff,0x00,0xff,0x00,0xff,0x00,0xff,0x00,0xff,0x00,0xff,0x00,0xff,0x00,0xff,0x00,
    0xff,0x00,0xff,0x00,0xff,0x00,0xff,0x00,0xff,0x00,0xff,0x00,0xff,0x00,0xff,0x00,0xff,0x00,0xff,0x00,0xff,0x00,0xff,0x00,0xac,0xff,0xac,0xff,0xac,0xff,0xac,0xff,
    0xff,0x00,0xff,0x00,0xff,0x00,0xff,0x00,0xff,0x00,0xff,0x00,0xac,0xff,0xac,0xff,0xac,0xff,0xac,0xff,0xff,0x00,0xff,0x00,0xff,0x00,0xff,0x00,0xff,0x00,0xff,0x00,
    0xff,0x00,0xff,0x00,0xff,0x00,0xff,0x00,0xff,0x00,0xff,0x00,0xff,0x00,0xff,0x00,0xff,0x00,0xff,0x00,0xff,0x00,0xff,0x00,0xff,0x00,0xff,0x00,0xff,0x00,0xff,0x00,
    0xff,0x00,0xff,0x00,0xff,0x00,0xff,0x00,0xff,0x00,0xff,0x00,0xff,0x00,0xff,0x00,0xff,0x00,0xff,0x00,0xff,0x00,0xff,0x00,0xff,0x00,0xff,0x00,0xff,0x00,0xff,0x00,
    0xff,0x00,0xff,0x00,0xff,0x00,0xff,0x00,0xff,0x00,0xff,0x00,0xff,0x00,0xff,0x00,0xff,0x00,0xff,0x00,0xff,0x00,0xff,0x00,0xff,0x00,0xff,0x00,0xff,0x00,0xff,0x00,
    0xff,0x00,0xff,0x00,0xff,0x00,0xff,0x00,0xff,0x00,0xff,0x00,0xff,0x00,0xff,0x00,0xff,0x00,0xff,0x00,0xff,0x00,0xff,0x00,0xff,0x00,0xff,0x00,0xff,0x00,0xff,0x00,
    0xff,0x00,0xff,0x00,0xff,0x00,0xff,0x00,0xff,0x00,0xff,0x00,0xff,0x00,0xff,0x00,0xff,0x00,0xff,0x00,0xff,0x00,0xff,0x00,0xff,0x00,0xff,0x00,0xff,0x00,0xff,0x00,
    0xff,0x00,0xff,0x00,0xff,0x00,0xff,0x00,0xff,0x00,0xff,0x00,0xff,0x00,0xff,0x00,0xff,0x00,0xff,0x00,0xff,0x00,0xff,0x00,0xff,0x00,0xff,0x00,0xff,0x00,0xff,0x00,
    0xff,0x00,0xff,0x00,0xff,0x00,0xff,0x00,
};
static const lv_image_dsc_t dino_image_trex_crash = {
    .header = {.magic = LV_IMAGE_HEADER_MAGIC, .cf = LV_COLOR_FORMAT_AL88, .w = 44, .h = 47, .stride = 88},
    .data_size = sizeof(dino_pixels_trex_crash), .data = dino_pixels_trex_crash,
};

_Alignas(4) static const uint8_t dino_pixels_cactus_small[] = {
    0xff,0x00,0xff,0x00,0xff,0x00,0xff,0x00,0xff,0x00,0xff,0x00,0xff,0x00,0x00,0xff,0x00,0xff,0x00,0xff,0xff,0x00,0xff,0x00,0xff,0x00,0xff,0x00,0xff,0x00,0xff,0x00,
    0xff,0x00,0xff,0x00,0xff,0x00,0xff,0x00,0xff,0x00,0xff,0x00,0xff,0x00,0x00,0xff,0xac,0xff,0xac,0xff,0xac,0xff,0x00,0xff,0xff,0x00,0xff,0x00,0xff,0x00,0xff,0x00,
    0xff,0x00,0xff,0x00,0xff,0x00,0xff,0x00,0xff,0x00,0xff,0x00,0xff,0x00,0x00,0xff,0xac,0xff,0xac,0xff,0xac,0xff,0xac,0xff,0xac,0xff,0x00,0xff,0xff,0x00,0xff,0x00,
    0xff,0x00,0xff,0x00,0xff,0x00,0xff,0x00,0xff,0x00,0xff,0x00,0xff,0x00,0xff,0x00,0x00,0xff,0xac,0xff,0xac,0xff,0xac,0xff,0xac,0xff,0xac,0xff,0x00,0xff,0xff,0x00,
    0xff,0x00,0xff,0x00,0xff,0x00,0xff,0x00,0xff,0x00,0xff,0x00,0xff,0x00,0xff,0x00,0xff,0x00,0x00,0xff,0xac,0xff,0xac,0xff,0xac,0xff,0xac,0xff,0xac,0xff,0x00,0xff,
    0xff,0x00,0xff,0x00,0x00,0xff,0xff,0x00,0xff,0x00,0xff,0x00,0xff,0x00,0xff,0x00,0xff,0x00,0xff,0x00,0x00,0xff,0xac,0xff,0xac,0xff,0xac,0xff,0xac,0xff,0xac,0xff,
    0x00,0xff,0xff,0x00,0x00,0xff,0xac,0xff,0x00,0xff,0xff,0x00,0xff,0x00,0xff,0x00,0xff,0x00,0xff,0x00,0xff,0x00,0x00,0xff,0xac,0xff,0xac,0xff,0xac,0xff,0xac,0xff,
    0xac,0xff,0x00,0xff,0x00,0xff,0xac,0xff,0xac,0xff,0xac,0xff,0x00,0xff,0xff,0x00,0xff,0x00,0xff,0x00,0xff,0x00,0xff,0x00,0x00,0xff,0xac,0xff,0xac,0xff,0xac,0xff,
    0xac,0xff,0xac,0xff,0x00,0xff,0x00,0xff,0xac,0xff,0xac,0xff,0xac,0xff,0x00,0xff,0xff,0x00,0xff,0x00,0x00,0xff,0xff,0x00,0xff,0x00,0x00,0xff,0xac,0xff,0xac,0xff,
    0xac,0xff,0xac,0xff,0xac,0xff,0x00,0xff,0x00,0xff,0xac,0xff,0xac,0xff,0xac,0xff,0x00,0xff,0xff,0x00,0x00,0xff,0xac,0xff,0x00,0xff,0xff,0x00,0x00,0xff,0xac,0xff,
    0xac,0xff,0xac,0xff,0xac,0xff,0xac,0xff,0x00,0xff,0x00,0xff,0xac,0xff,0xac,0xff,0xac,0xff,0x00,0xff,0x00,0xff,0xac,0xff,0xac,0xff,0xac,0xff,0x00,0xff,0x00,0xff,
    0xac,0xff,0xac,0xff,0xac,0xff,0xac,0xff,0xac,0xff,0x00,0xff,0x00,0xff,0xac,0xff,0xac,0xff,0xac,0xff,0x00,0xff,0x00,0xff,0xac,0xff,0xac,0xff,0xac,0xff,0x00,0xff,
    0x00,0xff,0xac,0xff,0xac,0xff,0xac,0xff,0xac,0xff,0xac,0xff,0x00,0xff,0x00,0xff,0xac,0xff,0xac,0xff,0xac,0xff,0x00,0xff,0x00,0xff,0xac,0xff,0xac,0xff,0xac,0xff,
    0x00,0xff,0x00,0xff,0xac,0xff,0xac,0xff,0xac,0xff,0xac,0xff,0xac,0xff,0x00,0xff,0x00,0xff,0xac,0xff,0xac,0xff,0xac,0xff,0x00,0xff,0x00,0xff,0xac,0xff,0xac,0xff,
    0xac,0xff,0x00,0xff,0x00,0xff,0xac,0xff,0xac,0xff,0xac,0xff,0xac,0xff,0xac,0xff,0x00,0xff,0x00,0xff,0xac,0xff,0xac,0xff,0xac,0xff,0x00,0xff,0x00,0xff,0xac,0xff,
    0xac,0xff,0xac,0xff,0x00,0xff,0x00,0xff,0xac,0xff,0xac,0xff,0xac,0xff,0xac,0xff,0xac,0xff,0x00,0xff,0x00,0xff,0xac,0xff,0xac,0xff,0xac,0xff,0x00,0xff,0x00,0xff,
    0xac,0xff,0xac,0xff,0xac,0xff,0x00,0xff,0x00,0xff,0xac,0xff,0xac,0xff,0xac,0xff,0xac,0xff,0xac,0xff,0x00,0xff,0x00,0xff,0xac,0xff,0xac,0xff,0xac,0xff,0x00,0xff,
    0x00,0xff,0xac,0xff,0xac,0xff,0xac,0xff,0x00,0xff,0x00,0xff,0xac,0xff,0xac,0xff,0xac,0xff,0xac,0xff,0xac,0xff,0xac,0xff,0xac,0xff,0xac,0xff,0xac,0xff,0xac,0xff,
    0x00,0xff,0x00,0xff,0xac,0xff,0xac,0xff,0xac,0xff,0x00,0xff,0x00,0xff,0xac,0xff,0xac,0xff,0xac,0xff,0xac,0xff,0xac,0xff,0xac,0xff,0xac,0xff,0xac,0xff,0xac,0xff,
    0x00,0xff,0xff,0x00,0x00,0xff,0xac,0xff,0xac,0xff,0xac,0xff,0x00,0xff,0x00,0xff,0xac,0xff,0xac,0xff,0xac,0xff,0xac,0xff,0xac,0xff,0xac,0xff,0xac,0xff,0xac,0xff,
    0x00,0xff,0xff,0x00,0xff,0x00,0x00,0xff,0xac,0xff,0xac,0xff,0xac,0xff,0x00,0xff,0x00,0xff,0xac,0xff,0xac,0xff,0xac,0xff,0xac,0xff,0xac,0xff,0x00,0xff,0x00,0xff,
    0x00,0xff,0xff,0x00,0xff,0x00,0xff,0x00,0x00,0xff,0xac,0xff,0xac,0xff,0xac,0xff,0xac,0xff,0xac,0xff,0xac,0xff,0xac,0xff,0xac,0xff,0xac,0xff,0xac,0xff,0x00,0xff,
    0xff,0x00,0xff,0x00,0xff,0x00,0xff,0x00,0xff,0x00,0xff,0x00,0x00,0xff,0xac,0xff,0xac,0xff,0xac,0xff,0xac,0xff,0xac,0xff,0xac,0xff,0xac,0xff,0xac,0xff,0xac,0xff,
    0x00,0xff,0xff,0x00,0xff,0x00,0xff,0x00,0xff,0x00,0xff,0x00,0xff,0x00,0xff,0x00,0x00,0xff,0xac,0xff,0xac,0xff,0xac,0xff,0xac,0xff,0xac,0xff,0xac,0xff,0xac,0xff,
    0xac,0xff,0x00,0xff,0xff,0x00,0xff,0x00,0xff,0x00,0xff,0x00,0xff,0x00,0xff,0x00,0xff,0x00,0xff,0x00,0x00,0xff,0x00,0xff,0x00,0xff,0xac,0xff,0xac,0xff,0xac,0xff,
    0xac,0xff,0xac,0xff,0x00,0xff,0xff,0x00,0xff,0x00,0xff,0x00,0xff,0x00,0xff,0x00,0xff,0x00,0xff,0x00,0xff,0x00,0xff,0x00,0xff,0x00,0x00,0xff,0xac,0xff,0xac,0xff,
    0xac,0xff,0xac,0xff,0xac,0xff,0x00,0xff,0xff,0x00,0xff,0x00,0xff,0x00,0xff,0x00,0xff,0x00,0xff,0x00,0xff,0x00,0xff,0x00,0xff,0x00,0xff,0x00,0x00,0xff,0xac,0xff,
    0xac,0xff,0xac,0xff,0xac,0xff,0xac,0xff,0x00,0xff,0xff,0x00,0xff,0x00,0xff,0x00,0xff,0x00,0xff,0x00,0xff,0x00,0xff,0x00,0xff,0x00,0xff,0x00,0xff,0x00,0x00,0xff,
    0xac,0xff,0xac,0xff,0xac,0xff,0xac,0xff,0xac,0xff,0x00,0xff,0xff,0x00,0xff,0x00,0xff,0x00,0xff,0x00,0xff,0x00,0xff,0x00,0xff,0x00,0xff,0x00,0xff,0x00,0xff,0x00,
    0x00,0xff,0xac,0xff,0xac,0xff,0xac,0xff,0xac,0xff,0xac,0xff,0x00,0xff,0xff,0x00,0xff,0x00,0xff,0x00,0xff,0x00,0xff,0x00,0xff,0x00,0xff,0x00,0xff,0x00,0xff,0x00,
    0xff,0x00,0x00,0xff,0xac,0xff,0xac,0xff,0xac,0xff,0xac,0xff,0xac,0xff,0x00,0xff,0xff,0x00,0xff,0x00,0xff,0x00,0xff,0x00,0xff,0x00,0xff,0x00,0xff,0x00,0xff,0x00,
    0xff,0x00,0xff,0x00,0x00,0xff,0xac,0xff,0xac,0xff,0xac,0xff,0xac,0xff,0xac,0xff,0x00,0xff,0xff,0x00,0xff,0x00,0xff,0x00,0xff,0x00,0xff,0x00,0xff,0x00,0xff,0x00,
    0xff,0x00,0xff,0x00,0xff,0x00,0x00,0xff,0xac,0xff,0xac,0xff,0xac,0xff,0xac,0xff,0xac,0xff,0x00,0xff,0xff,0x00,0xff,0x00,0xff,0x00,0xff,0x00,0xff,0x00,0xff,0x00,
    0xff,0x00,0xff,0x00,0xff,0x00,0xff,0x00,0x00,0xff,0xac,0xff,0xac,0xff,0xac,0xff,0xac,0xff,0xac,0xff,0x00,0xff,0xff,0x00,0xff,0x00,0xff,0x00,0xff,0x00,0xff,0x00,
    0xff,0x00,0xff,0x00,0xff,0x00,0xff,0x00,0xff,0x00,0x00,0xff,0xac,0xff,0xac,0xff,0xac,0xff,0xac,0xff,0xac,0xff,0x00,0xff,0xff,0x00,0xff,0x00,0xff,0x00,0xff,0x00,
    0xff,0x00,0xff,0x00,0xff,0x00,0xff,0x00,0xff,0x00,0xff,0x00,0x00,0xff,0xac,0xff,0xac,0xff,0xac,0xff,0xac,0xff,0xac,0xff,0x00,0xff,0xff,0x00,0xff,0x00,0xff,0x00,
    0xff,0x00,0xff,0x00,0xff,0x00,0xff,0x00,0xff,0x00,0xff,0x00,0xff,0x00,0xff,0x00,0x00,0xff,0x00,0xff,0x00,0xff,0x00,0xff,0x00,0xff,0xff,0x00,0xff,0x00,0xff,0x00,
    0xff,0x00,0xff,0x00,0xff,0x00,
};
static const lv_image_dsc_t dino_image_cactus_small = {
    .header = {.magic = LV_IMAGE_HEADER_MAGIC, .cf = LV_COLOR_FORMAT_AL88, .w = 17, .h = 35, .stride = 34},
    .data_size = sizeof(dino_pixels_cactus_small), .data = dino_pixels_cactus_small,
};

_Alignas(4) static const uint8_t dino_pixels_cactus_large[] = {
    0xff,0xff,0xff,0x00,0xff,0xff,0xff,0x00,0xff,0xff,0xff,0x00,0xff,0xff,0xff,0x00,0xff,0xff,0xff,0x00,0xff,0xff,0xff,0x00,0xff,0xff,0xff,0x00,0xff,0xff,0xff,0x00,
    0xff,0xff,0xff,0x00,0xff,0xff,0xff,0x00,0x08,0x08,0x00,0xff,0x08,0x08,0x00,0xff,0x08,0x08,0x00,0xff,0x08,0x08,0x00,0xff,0x08,0x08,0x00,0xff,0xff,0xff,0xff,0x00,
    0xff,0xff,0xff,0x00,0xff,0xff,0xff,0x00,0xff,0xff,0xff,0x00,0xff,0xff,0xff,0x00,0xff,0xff,0xff,0x00,0xff,0xff,0xff,0x00,0xff,0xff,0xff,0x00,0xff,0xff,0xff,0x00,
    0xff,0xff,0xff,0x00,0xff,0xff,0xff,0x00,0xff,0xff,0xff,0x00,0xff,0xff,0xff,0x00,0xff,0xff,0xff,0x00,0xff,0xff,0xff,0x00,0xff,0xff,0xff,0x00,0xff,0xff,0xff,0x00,
    0xff,0xff,0xff,0x00,0xff,0xff,0xff,0x00,0x08,0x08,0x00,0xff,0xac,0xac,0xac,0xff,0xac,0xac,0xac,0xff,0xac,0xac,0xac,0xff,0xac,0xac,0xac,0xff,0xac,0xac,0xac,0xff,
    0x08,0x08,0x00,0xff,0xff,0xff,0xff,0x00,0xff,0xff,0xff,0x00,0xff,0xff,0xff,0x00,0xff,0xff,0xff,0x00,0xff,0xff,0xff,0x00,0xff,0xff,0xff,0x00,0xff,0xff,0xff,0x00,
    0xff,0xff,0xff,0x00,0xff,0xff,0xff,0x00,0xff,0xff,0xff,0x00,0xff,0xff,0xff,0x00,0xff,0xff,0xff,0x00,0xff,0xff,0xff,0x00,0xff,0xff,0xff,0x00,0xff,0xff,0xff,0x00,
    0xff,0xff,0xff,0x00,0xff,0xff,0xff,0x00,0x08,0x08,0x00,0xff,0xac,0xac,0xac,0xff,0xac,0xac,0xac,0xff,0xac,0xac,0xac,0xff,0xac,0xac,0xac,0xff,0xac,0xac,0xac,0xff,
    0xac,0xac,0xac,0xff,0xac,0xac,0xac,0xff,0x08,0x08,0x00,0xff,0xff,0xff,0xff,0x00,0xff,0xff,0xff,0x00,0xff,0xff,0xff,0x00,0xff,0xff,0xff,0x00,0xff,0xff,0xff,0x00,
    0xff,0xff,0xff,0x00,0xff,0xff,0xff,0x00,0xff,0xff,0xff,0x00,0xff,0xff,0xff,0x00,0xff,0xff,0xff,0x00,0xff,0xff,0xff,0x00,0xff,0xff,0xff,0x00,0xff,0xff,0xff,0x00,
    0xff,0xff,0xff,0x00,0xff,0xff,0xff,0x00,0xff,0xff,0xff,0x00,0x08,0x08,0x00,0xff,0xac,0xac,0xac,0xff,0xac,0xac,0xac,0xff,0xac,0xac,0xac,0xff,0xac,0xac,0xac,0xff,
    0xac,0xac,0xac,0xff,0xac,0xac,0xac,0xff,0xac,0xac,0xac,0xff,0x08,0x08,0x00,0xff,0xff,0xff,0xff,0x00,0xff,0xff,0xff,0x00,0xff,0xff,0xff,0x00,0xff,0xff,0xff,0x00,
    0xff,0xff,0xff,0x00,0xff,0xff,0xff,0x00,0xff,0xff,0xff,0x00,0xff,0xff,0xff,0x00,0xff,0xff,0xff,0x00,0xff,0xff,0xff,0x00,0xff,0xff,0xff,0x00,0xff,0xff,0xff,0x00,
    0xff,0xff,0xff,0x00,0xff,0xff,0xff,0x00,0xff,0xff,0xff,0x00,0xff,0xff,0xff,0x00,0x08,0x08,0x00,0xff,0xac,0xac,0xac,0xff,0xac,0xac,0xac,0xff,0xac,0xac,0xac,0xff,
    0xac,0xac,0xac,0xff,0xac,0xac,0xac,0xff,0xac,0xac,0xac,0xff,0xac,0xac,0xac,0xff,0x08,0x08,0x00,0xff,0xff,0xff,0xff,0x00,0xff,0xff,0xff,0x00,0xff,0xff,0xff,0x00,
    0xff,0xff,0xff,0x00,0xff,0xff,0xff,0x00,0xff,0xff,0xff,0x00,0xff,0xff,0xff,0x00,0xff,0xff,0xff,0x00,0xff,0xff,0xff,0x00,0xff,0xff,0xff,0x00,0xff,0xff,0xff,0x00,
    0xff,0xff,0xff,0x00,0xff,0xff,0xff,0x00,0xff,0xff,0xff,0x00,0xff,0xff,0xff,0x00,0xff,0xff,0xff,0x00,0x08,0x08,0x00,0xff,0xac,0xac,0xac,0xff,0xac,0xac,0xac,0xff,
    0xac,0xac,0xac,0xff,0xac,0xac,0xac,0xff,0xac,0xac,0xac,0xff,0xac,0xac,0xac,0xff,0xac,0xac,0xac,0xff,0x08,0x08,0x00,0xff,0xff,0xff,0xff,0x00,0xff,0xff,0xff,0x00,
    0xff,0xff,0xff,0x00,0xff,0xff,0xff,0x00,0xff,0xff,0xff,0x00,0xff,0xff,0xff,0x00,0xff,0xff,0xff,0x00,0xff,0xff,0xff,0x00,0xff,0xff,0xff,0x00,0xff,0xff,0xff,0x00,
    0xff,0xff,0xff,0x00,0xff,0xff,0xff,0x00,0xff,0xff,0xff,0x00,0xff,0xff,0xff,0x00,0xff,0xff,0xff,0x00,0xff,0xff,0xff,0x00,0x08,0x08,0x00,0xff,0xac,0xac,0xac,0xff,
    0xac,0xac,0xac,0xff,0xac,0xac,0xac,0xff,0xac,0xac,0xac,0xff,0xac,0xac,0xac,0xff,0xac,0xac,0xac,0xff,0xac,0xac,0xac,0xff,0x08,0x08,0x00,0xff,0xff,0xff,0xff,0x00,
    0xff,0xff,0xff,0x00,0xff,0xff,0xff,0x00,0xff,0xff,0xff,0x00,0xff,0xff,0xff,0x00,0xff,0xff,0xff,0x00,0xff,0xff,0xff,0x00,0xff,0xff,0xff,0x00,0xff,0xff,0xff,0x00,
    0xff,0xff,0xff,0x00,0xff,0xff,0xff,0x00,0xff,0xff,0xff,0x00,0xff,0xff,0xff,0x00,0xff,0xff,0xff,0x00,0xff,0xff,0xff,0x00,0xff,0xff,0xff,0x00,0x08,0x08,0x00,0xff,
    0xac,0xac,0xac,0xff,0xac,0xac,0xac,0xff,0xac,0xac,0xac,0xff,0xac,0xac,0xac,0xff,0xac,0xac,0xac,0xff,0xac,0xac,0xac,0xff,0xac,0xac,0xac,0xff,0x08,0x08,0x00,0xff,
    0xff,0xff,0xff,0x00,0xff,0xff,0xff,0x00,0xff,0xff,0xff,0x00,0xff,0xff,0xff,0x00,0xff,0xff,0xff,0x00,0xff,0xff,0xff,0x00,0xff,0xff,0xff,0x00,0xff,0xff,0xff,0x00,
    0xff,0xff,0xff,0x00,0xff,0xff,0xff,0x00,0xff,0xff,0xff,0x00,0xff,0xff,0xff,0x00,0xff,0xff,0xff,0x00,0xff,0xff,0xff,0x00,0xff,0xff,0xff,0x00,0xff,0xff,0xff,0x00,
    0x08,0x08,0x00,0xff,0xac,0xac,0xac,0xff,0xac,0xac,0xac,0xff,0xac,0xac,0xac,0xff,0xac,0xac,0xac,0xff,0xac,0xac,0xac,0xff,0xac,0xac,0xac,0xff,0xac,0xac,0xac,0xff,
    0x08,0x08,0x00,0xff,0xff,0xff,0xff,0x00,0xff,0xff,0xff,0x00,0xff,0xff,0xff,0x00,0xff,0xff,0xff,0x00,0xff,0xff,0xff,0x00,0xff,0xff,0xff,0x00,0xff,0xff,0xff,0x00,
    0xff,0xff,0xff,0x00,0xff,0xff,0xff,0x00,0xff,0xff,0xff,0x00,0xff,0xff,0xff,0x00,0xff,0xff,0xff,0x00,0xff,0xff,0xff,0x00,0xff,0xff,0xff,0x00,0xff,0xff,0xff,0x00,
    0xff,0xff,0xff,0x00,0x08,0x08,0x00,0xff,0xac,0xac,0xac,0xff,0xac,0xac,0xac,0xff,0xac,0xac,0xac,0xff,0xac,0xac,0xac,0xff,0xac,0xac,0xac,0xff,0xac,0xac,0xac,0xff,
    0xac,0xac,0xac,0xff,0x08,0x08,0x00,0xff,0xff,0xff,0xff,0x00,0xff,0xff,0xff,0x00,0xff,0xff,0xff,0x00,0xff,0xff,0xff,0x00,0xff,0xff,0xff,0x00,0xff,0xff,0xff,0x00,
    0xff,0xff,0xff,0x00,0xff,0xff,0xff,0x00,0xff,0xff,0xff,0x00,0xff,0xff,0xff,0x00,0xff,0xff,0xff,0x00,0xff,0xff,0xff,0x00,0xff,0xff,0xff,0x00,0xff,0xff,0xff,0x00,
    0xff,0xff,0xff,0x00,0xff,0xff,0xff,0x00,0x08,0x08,0x00,0xff,0xac,0xac,0xac,0xff,0xac,0xac,0xac,0xff,0xac,0xac,0xac,0xff,0xac,0xac,0xac,0xff,0xac,0xac,0xac,0xff,
    0xac,0xac,0xac,0xff,0xac,0xac,0xac,0xff,0x08,0x08,0x00,0xff,0xff,0xff,0xff,0x00,0xff,0xff,0xff,0x00,0xff,0xff,0xff,0x00,0x08,0x08,0x00,0xff,0x08,0x08,0x00,0xff,
    0x08,0x08,0x00,0xff,0xff,0xff,0xff,0x00,0xff,0xff,0xff,0x00,0xff,0xff,0xff,0x00,0xff,0xff,0xff,0x00,0xff,0xff,0xff,0x00,0xff,0xff,0xff,0x00,0xff,0xff,0xff,0x00,
    0xff,0xff,0xff,0x00,0xff,0xff,0xff,0x00,0xff,0xff,0xff,0x00,0x08,0x08,0x00,0xff,0xac,0xac,0xac,0xff,0xac,0xac,0xac,0xff,0xac,0xac,0xac,0xff,0xac,0xac,0xac,0xff,
    0xac,0xac,0xac,0xff,0xac,0xac,0xac,0xff,0xac,0xac,0xac,0xff,0x08,0x08,0x00,0xff,0xff,0xff,0xff,0x00,0xff,0xff,0xff,0x00,0x08,0x08,0x00,0xff,0xac,0xac,0xac,0xff,
    0xac,0xac,0xac,0xff,0xac,0xac,0xac,0xff,0x08,0x08,0x00,0xff,0xff,0xff,0xff,0x00,0xff,0xff,0xff,0x00,0xff,0xff,0xff,0x00,0x08,0x08,0x00,0xff,0x08,0x08,0x00,0xff,
    0x08,0x08,0x00,0xff,0xff,0xff,0xff,0x00,0xff,0xff,0xff,0x00,0xff,0xff,0xff,0x00,0x08,0x08,0x00,0xff,0xac,0xac,0xac,0xff,0xac,0xac,0xac,0xff,0xac,0xac,0xac,0xff,
    0xac,0xac,0xac,0xff,0xac,0xac,0xac,0xff,0xac,0xac,0xac,0xff,0xac,0xac,0xac,0xff,0x08,0x08,0x00,0xff,0xff,0xff,0xff,0x00,0x08,0x08,0x00,0xff,0xac,0xac,0xac,0xff,
    0xac,0xac,0xac,0xff,0xac,0xac,0xac,0xff,0xac,0xac,0xac,0xff,0xac,0xac,0xac,0xff,0x08,0x08,0x00,0xff,0xff,0xff,0xff,0x00,0x08,0x08,0x00,0xff,0xac,0xac,0xac,0xff,
    0xac,0xac,0xac,0xff,0xac,0xac,0xac,0xff,0x08,0x08,0x00,0xff,0xff,0xff,0xff,0x00,0xff,0xff,0xff,0x00,0x08,0x08,0x00,0xff,0xac,0xac,0xac,0xff,0xac,0xac,0xac,0xff,
    0xac,0xac,0xac,0xff,0xac,0xac,0xac,0xff,0xac,0xac,0xac,0xff,0xac,0xac,0xac,0xff,0xac,0xac,0xac,0xff,0x08,0x08,0x00,0xff,0xff,0xff,0xff,0x00,0x08,0x08,0x00,0xff,
    0xac,0xac,0xac,0xff,0xac,0xac,0xac,0xff,0xac,0xac,0xac,0xff,0xac,0xac,0xac,0xff,0xac,0xac,0xac,0xff,0x08,0x08,0x00,0xff,0x08,0x08,0x00,0xff,0xac,0xac,0xac,0xff,
    0xac,0xac,0xac,0xff,0xac,0xac,0xac,0xff,0xac,0xac,0xac,0xff,0xac,0xac,0xac,0xff,0x08,0x08,0x00,0xff,0xff,0xff,0xff,0x00,0x08,0x08,0x00,0xff,0xac,0xac,0xac,0xff,
    0xac,0xac,0xac,0xff,0xac,0xac,0xac,0xff,0xac,0xac,0xac,0xff,0xac,0xac,0xac,0xff,0xac,0xac,0xac,0xff,0xac,0xac,0xac,0xff,0x08,0x08,0x00,0xff,0xff,0xff,0xff,0x00,
    0x08,0x08,0x00,0xff,0xac,0xac,0xac,0xff,0xac,0xac,0xac,0xff,0xac,0xac,0xac,0xff,0xac,0xac,0xac,0xff,0xac,0xac,0xac,0xff,0x08,0x08,0x00,0xff,0x08,0x08,0x00,0xff,
    0xac,0xac,0xac,0xff,0xac,0xac,0xac,0xff,0xac,0xac,0xac,0xff,0xac,0xac,0xac,0xff,0xac,0xac,0xac,0xff,0x08,0x08,0x00,0xff,0xff,0xff,0xff,0x00,0x08,0x08,0x00,0xff,
    0xac,0xac,0xac,0xff,0xac,0xac,0xac,0xff,0xac,0xac,0xac,0xff,0xac,0xac,0xac,0xff,0xac,0xac,0xac,0xff,0xac,0xac,0xac,0xff,0xac,0xac,0xac,0xff,0x08,0x08,0x00,0xff,
    0xff,0xff,0xff,0x00,0x08,0x08,0x00,0xff,0xac,0xac,0xac,0xff,0xac,0xac,0xac,0xff,0xac,0xac,0xac,0xff,0xac,0xac,0xac,0xff,0xac,0xac,0xac,0xff,0x08,0x08,0x00,0xff,
    0x08,0x08,0x00,0xff,0xac,0xac,0xac,0xff,0xac,0xac,0xac,0xff,0xac,0xac,0xac,0xff,0xac,0xac,0xac,0xff,0xac,0xac,0xac,0xff,0x08,0x08,0x00,0xff,0xff,0xff,0xff,0x00,
    0x08,0x08,0x00,0xff,0xac,0xac,0xac,0xff,0xac,0xac,0xac,0xff,0xac,0xac,0xac,0xff,0xac,0xac,0xac,0xff,0xac,0xac,0xac,0xff,0xac,0xac,0xac,0xff,0xac,0xac,0xac,0xff,
    0x08,0x08,0x00,0xff,0xff,0xff,0xff,0x00,0x08,0x08,0x00,0xff,0xac,0xac,0xac,0xff,0xac,0xac,0xac,0xff,0xac,0xac,0xac,0xff,0xac,0xac,0xac,0xff,0xac,0xac,0xac,0xff,
    0x08,0x08,0x00,0xff,0x08,0x08,0x00,0xff,0xac,0xac,0xac,0xff,0xac,0xac,0xac,0xff,0xac,0xac,0xac,0xff,0xac,0xac,0xac,0xff,0xac,0xac,0xac,0xff,0x08,0x08,0x00,0xff,
    0xff,0xff,0xff,0x00,0x08,0x08,0x00,0xff,0xac,0xac,0xac,0xff,0xac,0xac,0xac,0xff,0xac,0xac,0xac,0xff,0xac,0xac,0xac,0xff,0xac,0xac,0xac,0xff,0xac,0xac,0xac,0xff,
    0xac,0xac,0xac,0xff,0x08,0x08,0x00,0xff,0xff,0xff,0xff,0x00,0x08,0x08,0x00,0xff,0xac,0xac,0xac,0xff,0xac,0xac,0xac,0xff,0xac,0xac,0xac,0xff,0xac,0xac,0xac,0xff,
    0xac,0xac,0xac,0xff,0x08,0x08,0x00,0xff,0x08,0x08,0x00,0xff,0xac,0xac,0xac,0xff,0xac,0xac,0xac,0xff,0xac,0xac,0xac,0xff,0xac,0xac,0xac,0xff,0xac,0xac,0xac,0xff,
    0x08,0x08,0x00,0xff,0xff,0xff,0xff,0x00,0x08,0x08,0x00,0xff,0xac,0xac,0xac,0xff,0xac,0xac,0xac,0xff,0xac,0xac,0xac,0xff,0xac,0xac,0xac,0xff,0xac,0xac,0xac,0xff,
    0xac,0xac,0xac,0xff,0xac,0xac,0xac,0xff,0x08,0x08,0x00,0xff,0xff,0xff,0xff,0x00,0x08,0x08,0x00,0xff,0xac,0xac,0xac,0xff,0xac,0xac,0xac,0xff,0xac,0xac,0xac,0xff,
    0xac,0xac,0xac,0xff,0xac,0xac,0xac,0xff,0x08,0x08,0x00,0xff,0x08,0x08,0x00,0xff,0xac,0xac,0xac,0xff,0xac,0xac,0xac,0xff,0xac,0xac,0xac,0xff,0xac,0xac,0xac,0xff,
    0xac,0xac,0xac,0xff,0x08,0x08,0x00,0xff,0xff,0xff,0xff,0x00,0x08,0x08,0x00,0xff,0xac,0xac,0xac,0xff,0xac,0xac,0xac,0xff,0xac,0xac,0xac,0xff,0xac,0xac,0xac,0xff,
    0xac,0xac,0xac,0xff,0xac,0xac,0xac,0xff,0xac,0xac,0xac,0xff,0x08,0x08,0x00,0xff,0xff,0xff,0xff,0x00,0x08,0x08,0x00,0xff,0xac,0xac,0xac,0xff,0xac,0xac,0xac,0xff,
    0xac,0xac,0xac,0xff,0xac,0xac,0xac,0xff,0xac,0xac,0xac,0xff,0x08,0x08,0x00,0xff,0x08,0x08,0x00,0xff,0xac,0xac,0xac,0xff,0xac,0xac,0xac,0xff,0xac,0xac,0xac,0xff,
    0xac,0xac,0xac,0xff,0xac,0xac,0xac,0xff,0x08,0x08,0x00,0xff,0xff,0xff,0xff,0x00,0x08,0x08,0x00,0xff,0xac,0xac,0xac,0xff,0xac,0xac,0xac,0xff,0xac,0xac,0xac,0xff,
    0xac,0xac,0xac,0xff,0xac,0xac,0xac,0xff,0xac,0xac,0xac,0xff,0xac,0xac,0xac,0xff,0x08,0x08,0x00,0xff,0xff,0xff,0xff,0x00,0x08,0x08,0x00,0xff,0xac,0xac,0xac,0xff,
    0xac,0xac,0xac,0xff,0xac,0xac,0xac,0xff,0xac,0xac,0xac,0xff,0xac,0xac,0xac,0xff,0x08,0x08,0x00,0xff,0x08,0x08,0x00,0xff,0xac,0xac,0xac,0xff,0xac,0xac,0xac,0xff,
    0xac,0xac,0xac,0xff,0xac,0xac,0xac,0xff,0xac,0xac,0xac,0xff,0x08,0x08,0x00,0xff,0xff,0xff,0xff,0x00,0x08,0x08,0x00,0xff,0xac,0xac,0xac,0xff,0xac,0xac,0xac,0xff,
    0xac,0xac,0xac,0xff,0xac,0xac,0xac,0xff,0xac,0xac,0xac,0xff,0xac,0xac,0xac,0xff,0xac,0xac,0xac,0xff,0x08,0x08,0x00,0xff,0xff,0xff,0xff,0x00,0x08,0x08,0x00,0xff,
    0xac,0xac,0xac,0xff,0xac,0xac,0xac,0xff,0xac,0xac,0xac,0xff,0xac,0xac,0xac,0xff,0xac,0xac,0xac,0xff,0x08,0x08,0x00,0xff,0x08,0x08,0x00,0xff,0xac,0xac,0xac,0xff,
    0xac,0xac,0xac,0xff,0xac,0xac,0xac,0xff,0xac,0xac,0xac,0xff,0xac,0xac,0xac,0xff,0x08,0x08,0x00,0xff,0xff,0xff,0xff,0x00,0x08,0x08,0x00,0xff,0xac,0xac,0xac,0xff,
    0xac,0xac,0xac,0xff,0xac,0xac,0xac,0xff,0xac,0xac,0xac,0xff,0xac,0xac,0xac,0xff,0xac,0xac,0xac,0xff,0xac,0xac,0xac,0xff,0x08,0x08,0x00,0xff,0xff,0xff,0xff,0x00,
    0x08,0x08,0x00,0xff,0xac,0xac,0xac,0xff,0xac,0xac,0xac,0xff,0xac,0xac,0xac,0xff,0xac,0xac,0xac,0xff,0xac,0xac,0xac,0xff,0x08,0x08,0x00,0xff,0x08,0x08,0x00,0xff,
    0xac,0xac,0xac,0xff,0xac,0xac,0xac,0xff,0xac,0xac,0xac,0xff,0xac,0xac,0xac,0xff,0xac,0xac,0xac,0xff,0x08,0x08,0x00,0xff,0xff,0xff,0xff,0x00,0x08,0x08,0x00,0xff,
    0xac,0xac,0xac,0xff,0xac,0xac,0xac,0xff,0xac,0xac,0xac,0xff,0xac,0xac,0xac,0xff,0xac,0xac,0xac,0xff,0xac,0xac,0xac,0xff,0xac,0xac,0xac,0xff,0x08,0x08,0x00,0xff,
    0xff,0xff,0xff,0x00,0x08,0x08,0x00,0xff,0xac,0xac,0xac,0xff,0xac,0xac,0xac,0xff,0xac,0xac,0xac,0xff,0xac,0xac,0xac,0xff,0xac,0xac,0xac,0xff,0x08,0x08,0x00,0xff,
    0x08,0x08,0x00,0xff,0xac,0xac,0xac,0xff,0xac,0xac,0xac,0xff,0xac,0xac,0xac,0xff,0xac,0xac,0xac,0xff,0xac,0xac,0xac,0xff,0x08,0x08,0x00,0xff,0xff,0xff,0xff,0x00,
    0x08,0x08,0x00,0xff,0xac,0xac,0xac,0xff,0xac,0xac,0xac,0xff,0xac,0xac,0xac,0xff,0xac,0xac,0xac,0xff,0xac,0xac,0xac,0xff,0xac,0xac,0xac,0xff,0xac,0xac,0xac,0xff,
    0x08,0x08,0x00,0xff,0xff,0xff,0xff,0x00,0x08,0x08,0x00,0xff,0xac,0xac,0xac,0xff,0xac,0xac,0xac,0xff,0xac,0xac,0xac,0xff,0xac,0xac,0xac,0xff,0xac,0xac,0xac,0xff,
    0x08,0x08,0x00,0xff,0x08,0x08,0x00,0xff,0xac,0xac,0xac,0xff,0xac,0xac,0xac,0xff,0xac,0xac,0xac,0xff,0xac,0xac,0xac,0xff,0xac,0xac,0xac,0xff,0x08,0x08,0x00,0xff,
    0xff,0xff,0xff,0x00,0x08,0x08,0x00,0xff,0xac,0xac,0xac,0xff,0xac,0xac,0xac,0xff,0xac,0xac,0xac,0xff,0xac,0xac,0xac,0xff,0xac,0xac,0xac,0xff,0xac,0xac,0xac,0xff,
    0xac,0xac,0xac,0xff,0x08,0x08,0x00,0xff,0xff,0xff,0xff,0x00,0x08,0x08,0x00,0xff,0xac,0xac,0xac,0xff,0xac,0xac,0xac,0xff,0xac,0xac,0xac,0xff,0xac,0xac,0xac,0xff,
    0xac,0xac,0xac,0xff,0x08,0x08,0x00,0xff,0x08,0x08,0x00,0xff,0xac,0xac,0xac,0xff,0xac,0xac,0xac,0xff,0xac,0xac,0xac,0xff,0xac,0xac,0xac,0xff,0xac,0xac,0xac,0xff,
    0x08,0x08,0x00,0xff,0x08,0x08,0x00,0xff,0x08,0x08,0x00,0xff,0xac,0xac,0xac,0xff,0xac,0xac,0xac,0xff,0xac,0xac,0xac,0xff,0xac,0xac,0xac,0xff,0xac,0xac,0xac,0xff,
    0xac,0xac,0xac,0xff,0xac,0xac,0xac,0xff,0x08,0x08,0x00,0xff,0x08,0x08,0x00,0xff,0x08,0x08,0x00,0xff,0xac,0xac,0xac,0xff,0xac,0xac,0xac,0xff,0xac,0xac,0xac,0xff,
    0xac,0xac,0xac,0xff,0xac,0xac,0xac,0xff,0x08,0x08,0x00,0xff,0x08,0x08,0x00,0xff,0xac,0xac,0xac,0xff,0xac,0xac,0xac,0xff,0xac,0xac,0xac,0xff,0xac,0xac,0xac,0xff,
    0xac,0xac,0xac,0xff,0xac,0xac,0xac,0xff,0xac,0xac,0xac,0xff,0xac,0xac,0xac,0xff,0xac,0xac,0xac,0xff,0xac,0xac,0xac,0xff,0xac,0xac,0xac,0xff,0xac,0xac,0xac,0xff,
    0xac,0xac,0xac,0xff,0xac,0xac,0xac,0xff,0xac,0xac,0xac,0xff,0xac,0xac,0xac,0xff,0xac,0xac,0xac,0xff,0xac,0xac,0xac,0xff,0xac,0xac,0xac,0xff,0xac,0xac,0xac,0xff,
    0xac,0xac,0xac,0xff,0xac,0xac,0xac,0xff,0x08,0x08,0x00,0xff,0xff,0xff,0xff,0x00,0x08,0x08,0x00,0xff,0xac,0xac,0xac,0xff,0xac,0xac,0xac,0xff,0xac,0xac,0xac,0xff,
    0xac,0xac,0xac,0xff,0xac,0xac,0xac,0xff,0xac,0xac,0xac,0xff,0xac,0xac,0xac,0xff,0xac,0xac,0xac,0xff,0xac,0xac,0xac,0xff,0xac,0xac,0xac,0xff,0xac,0xac,0xac,0xff,
    0xac,0xac,0xac,0xff,0xac,0xac,0xac,0xff,0xac,0xac,0xac,0xff,0xac,0xac,0xac,0xff,0xac,0xac,0xac,0xff,0xac,0xac,0xac,0xff,0xac,0xac,0xac,0xff,0xac,0xac,0xac,0xff,
    0xac,0xac,0xac,0xff,0xac,0xac,0xac,0xff,0x08,0x08,0x00,0xff,0xff,0xff,0xff,0x00,0xff,0xff,0xff,0x00,0xff,0xff,0xff,0x00,0x08,0x08,0x00,0xff,0xac,0xac,0xac,0xff,
    0xac,0xac,0xac,0xff,0xac,0xac,0xac,0xff,0xac,0xac,0xac,0xff,0xac,0xac,0xac,0xff,0xac,0xac,0xac,0xff,0xac,0xac,0xac,0xff,0xac,0xac,0xac,0xff,0xac,0xac,0xac,0xff,
    0xac,0xac,0xac,0xff,0xac,0xac,0xac,0xff,0xac,0xac,0xac,0xff,0xac,0xac,0xac,0xff,0xac,0xac,0xac,0xff,0xac,0xac,0xac,0xff,0xac,0xac,0xac,0xff,0xac,0xac,0xac,0xff,
    0xac,0xac,0xac,0xff,0xac,0xac,0xac,0xff,0x08,0x08,0x00,0xff,0xff,0xff,0xff,0x00,0xff,0xff,0xff,0x00,0xff,0xff,0xff,0x00,0xff,0xff,0xff,0x00,0xff,0xff,0xff,0x00,
    0x08,0x08,0x00,0xff,0xac,0xac,0xac,0xff,0xac,0xac,0xac,0xff,0xac,0xac,0xac,0xff,0xac,0xac,0xac,0xff,0xac,0xac,0xac,0xff,0xac,0xac,0xac,0xff,0xac,0xac,0xac,0xff,
    0xac,0xac,0xac,0xff,0xac,0xac,0xac,0xff,0xac,0xac,0xac,0xff,0xac,0xac,0xac,0xff,0xac,0xac,0xac,0xff,0xac,0xac,0xac,0xff,0xac,0xac,0xac,0xff,0xac,0xac,0xac,0xff,
    0xac,0xac,0xac,0xff,0xac,0xac,0xac,0xff,0x08,0x08,0x00,0xff,0xff,0xff,0xff,0x00,0xff,0xff,0xff,0x00,0xff,0xff,0xff,0x00,0xff,0xff,0xff,0x00,0xff,0xff,0xff,0x00,
    0xff,0xff,0xff,0x00,0xff,0xff,0xff,0x00,0x08,0x08,0x00,0xff,0xac,0xac,0xac,0xff,0xac,0xac,0xac,0xff,0xac,0xac,0xac,0xff,0xac,0xac,0xac,0xff,0xac,0xac,0xac,0xff,
    0xac,0xac,0xac,0xff,0xac,0xac,0xac,0xff,0xac,0xac,0xac,0xff,0xac,0xac,0xac,0xff,0xac,0xac,0xac,0xff,0xac,0xac,0xac,0xff,0xac,0xac,0xac,0xff,0x08,0x08,0x00,0xff,
    0x08,0x08,0x00,0xff,0x08,0x08,0x00,0xff,0x08,0x08,0x00,0xff,0xff,0xff,0xff,0x00,0xff,0xff,0xff,0x00,0xff,0xff,0xff,0x00,0xff,0xff,0xff,0x00,0xff,0xff,0xff,0x00,
    0xff,0xff,0xff,0x00,0xff,0xff,0xff,0x00,0xff,0xff,0xff,0x00,0xff,0xff,0xff,0x00,0x08,0x08,0x00,0xff,0x08,0x08,0x00,0xff,0x08,0x08,0x00,0xff,0x08,0x08,0x00,0xff,
    0x08,0x08,0x00,0xff,0xac,0xac,0xac,0xff,0xac,0xac,0xac,0xff,0xac,0xac,0xac,0xff,0xac,0xac,0xac,0xff,0xac,0xac,0xac,0xff,0xac,0xac,0xac,0xff,0xac,0xac,0xac,0xff,
    0x08,0x08,0x00,0xff,0xff,0xff,0xff,0x00,0xff,0xff,0xff,0x00,0xff,0xff,0xff,0x00,0xff,0xff,0xff,0x00,0xff,0xff,0xff,0x00,0xff,0xff,0xff,0x00,0xff,0xff,0xff,0x00,
    0xff,0xff,0xff,0x00,0xff,0xff,0xff,0x00,0xff,0xff,0xff,0x00,0xff,0xff,0xff,0x00,0xff,0xff,0xff,0x00,0xff,0xff,0xff,0x00,0xff,0xff,0xff,0x00,0xff,0xff,0xff,0x00,
    0xff,0xff,0xff,0x00,0x08,0x08,0x00,0xff,0xac,0xac,0xac,0xff,0xac,0xac,0xac,0xff,0xac,0xac,0xac,0xff,0xac,0xac,0xac,0xff,0xac,0xac,0xac,0xff,0xac,0xac,0xac,0xff,
    0xac,0xac,0xac,0xff,0x08,0x08,0x00,0xff,0xff,0xff,0xff,0x00,0xff,0xff,0xff,0x00,0xff,0xff,0xff,0x00,0xff,0xff,0xff,0x00,0xff,0xff,0xff,0x00,0xff,0xff,0xff,0x00,
    0xff,0xff,0xff,0x00,0xff,0xff,0xff,0x00,0xff,0xff,0xff,0x00,0xff,0xff,0xff,0x00,0xff,0xff,0xff,0x00,0xff,0xff,0xff,0x00,0xff,0xff,0xff,0x00,0xff,0xff,0xff,0x00,
    0xff,0xff,0xff,0x00,0xff,0xff,0xff,0x00,0x08,0x08,0x00,0xff,0xac,0xac,0xac,0xff,0xac,0xac,0xac,0xff,0xac,0xac,0xac,0xff,0xac,0xac,0xac,0xff,0xac,0xac,0xac,0xff,
    0xac,0xac,0xac,0xff,0xac,0xac,0xac,0xff,0x08,0x08,0x00,0xff,0xff,0xff,0xff,0x00,0xff,0xff,0xff,0x00,0xff,0xff,0xff,0x00,0xff,0xff,0xff,0x00,0xff,0xff,0xff,0x00,
    0xff,0xff,0xff,0x00,0xff,0xff,0xff,0x00,0xff,0xff,0xff,0x00,0xff,0xff,0xff,0x00,0xff,0xff,0xff,0x00,0xff,0xff,0xff,0x00,0xff,0xff,0xff,0x00,0xff,0xff,0xff,0x00,
    0xff,0xff,0xff,0x00,0xff,0xff,0xff,0x00,0xff,0xff,0xff,0x00,0x08,0x08,0x00,0xff,0xac,0xac,0xac,0xff,0xac,0xac,0xac,0xff,0xac,0xac,0xac,0xff,0xac,0xac,0xac,0xff,
    0xac,0xac,0xac,0xff,0xac,0xac,0xac,0xff,0xac,0xac,0xac,0xff,0x08,0x08,0x00,0xff,0xff,0xff,0xff,0x00,0xff,0xff,0xff,0x00,0xff,0xff,0xff,0x00,0xff,0xff,0xff,0x00,
    0xff,0xff,0xff,0x00,0xff,0xff,0xff,0x00,0xff,0xff,0xff,0x00,0xff,0xff,0xff,0x00,0xff,0xff,0xff,0x00,0xff,0xff,0xff,0x00,0xff,0xff,0xff,0x00,0xff,0xff,0xff,0x00,
    0xff,0xff,0xff,0x00,0xff,0xff,0xff,0x00,0xff,0xff,0xff,0x00,0xff,0xff,0xff,0x00,0x08,0x08,0x00,0xff,0xac,0xac,0xac,0xff,0xac,0xac,0xac,0xff,0xac,0xac,0xac,0xff,
    0xac,0xac,0xac,0xff,0xac,0xac,0xac,0xff,0xac,0xac,0xac,0xff,0xac,0xac,0xac,0xff,0x08,0x08,0x00,0xff,0xff,0xff,0xff,0x00,0xff,0xff,0xff,0x00,0xff,0xff,0xff,0x00,
    0xff,0xff,0xff,0x00,0xff,0xff,0xff,0x00,0xff,0xff,0xff,0x00,0xff,0xff,0xff,0x00,0xff,0xff,0xff,0x00,0xff,0xff,0xff,0x00,0xff,0xff,0xff,0x00,0xff,0xff,0xff,0x00,
    0xff,0xff,0xff,0x00,0xff,0xff,0xff,0x00,0xff,0xff,0xff,0x00,0xff,0xff,0xff,0x00,0xff,0xff,0xff,0x00,0x08,0x08,0x00,0xff,0xac,0xac,0xac,0xff,0xac,0xac,0xac,0xff,
    0xac,0xac,0xac,0xff,0xac,0xac,0xac,0xff,0xac,0xac,0xac,0xff,0xac,0xac,0xac,0xff,0xac,0xac,0xac,0xff,0x08,0x08,0x00,0xff,0xff,0xff,0xff,0x00,0xff,0xff,0xff,0x00,
    0xff,0xff,0xff,0x00,0xff,0xff,0xff,0x00,0xff,0xff,0xff,0x00,0xff,0xff,0xff,0x00,0xff,0xff,0xff,0x00,0xff,0xff,0xff,0x00,0xff,0xff,0xff,0x00,0xff,0xff,0xff,0x00,
    0xff,0xff,0xff,0x00,0xff,0xff,0xff,0x00,0xff,0xff,0xff,0x00,0xff,0xff,0xff,0x00,0xff,0xff,0xff,0x00,0xff,0xff,0xff,0x00,0x08,0x08,0x00,0xff,0xac,0xac,0xac,0xff,
    0xac,0xac,0xac,0xff,0xac,0xac,0xac,0xff,0xac,0xac,0xac,0xff,0xac,0xac,0xac,0xff,0xac,0xac,0xac,0xff,0xac,0xac,0xac,0xff,0x08,0x08,0x00,0xff,0xff,0xff,0xff,0x00,
    0xff,0xff,0xff,0x00,0xff,0xff,0xff,0x00,0xff,0xff,0xff,0x00,0xff,0xff,0xff,0x00,0xff,0xff,0xff,0x00,0xff,0xff,0xff,0x00,0xff,0xff,0xff,0x00,0xff,0xff,0xff,0x00,
    0xff,0xff,0xff,0x00,0xff,0xff,0xff,0x00,0xff,0xff,0xff,0x00,0xff,0xff,0xff,0x00,0xff,0xff,0xff,0x00,0xff,0xff,0xff,0x00,0xff,0xff,0xff,0x00,0x08,0x08,0x00,0xff,
    0xac,0xac,0xac,0xff,0xac,0xac,0xac,0xff,0xac,0xac,0xac,0xff,0xac,0xac,0xac,0xff,0xac,0xac,0xac,0xff,0xac,0xac,0xac,0xff,0xac,0xac,0xac,0xff,0x08,0x08,0x00,0xff,
    0xff,0xff,0xff,0x00,0xff,0xff,0xff,0x00,0xff,0xff,0xff,0x00,0xff,0xff,0xff,0x00,0xff,0xff,0xff,0x00,0xff,0xff,0xff,0x00,0xff,0xff,0xff,0x00,0xff,0xff,0xff,0x00,
    0xff,0xff,0xff,0x00,0xff,0xff,0xff,0x00,0xff,0xff,0xff,0x00,0xff,0xff,0xff,0x00,0xff,0xff,0xff,0x00,0xff,0xff,0xff,0x00,0xff,0xff,0xff,0x00,0xff,0xff,0xff,0x00,
    0x08,0x08,0x00,0xff,0xac,0xac,0xac,0xff,0xac,0xac,0xac,0xff,0xac,0xac,0xac,0xff,0xac,0xac,0xac,0xff,0xac,0xac,0xac,0xff,0xac,0xac,0xac,0xff,0xac,0xac,0xac,0xff,
    0x08,0x08,0x00,0xff,0xff,0xff,0xff,0x00,0xff,0xff,0xff,0x00,0xff,0xff,0xff,0x00,0xff,0xff,0xff,0x00,0xff,0xff,0xff,0x00,0xff,0xff,0xff,0x00,0xff,0xff,0xff,0x00,
    0xff,0xff,0xff,0x00,0xff,0xff,0xff,0x00,0xff,0xff,0xff,0x00,0xff,0xff,0xff,0x00,0xff,0xff,0xff,0x00,0xff,0xff,0xff,0x00,0xff,0xff,0xff,0x00,0xff,0xff,0xff,0x00,
    0xff,0xff,0xff,0x00,0x08,0x08,0x00,0xff,0xac,0xac,0xac,0xff,0xac,0xac,0xac,0xff,0xac,0xac,0xac,0xff,0xac,0xac,0xac,0xff,0xac,0xac,0xac,0xff,0xac,0xac,0xac,0xff,
    0xac,0xac,0xac,0xff,0x08,0x08,0x00,0xff,0xff,0xff,0xff,0x00,0xff,0xff,0xff,0x00,0xff,0xff,0xff,0x00,0xff,0xff,0xff,0x00,0xff,0xff,0xff,0x00,0xff,0xff,0xff,0x00,
    0xff,0xff,0xff,0x00,0xff,0xff,0xff,0x00,0xff,0xff,0xff,0x00,0xff,0xff,0xff,0x00,0xff,0xff,0xff,0x00,0xff,0xff,0xff,0x00,0xff,0xff,0xff,0x00,0xff,0xff,0xff,0x00,
    0xff,0xff,0xff,0x00,0xff,0xff,0xff,0x00,0x08,0x08,0x00,0xff,0xac,0xac,0xac,0xff,0xac,0xac,0xac,0xff,0xac,0xac,0xac,0xff,0xac,0xac,0xac,0xff,0xac,0xac,0xac,0xff,
    0xac,0xac,0xac,0xff,0xac,0xac,0xac,0xff,0x08,0x08,0x00,0xff,0xff,0xff,0xff,0x00,0xff,0xff,0xff,0x00,0xff,0xff,0xff,0x00,0xff,0xff,0xff,0x00,0xff,0xff,0xff,0x00,
    0xff,0xff,0xff,0x00,0xff,0xff,0xff,0x00,0xff,0xff,0xff,0x00,0xff,0xff,0xff,0x00,0xff,0xff,0xff,0x00,0xff,0xff,0xff,0x00,0xff,0xff,0xff,0x00,0xff,0xff,0xff,0x00,
    0xff,0xff,0xff,0x00,0xff,0xff,0xff,0x00,0xff,0xff,0xff,0x00,0x08,0x08,0x00,0xff,0xac,0xac,0xac,0xff,0xac,0xac,0xac,0xff,0xac,0xac,0xac,0xff,0xac,0xac,0xac,0xff,
    0xac,0xac,0xac,0xff,0xac,0xac,0xac,0xff,0xac,0xac,0xac,0xff,0x08,0x08,0x00,0xff,0xff,0xff,0xff,0x00,0xff,0xff,0xff,0x00,0xff,0xff,0xff,0x00,0xff,0xff,0xff,0x00,
    0xff,0xff,0xff,0x00,0xff,0xff,0xff,0x00,0xff,0xff,0xff,0x00,0xff,0xff,0xff,0x00,0xff,0xff,0xff,0x00,0xff,0xff,0xff,0x00,0xff,0xff,0xff,0x00,0xff,0xff,0xff,0x00,
    0xff,0xff,0xff,0x00,0xff,0xff,0xff,0x00,0xff,0xff,0xff,0x00,0xff,0xff,0xff,0x00,0x08,0x08,0x00,0xff,0xac,0xac,0xac,0xff,0xac,0xac,0xac,0xff,0xac,0xac,0xac,0xff,
    0xac,0xac,0xac,0xff,0xac,0xac,0xac,0xff,0xac,0xac,0xac,0xff,0xac,0xac,0xac,0xff,0x08,0x08,0x00,0xff,0xff,0xff,0xff,0x00,0xff,0xff,0xff,0x00,0x08,0x08,0x00,0xff,
    0xff,0xff,0xff,0x00,0xff,0xff,0xff,0x00,0xff,0xff,0xff,0x00,0xff,0xff,0xff,0x00,0xff,0xff,0xff,0x00,0xff,0xff,0xff,0x00,0xff,0xff,0xff,0x00,0xff,0xff,0xff,0x00,
    0xff,0xff,0xff,0x00,0xff,0xff,0xff,0x00,0x08,0x08,0x00,0xff,0xff,0xff,0xff,0x00,0x08,0x08,0x00,0xff,0x08,0x08,0x00,0xff,0xac,0xac,0xac,0xff,0xac,0xac,0xac,0xff,
    0xac,0xac,0xac,0xff,0xac,0xac,0xac,0xff,0xac,0xac,0xac,0xff,0xac,0xac,0xac,0xff,0xac,0xac,0xac,0xff,0x08,0x08,0x00,0xff,0xff,0xff,0xff,0x00,0x08,0x08,0x00,0xff,
    0xac,0xac,0xac,0xff,0x08,0x08,0x00,0xff,0xff,0xff,0xff,0x00,0xff,0xff,0xff,0x00,0xff,0xff,0xff,0x00,0xff,0xff,0xff,0x00,0xff,0xff,0xff,0x00,0xff,0xff,0xff,0x00,
    0xff,0xff,0xff,0x00,0xff,0xff,0xff,0x00,0x08,0x08,0x00,0xff,0xac,0xac,0xac,0xff,0x08,0x08,0x00,0xff,0xac,0xac,0xac,0xff,0xac,0xac,0xac,0xff,0xac,0xac,0xac,0xff,
    0xac,0xac,0xac,0xff,0xac,0xac,0xac,0xff,0xac,0xac,0xac,0xff,0xac,0xac,0xac,0xff,0xac,0xac,0xac,0xff,0xac,0xac,0xac,0xff,0x08,0x08,0x00,0xff,0xff,0xff,0xff,0x00,
    0xff,0xff,0xff,0x00,0x08,0x08,0x00,0xff,0xff,0xff,0xff,0x00,0xff,0xff,0xff,0x00,0xff,0xff,0xff,0x00,0xff,0xff,0xff,0x00,0xff,0xff,0xff,0x00,0xff,0xff,0xff,0x00,
    0xff,0xff,0xff,0x00,0xff,0xff,0xff,0x00,0xff,0xff,0xff,0x00,0xff,0xff,0xff,0x00,0x08,0x08,0x00,0xff,0xff,0xff,0xff,0x00,0x08,0x08,0x00,0xff,0x08,0x08,0x00,0xff,
    0x08,0x08,0x00,0xff,0x08,0x08,0x00,0xff,0x08,0x08,0x00,0xff,0x08,0x08,0x00,0xff,0x08,0x08,0x00,0xff,0x08,0x08,0x00,0xff,0x08,0x08,0x00,0xff,0x08,0x08,0x00,0xff,
    0xff,0xff,0xff,0x00,0xff,0xff,0xff,0x00,0xff,0xff,0xff,0x00,0xff,0xff,0xff,0x00,0xff,0xff,0xff,0x00,0xff,0xff,0xff,0x00,0xff,0xff,0xff,0x00,0xff,0xff,0xff,0x00,
    0xff,0xff,0xff,0x00,0xff,0xff,0xff,0x00,0xff,0xff,0xff,0x00,0xff,0xff,0xff,0x00,0xff,0xff,0xff,0x00,0xff,0xff,0xff,0x00,0xff,0xff,0xff,0x00,0xff,0xff,0xff,0x00,
    0xff,0xff,0xff,0x00,0xff,0xff,0xff,0x00,0xff,0xff,0xff,0x00,0xff,0xff,0xff,0x00,0xff,0xff,0xff,0x00,0xff,0xff,0xff,0x00,0xff,0xff,0xff,0x00,0x08,0x08,0x00,0xff,
    0xac,0xac,0xac,0xff,0x08,0x08,0x00,0xff,0xff,0xff,0xff,0x00,0xff,0xff,0xff,0x00,0xff,0xff,0xff,0x00,0xff,0xff,0xff,0x00,0xff,0xff,0xff,0x00,0xff,0xff,0xff,0x00,
    0xff,0xff,0xff,0x00,0xff,0xff,0xff,0x00,0xff,0xff,0xff,0x00,0xff,0xff,0xff,0x00,0xff,0xff,0xff,0x00,0xff,0xff,0xff,0x00,0xff,0xff,0xff,0x00,0xff,0xff,0xff,0x00,
    0xff,0xff,0xff,0x00,0xff,0xff,0xff,0x00,0xff,0xff,0xff,0x00,0xff,0xff,0xff,0x00,0xff,0xff,0xff,0x00,0xff,0xff,0xff,0x00,0xff,0xff,0xff,0x00,0xff,0xff,0xff,0x00,
    0xff,0xff,0xff,0x00,0x08,0x08,0x00,0xff,0xff,0xff,0xff,0x00,0xff,0xff,0xff,0x00,0xff,0xff,0xff,0x00,0xff,0xff,0xff,0x00,0xff,0xff,0xff,0x00,0xff,0xff,0xff,0x00,
    0xff,0xff,0xff,0x00,0xff,0xff,0xff,0x00,
};
static const lv_image_dsc_t dino_image_cactus_large = {
    .header = {.magic = LV_IMAGE_HEADER_MAGIC, .cf = LV_COLOR_FORMAT_ARGB8888, .w = 25, .h = 50, .stride = 100},
    .data_size = sizeof(dino_pixels_cactus_large), .data = dino_pixels_cactus_large,
};

_Alignas(4) static const uint8_t dino_pixels_bird_0[] = {
    0xff,0x00,0xff,0x00,0xff,0x00,0xff,0x00,0xff,0x00,0xff,0x00,0xff,0x00,0xff,0x00,0xff,0x00,0xff,0x00,0xff,0x00,0xff,0x00,0xff,0x00,0xff,0x00,0xff,0x00,0xff,0x00,
    0xff,0x00,0xff,0x00,0xff,0x00,0xff,0x00,0xff,0x00,0xff,0x00,0xff,0x00,0xff,0x00,0xff,0x00,0xff,0x00,0xff,0x00,0xff,0x00,0xff,0x00,0xff,0x00,0xff,0x00,0xff,0x00,
    0xff,0x00,0xff,0x00,0xff,0x00,0xff,0x00,0xff,0x00,0xff,0x00,0xff,0x00,0xff,0x00,0xff,0x00,0xff,0x00,0xff,0x00,0xff,0x00,0xff,0x00,0xff,0x00,0xff,0x00,0xff,0x00,
    0xff,0x00,0xff,0x00,0xff,0x00,0xff,0x00,0xff,0x00,0xff,0x00,0xff,0x00,0xff,0x00,0xff,0x00,0xff,0x00,0xff,0x00,0xff,0x00,0xff,0x00,0xff,0x00,0xff,0x00,0xff,0x00,
    0xff,0x00,0xff,0x00,0xff,0x00,0xff,0x00,0xff,0x00,0xff,0x00,0xff,0x00,0xff,0x00,0xff,0x00,0xff,0x00,0xff,0x00,0xff,0x00,0xff,0x00,0xff,0x00,0xff,0x00,0xff,0x00,
    0xff,0x00,0xff,0x00,0xff,0x00,0xff,0x00,0xff,0x00,0xff,0x00,0xff,0x00,0xff,0x00,0xff,0x00,0xff,0x00,0xff,0x00,0xff,0x00,0xff,0x00,0xff,0x00,0xff,0x00,0xff,0x00,
    0xff,0x00,0xff,0x00,0xff,0x00,0xff,0x00,0xff,0x00,0xff,0x00,0xff,0x00,0xff,0x00,0xff,0x00,0xff,0x00,0xff,0x00,0xff,0x00,0xff,0x00,0xff,0x00,0xff,0x00,0xff,0x00,
    0xff,0x00,0xff,0x00,0xff,0x00,0xff,0x00,0xff,0x00,0xff,0x00,0xff,0x00,0xff,0x00,0xff,0x00,0xff,0x00,0xff,0x00,0xff,0x00,0xff,0x00,0xff,0x00,0xff,0x00,0xff,0x00,
    0xff,0x00,0xff,0x00,0xff,0x00,0xff,0x00,0xff,0x00,0xff,0x00,0xff,0x00,0xff,0x00,0xff,0x00,0xff,0x00,0xff,0x00,0xff,0x00,0xff,0x00,0xff,0x00,0xff,0x00,0xff,0x00,
    0xff,0x00,0xff,0x00,0xff,0x00,0xff,0x00,0xff,0x00,0xff,0x00,0xff,0x00,0xff,0x00,0xff,0x00,0xff,0x00,0xff,0x00,0xff,0x00,0xff,0x00,0xff,0x00,0xff,0x00,0xff,0x00,
    0xff,0x00,0xff,0x00,0xff,0x00,0xff,0x00,0xff,0x00,0xff,0x00,0xff,0x00,0xff,0x00,0xff,0x00,0xff,0x00,0xff,0x00,0xff,0x00,0xff,0x00,0xff,0x00,0xff,0x00,0xff,0x00,
    0xff,0x00,0xff,0x00,0xff,0x00,0xff,0x00,0xff,0x00,0xff,0x00,0xff,0x00,0xff,0x00,0xff,0x00,0xff,0x00,0xff,0x00,0xff,0x00,0xff,0x00,0xff,0x00,0xff,0x00,0xff,0x00,
    0xff,0x00,0xff,0x00,0xff,0x00,0xff,0x00,0xff,0x00,0xff,0x00,0xff,0x00,0xff,0x00,0xff,0x00,0xff,0x00,0xff,0x00,0xff,0x00,0xff,0x00,0xff,0x00,0xff,0x00,0xff,0x00,
    0xff,0x00,0xff,0x00,0xff,0x00,0xff,0x00,0xff,0x00,0xff,0x00,0xff,0x00,0xff,0x00,0xff,0x00,0xff,0x00,0xff,0x00,0xff,0x00,0xff,0x00,0xff,0x00,0xff,0x00,0xff,0x00,
    0xff,0x00,0xff,0x00,0xff,0x00,0xff,0x00,0xff,0x00,0xff,0x00,0xff,0x00,0xff,0x00,0xff,0x00,0xff,0x00,0xff,0x00,0xff,0x00,0xff,0x00,0xff,0x00,0xff,0x00,0xff,0x00,
    0xff,0x00,0xff,0x00,0xff,0x00,0xff,0x00,0xff,0x00,0xff,0x00,0xff,0x00,0xff,0x00,0xff,0x00,0xff,0x00,0xff,0x00,0xff,0x00,0xff,0x00,0xff,0x00,0xff,0x00,0xff,0x00,
    0xff,0x00,0xff,0x00,0xff,0x00,0xff,0x00,0xff,0x00,0xff,0x00,0xff,0x00,0xff,0x00,0xff,0x00,0xff,0x00,0xff,0x00,0xff,0x00,0xff,0x00,0xff,0x00,0xff,0x00,0xff,0x00,
    0xff,0x00,0xff,0x00,0xff,0x00,0xff,0x00,0xff,0x00,0xff,0x00,0xff,0x00,0xff,0x00,0xff,0x00,0xff,0x00,0xff,0x00,0xff,0x00,0xff,0x00,0xff,0x00,0x00,0xff,0x00,0xff,
    0x00,0xff,0x00,0xff,0xff,0x00,0xff,0x00,0xff,0x00,0xff,0x00,0xff,0x00,0xff,0x00,0xff,0x00,0xff,0x00,0xff,0x00,0xff,0x00,0xff,0x00,0xff,0x00,0xff,0x00,0xff,0x00,
    0xff,0x00,0xff,0x00,0xff,0x00,0xff,0x00,0xff,0x00,0xff,0x00,0xff,0x00,0xff,0x00,0xff,0x00,0xff,0x00,0xff,0x00,0xff,0x00,0xff,0x00,0xff,0x00,0xff,0x00,0xff,0x00,
    0xff,0x00,0xff,0x00,0xff,0x00,0xff,0x00,0xff,0x00,0xff,0x00,0xff,0x00,0xff,0x00,0xff,0x00,0xff,0x00,0xff,0x00,0xff,0x00,0x00,0xff,0x00,0xff,0x00,0xff,0x00,0xff,
    0xff,0x00,0xff,0x00,0xff,0x00,0xff,0x00,0xff,0x00,0xff,0x00,0xff,0x00,0xff,0x00,0xff,0x00,0xff,0x00,0xff,0x00,0xff,0x00,0xff,0x00,0xff,0x00,0xff,0x00,0xff,0x00,
    0xff,0x00,0xff,0x00,0xff,0x00,0xff,0x00,0xff,0x00,0xff,0x00,0xff,0x00,0xff,0x00,0xff,0x00,0xff,0x00,0xff,0x00,0xff,0x00,0xff,0x00,0xff,0x00,0xff,0x00,0xff,0x00,
    0xff,0x00,0xff,0x00,0xff,0x00,0xff,0x00,0xff,0x00,0xff,0x00,0xff,0x00,0xff,0x00,0x00,0xff,0x00,0xff,0xac,0xff,0xac,0xff,0xac,0xff,0xac,0xff,0x00,0xff,0x00,0xff,
    0xff,0x00,0xff,0x00,0xff,0x00,0xff,0x00,0xff,0x00,0xff,0x00,0xff,0x00,0xff,0x00,0xff,0x00,0xff,0x00,0xff,0x00,0xff,0x00,0xff,0x00,0xff,0x00,0xff,0x00,0xff,0x00,
    0xff,0x00,0xff,0x00,0xff,0x00,0xff,0x00,0xff,0x00,0xff,0x00,0xff,0x00,0xff,0x00,0xff,0x00,0xff,0x00,0xff,0x00,0xff,0x00,0xff,0x00,0xff,0x00,0xff,0x00,0xff,0x00,
    0xff,0x00,0xff,0x00,0xff,0x00,0xff,0x00,0xff,0x00,0xff,0x00,0x00,0xff,0x00,0xff,0xac,0xff,0xac,0xff,0xac,0xff,0xac,0xff,0x00,0xff,0x00,0xff,0xff,0x00,0xff,0x00,
    0xff,0x00,0xff,0x00,0xff,0x00,0xff,0x00,0xff,0x00,0xff,0x00,0xff,0x00,0xff,0x00,0xff,0x00,0xff,0x00,0xff,0x00,0xff,0x00,0xff,0x00,0xff,0x00,0xff,0x00,0xff,0x00,
    0xff,0x00,0xff,0x00,0xff,0x00,0xff,0x00,0xff,0x00,0xff,0x00,0xff,0x00,0xff,0x00,0xff,0x00,0xff,0x00,0xff,0x00,0xff,0x00,0xff,0x00,0xff,0x00,0xff,0x00,0xff,0x00,
    0xff,0x00,0xff,0x00,0x00,0xff,0x00,0xff,0xac,0xff,0xac,0xff,0xac,0xff,0xac,0xff,0xac,0xff,0xac,0xff,0x00,0xff,0x00,0xff,0xff,0x00,0xff,0x00,0xff,0x00,0xff,0x00,
    0xff,0x00,0xff,0x00,0xff,0x00,0xff,0x00,0xff,0x00,0xff,0x00,0xff,0x00,0xff,0x00,0xff,0x00,0xff,0x00,0xff,0x00,0xff,0x00,0xff,0x00,0xff,0x00,0xff,0x00,0xff,0x00,
    0xff,0x00,0xff,0x00,0xff,0x00,0xff,0x00,0xff,0x00,0xff,0x00,0xff,0x00,0xff,0x00,0xff,0x00,0xff,0x00,0xff,0x00,0xff,0x00,0xff,0x00,0xff,0x00,0xff,0x00,0xff,0x00,
    0x00,0xff,0x00,0xff,0xac,0xff,0xac,0xff,0xac,0xff,0xac,0xff,0xac,0xff,0xac,0xff,0x00,0xff,0x00,0xff,0xff,0x00,0xff,0x00,0xff,0x00,0xff,0x00,0xff,0x00,0xff,0x00,
    0xff,0x00,0xff,0x00,0xff,0x00,0xff,0x00,0xff,0x00,0xff,0x00,0xff,0x00,0xff,0x00,0xff,0x00,0xff,0x00,0xff,0x00,0xff,0x00,0xff,0x00,0xff,0x00,0xff,0x00,0xff,0x00,
    0xff,0x00,0xff,0x00,0xff,0x00,0xff,0x00,0xff,0x00,0xff,0x00,0xff,0x00,0xff,0x00,0xff,0x00,0xff,0x00,0xff,0x00,0xff,0x00,0x00,0xff,0x00,0xff,0xac,0xff,0xac,0xff,
    0xac,0xff,0xac,0xff,0xac,0xff,0xac,0xff,0xac,0xff,0xac,0xff,0xac,0xff,0xac,0xff,0x00,0xff,0x00,0xff,0xff,0x00,0xff,0x00,0xff,0x00,0xff,0x00,0xff,0x00,0xff,0x00,
    0xff,0x00,0xff,0x00,0xff,0x00,0xff,0x00,0xff,0x00,0xff,0x00,0xff,0x00,0xff,0x00,0xff,0x00,0xff,0x00,0xff,0x00,0xff,0x00,0xff,0x00,0xff,0x00,0xff,0x00,0xff,0x00,
    0xff,0x00,0xff,0x00,0xff,0x00,0xff,0x00,0xff,0x00,0xff,0x00,0xff,0x00,0xff,0x00,0xff,0x00,0xff,0x00,0x00,0xff,0x00,0xff,0xac,0xff,0xac,0xff,0xac,0xff,0xac,0xff,
    0xac,0xff,0xac,0xff,0xac,0xff,0xac,0xff,0xac,0xff,0xac,0xff,0x00,0xff,0x00,0xff,0xff,0x00,0xff,0x00,0xff,0x00,0xff,0x00,0xff,0x00,0xff,0x00,0xff,0x00,0xff,0x00,
    0xff,0x00,0xff,0x00,0xff,0x00,0xff,0x00,0xff,0x00,0xff,0x00,0xff,0x00,0xff,0x00,0xff,0x00,0xff,0x00,0xff,0x00,0xff,0x00,0xff,0x00,0xff,0x00,0xff,0x00,0xff,0x00,
    0xff,0x00,0xff,0x00,0xff,0x00,0xff,0x00,0xff,0x00,0xff,0x00,0x00,0xff,0x00,0xff,0xac,0xff,0xac,0xff,0xac,0xff,0xac,0xff,0xac,0xff,0xac,0xff,0xac,0xff,0xac,0xff,
    0xac,0xff,0xac,0xff,0xac,0xff,0xac,0xff,0x00,0xff,0x00,0xff,0x00,0xff,0x00,0xff,0x00,0xff,0x00,0xff,0x00,0xff,0x00,0xff,0x00,0xff,0x00,0xff,0x00,0xff,0x00,0xff,
    0x00,0xff,0x00,0xff,0xff,0x00,0xff,0x00,0xff,0x00,0xff,0x00,0xff,0x00,0xff,0x00,0xff,0x00,0xff,0x00,0xff,0x00,0xff,0x00,0xff,0x00,0xff,0x00,0xff,0x00,0xff,0x00,
    0xff,0x00,0xff,0x00,0xff,0x00,0xff,0x00,0x00,0xff,0x00,0xff,0xac,0xff,0xac,0xff,0xac,0xff,0xac,0xff,0xac,0xff,0xac,0xff,0xac,0xff,0xac,0xff,0xac,0xff,0xac,0xff,
    0xac,0xff,0xac,0xff,0x00,0xff,0x00,0xff,0x00,0xff,0x00,0xff,0x00,0xff,0x00,0xff,0x00,0xff,0x00,0xff,0x00,0xff,0x00,0xff,0x00,0xff,0x00,0xff,0x00,0xff,0x00,0xff,
    0xff,0x00,0xff,0x00,0xff,0x00,0xff,0x00,0xff,0x00,0xff,0x00,0xff,0x00,0xff,0x00,0xff,0x00,0xff,0x00,0xff,0x00,0xff,0x00,0xff,0x00,0xff,0x00,0xff,0x00,0xff,0x00,
    0x00,0xff,0x00,0xff,0xac,0xff,0xac,0xff,0xac,0xff,0xac,0xff,0xac,0xff,0xac,0xff,0xac,0xff,0xac,0xff,0xac,0xff,0xac,0xff,0xac,0xff,0xac,0xff,0xac,0xff,0xac,0xff,
    0xac,0xff,0xac,0xff,0xac,0xff,0xac,0xff,0xac,0xff,0xac,0xff,0xac,0xff,0xac,0xff,0xac,0xff,0xac,0xff,0xac,0xff,0xac,0xff,0xac,0xff,0xac,0xff,0x00,0xff,0x00,0xff,
    0xff,0x00,0xff,0x00,0xff,0x00,0xff,0x00,0xff,0x00,0xff,0x00,0xff,0x00,0xff,0x00,0xff,0x00,0xff,0x00,0xff,0x00,0xff,0x00,0xff,0x00,0xff,0x00,0x00,0xff,0x00,0xff,
    0xac,0xff,0xac,0xff,0xac,0xff,0xac,0xff,0xac,0xff,0xac,0xff,0xac,0xff,0xac,0xff,0xac,0xff,0xac,0xff,0xac,0xff,0xac,0xff,0xac,0xff,0xac,0xff,0xac,0xff,0xac,0xff,
    0xac,0xff,0xac,0xff,0xac,0xff,0xac,0xff,0xac,0xff,0xac,0xff,0xac,0xff,0xac,0xff,0xac,0xff,0xac,0xff,0xac,0xff,0xac,0xff,0x00,0xff,0x00,0xff,0xff,0x00,0xff,0x00,
    0xff,0x00,0xff,0x00,0xff,0x00,0xff,0x00,0xff,0x00,0xff,0x00,0xff,0x00,0xff,0x00,0xff,0x00,0xff,0x00,0xff,0x00,0xff,0x00,0x00,0xff,0x00,0xff,0x00,0xff,0x00,0xff,
    0x00,0xff,0x00,0xff,0x00,0xff,0x00,0xff,0x00,0xff,0x00,0xff,0x00,0xff,0x00,0xff,0x00,0xff,0x00,0xff,0xac,0xff,0xac,0xff,0xac,0xff,0xac,0xff,0xac,0xff,0xac,0xff,
    0xac,0xff,0xac,0xff,0xac,0xff,0xac,0xff,0xac,0xff,0xac,0xff,0xac,0xff,0xac,0xff,0xac,0xff,0xac,0xff,0xac,0xff,0xac,0xff,0x00,0xff,0x00,0xff,0x00,0xff,0x00,0xff,
    0x00,0xff,0x00,0xff,0x00,0xff,0x00,0xff,0x00,0xff,0x00,0xff,0x00,0xff,0x00,0xff,0x00,0xff,0x00,0xff,0x00,0xff,0x00,0xff,0x00,0xff,0x00,0xff,0x00,0xff,0x00,0xff,
    0x00,0xff,0x00,0xff,0x00,0xff,0x00,0xff,0x00,0xff,0x00,0xff,0x00,0xff,0x00,0xff,0xac,0xff,0xac,0xff,0xac,0xff,0xac,0xff,0xac,0xff,0xac,0xff,0xac,0xff,0xac,0xff,
    0xac,0xff,0xac,0xff,0xac,0xff,0xac,0xff,0xac,0xff,0xac,0xff,0xac,0xff,0xac,0xff,0xac,0xff,0xac,0xff,0x00,0xff,0x00,0xff,0x00,0xff,0x00,0xff,0x00,0xff,0x00,0xff,
    0x00,0xff,0x00,0xff,0x00,0xff,0x00,0xff,0x00,0xff,0x00,0xff,0x00,0xff,0x00,0xff,0xff,0x00,0xff,0x00,0xff,0x00,0xff,0x00,0xff,0x00,0xff,0x00,0xff,0x00,0xff,0x00,
    0xff,0x00,0xff,0x00,0xff,0x00,0xff,0x00,0xff,0x00,0xff,0x00,0x00,0xff,0x00,0xff,0xac,0xff,0xac,0xff,0xac,0xff,0xac,0xff,0xac,0xff,0xac,0xff,0xac,0xff,0xac,0xff,
    0xac,0xff,0xac,0xff,0xac,0xff,0xac,0xff,0xac,0xff,0xac,0xff,0xac,0xff,0xac,0xff,0xac,0xff,0xac,0xff,0xac,0xff,0xac,0xff,0xac,0xff,0xac,0xff,0xac,0xff,0xac,0xff,
    0xac,0xff,0xac,0xff,0xac,0xff,0xac,0xff,0x00,0xff,0x00,0xff,0xff,0x00,0xff,0x00,0xff,0x00,0xff,0x00,0xff,0x00,0xff,0x00,0xff,0x00,0xff,0x00,0xff,0x00,0xff,0x00,
    0xff,0x00,0xff,0x00,0xff,0x00,0xff,0x00,0x00,0xff,0x00,0xff,0xac,0xff,0xac,0xff,0xac,0xff,0xac,0xff,0xac,0xff,0xac,0xff,0xac,0xff,0xac,0xff,0xac,0xff,0xac,0xff,
    0xac,0xff,0xac,0xff,0xac,0xff,0xac,0xff,0xac,0xff,0xac,0xff,0xac,0xff,0xac,0xff,0xac,0xff,0xac,0xff,0xac,0xff,0xac,0xff,0xac,0xff,0xac,0xff,0xac,0xff,0xac,0xff,
    0xac,0xff,0xac,0xff,0x00,0xff,0x00,0xff,0xff,0x00,0xff,0x00,0xff,0x00,0xff,0x00,0xff,0x00,0xff,0x00,0xff,0x00,0xff,0x00,0xff,0x00,0xff,0x00,0xff,0x00,0xff,0x00,
    0xff,0x00,0xff,0x00,0xff,0x00,0xff,0x00,0x00,0xff,0x00,0xff,0xac,0xff,0xac,0xff,0xac,0xff,0xac,0xff,0xac,0xff,0xac,0xff,0xac,0xff,0xac,0xff,0xac,0xff,0xac,0xff,
    0xac,0xff,0xac,0xff,0xac,0xff,0xac,0xff,0xac,0xff,0xac,0xff,0xac,0xff,0xac,0xff,0xac,0xff,0xac,0xff,0x00,0xff,0x00,0xff,0x00,0xff,0x00,0xff,0x00,0xff,0x00,0xff,
    0xff,0x00,0xff,0x00,0xff,0x00,0xff,0x00,0xff,0x00,0xff,0x00,0xff,0x00,0xff,0x00,0xff,0x00,0xff,0x00,0xff,0x00,0xff,0x00,0xff,0x00,0xff,0x00,0xff,0x00,0xff,0x00,
    0xff,0x00,0xff,0x00,0x00,0xff,0x00,0xff,0xac,0xff,0xac,0xff,0xac,0xff,0xac,0xff,0xac,0xff,0xac,0xff,0xac,0xff,0xac,0xff,0xac,0xff,0xac,0xff,0xac,0xff,0xac,0xff,
    0xac,0xff,0xac,0xff,0xac,0xff,0xac,0xff,0xac,0xff,0xac,0xff,0xac,0xff,0xac,0xff,0x00,0xff,0x00,0xff,0x00,0xff,0x00,0xff,0x00,0xff,0x00,0xff,0xff,0x00,0xff,0x00,
    0xff,0x00,0xff,0x00,0xff,0x00,0xff,0x00,0xff,0x00,0xff,0x00,0xff,0x00,0xff,0x00,0xff,0x00,0xff,0x00,0xff,0x00,0xff,0x00,0xff,0x00,0xff,0x00,0xff,0x00,0xff,0x00,
    0x00,0xff,0x00,0xff,0xac,0xff,0xac,0xff,0xac,0xff,0xac,0xff,0xac,0xff,0xac,0xff,0xac,0xff,0xac,0xff,0xac,0xff,0xac,0xff,0xac,0xff,0xac,0xff,0xac,0xff,0xac,0xff,
    0xac,0xff,0xac,0xff,0xac,0xff,0xac,0xff,0xac,0xff,0xac,0xff,0xac,0xff,0xac,0xff,0xac,0xff,0xac,0xff,0x00,0xff,0x00,0xff,0xff,0x00,0xff,0x00,0xff,0x00,0xff,0x00,
    0xff,0x00,0xff,0x00,0xff,0x00,0xff,0x00,0xff,0x00,0xff,0x00,0xff,0x00,0xff,0x00,0xff,0x00,0xff,0x00,0xff,0x00,0xff,0x00,0xff,0x00,0xff,0x00,0x00,0xff,0x00,0xff,
    0xac,0xff,0xac,0xff,0xac,0xff,0xac,0xff,0xac,0xff,0xac,0xff,0xac,0xff,0xac,0xff,0xac,0xff,0xac,0xff,0xac,0xff,0xac,0xff,0xac,0xff,0xac,0xff,0xac,0xff,0xac,0xff,
    0xac,0xff,0xac,0xff,0xac,0xff,0xac,0xff,0xac,0xff,0xac,0xff,0xac,0xff,0xac,0xff,0x00,0xff,0x00,0xff,0xff,0x00,0xff,0x00,0xff,0x00,0xff,0x00,0xff,0x00,0xff,0x00,
    0xff,0x00,0xff,0x00,0xff,0x00,0xff,0x00,0xff,0x00,0xff,0x00,0xff,0x00,0xff,0x00,0xff,0x00,0xff,0x00,0xff,0x00,0xff,0x00,0x00,0xff,0x00,0xff,0xac,0xff,0xac,0xff,
    0xac,0xff,0xac,0xff,0xac,0xff,0xac,0xff,0xac,0xff,0xac,0xff,0xac,0xff,0xac,0xff,0xac,0xff,0xac,0xff,0xac,0xff,0xac,0xff,0xac,0xff,0xac,0xff,0xac,0xff,0xac,0xff,
    0x00,0xff,0x00,0xff,0x00,0xff,0x00,0xff,0x00,0xff,0x00,0xff,0xff,0x00,0xff,0x00,0xff,0x00,0xff,0x00,0xff,0x00,0xff,0x00,0xff,0x00,0xff,0x00,0xff,0x00,0xff,0x00,
    0xff,0x00,0xff,0x00,0xff,0x00,0xff,0x00,0xff,0x00,0xff,0x00,0xff,0x00,0xff,0x00,0xff,0x00,0xff,0x00,0x00,0xff,0x00,0xff,0xac,0xff,0xac,0xff,0xac,0xff,0xac,0xff,
    0xac,0xff,0xac,0xff,0xac,0xff,0xac,0xff,0xac,0xff,0xac,0xff,0xac,0xff,0xac,0xff,0xac,0xff,0xac,0xff,0xac,0xff,0xac,0xff,0xac,0xff,0xac,0xff,0x00,0xff,0x00,0xff,
    0x00,0xff,0x00,0xff,0x00,0xff,0x00,0xff,0xff,0x00,0xff,0x00,0xff,0x00,0xff,0x00,0xff,0x00,0xff,0x00,0xff,0x00,0xff,0x00,0xff,0x00,0xff,0x00,0xff,0x00,0xff,0x00,
    0xff,0x00,0xff,0x00,0xff,0x00,0xff,0x00,0xff,0x00,0xff,0x00,0xff,0x00,0xff,0x00,0x00,0xff,0x00,0xff,0xac,0xff,0xac,0xff,0xac,0xff,0xac,0xff,0xac,0xff,0xac,0xff,
    0xac,0xff,0xac,0xff,0x00,0xff,0x00,0xff,0x00,0xff,0x00,0xff,0x00,0xff,0x00,0xff,0x00,0xff,0x00,0xff,0x00,0xff,0x00,0xff,0xff,0x00,0xff,0x00,0xff,0x00,0xff,0x00,
    0xff,0x00,0xff,0x00,0xff,0x00,0xff,0x00,0xff,0x00,0xff,0x00,0xff,0x00,0xff,0x00,0xff,0x00,0xff,0x00,0xff,0x00,0xff,0x00,0xff,0x00,0xff,0x00,0xff,0x00,0xff,0x00,
    0xff,0x00,0xff,0x00,0xff,0x00,0xff,0x00,0xff,0x00,0xff,0x00,0x00,0xff,0x00,0xff,0xac,0xff,0xac,0xff,0xac,0xff,0xac,0xff,0xac,0xff,0xac,0xff,0xac,0xff,0xac,0xff,
    0x00,0xff,0x00,0xff,0x00,0xff,0x00,0xff,0x00,0xff,0x00,0xff,0x00,0xff,0x00,0xff,0x00,0xff,0x00,0xff,0xff,0x00,0xff,0x00,0xff,0x00,0xff,0x00,0xff,0x00,0xff,0x00,
    0xff,0x00,0xff,0x00,0xff,0x00,0xff,0x00,0xff,0x00,0xff,0x00,0xff,0x00,0xff,0x00,0xff,0x00,0xff,0x00,0xff,0x00,0xff,0x00,0xff,0x00,0xff,0x00,0xff,0x00,0xff,0x00,
    0xff,0x00,0xff,0x00,0xff,0x00,0xff,0x00,0x00,0xff,0x00,0xff,0xac,0xff,0xac,0xff,0xac,0xff,0xac,0xff,0xac,0xff,0xac,0xff,0x00,0xff,0x00,0xff,0xff,0x00,0xff,0x00,
    0xff,0x00,0xff,0x00,0xff,0x00,0xff,0x00,0xff,0x00,0xff,0x00,0xff,0x00,0xff,0x00,0xff,0x00,0xff,0x00,0xff,0x00,0xff,0x00,0xff,0x00,0xff,0x00,0xff,0x00,0xff,0x00,
    0xff,0x00,0xff,0x00,0xff,0x00,0xff,0x00,0xff,0x00,0xff,0x00,0xff,0x00,0xff,0x00,0xff,0x00,0xff,0x00,0xff,0x00,0xff,0x00,0xff,0x00,0xff,0x00,0xff,0x00,0xff,0x00,
    0xff,0x00,0xff,0x00,0x00,0xff,0x00,0xff,0xac,0xff,0xac,0xff,0xac,0xff,0xac,0xff,0xac,0xff,0xac,0xff,0x00,0xff,0x00,0xff,0xff,0x00,0xff,0x00,0xff,0x00,0xff,0x00,
    0xff,0x00,0xff,0x00,0xff,0x00,0xff,0x00,0xff,0x00,0xff,0x00,0xff,0x00,0xff,0x00,0xff,0x00,0xff,0x00,0xff,0x00,0xff,0x00,0xff,0x00,0xff,0x00,0xff,0x00,0xff,0x00,
    0xff,0x00,0xff,0x00,0xff,0x00,0xff,0x00,0xff,0x00,0xff,0x00,0xff,0x00,0xff,0x00,0xff,0x00,0xff,0x00,0xff,0x00,0xff,0x00,0xff,0x00,0xff,0x00,0xff,0x00,0xff,0x00,
    0x00,0xff,0x00,0xff,0xac,0xff,0xac,0xff,0xac,0xff,0xac,0xff,0x00,0xff,0x00,0xff,0xff,0x00,0xff,0x00,0xff,0x00,0xff,0x00,0xff,0x00,0xff,0x00,0xff,0x00,0xff,0x00,
    0xff,0x00,0xff,0x00,0xff,0x00,0xff,0x00,0xff,0x00,0xff,0x00,0xff,0x00,0xff,0x00,0xff,0x00,0xff,0x00,0xff,0x00,0xff,0x00,0xff,0x00,0xff,0x00,0xff,0x00,0xff,0x00,
    0xff,0x00,0xff,0x00,0xff,0x00,0xff,0x00,0xff,0x00,0xff,0x00,0xff,0x00,0xff,0x00,0xff,0x00,0xff,0x00,0xff,0x00,0xff,0x00,0xff,0x00,0xff,0x00,0x00,0xff,0x00,0xff,
    0xac,0xff,0xac,0xff,0xac,0xff,0xac,0xff,0x00,0xff,0x00,0xff,0xff,0x00,0xff,0x00,0xff,0x00,0xff,0x00,0xff,0x00,0xff,0x00,0xff,0x00,0xff,0x00,0xff,0x00,0xff,0x00,
    0xff,0x00,0xff,0x00,0xff,0x00,0xff,0x00,0xff,0x00,0xff,0x00,0xff,0x00,0xff,0x00,0xff,0x00,0xff,0x00,0xff,0x00,0xff,0x00,0xff,0x00,0xff,0x00,0xff,0x00,0xff,0x00,
    0xff,0x00,0xff,0x00,0xff,0x00,0xff,0x00,0xff,0x00,0xff,0x00,0xff,0x00,0xff,0x00,0xff,0x00,0xff,0x00,0xff,0x00,0xff,0x00,0x00,0xff,0x00,0xff,0xac,0xff,0xac,0xff,
    0xac,0xff,0xac,0xff,0x00,0xff,0x00,0xff,0xff,0x00,0xff,0x00,0xff,0x00,0xff,0x00,0xff,0x00,0xff,0x00,0xff,0x00,0xff,0x00,0xff,0x00,0xff,0x00,0xff,0x00,0xff,0x00,
    0xff,0x00,0xff,0x00,0xff,0x00,0xff,0x00,0xff,0x00,0xff,0x00,0xff,0x00,0xff,0x00,0xff,0x00,0xff,0x00,0xff,0x00,0xff,0x00,0xff,0x00,0xff,0x00,0xff,0x00,0xff,0x00,
    0xff,0x00,0xff,0x00,0xff,0x00,0xff,0x00,0xff,0x00,0xff,0x00,0xff,0x00,0xff,0x00,0xff,0x00,0xff,0x00,0x00,0xff,0x00,0xff,0xac,0xff,0xac,0xff,0xac,0xff,0xac,0xff,
    0x00,0xff,0x00,0xff,0xff,0x00,0xff,0x00,0xff,0x00,0xff,0x00,0xff,0x00,0xff,0x00,0xff,0x00,0xff,0x00,0xff,0x00,0xff,0x00,0xff,0x00,0xff,0x00,0xff,0x00,0xff,0x00,
    0xff,0x00,0xff,0x00,0xff,0x00,0xff,0x00,0xff,0x00,0xff,0x00,0xff,0x00,0xff,0x00,0xff,0x00,0xff,0x00,0xff,0x00,0xff,0x00,0xff,0x00,0xff,0x00,0xff,0x00,0xff,0x00,
    0xff,0x00,0xff,0x00,0xff,0x00,0xff,0x00,0xff,0x00,0xff,0x00,0xff,0x00,0xff,0x00,0x00,0xff,0x00,0xff,0xac,0xff,0xac,0xff,0x00,0xff,0x00,0xff,0xff,0x00,0xff,0x00,
    0xff,0x00,0xff,0x00,0xff,0x00,0xff,0x00,0xff,0x00,0xff,0x00,0xff,0x00,0xff,0x00,0xff,0x00,0xff,0x00,0xff,0x00,0xff,0x00,0xff,0x00,0xff,0x00,0xff,0x00,0xff,0x00,
    0xff,0x00,0xff,0x00,0xff,0x00,0xff,0x00,0xff,0x00,0xff,0x00,0xff,0x00,0xff,0x00,0xff,0x00,0xff,0x00,0xff,0x00,0xff,0x00,0xff,0x00,0xff,0x00,0xff,0x00,0xff,0x00,
    0xff,0x00,0xff,0x00,0xff,0x00,0xff,0x00,0xff,0x00,0xff,0x00,0x00,0xff,0x00,0xff,0xac,0xff,0xac,0xff,0x00,0xff,0x00,0xff,0xff,0x00,0xff,0x00,0xff,0x00,0xff,0x00,
    0xff,0x00,0xff,0x00,0xff,0x00,0xff,0x00,0xff,0x00,0xff,0x00,0xff,0x00,0xff,0x00,0xff,0x00,0xff,0x00,0xff,0x00,0xff,0x00,0xff,0x00,0xff,0x00,0xff,0x00,0xff,0x00,
    0xff,0x00,0xff,0x00,0xff,0x00,0xff,0x00,0xff,0x00,0xff,0x00,0xff,0x00,0xff,0x00,0xff,0x00,0xff,0x00,0xff,0x00,0xff,0x00,0xff,0x00,0xff,0x00,0xff,0x00,0xff,0x00,
    0xff,0x00,0xff,0x00,0xff,0x00,0xff,0x00,0xff,0x00,0xff,0x00,0x00,0xff,0x00,0xff,0xff,0x00,0xff,0x00,0xff,0x00,0xff,0x00,0xff,0x00,0xff,0x00,0xff,0x00,0xff,0x00,
    0xff,0x00,0xff,0x00,0xff,0x00,0xff,0x00,0xff,0x00,0xff,0x00,0xff,0x00,0xff,0x00,0xff,0x00,0xff,0x00,0xff,0x00,0xff,0x00,0xff,0x00,0xff,0x00,0xff,0x00,0xff,0x00,
    0xff,0x00,0xff,0x00,0xff,0x00,0xff,0x00,0xff,0x00,0xff,0x00,0xff,0x00,0xff,0x00,0xff,0x00,0xff,0x00,0xff,0x00,0xff,0x00,0xff,0x00,0xff,0x00,0xff,0x00,0xff,0x00,
    0xff,0x00,0xff,0x00,0xff,0x00,0xff,0x00,0x00,0xff,0x00,0xff,0xff,0x00,0xff,0x00,0xff,0x00,0xff,0x00,0xff,0x00,0xff,0x00,0xff,0x00,0xff,0x00,0xff,0x00,0xff,0x00,
    0xff,0x00,0xff,0x00,0xff,0x00,0xff,0x00,0xff,0x00,0xff,0x00,0xff,0x00,0xff,0x00,0xff,0x00,0xff,0x00,0xff,0x00,0xff,0x00,0xff,0x00,0xff,0x00,0xff,0x00,0xff,0x00,
};
static const lv_image_dsc_t dino_image_bird_0 = {
    .header = {.magic = LV_IMAGE_HEADER_MAGIC, .cf = LV_COLOR_FORMAT_AL88, .w = 46, .h = 40, .stride = 92},
    .data_size = sizeof(dino_pixels_bird_0), .data = dino_pixels_bird_0,
};

_Alignas(4) static const uint8_t dino_pixels_bird_1[] = {
    0xff,0x00,0xff,0x00,0xff,0x00,0xff,0x00,0xff,0x00,0xff,0x00,0xff,0x00,0xff,0x00,0xff,0x00,0xff,0x00,0xff,0x00,0xff,0x00,0xff,0x00,0xff,0x00,0xff,0x00,0xff,0x00,
    0x00,0xff,0x00,0xff,0xff,0x00,0xff,0x00,0xff,0x00,0xff,0x00,0xff,0x00,0xff,0x00,0xff,0x00,0xff,0x00,0xff,0x00,0xff,0x00,0xff,0x00,0xff,0x00,0xff,0x00,0xff,0x00,
    0xff,0x00,0xff,0x00,0xff,0x00,0xff,0x00,0xff,0x00,0xff,0x00,0xff,0x00,0xff,0x00,0xff,0x00,0xff,0x00,0xff,0x00,0xff,0x00,0xff,0x00,0xff,0x00,0xff,0x00,0xff,0x00,
    0xff,0x00,0xff,0x00,0xff,0x00,0xff,0x00,0xff,0x00,0xff,0x00,0xff,0x00,0xff,0x00,0xff,0x00,0xff,0x00,0xff,0x00,0xff,0x00,0xff,0x00,0xff,0x00,0x00,0xff,0x00,0xff,
    0xff,0x00,0xff,0x00,0xff,0x00,0xff,0x00,0xff,0x00,0xff,0x00,0xff,0x00,0xff,0x00,0xff,0x00,0xff,0x00,0xff,0x00,0xff,0x00,0xff,0x00,0xff,0x00,0xff,0x00,0xff,0x00,
    0xff,0x00,0xff,0x00,0xff,0x00,0xff,0x00,0xff,0x00,0xff,0x00,0xff,0x00,0xff,0x00,0xff,0x00,0xff,0x00,0xff,0x00,0xff,0x00,0xff,0x00,0xff,0x00,0xff,0x00,0xff,0x00,
    0xff,0x00,0xff,0x00,0xff,0x00,0xff,0x00,0xff,0x00,0xff,0x00,0xff,0x00,0xff,0x00,0xff,0x00,0xff,0x00,0x00,0xff,0x00,0xff,0xac,0xff,0xac,0xff,0x00,0xff,0x00,0xff,
    0xff,0x00,0xff,0x00,0xff,0x00,0xff,0x00,0xff,0x00,0xff,0x00,0xff,0x00,0xff,0x00,0xff,0x00,0xff,0x00,0xff,0x00,0xff,0x00,0xff,0x00,0xff,0x00,0xff,0x00,0xff,0x00,
    0xff,0x00,0xff,0x00,0xff,0x00,0xff,0x00,0xff,0x00,0xff,0x00,0xff,0x00,0xff,0x00,0xff,0x00,0xff,0x00,0xff,0x00,0xff,0x00,0xff,0x00,0xff,0x00,0xff,0x00,0xff,0x00,
    0xff,0x00,0xff,0x00,0xff,0x00,0xff,0x00,0xff,0x00,0xff,0x00,0xff,0x00,0xff,0x00,0x00,0xff,0x00,0xff,0xac,0xff,0xac,0xff,0x00,0xff,0x00,0xff,0xff,0x00,0xff,0x00,
    0xff,0x00,0xff,0x00,0xff,0x00,0xff,0x00,0xff,0x00,0xff,0x00,0xff,0x00,0xff,0x00,0xff,0x00,0xff,0x00,0xff,0x00,0xff,0x00,0xff,0x00,0xff,0x00,0xff,0x00,0xff,0x00,
    0xff,0x00,0xff,0x00,0xff,0x00,0xff,0x00,0xff,0x00,0xff,0x00,0xff,0x00,0xff,0x00,0xff,0x00,0xff,0x00,0xff,0x00,0xff,0x00,0xff,0x00,0xff,0x00,0xff,0x00,0xff,0x00,
    0xff,0x00,0xff,0x00,0xff,0x00,0xff,0x00,0xff,0x00,0xff,0x00,0x00,0xff,0x00,0xff,0xac,0xff,0xac,0xff,0xac,0xff,0xac,0xff,0x00,0xff,0x00,0xff,0xff,0x00,0xff,0x00,
    0xff,0x00,0xff,0x00,0xff,0x00,0xff,0x00,0xff,0x00,0xff,0x00,0xff,0x00,0xff,0x00,0xff,0x00,0xff,0x00,0xff,0x00,0xff,0x00,0xff,0x00,0xff,0x00,0xff,0x00,0xff,0x00,
    0xff,0x00,0xff,0x00,0xff,0x00,0xff,0x00,0xff,0x00,0xff,0x00,0xff,0x00,0xff,0x00,0xff,0x00,0xff,0x00,0xff,0x00,0xff,0x00,0xff,0x00,0xff,0x00,0xff,0x00,0xff,0x00,
    0xff,0x00,0xff,0x00,0xff,0x00,0xff,0x00,0x00,0xff,0x00,0xff,0xac,0xff,0xac,0xff,0xac,0xff,0xac,0xff,0x00,0xff,0x00,0xff,0xff,0x00,0xff,0x00,0xff,0x00,0xff,0x00,
    0xff,0x00,0xff,0x00,0xff,0x00,0xff,0x00,0xff,0x00,0xff,0x00,0xff,0x00,0xff,0x00,0xff,0x00,0xff,0x00,0xff,0x00,0xff,0x00,0xff,0x00,0xff,0x00,0xff,0x00,0xff,0x00,
    0xff,0x00,0xff,0x00,0xff,0x00,0xff,0x00,0xff,0x00,0xff,0x00,0xff,0x00,0xff,0x00,0xff,0x00,0xff,0x00,0xff,0x00,0xff,0x00,0xff,0x00,0xff,0x00,0x00,0xff,0x00,0xff,
    0x00,0xff,0x00,0xff,0x00,0xff,0x00,0xff,0xac,0xff,0xac,0xff,0xac,0xff,0xac,0xff,0xac,0xff,0xac,0xff,0x00,0xff,0x00,0xff,0xff,0x00,0xff,0x00,0xff,0x00,0xff,0x00,
    0xff,0x00,0xff,0x00,0xff,0x00,0xff,0x00,0xff,0x00,0xff,0x00,0xff,0x00,0xff,0x00,0xff,0x00,0xff,0x00,0xff,0x00,0xff,0x00,0xff,0x00,0xff,0x00,0xff,0x00,0xff,0x00,
    0xff,0x00,0xff,0x00,0xff,0x00,0xff,0x00,0xff,0x00,0xff,0x00,0xff,0x00,0xff,0x00,0xff,0x00,0xff,0x00,0xff,0x00,0xff,0x00,0x00,0xff,0x00,0xff,0x00,0xff,0x00,0xff,
    0x00,0xff,0x00,0xff,0xac,0xff,0xac,0xff,0xac,0xff,0xac,0xff,0xac,0xff,0xac,0xff,0x00,0xff,0x00,0xff,0xff,0x00,0xff,0x00,0xff,0x00,0xff,0x00,0xff,0x00,0xff,0x00,
    0xff,0x00,0xff,0x00,0xff,0x00,0xff,0x00,0xff,0x00,0xff,0x00,0xff,0x00,0xff,0x00,0xff,0x00,0xff,0x00,0xff,0x00,0xff,0x00,0xff,0x00,0xff,0x00,0xff,0x00,0xff,0x00,
    0xff,0x00,0xff,0x00,0xff,0x00,0xff,0x00,0xff,0x00,0xff,0x00,0xff,0x00,0xff,0x00,0x00,0xff,0x00,0xff,0xac,0xff,0xac,0xff,0xac,0xff,0xac,0xff,0x00,0xff,0x00,0xff,
    0x00,0xff,0x00,0xff,0xac,0xff,0xac,0xff,0xac,0xff,0xac,0xff,0xac,0xff,0xac,0xff,0x00,0xff,0x00,0xff,0xff,0x00,0xff,0x00,0xff,0x00,0xff,0x00,0xff,0x00,0xff,0x00,
    0xff,0x00,0xff,0x00,0xff,0x00,0xff,0x00,0xff,0x00,0xff,0x00,0xff,0x00,0xff,0x00,0xff,0x00,0xff,0x00,0xff,0x00,0xff,0x00,0xff,0x00,0xff,0x00,0xff,0x00,0xff,0x00,
    0xff,0x00,0xff,0x00,0xff,0x00,0xff,0x00,0xff,0x00,0xff,0x00,0x00,0xff,0x00,0xff,0xac,0xff,0xac,0xff,0xac,0xff,0xac,0xff,0x00,0xff,0x00,0xff,0x00,0xff,0x00,0xff,
    0xac,0xff,0xac,0xff,0xac,0xff,0xac,0xff,0xac,0xff,0xac,0xff,0x00,0xff,0x00,0xff,0xff,0x00,0xff,0x00,0xff,0x00,0xff,0x00,0xff,0x00,0xff,0x00,0xff,0x00,0xff,0x00,
    0xff,0x00,0xff,0x00,0xff,0x00,0xff,0x00,0xff,0x00,0xff,0x00,0xff,0x00,0xff,0x00,0xff,0x00,0xff,0x00,0xff,0x00,0xff,0x00,0xff,0x00,0xff,0x00,0xff,0x00,0xff,0x00,
    0xff,0x00,0xff,0x00,0x00,0xff,0x00,0xff,0xac,0xff,0xac,0xff,0xac,0xff,0xac,0xff,0xac,0xff,0xac,0xff,0x00,0xff,0x00,0xff,0x00,0xff,0x00,0xff,0xac,0xff,0xac,0xff,
    0xac,0xff,0xac,0xff,0xac,0xff,0xac,0xff,0xac,0xff,0xac,0xff,0x00,0xff,0x00,0xff,0xff,0x00,0xff,0x00,0xff,0x00,0xff,0x00,0xff,0x00,0xff,0x00,0xff,0x00,0xff,0x00,
    0xff,0x00,0xff,0x00,0xff,0x00,0xff,0x00,0xff,0x00,0xff,0x00,0xff,0x00,0xff,0x00,0xff,0x00,0xff,0x00,0xff,0x00,0xff,0x00,0xff,0x00,0xff,0x00,0xff,0x00,0xff,0x00,
    0x00,0xff,0x00,0xff,0xac,0xff,0xac,0xff,0xac,0xff,0xac,0xff,0xac,0xff,0xac,0xff,0x00,0xff,0x00,0xff,0x00,0xff,0x00,0xff,0xac,0xff,0xac,0xff,0xac,0xff,0xac,0xff,
    0xac,0xff,0xac,0xff,0xac,0xff,0xac,0xff,0x00,0xff,0x00,0xff,0xff,0x00,0xff,0x00,0xff,0x00,0xff,0x00,0xff,0x00,0xff,0x00,0xff,0x00,0xff,0x00,0xff,0x00,0xff,0x00,
    0xff,0x00,0xff,0x00,0xff,0x00,0xff,0x00,0xff,0x00,0xff,0x00,0xff,0x00,0xff,0x00,0xff,0x00,0xff,0x00,0xff,0x00,0xff,0x00,0x00,0xff,0x00,0xff,0xac,0xff,0xac,0xff,
    0xac,0xff,0xac,0xff,0xac,0xff,0xac,0xff,0xac,0xff,0xac,0xff,0xac,0xff,0xac,0xff,0x00,0xff,0x00,0xff,0xac,0xff,0xac,0xff,0xac,0xff,0xac,0xff,0xac,0xff,0xac,0xff,
    0xac,0xff,0xac,0xff,0xac,0xff,0xac,0xff,0x00,0xff,0x00,0xff,0xff,0x00,0xff,0x00,0xff,0x00,0xff,0x00,0xff,0x00,0xff,0x00,0xff,0x00,0xff,0x00,0xff,0x00,0xff,0x00,
    0xff,0x00,0xff,0x00,0xff,0x00,0xff,0x00,0xff,0x00,0xff,0x00,0xff,0x00,0xff,0x00,0xff,0x00,0xff,0x00,0x00,0xff,0x00,0xff,0xac,0xff,0xac,0xff,0xac,0xff,0xac,0xff,
    0xac,0xff,0xac,0xff,0xac,0xff,0xac,0xff,0xac,0xff,0xac,0xff,0x00,0xff,0x00,0xff,0xac,0xff,0xac,0xff,0xac,0xff,0xac,0xff,0xac,0xff,0xac,0xff,0xac,0xff,0xac,0xff,
    0xac,0xff,0xac,0xff,0x00,0xff,0x00,0xff,0xff,0x00,0xff,0x00,0xff,0x00,0xff,0x00,0xff,0x00,0xff,0x00,0xff,0x00,0xff,0x00,0xff,0x00,0xff,0x00,0xff,0x00,0xff,0x00,
    0xff,0x00,0xff,0x00,0xff,0x00,0xff,0x00,0xff,0x00,0xff,0x00,0x00,0xff,0x00,0xff,0xac,0xff,0xac,0xff,0xac,0xff,0xac,0xff,0xac,0xff,0xac,0xff,0xac,0xff,0xac,0xff,
    0xac,0xff,0xac,0xff,0xac,0xff,0xac,0xff,0x00,0xff,0x00,0xff,0xac,0xff,0xac,0xff,0xac,0xff,0xac,0xff,0xac,0xff,0xac,0xff,0xac,0xff,0xac,0xff,0xac,0xff,0xac,0xff,
    0xac,0xff,0xac,0xff,0x00,0xff,0x00,0xff,0xff,0x00,0xff,0x00,0xff,0x00,0xff,0x00,0xff,0x00,0xff,0x00,0xff,0x00,0xff,0x00,0xff,0x00,0xff,0x00,0xff,0x00,0xff,0x00,
    0xff,0x00,0xff,0x00,0xff,0x00,0xff,0x00,0x00,0xff,0x00,0xff,0xac,0xff,0xac,0xff,0xac,0xff,0xac,0xff,0xac,0xff,0xac,0xff,0xac,0xff,0xac,0xff,0xac,0xff,0xac,0xff,
    0xac,0xff,0xac,0xff,0x00,0xff,0x00,0xff,0xac,0xff,0xac,0xff,0xac,0xff,0xac,0xff,0xac,0xff,0xac,0xff,0xac,0xff,0xac,0xff,0xac,0xff,0xac,0xff,0xac,0xff,0xac,0xff,
    0x00,0xff,0x00,0xff,0xff,0x00,0xff,0x00,0xff,0x00,0xff,0x00,0xff,0x00,0xff,0x00,0xff,0x00,0xff,0x00,0xff,0x00,0xff,0x00,0xff,0x00,0xff,0x00,0xff,0x00,0xff,0x00,
    0x00,0xff,0x00,0xff,0xac,0xff,0xac,0xff,0xac,0xff,0xac,0xff,0xac,0xff,0xac,0xff,0xac,0xff,0xac,0xff,0xac,0xff,0xac,0xff,0xac,0xff,0xac,0xff,0xac,0xff,0xac,0xff,
    0xac,0xff,0xac,0xff,0xac,0xff,0xac,0xff,0xac,0xff,0xac,0xff,0xac,0xff,0xac,0xff,0xac,0xff,0xac,0xff,0xac,0xff,0xac,0xff,0xac,0xff,0xac,0xff,0x00,0xff,0x00,0xff,
    0xff,0x00,0xff,0x00,0xff,0x00,0xff,0x00,0xff,0x00,0xff,0x00,0xff,0x00,0xff,0x00,0xff,0x00,0xff,0x00,0xff,0x00,0xff,0x00,0xff,0x00,0xff,0x00,0x00,0xff,0x00,0xff,
    0xac,0xff,0xac,0xff,0xac,0xff,0xac,0xff,0xac,0xff,0xac,0xff,0xac,0xff,0xac,0xff,0xac,0xff,0xac,0xff,0xac,0xff,0xac,0xff,0xac,0xff,0xac,0xff,0xac,0xff,0xac,0xff,
    0xac,0xff,0xac,0xff,0xac,0xff,0xac,0xff,0xac,0xff,0xac,0xff,0xac,0xff,0xac,0xff,0xac,0xff,0xac,0xff,0xac,0xff,0xac,0xff,0x00,0xff,0x00,0xff,0xff,0x00,0xff,0x00,
    0xff,0x00,0xff,0x00,0xff,0x00,0xff,0x00,0xff,0x00,0xff,0x00,0xff,0x00,0xff,0x00,0xff,0x00,0xff,0x00,0xff,0x00,0xff,0x00,0xff,0x00,0xff,0x00,0x00,0xff,0x00,0xff,
    0x00,0xff,0x00,0xff,0x00,0xff,0x00,0xff,0x00,0xff,0x00,0xff,0x00,0xff,0x00,0xff,0x00,0xff,0x00,0xff,0xac,0xff,0xac,0xff,0xac,0xff,0xac,0xff,0xac,0xff,0xac,0xff,
    0xac,0xff,0xac,0xff,0xac,0xff,0xac,0xff,0xac,0xff,0xac,0xff,0xac,0xff,0xac,0xff,0xac,0xff,0xac,0xff,0xac,0xff,0xac,0xff,0x00,0xff,0x00,0xff,0x00,0xff,0x00,0xff,
    0x00,0xff,0x00,0xff,0x00,0xff,0x00,0xff,0x00,0xff,0x00,0xff,0x00,0xff,0x00,0xff,0xff,0x00,0xff,0x00,0xff,0x00,0xff,0x00,0x00,0xff,0x00,0xff,0x00,0xff,0x00,0xff,
    0x00,0xff,0x00,0xff,0x00,0xff,0x00,0xff,0x00,0xff,0x00,0xff,0x00,0xff,0x00,0xff,0xac,0xff,0xac,0xff,0xac,0xff,0xac,0xff,0xac,0xff,0xac,0xff,0xac,0xff,0xac,0xff,
    0xac,0xff,0xac,0xff,0xac,0xff,0xac,0xff,0xac,0xff,0xac,0xff,0xac,0xff,0xac,0xff,0xac,0xff,0xac,0xff,0x00,0xff,0x00,0xff,0x00,0xff,0x00,0xff,0x00,0xff,0x00,0xff,
    0x00,0xff,0x00,0xff,0x00,0xff,0x00,0xff,0x00,0xff,0x00,0xff,0xff,0x00,0xff,0x00,0xff,0x00,0xff,0x00,0xff,0x00,0xff,0x00,0xff,0x00,0xff,0x00,0xff,0x00,0xff,0x00,
    0xff,0x00,0xff,0x00,0xff,0x00,0xff,0x00,0xff,0x00,0xff,0x00,0x00,0xff,0x00,0xff,0xac,0xff,0xac,0xff,0xac,0xff,0xac,0xff,0xac,0xff,0xac,0xff,0xac,0xff,0xac,0xff,
    0xac,0xff,0xac,0xff,0xac,0xff,0xac,0xff,0xac,0xff,0xac,0xff,0xac,0xff,0xac,0xff,0xac,0xff,0xac,0xff,0xac,0xff,0xac,0xff,0xac,0xff,0xac,0xff,0xac,0xff,0xac,0xff,
    0xac,0xff,0xac,0xff,0xac,0xff,0xac,0xff,0x00,0xff,0x00,0xff,0xff,0x00,0xff,0x00,0xff,0x00,0xff,0x00,0xff,0x00,0xff,0x00,0xff,0x00,0xff,0x00,0xff,0x00,0xff,0x00,
    0xff,0x00,0xff,0x00,0xff,0x00,0xff,0x00,0x00,0xff,0x00,0xff,0xac,0xff,0xac,0xff,0xac,0xff,0xac,0xff,0xac,0xff,0xac,0xff,0xac,0xff,0xac,0xff,0xac,0xff,0xac,0xff,
    0xac,0xff,0xac,0xff,0xac,0xff,0xac,0xff,0xac,0xff,0xac,0xff,0xac,0xff,0xac,0xff,0xac,0xff,0xac,0xff,0xac,0xff,0xac,0xff,0xac,0xff,0xac,0xff,0xac,0xff,0xac,0xff,
    0xac,0xff,0xac,0xff,0x00,0xff,0x00,0xff,0xff,0x00,0xff,0x00,0xff,0x00,0xff,0x00,0xff,0x00,0xff,0x00,0xff,0x00,0xff,0x00,0xff,0x00,0xff,0x00,0xff,0x00,0xff,0x00,
    0xff,0x00,0xff,0x00,0xff,0x00,0xff,0x00,0x00,0xff,0x00,0xff,0xac,0xff,0xac,0xff,0xac,0xff,0xac,0xff,0xac,0xff,0xac,0xff,0xac,0xff,0xac,0xff,0xac,0xff,0xac,0xff,
    0xac,0xff,0xac,0xff,0xac,0xff,0xac,0xff,0xac,0xff,0xac,0xff,0xac,0xff,0xac,0xff,0xac,0xff,0xac,0xff,0x00,0xff,0x00,0xff,0x00,0xff,0x00,0xff,0x00,0xff,0x00,0xff,
    0xff,0x00,0xff,0x00,0xff,0x00,0xff,0x00,0xff,0x00,0xff,0x00,0xff,0x00,0xff,0x00,0xff,0x00,0xff,0x00,0xff,0x00,0xff,0x00,0xff,0x00,0xff,0x00,0xff,0x00,0xff,0x00,
    0xff,0x00,0xff,0x00,0x00,0xff,0x00,0xff,0xac,0xff,0xac,0xff,0xac,0xff,0xac,0xff,0xac,0xff,0xac,0xff,0xac,0xff,0xac,0xff,0xac,0xff,0xac,0xff,0xac,0xff,0xac,0xff,
    0xac,0xff,0xac,0xff,0xac,0xff,0xac,0xff,0xac,0xff,0xac,0xff,0xac,0xff,0xac,0xff,0x00,0xff,0x00,0xff,0x00,0xff,0x00,0xff,0x00,0xff,0x00,0xff,0xff,0x00,0xff,0x00,
    0xff,0x00,0xff,0x00,0xff,0x00,0xff,0x00,0xff,0x00,0xff,0x00,0xff,0x00,0xff,0x00,0xff,0x00,0xff,0x00,0xff,0x00,0xff,0x00,0xff,0x00,0xff,0x00,0xff,0x00,0xff,0x00,
    0xff,0x00,0xff,0x00,0x00,0xff,0x00,0xff,0xac,0xff,0xac,0xff,0xac,0xff,0xac,0xff,0xac,0xff,0xac,0xff,0xac,0xff,0xac,0xff,0xac,0xff,0xac,0xff,0xac,0xff,0xac,0xff,
    0xac,0xff,0xac,0xff,0xac,0xff,0xac,0xff,0xac,0xff,0xac,0xff,0xac,0xff,0xac,0xff,0xac,0xff,0xac,0xff,0x00,0xff,0x00,0xff,0xff,0x00,0xff,0x00,0xff,0x00,0xff,0x00,
    0xff,0x00,0xff,0x00,0xff,0x00,0xff,0x00,0xff,0x00,0xff,0x00,0xff,0x00,0xff,0x00,0xff,0x00,0xff,0x00,0xff,0x00,0xff,0x00,0xff,0x00,0xff,0x00,0xff,0x00,0xff,0x00,
    0x00,0xff,0x00,0xff,0xac,0xff,0xac,0xff,0xac,0xff,0xac,0xff,0xac,0xff,0xac,0xff,0xac,0xff,0xac,0xff,0xac,0xff,0xac,0xff,0xac,0xff,0xac,0xff,0xac,0xff,0xac,0xff,
    0xac,0xff,0xac,0xff,0xac,0xff,0xac,0xff,0xac,0xff,0xac,0xff,0xac,0xff,0xac,0xff,0x00,0xff,0x00,0xff,0xff,0x00,0xff,0x00,0xff,0x00,0xff,0x00,0xff,0x00,0xff,0x00,
    0xff,0x00,0xff,0x00,0xff,0x00,0xff,0x00,0xff,0x00,0xff,0x00,0xff,0x00,0xff,0x00,0xff,0x00,0xff,0x00,0xff,0x00,0xff,0x00,0xff,0x00,0xff,0x00,0xff,0x00,0xff,0x00,
    0x00,0xff,0x00,0xff,0xac,0xff,0xac,0xff,0xac,0xff,0xac,0xff,0xac,0xff,0xac,0xff,0xac,0xff,0xac,0xff,0xac,0xff,0xac,0xff,0xac,0xff,0xac,0xff,0xac,0xff,0xac,0xff,
    0x00,0xff,0x00,0xff,0x00,0xff,0x00,0xff,0x00,0xff,0x00,0xff,0xff,0x00,0xff,0x00,0xff,0x00,0xff,0x00,0xff,0x00,0xff,0x00,0xff,0x00,0xff,0x00,0xff,0x00,0xff,0x00,
    0xff,0x00,0xff,0x00,0xff,0x00,0xff,0x00,0xff,0x00,0xff,0x00,0xff,0x00,0xff,0x00,0xff,0x00,0xff,0x00,0xff,0x00,0xff,0x00,0xff,0x00,0xff,0x00,0x00,0xff,0x00,0xff,
    0xac,0xff,0xac,0xff,0xac,0xff,0xac,0xff,0xac,0xff,0xac,0xff,0xac,0xff,0xac,0xff,0xac,0xff,0xac,0xff,0xac,0xff,0xac,0xff,0xac,0xff,0xac,0xff,0x00,0xff,0x00,0xff,
    0x00,0xff,0x00,0xff,0x00,0xff,0x00,0xff,0xff,0x00,0xff,0x00,0xff,0x00,0xff,0x00,0xff,0x00,0xff,0x00,0xff,0x00,0xff,0x00,0xff,0x00,0xff,0x00,0xff,0x00,0xff,0x00,
    0xff,0x00,0xff,0x00,0xff,0x00,0xff,0x00,0xff,0x00,0xff,0x00,0xff,0x00,0xff,0x00,0xff,0x00,0xff,0x00,0xff,0x00,0xff,0x00,0xff,0x00,0xff,0x00,0x00,0xff,0x00,0xff,
    0x00,0xff,0x00,0xff,0x00,0xff,0x00,0xff,0x00,0xff,0x00,0xff,0x00,0xff,0x00,0xff,0x00,0xff,0x00,0xff,0x00,0xff,0x00,0xff,0x00,0xff,0x00,0xff,0xff,0x00,0xff,0x00,
    0xff,0x00,0xff,0x00,0xff,0x00,0xff,0x00,0xff,0x00,0xff,0x00,0xff,0x00,0xff,0x00,0xff,0x00,0xff,0x00,0xff,0x00,0xff,0x00,0xff,0x00,0xff,0x00,0xff,0x00,0xff,0x00,
    0xff,0x00,0xff,0x00,0xff,0x00,0xff,0x00,0xff,0x00,0xff,0x00,0xff,0x00,0xff,0x00,0xff,0x00,0xff,0x00,0xff,0x00,0xff,0x00,0x00,0xff,0x00,0xff,0x00,0xff,0x00,0xff,
    0x00,0xff,0x00,0xff,0x00,0xff,0x00,0xff,0x00,0xff,0x00,0xff,0x00,0xff,0x00,0xff,0x00,0xff,0x00,0xff,0x00,0xff,0x00,0xff,0xff,0x00,0xff,0x00,0xff,0x00,0xff,0x00,
    0xff,0x00,0xff,0x00,0xff,0x00,0xff,0x00,0xff,0x00,0xff,0x00,0xff,0x00,0xff,0x00,0xff,0x00,0xff,0x00,0xff,0x00,0xff,0x00,0xff,0x00,0xff,0x00,0xff,0x00,0xff,0x00,
    0xff,0x00,0xff,0x00,0xff,0x00,0xff,0x00,0xff,0x00,0xff,0x00,0xff,0x00,0xff,0x00,0xff,0x00,0xff,0x00,0xff,0x00,0xff,0x00,0xff,0x00,0xff,0x00,0xff,0x00,0xff,0x00,
    0xff,0x00,0xff,0x00,0xff,0x00,0xff,0x00,0xff,0x00,0xff,0x00,0xff,0x00,0xff,0x00,0xff,0x00,0xff,0x00,0xff,0x00,0xff,0x00,0xff,0x00,0xff,0x00,0xff,0x00,0xff,0x00,
    0xff,0x00,0xff,0x00,0xff,0x00,0xff,0x00,0xff,0x00,0xff,0x00,0xff,0x00,0xff,0x00,0xff,0x00,0xff,0x00,0xff,0x00,0xff,0x00,0xff,0x00,0xff,0x00,0xff,0x00,0xff,0x00,
    0xff,0x00,0xff,0x00,0xff,0x00,0xff,0x00,0xff,0x00,0xff,0x00,0xff,0x00,0xff,0x00,0xff,0x00,0xff,0x00,0xff,0x00,0xff,0x00,0xff,0x00,0xff,0x00,0xff,0x00,0xff,0x00,
    0xff,0x00,0xff,0x00,0xff,0x00,0xff,0x00,0xff,0x00,0xff,0x00,0xff,0x00,0xff,0x00,0xff,0x00,0xff,0x00,0xff,0x00,0xff,0x00,0xff,0x00,0xff,0x00,0xff,0x00,0xff,0x00,
    0xff,0x00,0xff,0x00,0xff,0x00,0xff,0x00,0xff,0x00,0xff,0x00,0xff,0x00,0xff,0x00,0xff,0x00,0xff,0x00,0xff,0x00,0xff,0x00,0xff,0x00,0xff,0x00,0xff,0x00,0xff,0x00,
    0xff,0x00,0xff,0x00,0xff,0x00,0xff,0x00,0xff,0x00,0xff,0x00,0xff,0x00,0xff,0x00,0xff,0x00,0xff,0x00,0xff,0x00,0xff,0x00,0xff,0x00,0xff,0x00,0xff,0x00,0xff,0x00,
    0xff,0x00,0xff,0x00,0xff,0x00,0xff,0x00,0xff,0x00,0xff,0x00,0xff,0x00,0xff,0x00,0xff,0x00,0xff,0x00,0xff,0x00,0xff,0x00,0xff,0x00,0xff,0x00,0xff,0x00,0xff,0x00,
    0xff,0x00,0xff,0x00,0xff,0x00,0xff,0x00,0xff,0x00,0xff,0x00,0xff,0x00,0xff,0x00,0xff,0x00,0xff,0x00,0xff,0x00,0xff,0x00,0xff,0x00,0xff,0x00,0xff,0x00,0xff,0x00,
    0xff,0x00,0xff,0x00,0xff,0x00,0xff,0x00,0xff,0x00,0xff,0x00,0xff,0x00,0xff,0x00,0xff,0x00,0xff,0x00,0xff,0x00,0xff,0x00,0xff,0x00,0xff,0x00,0xff,0x00,0xff,0x00,
    0xff,0x00,0xff,0x00,0xff,0x00,0xff,0x00,0xff,0x00,0xff,0x00,0xff,0x00,0xff,0x00,0xff,0x00,0xff,0x00,0xff,0x00,0xff,0x00,0xff,0x00,0xff,0x00,0xff,0x00,0xff,0x00,
    0xff,0x00,0xff,0x00,0xff,0x00,0xff,0x00,0xff,0x00,0xff,0x00,0xff,0x00,0xff,0x00,0xff,0x00,0xff,0x00,0xff,0x00,0xff,0x00,0xff,0x00,0xff,0x00,0xff,0x00,0xff,0x00,
    0xff,0x00,0xff,0x00,0xff,0x00,0xff,0x00,0xff,0x00,0xff,0x00,0xff,0x00,0xff,0x00,0xff,0x00,0xff,0x00,0xff,0x00,0xff,0x00,0xff,0x00,0xff,0x00,0xff,0x00,0xff,0x00,
    0xff,0x00,0xff,0x00,0xff,0x00,0xff,0x00,0xff,0x00,0xff,0x00,0xff,0x00,0xff,0x00,0xff,0x00,0xff,0x00,0xff,0x00,0xff,0x00,0xff,0x00,0xff,0x00,0xff,0x00,0xff,0x00,
    0xff,0x00,0xff,0x00,0xff,0x00,0xff,0x00,0xff,0x00,0xff,0x00,0xff,0x00,0xff,0x00,0xff,0x00,0xff,0x00,0xff,0x00,0xff,0x00,0xff,0x00,0xff,0x00,0xff,0x00,0xff,0x00,
    0xff,0x00,0xff,0x00,0xff,0x00,0xff,0x00,0xff,0x00,0xff,0x00,0xff,0x00,0xff,0x00,0xff,0x00,0xff,0x00,0xff,0x00,0xff,0x00,0xff,0x00,0xff,0x00,0xff,0x00,0xff,0x00,
    0xff,0x00,0xff,0x00,0xff,0x00,0xff,0x00,0xff,0x00,0xff,0x00,0xff,0x00,0xff,0x00,0xff,0x00,0xff,0x00,0xff,0x00,0xff,0x00,0xff,0x00,0xff,0x00,0xff,0x00,0xff,0x00,
    0xff,0x00,0xff,0x00,0xff,0x00,0xff,0x00,0xff,0x00,0xff,0x00,0xff,0x00,0xff,0x00,0xff,0x00,0xff,0x00,0xff,0x00,0xff,0x00,0xff,0x00,0xff,0x00,0xff,0x00,0xff,0x00,
    0xff,0x00,0xff,0x00,0xff,0x00,0xff,0x00,0xff,0x00,0xff,0x00,0xff,0x00,0xff,0x00,0xff,0x00,0xff,0x00,0xff,0x00,0xff,0x00,0xff,0x00,0xff,0x00,0xff,0x00,0xff,0x00,
    0xff,0x00,0xff,0x00,0xff,0x00,0xff,0x00,0xff,0x00,0xff,0x00,0xff,0x00,0xff,0x00,0xff,0x00,0xff,0x00,0xff,0x00,0xff,0x00,0xff,0x00,0xff,0x00,0xff,0x00,0xff,0x00,
    0xff,0x00,0xff,0x00,0xff,0x00,0xff,0x00,0xff,0x00,0xff,0x00,0xff,0x00,0xff,0x00,0xff,0x00,0xff,0x00,0xff,0x00,0xff,0x00,0xff,0x00,0xff,0x00,0xff,0x00,0xff,0x00,
    0xff,0x00,0xff,0x00,0xff,0x00,0xff,0x00,0xff,0x00,0xff,0x00,0xff,0x00,0xff,0x00,0xff,0x00,0xff,0x00,0xff,0x00,0xff,0x00,0xff,0x00,0xff,0x00,0xff,0x00,0xff,0x00,
    0xff,0x00,0xff,0x00,0xff,0x00,0xff,0x00,0xff,0x00,0xff,0x00,0xff,0x00,0xff,0x00,0xff,0x00,0xff,0x00,0xff,0x00,0xff,0x00,0xff,0x00,0xff,0x00,0xff,0x00,0xff,0x00,
    0xff,0x00,0xff,0x00,0xff,0x00,0xff,0x00,0xff,0x00,0xff,0x00,0xff,0x00,0xff,0x00,0xff,0x00,0xff,0x00,0xff,0x00,0xff,0x00,0xff,0x00,0xff,0x00,0xff,0x00,0xff,0x00,
    0xff,0x00,0xff,0x00,0xff,0x00,0xff,0x00,0xff,0x00,0xff,0x00,0xff,0x00,0xff,0x00,0xff,0x00,0xff,0x00,0xff,0x00,0xff,0x00,0xff,0x00,0xff,0x00,0xff,0x00,0xff,0x00,
    0xff,0x00,0xff,0x00,0xff,0x00,0xff,0x00,0xff,0x00,0xff,0x00,0xff,0x00,0xff,0x00,0xff,0x00,0xff,0x00,0xff,0x00,0xff,0x00,0xff,0x00,0xff,0x00,0xff,0x00,0xff,0x00,
    0xff,0x00,0xff,0x00,0xff,0x00,0xff,0x00,0xff,0x00,0xff,0x00,0xff,0x00,0xff,0x00,0xff,0x00,0xff,0x00,0xff,0x00,0xff,0x00,0xff,0x00,0xff,0x00,0xff,0x00,0xff,0x00,
    0xff,0x00,0xff,0x00,0xff,0x00,0xff,0x00,0xff,0x00,0xff,0x00,0xff,0x00,0xff,0x00,0xff,0x00,0xff,0x00,0xff,0x00,0xff,0x00,0xff,0x00,0xff,0x00,0xff,0x00,0xff,0x00,
};
static const lv_image_dsc_t dino_image_bird_1 = {
    .header = {.magic = LV_IMAGE_HEADER_MAGIC, .cf = LV_COLOR_FORMAT_AL88, .w = 46, .h = 40, .stride = 92},
    .data_size = sizeof(dino_pixels_bird_1), .data = dino_pixels_bird_1,
};

_Alignas(4) static const uint8_t dino_pixels_horizon_0[] = {
    0xff,0x00,0xff,0x00,0xff,0x00,0xff,0x00,0xff,0x00,0xff,0x00,0xff,0x00,0xff,0x00,0xff,0x00,0xff,0x00,0xff,0x00,0xff,0x00,0xff,0x00,0xff,0x00,0xff,0x00,0xff,0x00,
    0xff,0x00,0xff,0x00,0xff,0x00,0xff,0x00,0xff,0x00,0xff,0x00,0xff,0x00,0xff,0x00,0xff,0x00,0xff,0x00,0xff,0x00,0xff,0x00,0xff,0x00,0xff,0x00,0xff,0x00,0xff,0x00,
    0xff,0x00,0xff,0x00,0xff,0x00,0xff,0x00,0xff,0x00,0xff,0x00,0xff,0x00,0xff,0x00,0xff,0x00,0xff,0x00,0xff,0x00,0xff,0x00,0xff,0x00,0xff,0x00,0xff,0x00,0xff,0x00,
    0xff,0x00,0xff,0x00,0xff,0x00,0xff,0x00,0xff,0x00,0xff,0x00,0xff,0x00,0xff,0x00,0xff,0x00,0xff,0x00,0xff,0x00,0xff,0x00,0xff,0x00,0xff,0x00,0xff,0x00,0xff,0x00,
    0xff,0x00,0xff,0x00,0xff,0x00,0xff,0x00,0xff,0x00,0xff,0x00,0xff,0x00,0xff,0x00,0xff,0x00,0xff,0x00,0xff,0x00,0xff,0x00,0xff,0x00,0xff,0x00,0xff,0x00,0xff,0x00,
    0xff,0x00,0xff,0x00,0xff,0x00,0xff,0x00,0xff,0x00,0xff,0x00,0xff,0x00,0xff,0x00,0xff,0x00,0xff,0x00,0xff,0x00,0xff,0x00,0xff,0x00,0xff,0x00,0xff,0x00,0xff,0x00,
    0xff,0x00,0xff,0x00,0xff,0x00,0xff,0x00,0xff,0x00,0xff,0x00,0xff,0x00,0xff,0x00,0xff,0x00,0xff,0x00,0xff,0x00,0xff,0x00,0xff,0x00,0xff,0x00,0xff,0x00,0xff,0x00,
    0xff,0x00,0xff,0x00,0xff,0x00,0xff,0x00,0xff,0x00,0xff,0x00,0xff,0x00,0xff,0x00,0xff,0x00,0xff,0x00,0xff,0x00,0xff,0x00,0xff,0x00,0xff,0x00,0xff,0x00,0xff,0x00,
    0xff,0x00,0xff,0x00,0xff,0x00,0xff,0x00,0xff,0x00,0xff,0x00,0xff,0x00,0xff,0x00,0xff,0x00,0xff,0x00,0xff,0x00,0xff,0x00,0xff,0x00,0xff,0x00,0xff,0x00,0xff,0x00,
    0xff,0x00,0xff,0x00,0xff,0x00,0xff,0x00,0xff,0x00,0xff,0x00,0xff,0x00,0xff,0x00,0xff,0x00,0xff,0x00,0xff,0x00,0xff,0x00,0xff,0x00,0xff,0x00,0xff,0x00,0xff,0x00,
    0xff,0x00,0xff,0x00,0xff,0x00,0xff,0x00,0xff,0x00,0xff,0x00,0xff,0x00,0xff,0x00,0xff,0x00,0xff,0x00,0xff,0x00,0xff,0x00,0xff,0x00,0xff,0x00,0xff,0x00,0xff,0x00,
    0xff,0x00,0xff,0x00,0xff,0x00,0xff,0x00,0xff,0x00,0xff,0x00,0xff,0x00,0xff,0x00,0xff,0x00,0xff,0x00,0xff,0x00,0xff,0x00,0xff,0x00,0xff,0x00,0xff,0x00,0xff,0x00,
    0xff,0x00,0xff,0x00,0xff,0x00,0xff,0x00,0xff,0x00,0xff,0x00,0xff,0x00,0xff,0x00,0xff,0x00,0xff,0x00,0xff,0x00,0xff,0x00,0xff,0x00,0xff,0x00,0xff,0x00,0xff,0x00,
    0xff,0x00,0xff,0x00,0xff,0x00,0xff,0x00,0xff,0x00,0xff,0x00,0xff,0x00,0xff,0x00,0xff,0x00,0xff,0x00,0xff,0x00,0xff,0x00,0xff,0x00,0xff,0x00,0xff,0x00,0xff,0x00,
    0xff,0x00,0xff,0x00,0xff,0x00,0xff,0x00,0xff,0x00,0xff,0x00,0xff,0x00,0xff,0x00,0xff,0x00,0xff,0x00,0xff,0x00,0xff,0x00,0xff,0x00,0xff,0x00,0xff,0x00,0xff,0x00,
    0xff,0x00,0xff,0x00,0xff,0x00,0xff,0x00,0xff,0x00,0xff,0x00,0xff,0x00,0xff,0x00,0xff,0x00,0xff,0x00,0xff,0x00,0xff,0x00,0xff,0x00,0xff,0x00,0xff,0x00,0xff,0x00,
    0xff,0x00,0xff,0x00,0xff,0x00,0xff,0x00,0xff,0x00,0xff,0x00,0xff,0x00,0xff,0x00,0xff,0x00,0xff,0x00,0xff,0x00,0xff,0x00,0xff,0x00,0xff,0x00,0xff,0x00,0xff,0x00,
    0xff,0x00,0xff,0x00,0xff,0x00,0xff,0x00,0xff,0x00,0xff,0x00,0xff,0x00,0xff,0x00,0xff,0x00,0xff,0x00,0xff,0x00,0xff,0x00,0xff,0x00,0xff,0x00,0xff,0x00,0xff,0x00,
    0xff,0x00,0xff,0x00,0xff,0x00,0xff,0x00,0xff,0x00,0xff,0x00,0xff,0x00,0xff,0x00,0xff,0x00,0xff,0x00,0xff,0x00,0xff,0x00,0xff,0x00,0xff,0x00,0xff,0x00,0xff,0x00,
    0xff,0x00,0xff,0x00,0xff,0x00,0xff,0x00,0xff,0x00,0xff,0x00,0xff,0x00,0xff,0x00,0xff,0x00,0xff,0x00,0xff,0x00,0xff,0x00,0xff,0x00,0xff,0x00,0xff,0x00,0xff,0x00,
    0xff,0x00,0xff,0x00,0xff,0x00,0xff,0x00,0xff,0x00,0xff,0x00,0xff,0x00,0xff,0x00,0xff,0x00,0xff,0x00,0xff,0x00,0xff,0x00,0xff,0x00,0xff,0x00,0xff,0x00,0xff,0x00,
    0xff,0x00,0xff,0x00,0xff,0x00,0xff,0x00,0xff,0x00,0xff,0x00,0xff,0x00,0xff,0x00,0xff,0x00,0xff,0x00,0xff,0x00,0xff,0x00,0xff,0x00,0xff,0x00,0xff,0x00,0xff,0x00,
    0xff,0x00,0xff,0x00,0xff,0x00,0xff,0x00,0xff,0x00,0xff,0x00,0xff,0x00,0xff,0x00,0xff,0x00,0xff,0x00,0xff,0x00,0xff,0x00,0xff,0x00,0xff,0x00,0xff,0x00,0xff,0x00,
    0xff,0x00,0xff,0x00,0xff,0x00,0xff,0x00,0xff,0x00,0xff,0x00,0xff,0x00,0xff,0x00,0xff,0x00,0xff,0x00,0xff,0x00,0xff,0x00,0xff,0x00,0xff,0x00,0xff,0x00,0xff,0x00,
    0xff,0x00,0xff,0x00,0xff,0x00,0xff,0x00,0xff,0x00,0xff,0x00,0xff,0x00,0xff,0x00,0xff,0x00,0xff,0x00,0xff,0x00,0xff,0x00,0xff,0x00,0xff,0x00,0xff,0x00,0xff,0x00,
    0xff,0x00,0xff,0x00,0xff,0x00,0xff,0x00,0xff,0x00,0xff,0x00,0xff,0x00,0xff,0x00,0xff,0x00,0xff,0x00,0xff,0x00,0xff,0x00,0xff,0x00,0xff,0x00,0xff,0x00,0xff,0x00,
    0xff,0x00,0xff,0x00,0xff,0x00,0xff,0x00,0xff,0x00,0xff,0x00,0xff,0x00,0xff,0x00,0xff,0x00,0xff,0x00,0xff,0x00,0xff,0x00,0xff,0x00,0xff,0x00,0xff,0x00,0xff,0x00,
    0xff,0x00,0xff,0x00,0xff,0x00,0xff,0x00,0xff,0x00,0xff,0x00,0xff,0x00,0xff,0x00,0xff,0x00,0xff,0x00,0xff,0x00,0xff,0x00,0xff,0x00,0xff,0x00,0xff,0x00,0xff,0x00,
    0xff,0x00,0xff,0x00,0xff,0x00,0xff,0x00,0xff,0x00,0xff,0x00,0xff,0x00,0xff,0x00,0xff,0x00,0xff,0x00,0xff,0x00,0xff,0x00,0xff,0x00,0xff,0x00,0xff,0x00,0xff,0x00,
    0xff,0x00,0xff,0x00,0xff,0x00,0xff,0x00,0xff,0x00,0xff,0x00,0xff,0x00,0xff,0x00,0xff,0x00,0xff,0x00,0xff,0x00,0xff,0x00,0xff,0x00,0xff,0x00,0xff,0x00,0xff,0x00,
    0xff,0x00,0xff,0x00,0xff,0x00,0xff,0x00,0xff,0x00,0xff,0x00,0xff,0x00,0xff,0x00,0xff,0x00,0xff,0x00,0xff,0x00,0xff,0x00,0xff,0x00,0xff,0x00,0xff,0x00,0xff,0x00,
    0xff,0x00,0xff,0x00,0xff,0x00,0xff,0x00,0xff,0x00,0xff,0x00,0xff,0x00,0xff,0x00,0xff,0x00,0xff,0x00,0xff,0x00,0xff,0x00,0xff,0x00,0xff,0x00,0xff,0x00,0xff,0x00,
    0xff,0x00,0xff,0x00,0xff,0x00,0xff,0x00,0xff,0x00,0xff,0x00,0xff,0x00,0xff,0x00,0xff,0x00,0xff,0x00,0xff,0x00,0xff,0x00,0xff,0x00,0xff,0x00,0xff,0x00,0xff,0x00,
    0xff,0x00,0xff,0x00,0xff,0x00,0xff,0x00,0xff,0x00,0xff,0x00,0xff,0x00,0xff,0x00,0xff,0x00,0xff,0x00,0xff,0x00,0xff,0x00,0xff,0x00,0xff,0x00,0xff,0x00,0xff,0x00,
    0xff,0x00,0xff,0x00,0xff,0x00,0xff,0x00,0xff,0x00,0xff,0x00,0xff,0x00,0xff,0x00,0xff,0x00,0xff,0x00,0xff,0x00,0xff,0x00,0xff,0x00,0xff,0x00,0xff,0x00,0xff,0x00,
    0xff,0x00,0xff,0x00,0xff,0x00,0xff,0x00,0xff,0x00,0xff,0x00,0xff,0x00,0xff,0x00,0xff,0x00,0xff,0x00,0xff,0x00,0xff,0x00,0xff,0x00,0xff,0x00,0xff,0x00,0xff,0x00,
    0xff,0x00,0xff,0x00,0xff,0x00,0xff,0x00,0xff,0x00,0xff,0x00,0xff,0x00,0xff,0x00,0xff,0x00,0xff,0x00,0xff,0x00,0xff,0x00,0xff,0x00,0xff,0x00,0xff,0x00,0xff,0x00,
    0xff,0x00,0xff,0x00,0xff,0x00,0xff,0x00,0xff,0x00,0xff,0x00,0xff,0x00,0xff,0x00,0xff,0x00,0xff,0x00,0xff,0x00,0xff,0x00,0xff,0x00,0xff,0x00,0xff,0x00,0xff,0x00,
    0xff,0x00,0xff,0x00,0xff,0x00,0xff,0x00,0xff,0x00,0xff,0x00,0xff,0x00,0xff,0x00,0xff,0x00,0xff,0x00,0xff,0x00,0xff,0x00,0xff,0x00,0xff,0x00,0xff,0x00,0xff,0x00,
    0xff,0x00,0xff,0x00,0xff,0x00,0xff,0x00,0xff,0x00,0xff,0x00,0xff,0x00,0xff,0x00,0xff,0x00,0xff,0x00,0xff,0x00,0xff,0x00,0xff,0x00,0xff,0x00,0xff,0x00,0xff,0x00,
    0xff,0x00,0xff,0x00,0xff,0x00,0xff,0x00,0xff,0x00,0xff,0x00,0xff,0x00,0xff,0x00,0xff,0x00,0xff,0x00,0xff,0x00,0xff,0x00,0xff,0x00,0xff,0x00,0xff,0x00,0xff,0x00,
    0xff,0x00,0xff,0x00,0xff,0x00,0xff,0x00,0xff,0x00,0xff,0x00,0xff,0x00,0xff,0x00,0xff,0x00,0xff,0x00,0xff,0x00,0xff,0x00,0xff,0x00,0xff,0x00,0xff,0x00,0xff,0x00,
    0xff,0x00,0xff,0x00,0xff,0x00,0xff,0x00,0xff,0x00,0xff,0x00,0xff,0x00,0xff,0x00,0xff,0x00,0xff,0x00,0xff,0x00,0xff,0x00,0xff,0x00,0xff,0x00,0xff,0x00,0xff,0x00,
    0xff,0x00,0xff,0x00,0xff,0x00,0xff,0x00,0xff,0x00,0xff,0x00,0xff,0x00,0xff,0x00,0xff,0x00,0xff,0x00,0xff,0x00,0xff,0x00,0xff,0x00,0xff,0x00,0xff,0x00,0xff,0x00,
    0xff,0x00,0xff,0x00,0xff,0x00,0xff,0x00,0xff,0x00,0xff,0x00,0xff,0x00,0xff,0x00,0xff,0x00,0xff,0x00,0xff,0x00,0xff,0x00,0xff,0x00,0xff,0x00,0xff,0x00,0xff,0x00,
    0xff,0x00,0xff,0x00,0xff,0x00,0xff,0x00,0xff,0x00,0xff,0x00,0xff,0x00,0xff,0x00,0xff,0x00,0xff,0x00,0xff,0x00,0xff,0x00,0xff,0x00,0xff,0x00,0xff,0x00,0xff,0x00,
    0xff,0x00,0xff,0x00,0xff,0x00,0xff,0x00,0xff,0x00,0xff,0x00,0xff,0x00,0xff,0x00,0xff,0x00,0xff,0x00,0xff,0x00,0xff,0x00,0xff,0x00,0xff,0x00,0xff,0x00,0xff,0x00,
    0xff,0x00,0xff,0x00,0xff,0x00,0xff,0x00,0xff,0x00,0xff,0x00,0xff,0x00,0xff,0x00,0xff,0x00,0xff,0x00,0xff,0x00,0xff,0x00,0xff,0x00,0xff,0x00,0xff,0x00,0xff,0x00,
    0xff,0x00,0xff,0x00,0xff,0x00,0xff,0x00,0xff,0x00,0xff,0x00,0xff,0x00,0xff,0x00,0xff,0x00,0xff,0x00,0xff,0x00,0xff,0x00,0xff,0x00,0xff,0x00,0xff,0x00,0xff,0x00,
    0xff,0x00,0xff,0x00,0xff,0x00,0xff,0x00,0xff,0x00,0xff,0x00,0xff,0x00,0xff,0x00,0xff,0x00,0xff,0x00,0xff,0x00,0xff,0x00,0xff,0x00,0xff,0x00,0xff,0x00,0xff,0x00,
    0xff,0x00,0xff,0x00,0xff,0x00,0xff,0x00,0xff,0x00,0xff,0x00,0xff,0x00,0xff,0x00,0xff,0x00,0xff,0x00,0xff,0x00,0xff,0x00,0xff,0x00,0xff,0x00,0xff,0x00,0xff,0x00,
    0xff,0x00,0xff,0x00,0xff,0x00,0xff,0x00,0xff,0x00,0xff,0x00,0xff,0x00,0xff,0x00,0xff,0x00,0xff,0x00,0xff,0x00,0xff,0x00,0xff,0x00,0xff,0x00,0xff,0x00,0xff,0x00,
    0xff,0x00,0xff,0x00,0xff,0x00,0xff,0x00,0xff,0x00,0xff,0x00,0xff,0x00,0xff,0x00,0xff,0x00,0xff,0x00,0xff,0x00,0xff,0x00,0xff,0x00,0xff,0x00,0xff,0x00,0xff,0x00,
    0xff,0x00,0xff,0x00,0xff,0x00,0xff,0x00,0xff,0x00,0xff,0x00,0xff,0x00,0xff,0x00,0xff,0x00,0xff,0x00,0xff,0x00,0xff,0x00,0xff,0x00,0xff,0x00,0xff,0x00,0xff,0x00,
    0xff,0x00,0xff,0x00,0xff,0x00,0xff,0x00,0xff,0x00,0xff,0x00,0xff,0x00,0xff,0x00,0xff,0x00,0xff,0x00,0xff,0x00,0xff,0x00,0xff,0x00,0xff,0x00,0xff,0x00,0xff,0x00,
    0xff,0x00,0xff,0x00,0xff,0x00,0xff,0x00,0xff,0x00,0xff,0x00,0xff,0x00,0xff,0x00,0xff,0x00,0xff,0x00,0xff,0x00,0xff,0x00,0xff,0x00,0xff,0x00,0xff,0x00,0xff,0x00,
    0xff,0x00,0xff,0x00,0xff,0x00,0xff,0x00,0xff,0x00,0xff,0x00,0xff,0x00,0xff,0x00,0xff,0x00,0xff,0x00,0xff,0x00,0xff,0x00,0xff,0x00,0xff,0x00,0xff,0x00,0xff,0x00,
    0xff,0x00,0xff,0x00,0xff,0x00,0xff,0x00,0xff,0x00,0xff,0x00,0xff,0x00,0xff,0x00,0xff,0x00,0xff,0x00,0xff,0x00,0xff,0x00,0xff,0x00,0xff,0x00,0xff,0x00,0xff,0x00,
    0xff,0x00,0xff,0x00,0xff,0x00,0xff,0x00,0xff,0x00,0xff,0x00,0xff,0x00,0xff,0x00,0xff,0x00,0xff,0x00,0xff,0x00,0xff,0x00,0xff,0x00,0xff,0x00,0xff,0x00,0xff,0x00,
    0xff,0x00,0xff,0x00,0xff,0x00,0xff,0x00,0xff,0x00,0xff,0x00,0xff,0x00,0xff,0x00,0xff,0x00,0xff,0x00,0xff,0x00,0xff,0x00,0xff,0x00,0xff,0x00,0xff,0x00,0xff,0x00,
    0xff,0x00,0xff,0x00,0xff,0x00,0xff,0x00,0xff,0x00,0xff,0x00,0xff,0x00,0xff,0x00,0xff,0x00,0xff,0x00,0xff,0x00,0xff,0x00,0xff,0x00,0xff,0x00,0xff,0x00,0xff,0x00,
    0xff,0x00,0xff,0x00,0xff,0x00,0xff,0x00,0xff,0x00,0xff,0x00,0xff,0x00,0xff,0x00,0xff,0x00,0xff,0x00,0xff,0x00,0xff,0x00,0xff,0x00,0xff,0x00,0xff,0x00,0xff,0x00,
    0xff,0x00,0xff,0x00,0xff,0x00,0xff,0x00,0xff,0x00,0xff,0x00,0xff,0x00,0xff,0x00,0xff,0x00,0xff,0x00,0xff,0x00,0xff,0x00,0xff,0x00,0xff,0x00,0xff,0x00,0xff,0x00,
    0xff,0x00,0xff,0x00,0xff,0x00,0xff,0x00,0xff,0x00,0xff,0x00,0xff,0x00,0xff,0x00,0xff,0x00,0xff,0x00,0xff,0x00,0xff,0x00,0xff,0x00,0xff,0x00,0xff,0x00,0xff,0x00,
    0xff,0x00,0xff,0x00,0xff,0x00,0xff,0x00,0xff,0x00,0xff,0x00,0xff,0x00,0xff,0x00,0xff,0x00,0xff,0x00,0xff,0x00,0xff,0x00,0xff,0x00,0xff,0x00,0xff,0x00,0xff,0x00,
    0xff,0x00,0xff,0x00,0xff,0x00,0xff,0x00,0xff,0x00,0xff,0x00,0xff,0x00,0xff,0x00,0xff,0x00,0xff,0x00,0xff,0x00,0xff,0x00,0xff,0x00,0xff,0x00,0xff,0x00,0xff,0x00,
    0xff,0x00,0xff,0x00,0xff,0x00,0xff,0x00,0xff,0x00,0xff,0x00,0xff,0x00,0xff,0x00,0xff,0x00,0xff,0x00,0xff,0x00,0xff,0x00,0xff,0x00,0xff,0x00,0xff,0x00,0xff,0x00,
    0xff,0x00,0xff,0x00,0xff,0x00,0xff,0x00,0xff,0x00,0xff,0x00,0xff,0x00,0xff,0x00,0xff,0x00,0xff,0x00,0xff,0x00,0xff,0x00,0xff,0x00,0xff,0x00,0xff,0x00,0xff,0x00,
    0xff,0x00,0xff,0x00,0xff,0x00,0xff,0x00,0xff,0x00,0xff,0x00,0xff,0x00,0xff,0x00,0xff,0x00,0xff,0x00,0xff,0x00,0xff,0x00,0xff,0x00,0xff,0x00,0xff,0x00,0xff,0x00,
    0xff,0x00,0xff,0x00,0xff,0x00,0xff,0x00,0xff,0x00,0xff,0x00,0xff,0x00,0xff,0x00,0xff,0x00,0xff,0x00,0xff,0x00,0xff,0x00,0xff,0x00,0xff,0x00,0xff,0x00,0xff,0x00,
    0xff,0x00,0xff,0x00,0xff,0x00,0xff,0x00,0xff,0x00,0xff,0x00,0xff,0x00,0xff,0x00,0xff,0x00,0xff,0x00,0xff,0x00,0xff,0x00,0xff,0x00,0xff,0x00,0xff,0x00,0xff,0x00,
    0xff,0x00,0xff,0x00,0xff,0x00,0xff,0x00,0xff,0x00,0xff,0x00,0xff,0x00,0xff,0x00,0xff,0x00,0xff,0x00,0xff,0x00,0xff,0x00,0xff,0x00,0xff,0x00,0xff,0x00,0xff,0x00,
    0xff,0x00,0xff,0x00,0xff,0x00,0xff,0x00,0xff,0x00,0xff,0x00,0xff,0x00,0xff,0x00,0xff,0x00,0xff,0x00,0xff,0x00,0xff,0x00,0xff,0x00,0xff,0x00,0xff,0x00,0xff,0x00,
    0xff,0x00,0xff,0x00,0xff,0x00,0xff,0x00,0xff,0x00,0xff,0x00,0xff,0x00,0xff,0x00,0xff,0x00,0xff,0x00,0xff,0x00,0xff,0x00,0xff,0x00,0xff,0x00,0xff,0x00,0xff,0x00,
    0xff,0x00,0xff,0x00,0xff,0x00,0xff,0x00,0xff,0x00,0xff,0x00,0xff,0x00,0xff,0x00,0xff,0x00,0xff,0x00,0xff,0x00,0xff,0x00,0xff,0x00,0xff,0x00,0xff,0x00,0xff,0x00,
    0xff,0x00,0xff,0x00,0xff,0x00,0xff,0x00,0xff,0x00,0xff,0x00,0xff,0x00,0xff,0x00,0xff,0x00,0xff,0x00,0xff,0x00,0xff,0x00,0xff,0x00,0xff,0x00,0xff,0x00,0xff,0x00,
    0xff,0x00,0xff,0x00,0xff,0x00,0xff,0x00,0xff,0x00,0xff,0x00,0xff,0x00,0xff,0x00,0xff,0x00,0xff,0x00,0xff,0x00,0xff,0x00,0xff,0x00,0xff,0x00,0xff,0x00,0xff,0x00,
    0xff,0x00,0xff,0x00,0xff,0x00,0xff,0x00,0xff,0x00,0xff,0x00,0xff,0x00,0xff,0x00,0xff,0x00,0xff,0x00,0xff,0x00,0xff,0x00,0xff,0x00,0xff,0x00,0xff,0x00,0xff,0x00,
    0xff,0x00,0xff,0x00,0xff,0x00,0xff,0x00,0xff,0x00,0xff,0x00,0xff,0x00,0xff,0x00,0xff,0x00,0xff,0x00,0xff,0x00,0xff,0x00,0xff,0x00,0xff,0x00,0xff,0x00,0xff,0x00,
    0xff,0x00,0xff,0x00,0xff,0x00,0xff,0x00,0xff,0x00,0xff,0x00,0xff,0x00,0xff,0x00,0xff,0x00,0xff,0x00,0xff,0x00,0xff,0x00,0xff,0x00,0xff,0x00,0xff,0x00,0xff,0x00,
    0xff,0x00,0xff,0x00,0xff,0x00,0xff,0x00,0xff,0x00,0xff,0x00,0xff,0x00,0xff,0x00,0xff,0x00,0xff,0x00,0xff,0x00,0xff,0x00,0xff,0x00,0xff,0x00,0xff,0x00,0xff,0x00,
    0xff,0x00,0xff,0x00,0xff,0x00,0xff,0x00,0xff,0x00,0xff,0x00,0xff,0x00,0xff,0x00,0xff,0x00,0xff,0x00,0xff,0x00,0xff,0x00,0xff,0x00,0xff,0x00,0xff,0x00,0xff,0x00,
    0xff,0x00,0xff,0x00,0xff,0x00,0xff,0x00,0xff,0x00,0xff,0x00,0xff,0x00,0xff,0x00,0xff,0x00,0xff,0x00,0xff,0x00,0xff,0x00,0xff,0x00,0xff,0x00,0xff,0x00,0xff,0x00,
    0xff,0x00,0xff,0x00,0xff,0x00,0xff,0x00,0xff,0x00,0xff,0x00,0xff,0x00,0xff,0x00,0xff,0x00,0xff,0x00,0xff,0x00,0xff,0x00,0xff,0x00,0xff,0x00,0xff,0x00,0xff,0x00,
    0xff,0x00,0xff,0x00,0xff,0x00,0xff,0x00,0xff,0x00,0xff,0x00,0xff,0x00,0xff,0x00,0xff,0x00,0xff,0x00,0xff,0x00,0xff,0x00,0xff,0x00,0xff,0x00,0xff,0x00,0xff,0x00,
    0xff,0x00,0xff,0x00,0xff,0x00,0xff,0x00,0xff,0x00,0xff,0x00,0xff,0x00,0xff,0x00,0xff,0x00,0xff,0x00,0xff,0x00,0xff,0x00,0xff,0x00,0xff,0x00,0xff,0x00,0xff,0x00,
    0xff,0x00,0xff,0x00,0xff,0x00,0xff,0x00,0xff,0x00,0xff,0x00,0xff,0x00,0xff,0x00,0xff,0x00,0xff,0x00,0xff,0x00,0xff,0x00,0xff,0x00,0xff,0x00,0xff,0x00,0xff,0x00,
    0xff,0x00,0xff,0x00,0xff,0x00,0xff,0x00,0xff,0x00,0xff,0x00,0xff,0x00,0xff,0x00,0xff,0x00,0xff,0x00,0xff,0x00,0xff,0x00,0xff,0x00,0xff,0x00,0xff,0x00,0xff,0x00,
    0xff,0x00,0xff,0x00,0xff,0x00,0xff,0x00,0xff,0x00,0xff,0x00,0xff,0x00,0xff,0x00,0xff,0x00,0xff,0x00,0xff,0x00,0xff,0x00,0xff,0x00,0xff,0x00,0xff,0x00,0xff,0x00,
    0xff,0x00,0xff,0x00,0xff,0x00,0xff,0x00,0xff,0x00,0xff,0x00,0xff,0x00,0xff,0x00,0xff,0x00,0xff,0x00,0xff,0x00,0xff,0x00,0xff,0x00,0xff,0x00,0xff,0x00,0xff,0x00,
    0xff,0x00,0xff,0x00,0xff,0x00,0xff,0x00,0xff,0x00,0xff,0x00,0xff,0x00,0xff,0x00,0xff,0x00,0xff,0x00,0xff,0x00,0xff,0x00,0xff,0x00,0xff,0x00,0xff,0x00,0xff,0x00,
    0xff,0x00,0xff,0x00,0xff,0x00,0xff,0x00,0xff,0x00,0xff,0x00,0xff,0x00,0xff,0x00,0xff,0x00,0xff,0x00,0xff,0x00,0xff,0x00,0xff,0x00,0xff,0x00,0xff,0x00,0xff,0x00,
    0xff,0x00,0xff,0x00,0xff,0x00,0xff,0x00,0xff,0x00,0xff,0x00,0xff,0x00,0xff,0x00,0xff,0x00,0xff,0x00,0xff,0x00,0xff,0x00,0xff,0x00,0xff,0x00,0xff,0x00,0xff,0x00,
    0xff,0x00,0xff,0x00,0xff,0x00,0xff,0x00,0xff,0x00,0xff,0x00,0xff,0x00,0xff,0x00,0xff,0x00,0xff,0x00,0xff,0x00,0xff,0x00,0xff,0x00,0xff,0x00,0xff,0x00,0xff,0x00,
    0xff,0x00,0xff,0x00,0xff,0x00,0xff,0x00,0xff,0x00,0xff,0x00,0xff,0x00,0xff,0x00,0xff,0x00,0xff,0x00,0xff,0x00,0xff,0x00,0xff,0x00,0xff,0x00,0xff,0x00,0xff,0x00,
    0xff,0x00,0xff,0x00,0xff,0x00,0xff,0x00,0xff,0x00,0xff,0x00,0xff,0x00,0xff,0x00,0xff,0x00,0xff,0x00,0xff,0x00,0xff,0x00,0xff,0x00,0xff,0x00,0xff,0x00,0xff,0x00,
    0xff,0x00,0xff,0x00,0xff,0x00,0xff,0x00,0xff,0x00,0xff,0x00,0xff,0x00,0xff,0x00,0xff,0x00,0xff,0x00,0xff,0x00,0xff,0x00,0xff,0x00,0xff,0x00,0xff,0x00,0xff,0x00,
    0xff,0x00,0xff,0x00,0xff,0x00,0xff,0x00,0xff,0x00,0xff,0x00,0xff,0x00,0xff,0x00,0xff,0x00,0xff,0x00,0xff,0x00,0xff,0x00,0xff,0x00,0xff,0x00,0xff,0x00,0xff,0x00,
    0xff,0x00,0xff,0x00,0xff,0x00,0xff,0x00,0xff,0x00,0xff,0x00,0xff,0x00,0xff,0x00,0xff,0x00,0xff,0x00,0xff,0x00,0xff,0x00,0xff,0x00,0xff,0x00,0xff,0x00,0xff,0x00,
    0xff,0x00,0xff,0x00,0xff,0x00,0xff,0x00,0xff,0x00,0xff,0x00,0xff,0x00,0xff,0x00,0xff,0x00,0xff,0x00,0xff,0x00,0xff,0x00,0xff,0x00,0xff,0x00,0xff,0x00,0xff,0x00,
    0xff,0x00,0xff,0x00,0xff,0x00,0xff,0x00,0xff,0x00,0xff,0x00,0xff,0x00,0xff,0x00,0xff,0x00,0xff,0x00,0xff,0x00,0xff,0x00,0xff,0x00,0xff,0x00,0xff,0x00,0xff,0x00,
    0xff,0x00,0xff,0x00,0xff,0x00,0xff,0x00,0xff,0x00,0xff,0x00,0xff,0x00,0xff,0x00,0xff,0x00,0xff,0x00,0xff,0x00,0xff,0x00,0xff,0x00,0xff,0x00,0xff,0x00,0xff,0x00,
    0xff,0x00,0xff,0x00,0xff,0x00,0xff,0x00,0xff,0x00,0xff,0x00,0xff,0x00,0xff,0x00,0xff,0x00,0xff,0x00,0xff,0x00,0xff,0x00,0xff,0x00,0xff,0x00,0xff,0x00,0xff,0x00,
    0xff,0x00,0xff,0x00,0xff,0x00,0xff,0x00,0xff,0x00,0xff,0x00,0xff,0x00,0xff,0x00,0xff,0x00,0xff,0x00,0xff,0x00,0xff,0x00,0xff,0x00,0xff,0x00,0xff,0x00,0xff,0x00,
    0xff,0x00,0xff,0x00,0xff,0x00,0xff,0x00,0xff,0x00,0xff,0x00,0xff,0x00,0xff,0x00,0xff,0x00,0xff,0x00,0xff,0x00,0xff,0x00,0xff,0x00,0xff,0x00,0xff,0x00,0xff,0x00,
    0xff,0x00,0xff,0x00,0xff,0x00,0xff,0x00,0xff,0x00,0xff,0x00,0xff,0x00,0xff,0x00,0xff,0x00,0xff,0x00,0xff,0x00,0xff,0x00,0xff,0x00,0xff,0x00,0xff,0x00,0xff,0x00,
    0xff,0x00,0xff,0x00,0xff,0x00,0xff,0x00,0xff,0x00,0xff,0x00,0xff,0x00,0xff,0x00,0xff,0x00,0xff,0x00,0xff,0x00,0xff,0x00,0xff,0x00,0xff,0x00,0xff,0x00,0xff,0x00,
    0xff,0x00,0xff,0x00,0xff,0x00,0xff,0x00,0xff,0x00,0xff,0x00,0xff,0x00,0xff,0x00,0xff,0x00,0xff,0x00,0xff,0x00,0xff,0x00,0xff,0x00,0xff,0x00,0xff,0x00,0xff,0x00,
    0xff,0x00,0xff,0x00,0xff,0x00,0xff,0x00,0xff,0x00,0xff,0x00,0xff,0x00,0xff,0x00,0xff,0x00,0xff,0x00,0xff,0x00,0xff,0x00,0xff,0x00,0xff,0x00,0xff,0x00,0xff,0x00,
    0xff,0x00,0xff,0x00,0xff,0x00,0xff,0x00,0xff,0x00,0xff,0x00,0xff,0x00,0xff,0x00,0xff,0x00,0xff,0x00,0xff,0x00,0xff,0x00,0xff,0x00,0xff,0x00,0xff,0x00,0xff,0x00,
    0xff,0x00,0xff,0x00,0xff,0x00,0xff,0x00,0xff,0x00,0xff,0x00,0xff,0x00,0xff,0x00,0xff,0x00,0xff,0x00,0xff,0x00,0xff,0x00,0xff,0x00,0xff,0x00,0xff,0x00,0xff,0x00,
    0xff,0x00,0xff,0x00,0xff,0x00,0xff,0x00,0xff,0x00,0xff,0x00,0xff,0x00,0xff,0x00,0xff,0x00,0xff,0x00,0xff,0x00,0xff,0x00,0xff,0x00,0xff,0x00,0xff,0x00,0xff,0x00,
    0xff,0x00,0xff,0x00,0xff,0x00,0xff,0x00,0xff,0x00,0xff,0x00,0xff,0x00,0xff,0x00,0xff,0x00,0xff,0x00,0xff,0x00,0xff,0x00,0xff,0x00,0xff,0x00,0xff,0x00,0xff,0x00,
    0xff,0x00,0xff,0x00,0xff,0x00,0xff,0x00,0xff,0x00,0xff,0x00,0xff,0x00,0xff,0x00,0xff,0x00,0xff,0x00,0xff,0x00,0xff,0x00,0xff,0x00,0xff,0x00,0xff,0x00,0xff,0x00,
    0xff,0x00,0xff,0x00,0xff,0x00,0xff,0x00,0xff,0x00,0xff,0x00,0xff,0x00,0xff,0x00,0xff,0x00,0xff,0x00,0xff,0x00,0xff,0x00,0xff,0x00,0xff,0x00,0xff,0x00,0xff,0x00,
    0xff,0x00,0xff,0x00,0xff,0x00,0xff,0x00,0xff,0x00,0xff,0x00,0xff,0x00,0xff,0x00,0xff,0x00,0xff,0x00,0xff,0x00,0xff,0x00,0xff,0x00,0xff,0x00,0xff,0x00,0xff,0x00,
    0xff,0x00,0xff,0x00,0xff,0x00,0xff,0x00,0xff,0x00,0xff,0x00,0xff,0x00,0xff,0x00,0xff,0x00,0xff,0x00,0xff,0x00,0xff,0x00,0xff,0x00,0xff,0x00,0xff,0x00,0xff,0x00,
    0xff,0x00,0xff,0x00,0xff,0x00,0xff,0x00,0xff,0x00,0xff,0x00,0xff,0x00,0xff,0x00,0xff,0x00,0xff,0x00,0xff,0x00,0xff,0x00,0xff,0x00,0xff,0x00,0xff,0x00,0xff,0x00,
    0xff,0x00,0xff,0x00,0xff,0x00,0xff,0x00,0xff,0x00,0xff,0x00,0xff,0x00,0xff,0x00,0xff,0x00,0xff,0x00,0xff,0x00,0xff,0x00,0xff,0x00,0xff,0x00,0xff,0x00,0xff,0x00,
    0xff,0x00,0xff,0x00,0xff,0x00,0xff,0x00,0xff,0x00,0xff,0x00,0xff,0x00,0xff,0x00,0xff,0x00,0xff,0x00,0xff,0x00,0xff,0x00,0xff,0x00,0xff,0x00,0xff,0x00,0xff,0x00,
    0xff,0x00,0xff,0x00,0xff,0x00,0xff,0x00,0xff,0x00,0xff,0x00,0xff,0x00,0xff,0x00,0xff,0x00,0xff,0x00,0xff,0x00,0xff,0x00,0xff,0x00,0xff,0x00,0xff,0x00,0xff,0x00,
    0xff,0x00,0xff,0x00,0xff,0x00,0xff,0x00,0xff,0x00,0xff,0x00,0xff,0x00,0xff,0x00,0xff,0x00,0xff,0x00,0xff,0x00,0xff,0x00,0xff,0x00,0xff,0x00,0xff,0x00,0xff,0x00,
    0xff,0x00,0xff,0x00,0xff,0x00,0xff,0x00,0xff,0x00,0xff,0x00,0xff,0x00,0xff,0x00,0xff,0x00,0xff,0x00,0xff,0x00,0xff,0x00,0xff,0x00,0xff,0x00,0xff,0x00,0xff,0x00,
    0xff,0x00,0xff,0x00,0xff,0x00,0xff,0x00,0xff,0x00,0xff,0x00,0xff,0x00,0xff,0x00,0xff,0x00,0xff,0x00,0xff,0x00,0xff,0x00,0xff,0x00,0xff,0x00,0xff,0x00,0xff,0x00,
    0xff,0x00,0xff,0x00,0xff,0x00,0xff,0x00,0xff,0x00,0xff,0x00,0xff,0x00,0xff,0x00,0xff,0x00,0xff,0x00,0xff,0x00,0xff,0x00,0xff,0x00,0xff,0x00,0xff,0x00,0xff,0x00,
    0xff,0x00,0xff,0x00,0xff,0x00,0xff,0x00,0xff,0x00,0xff,0x00,0xff,0x00,0xff,0x00,0xff,0x00,0xff,0x00,0xff,0x00,0xff,0x00,0xff,0x00,0xff,0x00,0xff,0x00,0xff,0x00,
    0xff,0x00,0xff,0x00,0xff,0x00,0xff,0x00,0xff,0x00,0xff,0x00,0xff,0x00,0xff,0x00,0xff,0x00,0xff,0x00,0xff,0x00,0xff,0x00,0xff,0x00,0xff,0x00,0xff,0x00,0xff,0x00,
    0xff,0x00,0xff,0x00,0xff,0x00,0xff,0x00,0xff,0x00,0xff,0x00,0xff,0x00,0xff,0x00,0xff,0x00,0xff,0x00,0xff,0x00,0xff,0x00,0xff,0x00,0xff,0x00,0xff,0x00,0xff,0x00,
    0xff,0x00,0xff,0x00,0xff,0x00,0xff,0x00,0xff,0x00,0xff,0x00,0xff,0x00,0xff,0x00,0xff,0x00,0xff,0x00,0xff,0x00,0xff,0x00,0xff,0x00,0xff,0x00,0xff,0x00,0xff,0x00,
    0xff,0x00,0xff,0x00,0xff,0x00,0xff,0x00,0xff,0x00,0xff,0x00,0xff,0x00,0xff,0x00,0xff,0x00,0xff,0x00,0xff,0x00,0xff,0x00,0xff,0x00,0xff,0x00,0xff,0x00,0xff,0x00,
    0xff,0x00,0xff,0x00,0xff,0x00,0xff,0x00,0xff,0x00,0xff,0x00,0xff,0x00,0xff,0x00,0xff,0x00,0xff,0x00,0xff,0x00,0xff,0x00,0xff,0x00,0xff,0x00,0xff,0x00,0xff,0x00,
    0xff,0x00,0xff,0x00,0xff,0x00,0xff,0x00,0xff,0x00,0xff,0x00,0xff,0x00,0xff,0x00,0xff,0x00,0xff,0x00,0xff,0x00,0xff,0x00,0xff,0x00,0xff,0x00,0xff,0x00,0xff,0x00,
    0xff,0x00,0xff,0x00,0xff,0x00,0xff,0x00,0xff,0x00,0xff,0x00,0xff,0x00,0xff,0x00,0xff,0x00,0xff,0x00,0xff,0x00,0xff,0x00,0xff,0x00,0xff,0x00,0xff,0x00,0xff,0x00,
    0xff,0x00,0xff,0x00,0xff,0x00,0xff,0x00,0xff,0x00,0xff,0x00,0xff,0x00,0xff,0x00,0xff,0x00,0xff,0x00,0xff,0x00,0xff,0x00,0xff,0x00,0xff,0x00,0xff,0x00,0xff,0x00,
    0xff,0x00,0xff,0x00,0xff,0x00,0xff,0x00,0xff,0x00,0xff,0x00,0xff,0x00,0xff,0x00,0xff,0x00,0xff,0x00,0xff,0x00,0xff,0x00,0xff,0x00,0xff,0x00,0xff,0x00,0xff,0x00,
    0xff,0x00,0xff,0x00,0xff,0x00,0xff,0x00,0xff,0x00,0xff,0x00,0xff,0x00,0xff,0x00,0xff,0x00,0xff,0x00,0xff,0x00,0xff,0x00,0xff,0x00,0xff,0x00,0xff,0x00,0xff,0x00,
    0xff,0x00,0xff,0x00,0xff,0x00,0xff,0x00,0xff,0x00,0xff,0x00,0xff,0x00,0xff,0x00,0xff,0x00,0xff,0x00,0xff,0x00,0xff,0x00,0xff,0x00,0xff,0x00,0xff,0x00,0xff,0x00,
    0xff,0x00,0xff,0x00,0xff,0x00,0xff,0x00,0xff,0x00,0xff,0x00,0xff,0x00,0xff,0x00,0xff,0x00,0xff,0x00,0xff,0x00,0xff,0x00,0xff,0x00,0xff,0x00,0xff,0x00,0xff,0x00,
    0xff,0x00,0xff,0x00,0xff,0x00,0xff,0x00,0xff,0x00,0xff,0x00,0xff,0x00,0xff,0x00,0xff,0x00,0xff,0x00,0xff,0x00,0xff,0x00,0xff,0x00,0xff,0x00,0xff,0x00,0xff,0x00,
    0xff,0x00,0xff,0x00,0xff,0x00,0xff,0x00,0xff,0x00,0xff,0x00,0xff,0x00,0xff,0x00,0xff,0x00,0xff,0x00,0xff,0x00,0xff,0x00,0xff,0x00,0xff,0x00,0xff,0x00,0xff,0x00,
    0xff,0x00,0xff,0x00,0xff,0x00,0xff,0x00,0xff,0x00,0xff,0x00,0xff,0x00,0xff,0x00,0xff,0x00,0xff,0x00,0xff,0x00,0xff,0x00,0xff,0x00,0xff,0x00,0xff,0x00,0xff,0x00,
    0xff,0x00,0xff,0x00,0xff,0x00,0xff,0x00,0xff,0x00,0xff,0x00,0xff,0x00,0xff,0x00,0xff,0x00,0xff,0x00,0xff,0x00,0xff,0x00,0xff,0x00,0xff,0x00,0xff,0x00,0xff,0x00,
    0xff,0x00,0xff,0x00,0xff,0x00,0xff,0x00,0xff,0x00,0xff,0x00,0xff,0x00,0xff,0x00,0xff,0x00,0xff,0x00,0xff,0x00,0xff,0x00,0xff,0x00,0xff,0x00,0xff,0x00,0xff,0x00,
    0xff,0x00,0xff,0x00,0xff,0x00,0xff,0x00,0xff,0x00,0xff,0x00,0xff,0x00,0xff,0x00,0xff,0x00,0xff,0x00,0xff,0x00,0xff,0x00,0xff,0x00,0xff,0x00,0xff,0x00,0xff,0x00,
    0xff,0x00,0xff,0x00,0xff,0x00,0xff,0x00,0xff,0x00,0xff,0x00,0xff,0x00,0xff,0x00,0xff,0x00,0xff,0x00,0xff,0x00,0xff,0x00,0xff,0x00,0xff,0x00,0xff,0x00,0xff,0x00,
    0xff,0x00,0xff,0x00,0xff,0x00,0xff,0x00,0xff,0x00,0xff,0x00,0xff,0x00,0xff,0x00,0xff,0x00,0xff,0x00,0xff,0x00,0xff,0x00,0xff,0x00,0xff,0x00,0xff,0x00,0xff,0x00,
    0xff,0x00,0xff,0x00,0xff,0x00,0xff,0x00,0xff,0x00,0xff,0x00,0xff,0x00,0xff,0x00,0xff,0x00,0xff,0x00,0xff,0x00,0xff,0x00,0xff,0x00,0xff,0x00,0xff,0x00,0xff,0x00,
    0xff,0x00,0xff,0x00,0xff,0x00,0xff,0x00,0xff,0x00,0xff,0x00,0xff,0x00,0xff,0x00,0xff,0x00,0xff,0x00,0xff,0x00,0xff,0x00,0xff,0x00,0xff,0x00,0xff,0x00,0xff,0x00,
    0xff,0x00,0xff,0x00,0xff,0x00,0xff,0x00,0xff,0x00,0xff,0x00,0xff,0x00,0xff,0x00,0xff,0x00,0xff,0x00,0xff,0x00,0xff,0x00,0xff,0x00,0xff,0x00,0xff,0x00,0xff,0x00,
    0xff,0x00,0xff,0x00,0xff,0x00,0xff,0x00,0xff,0x00,0xff,0x00,0xff,0x00,0xff,0x00,0xff,0x00,0xff,0x00,0xff,0x00,0xff,0x00,0xff,0x00,0xff,0x00,0xff,0x00,0xff,0x00,
    0xac,0xff,0xac,0xff,0xac,0xff,0xac,0xff,0xac,0xff,0xac,0xff,0xac,0xff,0xac,0xff,0xac,0xff,0xac,0xff,0xac,0xff,0xac,0xff,0xac,0xff,0xac,0xff,0xac,0xff,0xac,0xff,
    0xac,0xff,0xac,0xff,0xac,0xff,0xac,0xff,0xac,0xff,0xac,0xff,0xac,0xff,0xac,0xff,0xac,0xff,0xac,0xff,0xac,0xff,0xac,0xff,0xac,0xff,0xac,0xff,0xac,0xff,0xac,0xff,
    0xac,0xff,0xac,0xff,0xac,0xff,0xac,0xff,0xac,0xff,0xac,0xff,0xac,0xff,0xac,0xff,0xac,0xff,0xac,0xff,0xac,0xff,0xac,0xff,0xac,0xff,0xac,0xff,0xac,0xff,0xac,0xff,
    0xac,0xff,0xac,0xff,0xac,0xff,0xac,0xff,0xac,0xff,0xac,0xff,0xac,0xff,0xac,0xff,0xac,0xff,0xac,0xff,0xac,0xff,0xac,0xff,0xac,0xff,0xac,0xff,0xac,0xff,0xac,0xff,
    0xac,0xff,0xac,0xff,0xac,0xff,0xac,0xff,0xac,0xff,0xac,0xff,0xac,0xff,0xac,0xff,0xac,0xff,0xac,0xff,0xac,0xff,0xac,0xff,0xac,0xff,0xac,0xff,0xac,0xff,0xac,0xff,
    0xac,0xff,0xac,0xff,0xac,0xff,0xac,0xff,0xac,0xff,0xac,0xff,0xac,0xff,0xac,0xff,0xac,0xff,0xac,0xff,0xac,0xff,0xac,0xff,0xac,0xff,0xac,0xff,0xac,0xff,0xac,0xff,
    0xac,0xff,0xac,0xff,0xac,0xff,0xac,0xff,0xac,0xff,0xac,0xff,0xac,0xff,0xac,0xff,0xac,0xff,0xac,0xff,0xac,0xff,0xac,0xff,0xac,0xff,0xac,0xff,0xac,0xff,0xac,0xff,
    0xac,0xff,0xac,0xff,0xac,0xff,0xac,0xff,0xac,0xff,0xac,0xff,0xac,0xff,0xac,0xff,0xac,0xff,0xac,0xff,0xac,0xff,0xac,0xff,0xac,0xff,0xac,0xff,0xac,0xff,0xac,0xff,
    0xac,0xff,0xac,0xff,0xac,0xff,0xac,0xff,0xac,0xff,0xac,0xff,0xac,0xff,0xac,0xff,0xac,0xff,0xac,0xff,0xac,0xff,0xac,0xff,0xac,0xff,0xac,0xff,0xac,0xff,0xac,0xff,
    0xac,0xff,0xac,0xff,0xac,0xff,0xac,0xff,0xac,0xff,0xac,0xff,0xac,0xff,0xac,0xff,0xac,0xff,0xac,0xff,0xac,0xff,0xac,0xff,0xac,0xff,0xac,0xff,0xac,0xff,0xac,0xff,
    0xac,0xff,0xac,0xff,0xac,0xff,0xac,0xff,0xac,0xff,0xac,0xff,0xac,0xff,0xac,0xff,0xac,0xff,0xac,0xff,0xac,0xff,0xac,0xff,0xac,0xff,0xac,0xff,0xac,0xff,0xac,0xff,
    0xac,0xff,0xac,0xff,0xac,0xff,0xac,0xff,0xac,0xff,0xac,0xff,0xac,0xff,0xac,0xff,0xac,0xff,0xac,0xff,0xac,0xff,0xac,0xff,0xac,0xff,0xac,0xff,0xac,0xff,0xac,0xff,
    0xac,0xff,0xac,0xff,0xac,0xff,0xac,0xff,0xac,0xff,0xac,0xff,0xac,0xff,0xac,0xff,0xac,0xff,0xac,0xff,0xac,0xff,0xac,0xff,0xac,0xff,0xac,0xff,0xac,0xff,0xac,0xff,
    0xac,0xff,0xac,0xff,0xac,0xff,0xac,0xff,0xac,0xff,0xac,0xff,0xac,0xff,0xac,0xff,0xac,0xff,0xac,0xff,0xac,0xff,0xac,0xff,0xac,0xff,0xac,0xff,0xac,0xff,0xac,0xff,
    0xac,0xff,0xac,0xff,0xac,0xff,0xac,0xff,0xac,0xff,0xac,0xff,0xac,0xff,0xac,0xff,0xac,0xff,0xac,0xff,0xac,0xff,0xac,0xff,0xac,0xff,0xac,0xff,0xac,0xff,0xac,0xff,
    0xac,0xff,0xac,0xff,0xac,0xff,0xac,0xff,0xac,0xff,0xac,0xff,0xac,0xff,0xac,0xff,0xac,0xff,0xac,0xff,0xac,0xff,0xac,0xff,0xac,0xff,0xac,0xff,0xac,0xff,0xac,0xff,
    0xac,0xff,0xac,0xff,0xac,0xff,0xac,0xff,0xac,0xff,0xac,0xff,0xac,0xff,0xac,0xff,0xac,0xff,0xac,0xff,0xac,0xff,0xac,0xff,0xac,0xff,0xac,0xff,0xac,0xff,0xac,0xff,
    0xac,0xff,0xac,0xff,0xac,0xff,0xac,0xff,0xac,0xff,0xac,0xff,0xac,0xff,0xac,0xff,0xac,0xff,0xac,0xff,0xac,0xff,0xac,0xff,0xac,0xff,0xac,0xff,0xac,0xff,0xac,0xff,
    0xac,0xff,0xac,0xff,0xac,0xff,0xac,0xff,0xac,0xff,0xac,0xff,0xac,0xff,0xac,0xff,0xac,0xff,0xac,0xff,0xac,0xff,0xac,0xff,0xac,0xff,0xac,0xff,0xac,0xff,0xac,0xff,
    0xac,0xff,0xac,0xff,0xac,0xff,0xac,0xff,0xac,0xff,0xac,0xff,0xac,0xff,0xac,0xff,0xac,0xff,0xac,0xff,0xac,0xff,0xac,0xff,0xac,0xff,0xac,0xff,0xac,0xff,0xac,0xff,
    0xac,0xff,0xac,0xff,0xac,0xff,0xac,0xff,0xac,0xff,0xac,0xff,0xac,0xff,0xac,0xff,0xac,0xff,0xac,0xff,0xac,0xff,0xac,0xff,0xac,0xff,0xac,0xff,0xac,0xff,0xac,0xff,
    0xac,0xff,0xac,0xff,0xac,0xff,0xac,0xff,0xac,0xff,0xac,0xff,0xac,0xff,0xac,0xff,0xac,0xff,0xac,0xff,0xac,0xff,0xac,0xff,0xac,0xff,0xac,0xff,0xac,0xff,0xac,0xff,
    0xac,0xff,0xac,0xff,0xac,0xff,0xac,0xff,0xac,0xff,0xac,0xff,0xac,0xff,0xac,0xff,0xac,0xff,0xac,0xff,0xac,0xff,0xac,0xff,0xac,0xff,0xac,0xff,0xac,0xff,0xac,0xff,
    0xac,0xff,0xac,0xff,0xac,0xff,0xac,0xff,0xac,0xff,0xac,0xff,0xac,0xff,0xac,0xff,0xac,0xff,0xac,0xff,0xac,0xff,0xac,0xff,0xac,0xff,0xac,0xff,0xac,0xff,0xac,0xff,
    0xac,0xff,0xac,0xff,0xac,0xff,0xac,0xff,0xac,0xff,0xac,0xff,0xac,0xff,0xac,0xff,0xac,0xff,0xac,0xff,0xac,0xff,0xac,0xff,0xac,0xff,0xac,0xff,0xac,0xff,0xac,0xff,
    0xac,0xff,0xac,0xff,0xac,0xff,0xac,0xff,0xac,0xff,0xac,0xff,0xac,0xff,0xac,0xff,0xac,0xff,0xac,0xff,0xac,0xff,0xac,0xff,0xac,0xff,0xac,0xff,0xac,0xff,0xac,0xff,
    0xac,0xff,0xac,0xff,0xac,0xff,0xac,0xff,0xac,0xff,0xac,0xff,0xac,0xff,0xac,0xff,0xac,0xff,0xac,0xff,0xac,0xff,0xac,0xff,0xac,0xff,0xac,0xff,0xac,0xff,0xac,0xff,
    0xac,0xff,0xac,0xff,0xac,0xff,0xac,0xff,0xac,0xff,0xac,0xff,0xac,0xff,0xac,0xff,0xac,0xff,0xac,0xff,0xac,0xff,0xac,0xff,0xac,0xff,0xac,0xff,0xac,0xff,0xac,0xff,
    0xac,0xff,0xac,0xff,0xac,0xff,0xac,0xff,0xac,0xff,0xac,0xff,0xac,0xff,0xac,0xff,0xac,0xff,0xac,0xff,0xac,0xff,0xac,0xff,0xac,0xff,0xac,0xff,0xac,0xff,0xac,0xff,
    0xac,0xff,0xac,0xff,0xac,0xff,0xac,0xff,0xac,0xff,0xac,0xff,0xac,0xff,0xac,0xff,0xac,0xff,0xac,0xff,0xac,0xff,0xac,0xff,0xac,0xff,0xac,0xff,0xac,0xff,0xac,0xff,
    0xac,0xff,0xac,0xff,0xac,0xff,0xac,0xff,0xac,0xff,0xac,0xff,0xac,0xff,0xac,0xff,0xac,0xff,0xac,0xff,0xac,0xff,0xac,0xff,0xac,0xff,0xac,0xff,0xac,0xff,0xac,0xff,
    0xac,0xff,0xac,0xff,0xac,0xff,0xac,0xff,0xac,0xff,0xac,0xff,0xac,0xff,0xac,0xff,0xac,0xff,0xac,0xff,0xac,0xff,0xac,0xff,0xac,0xff,0xac,0xff,0xac,0xff,0xac,0xff,
    0xac,0xff,0xac,0xff,0xac,0xff,0xac,0xff,0xac,0xff,0xac,0xff,0xac,0xff,0xac,0xff,0xac,0xff,0xac,0xff,0xac,0xff,0xac,0xff,0xac,0xff,0xac,0xff,0xac,0xff,0xac,0xff,
    0xac,0xff,0xac,0xff,0xac,0xff,0xac,0xff,0xac,0xff,0xac,0xff,0xac,0xff,0xac,0xff,0xac,0xff,0xac,0xff,0xac,0xff,0xac,0xff,0xac,0xff,0xac,0xff,0xac,0xff,0xac,0xff,
    0xac,0xff,0xac,0xff,0xac,0xff,0xac,0xff,0xac,0xff,0xac,0xff,0xac,0xff,0xac,0xff,0xac,0xff,0xac,0xff,0xac,0xff,0xac,0xff,0xac,0xff,0xac,0xff,0xac,0xff,0xac,0xff,
    0xac,0xff,0xac,0xff,0xac,0xff,0xac,0xff,0xac,0xff,0xac,0xff,0xac,0xff,0xac,0xff,0xac,0xff,0xac,0xff,0xac,0xff,0xac,0xff,0xac,0xff,0xac,0xff,0xac,0xff,0xac,0xff,
    0xac,0xff,0xac,0xff,0xac,0xff,0xac,0xff,0xac,0xff,0xac,0xff,0xac,0xff,0xac,0xff,0xac,0xff,0xac,0xff,0xac,0xff,0xac,0xff,0xac,0xff,0xac,0xff,0xac,0xff,0xac,0xff,
    0xac,0xff,0xac,0xff,0xac,0xff,0xac,0xff,0xac,0xff,0xac,0xff,0xac,0xff,0xac,0xff,0xff,0x00,0xff,0x00,0xff,0x00,0xff,0x00,0xff,0x00,0xff,0x00,0xff,0x00,0xff,0x00,
    0xff,0x00,0xff,0x00,0xff,0x00,0xff,0x00,0xff,0x00,0xff,0x00,0xff,0x00,0xff,0x00,0xff,0x00,0xff,0x00,0xff,0x00,0xff,0x00,0xff,0x00,0xff,0x00,0xff,0x00,0xff,0x00,
    0xff,0x00,0xff,0x00,0xff,0x00,0xff,0x00,0xff,0x00,0xff,0x00,0xff,0x00,0xff,0x00,0xff,0x00,0xff,0x00,0xff,0x00,0xff,0x00,0xff,0x00,0xff,0x00,0xff,0x00,0xff,0x00,
    0xff,0x00,0xff,0x00,0xff,0x00,0xff,0x00,0xff,0x00,0xff,0x00,0xff,0x00,0xff,0x00,0xff,0x00,0xff,0x00,0xff,0x00,0xff,0x00,0xff,0x00,0xff,0x00,0xff,0x00,0xff,0x00,
    0xff,0x00,0xff,0x00,0xff,0x00,0xff,0x00,0xff,0x00,0xff,0x00,0xff,0x00,0xff,0x00,0xff,0x00,0xff,0x00,0xff,0x00,0xff,0x00,0xff,0x00,0xff,0x00,0xff,0x00,0xff,0x00,
    0xff,0x00,0xff,0x00,0xff,0x00,0xff,0x00,0xff,0x00,0xff,0x00,0xff,0x00,0xff,0x00,0xff,0x00,0xff,0x00,0xff,0x00,0xff,0x00,0xff,0x00,0xff,0x00,0xff,0x00,0xff,0x00,
    0xff,0x00,0xff,0x00,0xff,0x00,0xff,0x00,0xff,0x00,0xff,0x00,0xff,0x00,0xff,0x00,0xff,0x00,0xff,0x00,0xff,0x00,0xff,0x00,0xff,0x00,0xff,0x00,0xff,0x00,0xff,0x00,
    0xff,0x00,0xff,0x00,0xff,0x00,0xff,0x00,0xff,0x00,0xff,0x00,0xff,0x00,0xff,0x00,0xff,0x00,0xff,0x00,0xff,0x00,0xff,0x00,0xff,0x00,0xff,0x00,0xff,0x00,0xff,0x00,
    0xff,0x00,0xff,0x00,0xff,0x00,0xff,0x00,0xff,0x00,0xff,0x00,0xff,0x00,0xff,0x00,0xff,0x00,0xff,0x00,0xff,0x00,0xff,0x00,0xff,0x00,0xff,0x00,0xff,0x00,0xff,0x00,
    0xff,0x00,0xff,0x00,0xff,0x00,0xff,0x00,0xff,0x00,0xff,0x00,0xff,0x00,0xff,0x00,0xff,0x00,0xff,0x00,0xff,0x00,0xff,0x00,0xff,0x00,0xff,0x00,0xff,0x00,0xff,0x00,
    0xff,0x00,0xff,0x00,0xff,0x00,0xff,0x00,0xff,0x00,0xff,0x00,0xff,0x00,0xff,0x00,0xff,0x00,0xff,0x00,0xff,0x00,0xff,0x00,0xff,0x00,0xff,0x00,0xff,0x00,0xff,0x00,
    0xff,0x00,0xff,0x00,0xff,0x00,0xff,0x00,0xff,0x00,0xff,0x00,0xff,0x00,0xff,0x00,0xff,0x00,0xff,0x00,0xff,0x00,0xff,0x00,0xff,0x00,0xff,0x00,0xff,0x00,0xff,0x00,
    0xff,0x00,0xff,0x00,0xff,0x00,0xff,0x00,0xff,0x00,0xff,0x00,0xff,0x00,0xff,0x00,0xff,0x00,0xff,0x00,0xff,0x00,0xff,0x00,0xff,0x00,0xff,0x00,0xff,0x00,0xff,0x00,
    0xff,0x00,0xff,0x00,0xff,0x00,0xff,0x00,0xff,0x00,0xff,0x00,0xff,0x00,0xff,0x00,0xff,0x00,0xff,0x00,0xff,0x00,0xff,0x00,0xff,0x00,0xff,0x00,0xff,0x00,0xff,0x00,
    0xff,0x00,0xff,0x00,0xff,0x00,0xff,0x00,0xff,0x00,0xff,0x00,0xff,0x00,0xff,0x00,0xff,0x00,0xff,0x00,0xff,0x00,0xff,0x00,0xff,0x00,0xff,0x00,0xff,0x00,0xff,0x00,
    0xff,0x00,0xff,0x00,0xff,0x00,0xff,0x00,0xff,0x00,0xff,0x00,0xff,0x00,0xff,0x00,0xff,0x00,0xff,0x00,0xff,0x00,0xff,0x00,0xff,0x00,0xff,0x00,0xff,0x00,0xff,0x00,
    0xff,0x00,0xff,0x00,0xff,0x00,0xff,0x00,0xff,0x00,0xff,0x00,0xff,0x00,0xff,0x00,0xff,0x00,0xff,0x00,0xff,0x00,0xff,0x00,0xff,0x00,0xff,0x00,0xff,0x00,0xff,0x00,
    0xff,0x00,0xff,0x00,0xff,0x00,0xff,0x00,0xff,0x00,0xff,0x00,0xff,0x00,0xff,0x00,0xff,0x00,0xff,0x00,0xff,0x00,0xff,0x00,0xff,0x00,0xff,0x00,0xff,0x00,0xff,0x00,
    0xff,0x00,0xff,0x00,0xff,0x00,0xff,0x00,0xff,0x00,0xff,0x00,0xff,0x00,0xff,0x00,0xff,0x00,0xff,0x00,0xff,0x00,0xff,0x00,0xff,0x00,0xff,0x00,0xff,0x00,0xff,0x00,
    0xff,0x00,0xff,0x00,0xff,0x00,0xff,0x00,0xff,0x00,0xff,0x00,0xff,0x00,0xff,0x00,0xff,0x00,0xff,0x00,0xff,0x00,0xff,0x00,0xff,0x00,0xff,0x00,0xff,0x00,0xff,0x00,
    0xff,0x00,0xff,0x00,0xff,0x00,0xff,0x00,0xff,0x00,0xff,0x00,0xff,0x00,0xff,0x00,0xff,0x00,0xff,0x00,0xff,0x00,0xff,0x00,0xff,0x00,0xff,0x00,0xff,0x00,0xff,0x00,
    0xff,0x00,0xff,0x00,0xff,0x00,0xff,0x00,0xff,0x00,0xff,0x00,0xff,0x00,0xff,0x00,0xff,0x00,0xff,0x00,0xff,0x00,0xff,0x00,0xff,0x00,0xff,0x00,0xff,0x00,0xff,0x00,
    0xff,0x00,0xff,0x00,0xff,0x00,0xff,0x00,0xff,0x00,0xff,0x00,0xff,0x00,0xff,0x00,0xff,0x00,0xff,0x00,0xff,0x00,0xff,0x00,0xff,0x00,0xff,0x00,0xff,0x00,0xff,0x00,
    0xff,0x00,0xff,0x00,0xff,0x00,0xff,0x00,0xff,0x00,0xff,0x00,0xff,0x00,0xff,0x00,0xff,0x00,0xff,0x00,0xff,0x00,0xff,0x00,0xff,0x00,0xff,0x00,0xff,0x00,0xff,0x00,
    0xff,0x00,0xff,0x00,0xff,0x00,0xff,0x00,0xff,0x00,0xff,0x00,0xff,0x00,0xff,0x00,0xff,0x00,0xff,0x00,0xff,0x00,0xff,0x00,0xff,0x00,0xff,0x00,0xff,0x00,0xff,0x00,
    0xff,0x00,0xff,0x00,0xff,0x00,0xff,0x00,0xff,0x00,0xff,0x00,0xff,0x00,0xff,0x00,0xff,0x00,0xff,0x00,0xff,0x00,0xff,0x00,0xff,0x00,0xff,0x00,0xff,0x00,0xff,0x00,
    0xff,0x00,0xff,0x00,0xff,0x00,0xff,0x00,0xff,0x00,0xff,0x00,0xff,0x00,0xff,0x00,0xff,0x00,0xff,0x00,0xff,0x00,0xff,0x00,0xff,0x00,0xff,0x00,0xff,0x00,0xff,0x00,
    0xff,0x00,0xff,0x00,0xff,0x00,0xff,0x00,0xff,0x00,0xff,0x00,0xff,0x00,0xff,0x00,0xff,0x00,0xff,0x00,0xff,0x00,0xff,0x00,0xff,0x00,0xff,0x00,0xff,0x00,0xff,0x00,
    0xff,0x00,0xff,0x00,0xff,0x00,0xff,0x00,0xff,0x00,0xff,0x00,0xff,0x00,0xff,0x00,0xff,0x00,0xff,0x00,0xff,0x00,0xff,0x00,0xff,0x00,0xff,0x00,0xff,0x00,0xff,0x00,
    0xff,0x00,0xff,0x00,0xff,0x00,0xff,0x00,0xff,0x00,0xff,0x00,0xff,0x00,0xff,0x00,0xff,0x00,0xff,0x00,0xff,0x00,0xff,0x00,0xff,0x00,0xff,0x00,0xff,0x00,0xff,0x00,
    0xff,0x00,0xff,0x00,0xff,0x00,0xff,0x00,0xff,0x00,0xff,0x00,0xff,0x00,0xff,0x00,0xff,0x00,0xff,0x00,0xff,0x00,0xff,0x00,0xff,0x00,0xff,0x00,0xff,0x00,0xff,0x00,
    0xff,0x00,0xff,0x00,0xff,0x00,0xff,0x00,0xff,0x00,0xff,0x00,0xff,0x00,0xff,0x00,0xff,0x00,0xff,0x00,0xff,0x00,0xff,0x00,0xff,0x00,0xff,0x00,0xff,0x00,0xff,0x00,
    0xff,0x00,0xff,0x00,0xff,0x00,0xff,0x00,0xff,0x00,0xff,0x00,0xff,0x00,0xff,0x00,0xff,0x00,0xff,0x00,0xff,0x00,0xff,0x00,0xff,0x00,0xff,0x00,0xff,0x00,0xff,0x00,
    0xff,0x00,0xff,0x00,0xff,0x00,0xff,0x00,0xff,0x00,0xff,0x00,0xff,0x00,0xff,0x00,0xff,0x00,0xff,0x00,0xff,0x00,0xff,0x00,0xff,0x00,0xff,0x00,0xff,0x00,0xff,0x00,
    0xff,0x00,0xff,0x00,0xff,0x00,0xff,0x00,0xff,0x00,0xff,0x00,0xff,0x00,0xff,0x00,0xff,0x00,0xff,0x00,0xff,0x00,0xff,0x00,0xff,0x00,0xff,0x00,0xff,0x00,0xff,0x00,
    0xff,0x00,0xff,0x00,0xff,0x00,0xff,0x00,0xff,0x00,0xff,0x00,0xff,0x00,0xff,0x00,0xff,0x00,0xff,0x00,0xff,0x00,0xff,0x00,0xff,0x00,0xff,0x00,0xff,0x00,0xff,0x00,
    0xff,0x00,0xff,0x00,0xff,0x00,0xff,0x00,0xff,0x00,0xff,0x00,0xff,0x00,0xff,0x00,0xff,0x00,0xff,0x00,0xff,0x00,0xff,0x00,0xff,0x00,0xff,0x00,0xff,0x00,0xff,0x00,
    0xff,0x00,0xff,0x00,0xff,0x00,0xff,0x00,0xff,0x00,0xff,0x00,0xff,0x00,0xff,0x00,0xff,0x00,0xff,0x00,0xff,0x00,0xff,0x00,0xff,0x00,0xff,0x00,0xff,0x00,0xff,0x00,
    0xff,0x00,0xff,0x00,0xff,0x00,0xff,0x00,0xff,0x00,0xff,0x00,0xff,0x00,0xff,0x00,0xff,0x00,0xff,0x00,0xff,0x00,0xff,0x00,0xff,0x00,0xff,0x00,0xff,0x00,0xff,0x00,
    0xff,0x00,0xff,0x00,0xff,0x00,0xff,0x00,0xff,0x00,0xff,0x00,0xff,0x00,0xff,0x00,0xff,0x00,0xff,0x00,0xff,0x00,0xff,0x00,0xff,0x00,0xff,0x00,0xff,0x00,0xff,0x00,
    0xff,0x00,0xff,0x00,0xff,0x00,0xff,0x00,0xff,0x00,0xff,0x00,0xff,0x00,0xff,0x00,0xff,0x00,0xff,0x00,0xff,0x00,0xff,0x00,0xff,0x00,0xff,0x00,0xff,0x00,0xff,0x00,
    0xff,0x00,0xff,0x00,0xff,0x00,0xff,0x00,0xff,0x00,0xff,0x00,0xff,0x00,0xff,0x00,0xff,0x00,0xff,0x00,0xff,0x00,0xff,0x00,0xff,0x00,0xff,0x00,0xff,0x00,0xff,0x00,
    0xff,0x00,0xff,0x00,0xff,0x00,0xff,0x00,0xff,0x00,0xff,0x00,0xff,0x00,0xff,0x00,0xff,0x00,0xff,0x00,0xff,0x00,0xff,0x00,0xff,0x00,0xff,0x00,0xff,0x00,0xff,0x00,
    0xff,0x00,0xff,0x00,0xff,0x00,0xff,0x00,0xff,0x00,0xff,0x00,0xff,0x00,0xff,0x00,0xff,0x00,0xff,0x00,0xff,0x00,0xff,0x00,0xff,0x00,0xff,0x00,0xff,0x00,0xff,0x00,
    0xff,0x00,0xff,0x00,0xff,0x00,0xff,0x00,0xff,0x00,0xff,0x00,0xff,0x00,0xff,0x00,0xff,0x00,0xff,0x00,0xff,0x00,0xff,0x00,0xff,0x00,0xff,0x00,0xff,0x00,0xff,0x00,
    0xff,0x00,0xff,0x00,0xff,0x00,0xff,0x00,0xff,0x00,0xff,0x00,0xff,0x00,0xff,0x00,0xff,0x00,0xff,0x00,0xff,0x00,0xff,0x00,0xff,0x00,0xff,0x00,0xff,0x00,0xff,0x00,
    0xff,0x00,0xff,0x00,0xff,0x00,0xff,0x00,0xff,0x00,0xff,0x00,0xff,0x00,0xff,0x00,0xff,0x00,0xff,0x00,0xff,0x00,0xff,0x00,0xff,0x00,0xff,0x00,0xff,0x00,0xff,0x00,
    0xff,0x00,0xff,0x00,0xff,0x00,0xff,0x00,0xff,0x00,0xff,0x00,0xff,0x00,0xff,0x00,0xff,0x00,0xff,0x00,0xff,0x00,0xff,0x00,0xff,0x00,0xff,0x00,0xff,0x00,0xff,0x00,
    0xff,0x00,0xff,0x00,0xff,0x00,0xff,0x00,0xff,0x00,0xff,0x00,0xff,0x00,0xff,0x00,0xff,0x00,0xff,0x00,0xff,0x00,0xff,0x00,0xff,0x00,0xff,0x00,0xff,0x00,0xff,0x00,
    0xff,0x00,0xff,0x00,0xff,0x00,0xff,0x00,0xff,0x00,0xff,0x00,0xff,0x00,0xff,0x00,0xff,0x00,0xff,0x00,0xff,0x00,0xff,0x00,0xff,0x00,0xff,0x00,0xff,0x00,0xff,0x00,
    0xff,0x00,0xff,0x00,0xff,0x00,0xff,0x00,0xff,0x00,0xff,0x00,0xff,0x00,0xff,0x00,0xff,0x00,0xff,0x00,0xff,0x00,0xff,0x00,0xff,0x00,0xff,0x00,0xff,0x00,0xff,0x00,
    0xff,0x00,0xff,0x00,0xff,0x00,0xff,0x00,0xff,0x00,0xff,0x00,0xff,0x00,0xff,0x00,0xff,0x00,0xff,0x00,0xff,0x00,0xff,0x00,0xff,0x00,0xff,0x00,0xff,0x00,0xff,0x00,
    0xff,0x00,0xff,0x00,0xff,0x00,0xff,0x00,0xff,0x00,0xff,0x00,0xff,0x00,0xff,0x00,0xff,0x00,0xff,0x00,0xff,0x00,0xff,0x00,0xff,0x00,0xff,0x00,0xff,0x00,0xff,0x00,
    0xff,0x00,0xff,0x00,0xff,0x00,0xff,0x00,0xff,0x00,0xff,0x00,0xff,0x00,0xff,0x00,0xff,0x00,0xff,0x00,0xff,0x00,0xff,0x00,0xff,0x00,0xff,0x00,0xff,0x00,0xff,0x00,
    0xff,0x00,0xff,0x00,0xff,0x00,0xff,0x00,0xff,0x00,0xff,0x00,0xff,0x00,0xff,0x00,0xff,0x00,0xff,0x00,0xff,0x00,0xff,0x00,0xff,0x00,0xff,0x00,0xff,0x00,0xff,0x00,
    0xff,0x00,0xff,0x00,0xff,0x00,0xff,0x00,0xff,0x00,0xff,0x00,0xff,0x00,0xff,0x00,0xff,0x00,0xff,0x00,0xff,0x00,0xff,0x00,0xff,0x00,0xff,0x00,0xff,0x00,0xff,0x00,
    0xff,0x00,0xff,0x00,0xff,0x00,0xff,0x00,0xff,0x00,0xff,0x00,0xff,0x00,0xff,0x00,0xff,0x00,0xff,0x00,0xff,0x00,0xff,0x00,0xff,0x00,0xff,0x00,0xff,0x00,0xff,0x00,
    0xff,0x00,0xff,0x00,0xff,0x00,0xff,0x00,0xff,0x00,0xff,0x00,0xff,0x00,0xff,0x00,0xff,0x00,0xff,0x00,0xff,0x00,0xff,0x00,0xff,0x00,0xff,0x00,0xff,0x00,0xff,0x00,
    0xff,0x00,0xff,0x00,0xff,0x00,0xff,0x00,0xff,0x00,0xff,0x00,0xff,0x00,0xff,0x00,0xff,0x00,0xff,0x00,0xff,0x00,0xff,0x00,0xff,0x00,0xff,0x00,0xff,0x00,0xff,0x00,
    0xff,0x00,0xff,0x00,0xff,0x00,0xff,0x00,0xff,0x00,0xff,0x00,0xff,0x00,0xff,0x00,0xff,0x00,0xff,0x00,0xff,0x00,0xff,0x00,0xff,0x00,0xff,0x00,0xff,0x00,0xff,0x00,
    0xff,0x00,0xff,0x00,0xff,0x00,0xff,0x00,0xff,0x00,0xff,0x00,0xff,0x00,0xff,0x00,0xff,0x00,0xff,0x00,0xff,0x00,0xff,0x00,0xff,0x00,0xff,0x00,0xff,0x00,0xff,0x00,
    0xff,0x00,0xff,0x00,0xff,0x00,0xff,0x00,0xff,0x00,0xff,0x00,0xff,0x00,0xff,0x00,0xff,0x00,0xff,0x00,0xff,0x00,0xff,0x00,0xff,0x00,0xff,0x00,0xff,0x00,0xff,0x00,
    0xff,0x00,0xff,0x00,0xff,0x00,0xff,0x00,0xff,0x00,0xff,0x00,0xff,0x00,0xff,0x00,0xff,0x00,0xff,0x00,0xff,0x00,0xff,0x00,0xff,0x00,0xff,0x00,0xff,0x00,0xff,0x00,
    0xff,0x00,0xff,0x00,0xff,0x00,0xff,0x00,0xff,0x00,0xff,0x00,0xff,0x00,0xff,0x00,0xff,0x00,0xff,0x00,0xff,0x00,0xff,0x00,0xff,0x00,0xff,0x00,0xff,0x00,0xff,0x00,
    0xff,0x00,0xff,0x00,0xff,0x00,0xff,0x00,0xff,0x00,0xff,0x00,0xff,0x00,0xff,0x00,0xff,0x00,0xff,0x00,0xff,0x00,0xff,0x00,0xff,0x00,0xff,0x00,0xff,0x00,0xff,0x00,
    0xff,0x00,0xff,0x00,0xff,0x00,0xff,0x00,0xff,0x00,0xff,0x00,0xff,0x00,0xff,0x00,0xff,0x00,0xff,0x00,0xff,0x00,0xff,0x00,0xff,0x00,0xff,0x00,0xff,0x00,0xff,0x00,
    0xff,0x00,0xff,0x00,0xff,0x00,0xff,0x00,0xff,0x00,0xff,0x00,0xff,0x00,0xff,0x00,0xff,0x00,0xff,0x00,0xff,0x00,0xff,0x00,0xff,0x00,0xff,0x00,0xff,0x00,0xff,0x00,
    0xff,0x00,0xff,0x00,0xff,0x00,0xff,0x00,0xff,0x00,0xff,0x00,0xff,0x00,0xff,0x00,0xff,0x00,0xff,0x00,0xff,0x00,0xff,0x00,0xff,0x00,0xff,0x00,0xff,0x00,0xff,0x00,
    0xff,0x00,0xff,0x00,0xff,0x00,0xff,0x00,0xff,0x00,0xff,0x00,0xff,0x00,0xff,0x00,0xff,0x00,0xff,0x00,0xff,0x00,0xff,0x00,0xff,0x00,0xff,0x00,0xff,0x00,0xff,0x00,
    0xff,0x00,0xff,0x00,0xff,0x00,0xff,0x00,0xff,0x00,0xff,0x00,0xff,0x00,0xff,0x00,0xff,0x00,0xff,0x00,0xff,0x00,0xff,0x00,0xff,0x00,0xff,0x00,0xff,0x00,0xff,0x00,
    0xff,0x00,0xff,0x00,0xff,0x00,0xff,0x00,0xff,0x00,0xff,0x00,0xff,0x00,0xff,0x00,0xff,0x00,0xff,0x00,0xff,0x00,0xff,0x00,0xff,0x00,0xff,0x00,0xff,0x00,0xff,0x00,
    0xff,0x00,0xff,0x00,0xff,0x00,0xff,0x00,0xff,0x00,0xff,0x00,0xff,0x00,0xff,0x00,0xff,0x00,0xff,0x00,0xff,0x00,0xff,0x00,0xff,0x00,0xff,0x00,0xff,0x00,0xff,0x00,
    0xff,0x00,0xff,0x00,0xff,0x00,0xff,0x00,0xff,0x00,0xff,0x00,0xff,0x00,0xff,0x00,0xff,0x00,0xff,0x00,0xff,0x00,0xff,0x00,0xff,0x00,0xff,0x00,0xff,0x00,0xff,0x00,
    0xff,0x00,0xff,0x00,0xff,0x00,0xff,0x00,0xff,0x00,0xff,0x00,0xff,0x00,0xff,0x00,0xff,0x00,0xff,0x00,0xff,0x00,0xff,0x00,0xff,0x00,0xff,0x00,0xff,0x00,0xff,0x00,
    0xff,0x00,0xff,0x00,0xff,0x00,0xff,0x00,0xff,0x00,0xff,0x00,0xff,0x00,0xff,0x00,0xff,0x00,0xff,0x00,0xff,0x00,0xff,0x00,0xff,0x00,0xff,0x00,0xff,0x00,0xff,0x00,
    0xff,0x00,0xff,0x00,0xff,0x00,0xff,0x00,0xff,0x00,0xff,0x00,0xff,0x00,0xff,0x00,0xff,0x00,0xff,0x00,0xff,0x00,0xff,0x00,0xff,0x00,0xff,0x00,0xff,0x00,0xff,0x00,
    0xff,0x00,0xff,0x00,0xff,0x00,0xff,0x00,0xff,0x00,0xff,0x00,0xff,0x00,0xff,0x00,0xff,0x00,0xff,0x00,0xff,0x00,0xff,0x00,0xff,0x00,0xff,0x00,0xff,0x00,0xff,0x00,
    0xff,0x00,0xff,0x00,0xff,0x00,0xff,0x00,0xff,0x00,0xff,0x00,0xff,0x00,0xff,0x00,0xff,0x00,0xff,0x00,0xff,0x00,0xff,0x00,0xff,0x00,0xff,0x00,0xff,0x00,0xff,0x00,
    0xff,0x00,0xff,0x00,0xff,0x00,0xff,0x00,0xff,0x00,0xff,0x00,0xff,0x00,0xff,0x00,0xff,0x00,0xff,0x00,0xff,0x00,0xff,0x00,0xff,0x00,0xff,0x00,0xff,0x00,0xac,0xff,
    0xac,0xff,0xac,0xff,0xff,0x00,0xff,0x00,0xff,0x00,0xff,0x00,0xff,0x00,0xff,0x00,0xff,0x00,0xff,0x00,0xff,0x00,0xff,0x00,0xff,0x00,0xff,0x00,0xff,0x00,0xff,0x00,
    0xff,0x00,0xff,0x00,0xff,0x00,0xff,0x00,0xff,0x00,0xff,0x00,0xff,0x00,0xff,0x00,0xff,0x00,0xff,0x00,0xff,0x00,0xff,0x00,0xff,0x00,0xff,0x00,0xff,0x00,0xff,0x00,
    0xff,0x00,0xff,0x00,0xff,0x00,0xff,0x00,0xff,0x00,0xff,0x00,0xff,0x00,0xff,0x00,0xff,0x00,0xff,0x00,0xff,0x00,0xff,0x00,0xff,0x00,0xff,0x00,0xff,0x00,0xff,0x00,
    0xff,0x00,0xff,0x00,0xff,0x00,0xff,0x00,0xff,0x00,0xff,0x00,0xff,0x00,0xff,0x00,0xff,0x00,0xff,0x00,0xff,0x00,0xff,0x00,0xff,0x00,0xff,0x00,0xff,0x00,0xff,0x00,
    0xff,0x00,0xff,0x00,0xff,0x00,0xff,0x00,0xff,0x00,0xff,0x00,0xff,0x00,0xff,0x00,0xff,0x00,0xff,0x00,0xff,0x00,0xff,0x00,0xff,0x00,0xff,0x00,0xff,0x00,0xff,0x00,
    0xff,0x00,0xff,0x00,0xff,0x00,0xff,0x00,0xff,0x00,0xff,0x00,0xff,0x00,0xff,0x00,0xff,0x00,0xff,0x00,0xff,0x00,0xff,0x00,0xff,0x00,0xff,0x00,0xff,0x00,0xac,0xff,
    0xac,0xff,0xac,0xff,0xac,0xff,0xff,0x00,0xff,0x00,0xff,0x00,0xff,0x00,0xff,0x00,0xff,0x00,0xff,0x00,0xff,0x00,0xff,0x00,0xff,0x00,0xff,0x00,0xff,0x00,0xff,0x00,
    0xff,0x00,0xff,0x00,0xff,0x00,0xff,0x00,0xff,0x00,0xff,0x00,0xff,0x00,0xff,0x00,0xff,0x00,0xff,0x00,0xff,0x00,0xff,0x00,0xff,0x00,0xff,0x00,0xff,0x00,0xff,0x00,
    0xff,0x00,0xff,0x00,0xff,0x00,0xff,0x00,0xff,0x00,0xff,0x00,0xff,0x00,0xff,0x00,0xff,0x00,0xff,0x00,0xff,0x00,0xff,0x00,0xff,0x00,0xff,0x00,0xff,0x00,0xff,0x00,
    0xff,0x00,0xff,0x00,0xff,0x00,0xff,0x00,0xff,0x00,0xff,0x00,0xff,0x00,0xff,0x00,0xff,0x00,0xff,0x00,0xff,0x00,0xff,0x00,0xff,0x00,0xff,0x00,0xff,0x00,0xff,0x00,
    0xff,0x00,0xff,0x00,0xff,0x00,0xff,0x00,0xff,0x00,0xff,0x00,0xff,0x00,0xff,0x00,0xff,0x00,0xff,0x00,0xac,0xff,0xac,0xff,0xac,0xff,0xff,0x00,0xff,0x00,0xff,0x00,
    0xff,0x00,0xff,0x00,0xff,0x00,0xff,0x00,0xff,0x00,0xff,0x00,0xff,0x00,0xff,0x00,0xff,0x00,0xff,0x00,0xff,0x00,0xff,0x00,0xff,0x00,0xff,0x00,0xff,0x00,0xff,0x00,
    0xff,0x00,0xff,0x00,0xff,0x00,0xff,0x00,0xff,0x00,0xff,0x00,0xff,0x00,0xff,0x00,0xff,0x00,0xff,0x00,0xff,0x00,0xff,0x00,0xff,0x00,0xff,0x00,0xff,0x00,0xff,0x00,
    0xff,0x00,0xff,0x00,0xff,0x00,0xff,0x00,0xff,0x00,0xff,0x00,0xff,0x00,0xff,0x00,0xff,0x00,0xff,0x00,0xff,0x00,0xff,0x00,0xff,0x00,0xff,0x00,0xff,0x00,0xff,0x00,
    0xff,0x00,0xff,0x00,0xff,0x00,0xff,0x00,0xff,0x00,0xff,0x00,0xff,0x00,0xff,0x00,0xff,0x00,0xff,0x00,0xff,0x00,0xff,0x00,0xff,0x00,0xff,0x00,0xff,0x00,0xff,0x00,
    0xff,0x00,0xff,0x00,0xff,0x00,0xff,0x00,0xff,0x00,0xff,0x00,0xff,0x00,0xff,0x00,0xff,0x00,0xff,0x00,0xff,0x00,0xff,0x00,0xff,0x00,0xff,0x00,0xff,0x00,0xff,0x00,
    0xff,0x00,0xff,0x00,0xff,0x00,0xff,0x00,0xff,0x00,0xff,0x00,0xff,0x00,0xff,0x00,0xff,0x00,0xff,0x00,0xff,0x00,0xff,0x00,0xff,0x00,0xff,0x00,0xff,0x00,0xff,0x00,
    0xff,0x00,0xff,0x00,0xff,0x00,0xff,0x00,0xff,0x00,0xff,0x00,0xff,0x00,0xff,0x00,0xff,0x00,0xff,0x00,0xff,0x00,0xff,0x00,0xff,0x00,0xff,0x00,0xff,0x00,0xff,0x00,
    0xff,0x00,0xff,0x00,0xff,0x00,0xff,0x00,0xff,0x00,0xff,0x00,0xff,0x00,0xff,0x00,0xff,0x00,0xac,0xff,0xac,0xff,0xac,0xff,0xac,0xff,0xff,0x00,0xff,0x00,0xff,0x00,
    0xff,0x00,0xff,0x00,0xff,0x00,0xff,0x00,0xff,0x00,0xff,0x00,0xff,0x00,0xff,0x00,0xff,0x00,0xff,0x00,0xff,0x00,0xff,0x00,0xff,0x00,0xff,0x00,0xff,0x00,0xff,0x00,
    0xff,0x00,0xff,0x00,0xff,0x00,0xff,0x00,0xff,0x00,0xff,0x00,0xff,0x00,0xff,0x00,0xff,0x00,0xff,0x00,0xff,0x00,0xff,0x00,0xff,0x00,0xff,0x00,0xff,0x00,0xff,0x00,
    0xff,0x00,0xff,0x00,0xff,0x00,0xff,0x00,0xff,0x00,0xff,0x00,0xff,0x00,0xff,0x00,0xff,0x00,0xff,0x00,0xff,0x00,0xff,0x00,0xff,0x00,0xff,0x00,0xff,0x00,0xff,0x00,
    0xff,0x00,0xff,0x00,0xff,0x00,0xff,0x00,0xff,0x00,0xff,0x00,0xff,0x00,0xff,0x00,0xff,0x00,0xff,0x00,0xff,0x00,0xff,0x00,0xff,0x00,0xff,0x00,0xff,0x00,0xff,0x00,
    0xff,0x00,0xff,0x00,0xff,0x00,0xff,0x00,0xff,0x00,0xff,0x00,0xff,0x00,0xff,0x00,0xff,0x00,0xff,0x00,0xff,0x00,0xff,0x00,0xff,0x00,0xff,0x00,0xff,0x00,0xff,0x00,
    0xff,0x00,0xff,0x00,0xff,0x00,0xff,0x00,0xff,0x00,0xff,0x00,0xff,0x00,0xff,0x00,0xff,0x00,0xff,0x00,0xff,0x00,0xff,0x00,0xff,0x00,0xff,0x00,0xff,0x00,0xff,0x00,
    0xff,0x00,0xff,0x00,0xff,0x00,0xff,0x00,0xff,0x00,0xff,0x00,0xff,0x00,0xff,0x00,0xff,0x00,0xff,0x00,0xff,0x00,0xff,0x00,0xff,0x00,0xff,0x00,0xff,0x00,0xff,0x00,
    0xff,0x00,0xff,0x00,0xff,0x00,0xff,0x00,0xff,0x00,0xff,0x00,0xff,0x00,0xff,0x00,0xff,0x00,0xff,0x00,0xff,0x00,0xff,0x00,0xff,0x00,0xff,0x00,0xff,0x00,0xff,0x00,
    0xff,0x00,0xff,0x00,0xff,0x00,0xff,0x00,0xff,0x00,0xff,0x00,0xff,0x00,0xff,0x00,0xff,0x00,0xff,0x00,0xff,0x00,0xff,0x00,0xff,0x00,0xff,0x00,0xff,0x00,0xff,0x00,
    0xff,0x00,0xff,0x00,0xff,0x00,0xff,0x00,0xff,0x00,0xff,0x00,0xff,0x00,0xff,0x00,0xff,0x00,0xff,0x00,0xff,0x00,0xff,0x00,0xff,0x00,0xff,0x00,0xff,0x00,0xff,0x00,
    0xff,0x00,0xff,0x00,0xff,0x00,0xff,0x00,0xff,0x00,0xff,0x00,0xff,0x00,0xff,0x00,0xff,0x00,0xff,0x00,0xff,0x00,0xff,0x00,0xff,0x00,0xff,0x00,0xff,0x00,0xff,0x00,
    0xff,0x00,0xff,0x00,0xff,0x00,0xff,0x00,0xff,0x00,0xff,0x00,0xff,0x00,0xff,0x00,0xff,0x00,0xff,0x00,0xff,0x00,0xff,0x00,0xff,0x00,0xff,0x00,0xff,0x00,0xff,0x00,
    0xff,0x00,0xff,0x00,0xff,0x00,0xff,0x00,0xff,0x00,0xff,0x00,0xff,0x00,0xff,0x00,0xff,0x00,0xff,0x00,0xff,0x00,0xff,0x00,0xff,0x00,0xff,0x00,0xff,0x00,0xff,0x00,
    0xff,0x00,0xff,0x00,0xff,0x00,0xff,0x00,0xff,0x00,0xff,0x00,0xff,0x00,0xac,0xff,0xac,0xff,0xac,0xff,0xac,0xff,0xff,0x00,0xff,0x00,0xff,0x00,0xff,0x00,0xff,0x00,
    0xff,0x00,0xff,0x00,0xff,0x00,0xff,0x00,0xff,0x00,0xff,0x00,0xff,0x00,0xff,0x00,0xff,0x00,0xff,0x00,0xff,0x00,0xff,0x00,0xff,0x00,0xff,0x00,0xff,0x00,0xff,0x00,
    0xff,0x00,0xff,0x00,0xff,0x00,0xff,0x00,0xff,0x00,0xff,0x00,0xac,0xff,0xac,0xff,0xac,0xff,0xac,0xff,0xff,0x00,0xff,0x00,0xff,0x00,0xff,0x00,0xff,0x00,0xff,0x00,
    0xff,0x00,0xff,0x00,0xff,0x00,0xff,0x00,0xff,0x00,0xff,0x00,0xff,0x00,0xff,0x00,0xff,0x00,0xff,0x00,0xff,0x00,0xff,0x00,0xff,0x00,0xff,0x00,0xff,0x00,0xff,0x00,
    0xff,0x00,0xff,0x00,0xff,0x00,0xff,0x00,0xff,0x00,0xff,0x00,0xff,0x00,0xff,0x00,0xff,0x00,0xff,0x00,0xff,0x00,0xff,0x00,0xff,0x00,0xff,0x00,0xff,0x00,0xff,0x00,
    0xff,0x00,0xff,0x00,0xff,0x00,0xff,0x00,0xff,0x00,0xff,0x00,0xff,0x00,0xff,0x00,0xff,0x00,0xff,0x00,0xff,0x00,0xff,0x00,0xff,0x00,0xff,0x00,0xff,0x00,0xff,0x00,
    0xff,0x00,0xff,0x00,0xff,0x00,0xff,0x00,0xff,0x00,0xff,0x00,0xff,0x00,0xff,0x00,0xff,0x00,0xff,0x00,0xff,0x00,0xff,0x00,0xff,0x00,0xff,0x00,0xff,0x00,0xff,0x00,
    0xff,0x00,0xff,0x00,0xff,0x00,0xff,0x00,0xff,0x00,0xac,0xff,0xff,0x00,0xff,0x00,0xff,0x00,0xff,0x00,0xff,0x00,0xff,0x00,0xff,0x00,0xff,0x00,0xff,0x00,0xff,0x00,
    0xff,0x00,0xff,0x00,0xff,0x00,0xff,0x00,0xff,0x00,0xff,0x00,0xac,0xff,0xac,0xff,0xff,0x00,0xff,0x00,0xff,0x00,0xff,0x00,0xff,0x00,0xff,0x00,0xff,0x00,0xff,0x00,
    0xff,0x00,0xff,0x00,0xff,0x00,0xff,0x00,0xff,0x00,0xff,0x00,0xff,0x00,0xff,0x00,0xff,0x00,0xff,0x00,0xff,0x00,0xff,0x00,0xff,0x00,0xff,0x00,0xff,0x00,0xff,0x00,
    0xff,0x00,0xff,0x00,0xff,0x00,0xff,0x00,0xff,0x00,0xff,0x00,0xff,0x00,0xff,0x00,0xff,0x00,0xff,0x00,0xff,0x00,0xff,0x00,0xff,0x00,0xff,0x00,0xff,0x00,0xff,0x00,
    0xff,0x00,0xff,0x00,0xff,0x00,0xff,0x00,0xff,0x00,0xff,0x00,0xff,0x00,0xff,0x00,0xff,0x00,0xff,0x00,0xff,0x00,0xff,0x00,0xff,0x00,0xff,0x00,0xff,0x00,0xff,0x00,
    0xff,0x00,0xff,0x00,0xff,0x00,0xff,0x00,0xff,0x00,0xff,0x00,0xff,0x00,0xff,0x00,0xff,0x00,0xff,0x00,0xff,0x00,0xff,0x00,0xff,0x00,0xff,0x00,0xff,0x00,0xff,0x00,
    0xff,0x00,0xff,0x00,0xff,0x00,0xff,0x00,0xff,0x00,0xff,0x00,0xac,0xff,0xac,0xff,0xff,0x00,0xff,0x00,0xff,0x00,0xff,0x00,0xff,0x00,0xff,0x00,0xff,0x00,0xff,0x00,
    0xff,0x00,0xff,0x00,0xff,0x00,0xff,0x00,0xff,0x00,0xff,0x00,0xff,0x00,0xff,0x00,0xff,0x00,0xff,0x00,0xff,0x00,0xff,0x00,0xff,0x00,0xff,0x00,0xff,0x00,0xff,0x00,
    0xff,0x00,0xff,0x00,0xff,0x00,0xff,0x00,0xff,0x00,0xff,0x00,0xff,0x00,0xac,0xff,0xff,0x00,0xff,0x00,0xff,0x00,0xff,0x00,0xff,0x00,0xff,0x00,0xff,0x00,0xff,0x00,
    0xff,0x00,0xff,0x00,0xff,0x00,0xff,0x00,0xff,0x00,0xff,0x00,0xff,0x00,0xff,0x00,0xff,0x00,0xff,0x00,0xff,0x00,0xff,0x00,0xff,0x00,0xff,0x00,0xff,0x00,0xff,0x00,
    0xff,0x00,0xff,0x00,0xff,0x00,0xff,0x00,0xff,0x00,0xff,0x00,0xac,0xff,0xff,0x00,0xff,0x00,0xff,0x00,0xff,0x00,0xff,0x00,0xff,0x00,0xff,0x00,0xff,0x00,0xff,0x00,
    0xff,0x00,0xff,0x00,0xff,0x00,0xff,0x00,0xff,0x00,0xff,0x00,0xff,0x00,0xff,0x00,0xff,0x00,0xff,0x00,0xff,0x00,0xff,0x00,0xff,0x00,0xff,0x00,0xff,0x00,0xff,0x00,
    0xff,0x00,0xff,0x00,0xff,0x00,0xff,0x00,0xff,0x00,0xff,0x00,0xff,0x00,0xff,0x00,0xff,0x00,0xff,0x00,0xff,0x00,0xff,0x00,0xff,0x00,0xff,0x00,0xff,0x00,0xff,0x00,
    0xff,0x00,0xff,0x00,0xff,0x00,0xff,0x00,0xff,0x00,0xff,0x00,0xff,0x00,0xff,0x00,0xff,0x00,0xff,0x00,0xff,0x00,0xff,0x00,0xff,0x00,0xff,0x00,0xff,0x00,0xff,0x00,
    0xff,0x00,0xff,0x00,0xff,0x00,0xff,0x00,0xff,0x00,0xff,0x00,0xff,0x00,0xff,0x00,0xff,0x00,0xff,0x00,0xff,0x00,0xff,0x00,0xff,0x00,0xff,0x00,0xff,0x00,0xff,0x00,
    0xff,0x00,0xac,0xff,0xac,0xff,0xff,0x00,0xff,0x00,0xff,0x00,0xff,0x00,0xff,0x00,0xff,0x00,0xff,0x00,0xff,0x00,0xff,0x00,0xff,0x00,0xff,0x00,0xff,0x00,0xff,0x00,
    0xff,0x00,0xff,0x00,0xff,0x00,0xff,0x00,0xff,0x00,0xff,0x00,0xff,0x00,0xff,0x00,0xff,0x00,0xff,0x00,0xff,0x00,0xff,0x00,0xff,0x00,0xff,0x00,0xff,0x00,0xff,0x00,
    0xff,0x00,0xff,0x00,0xff,0x00,0xff,0x00,0xff,0x00,0xff,0x00,0xff,0x00,0xff,0x00,0xff,0x00,0xff,0x00,0xac,0xff,0xff,0x00,0xff,0x00,0xff,0x00,0xff,0x00,0xff,0x00,
    0xff,0x00,0xff,0x00,0xff,0x00,0xff,0x00,0xff,0x00,0xff,0x00,0xff,0x00,0xff,0x00,0xff,0x00,0xff,0x00,0xff,0x00,0xff,0x00,0xff,0x00,0xac,0xff,0xac,0xff,0xac,0xff,
    0xff,0x00,0xff,0x00,0xff,0x00,0xff,0x00,0xff,0x00,0xff,0x00,0xff,0x00,0xff,0x00,0xff,0x00,0xff,0x00,0xff,0x00,0xff,0x00,0xff,0x00,0xff,0x00,0xff,0x00,0xff,0x00,
    0xff,0x00,0xff,0x00,0xff,0x00,0xff,0x00,0xff,0x00,0xff,0x00,0xff,0x00,0xff,0x00,0xff,0x00,0xff,0x00,0xff,0x00,0xff,0x00,0xff,0x00,0xff,0x00,0xff,0x00,0xff,0x00,
    0xff,0x00,0xff,0x00,0xff,0x00,0xff,0x00,0xff,0x00,0xff,0x00,0xff,0x00,0xff,0x00,0xff,0x00,0xff,0x00,0xff,0x00,0xff,0x00,0xff,0x00,0xff,0x00,0xff,0x00,0xff,0x00,
    0xff,0x00,0xff,0x00,0xff,0x00,0xff,0x00,0xff,0x00,0xff,0x00,0xac,0xff,0xac,0xff,0xac,0xff,0xff,0x00,0xff,0x00,0xff,0x00,0xff,0x00,0xff,0x00,0xff,0x00,0xff,0x00,
    0xff,0x00,0xff,0x00,0xff,0x00,0xff,0x00,0xff,0x00,0xff,0x00,0xff,0x00,0xff,0x00,0xff,0x00,0xff,0x00,0xff,0x00,0xff,0x00,0xff,0x00,0xff,0x00,0xff,0x00,0xff,0x00,
    0xff,0x00,0xff,0x00,0xff,0x00,0xff,0x00,0xff,0x00,0xff,0x00,0xff,0x00,0xff,0x00,0xff,0x00,0xff,0x00,0xff,0x00,0xff,0x00,0xff,0x00,0xff,0x00,0xff,0x00,0xff,0x00,
    0xff,0x00,0xff,0x00,0xff,0x00,0xff,0x00,0xff,0x00,0xff,0x00,0xff,0x00,0xff,0x00,0xff,0x00,0xff,0x00,0xff,0x00,0xff,0x00,0xff,0x00,0xff,0x00,0xff,0x00,0xff,0x00,
    0xff,0x00,0xac,0xff,0xac,0xff,0xac,0xff,0xff,0x00,0xff,0x00,0xff,0x00,0xff,0x00,0xff,0x00,0xff,0x00,0xff,0x00,0xff,0x00,0xff,0x00,0xff,0x00,0xff,0x00,0xff,0x00,
    0xff,0x00,0xff,0x00,0xff,0x00,0xff,0x00,0xff,0x00,0xff,0x00,0xff,0x00,0xff,0x00,0xff,0x00,0xff,0x00,0xff,0x00,0xff,0x00,0xff,0x00,0xff,0x00,0xff,0x00,0xff,0x00,
    0xff,0x00,0xff,0x00,0xff,0x00,0xff,0x00,0xff,0x00,0xff,0x00,0xff,0x00,0xff,0x00,0xff,0x00,0xff,0x00,0xff,0x00,0xff,0x00,0xff,0x00,0xff,0x00,0xff,0x00,0xff,0x00,
    0xff,0x00,0xac,0xff,0xff,0x00,0xff,0x00,0xff,0x00,0xac,0xff,0xac,0xff,0xff,0x00,0xff,0x00,0xff,0x00,0xff,0x00,0xff,0x00,0xff,0x00,0xff,0x00,0xff,0x00,0xff,0x00,
    0xff,0x00,0xff,0x00,0xff,0x00,0xac,0xff,0xac,0xff,0xac,0xff,0xff,0x00,0xff,0x00,0xff,0x00,0xff,0x00,0xff,0x00,0xff,0x00,0xff,0x00,0xff,0x00,0xff,0x00,0xff,0x00,
    0xff,0x00,0xff,0x00,0xff,0x00,0xff,0x00,0xff,0x00,0xff,0x00,0xff,0x00,0xff,0x00,0xff,0x00,0xff,0x00,0xff,0x00,0xff,0x00,0xff,0x00,0xff,0x00,0xff,0x00,0xff,0x00,
    0xff,0x00,0xff,0x00,0xff,0x00,0xff,0x00,0xff,0x00,0xff,0x00,0xff,0x00,0xff,0x00,0xff,0x00,0xff,0x00,0xff,0x00,0xff,0x00,0xff,0x00,0xff,0x00,0xff,0x00,0xff,0x00,
    0xff,0x00,0xff,0x00,0xff,0x00,0xff,0x00,0xff,0x00,0xff,0x00,0xff,0x00,0xff,0x00,0xff,0x00,0xff,0x00,0xff,0x00,0xff,0x00,0xff,0x00,0xff,0x00,0xff,0x00,0xff,0x00,
    0xff,0x00,0xff,0x00,0xff,0x00,0xff,0x00,0xff,0x00,0xff,0x00,0xff,0x00,0xff,0x00,0xff,0x00,0xff,0x00,0xff,0x00,0xff,0x00,0xff,0x00,0xff,0x00,0xff,0x00,0xff,0x00,
    0xff,0x00,0xff,0x00,0xff,0x00,0xff,0x00,0xff,0x00,0xff,0x00,0xff,0x00,0xff,0x00,0xff,0x00,0xff,0x00,0xff,0x00,0xff,0x00,0xff,0x00,0xff,0x00,0xff,0x00,0xff,0x00,
    0xff,0x00,0xff,0x00,0xff,0x00,0xff,0x00,0xff,0x00,0xff,0x00,0xff,0x00,0xff,0x00,0xff,0x00,0xff,0x00,0xff,0x00,0xff,0x00,0xff,0x00,0xff,0x00,0xff,0x00,0xff,0x00,
    0xff,0x00,0xff,0x00,0xff,0x00,0xff,0x00,0xff,0x00,0xff,0x00,0xff,0x00,0xff,0x00,0xff,0x00,0xff,0x00,0xff,0x00,0xff,0x00,0xff,0x00,0xff,0x00,0xff,0x00,0xff,0x00,
    0xff,0x00,0xff,0x00,0xff,0x00,0xff,0x00,0xff,0x00,0xff,0x00,0xff,0x00,0xff,0x00,0xff,0x00,0xff,0x00,0xff,0x00,0xff,0x00,0xff,0x00,0xff,0x00,0xff,0x00,0xff,0x00,
    0xff,0x00,0xff,0x00,0xff,0x00,0xff,0x00,0xff,0x00,0xff,0x00,0xff,0x00,0xff,0x00,0xff,0x00,0xff,0x00,0xff,0x00,0xff,0x00,0xff,0x00,0xff,0x00,0xff,0x00,0xff,0x00,
    0xff,0x00,0xff,0x00,0xff,0x00,0xff,0x00,0xff,0x00,0xff,0x00,0xff,0x00,0xff,0x00,0xff,0x00,0xff,0x00,0xff,0x00,0xff,0x00,0xff,0x00,0xff,0x00,0xff,0x00,0xff,0x00,
    0xff,0x00,0xff,0x00,0xff,0x00,0xff,0x00,0xff,0x00,0xff,0x00,0xff,0x00,0xff,0x00,0xff,0x00,0xff,0x00,0xff,0x00,0xff,0x00,0xff,0x00,0xff,0x00,0xff,0x00,0xff,0x00,
    0xff,0x00,0xff,0x00,0xff,0x00,0xff,0x00,0xff,0x00,0xff,0x00,0xff,0x00,0xff,0x00,0xff,0x00,0xff,0x00,0xff,0x00,0xff,0x00,0xff,0x00,0xff,0x00,0xff,0x00,0xff,0x00,
    0xff,0x00,0xff,0x00,0xff,0x00,0xff,0x00,0xff,0x00,0xff,0x00,0xff,0x00,0xff,0x00,0xff,0x00,0xff,0x00,0xff,0x00,0xff,0x00,0xff,0x00,0xff,0x00,0xff,0x00,0xff,0x00,
    0xff,0x00,0xff,0x00,0xff,0x00,0xff,0x00,0xff,0x00,0xff,0x00,0xff,0x00,0xff,0x00,0xff,0x00,0xff,0x00,0xff,0x00,0xff,0x00,0xff,0x00,0xff,0x00,0xff,0x00,0xff,0x00,
    0xff,0x00,0xff,0x00,0xff,0x00,0xff,0x00,0xff,0x00,0xff,0x00,0xff,0x00,0xff,0x00,0xff,0x00,0xff,0x00,0xff,0x00,0xff,0x00,0xff,0x00,0xff,0x00,0xff,0x00,0xff,0x00,
    0xff,0x00,0xff,0x00,0xff,0x00,0xff,0x00,0xff,0x00,0xff,0x00,0xff,0x00,0xff,0x00,0xff,0x00,0xff,0x00,0xff,0x00,0xff,0x00,0xff,0x00,0xff,0x00,0xff,0x00,0xac,0xff,
    0xff,0x00,0xff,0x00,0xff,0x00,0xff,0x00,0xff,0x00,0xff,0x00,0xff,0x00,0xff,0x00,0xff,0x00,0xff,0x00,0xff,0x00,0xff,0x00,0xff,0x00,0xff,0x00,0xff,0x00,0xff,0x00,
    0xff,0x00,0xff,0x00,0xff,0x00,0xff,0x00,0xff,0x00,0xff,0x00,0xff,0x00,0xff,0x00,0xff,0x00,0xff,0x00,0xff,0x00,0xff,0x00,0xff,0x00,0xff,0x00,0xff,0x00,0xff,0x00,
    0xff,0x00,0xff,0x00,0xff,0x00,0xff,0x00,0xff,0x00,0xff,0x00,0xff,0x00,0xff,0x00,0xff,0x00,0xff,0x00,0xff,0x00,0xff,0x00,0xff,0x00,0xff,0x00,0xff,0x00,0xff,0x00,
    0xff,0x00,0xff,0x00,0xff,0x00,0xff,0x00,0xff,0x00,0xff,0x00,0xff,0x00,0xff,0x00,0xff,0x00,0xff,0x00,0xff,0x00,0xff,0x00,0xff,0x00,0xff,0x00,0xff,0x00,0xff,0x00,
    0xff,0x00,0xff,0x00,0xff,0x00,0xac,0xff,0xff,0x00,0xff,0x00,0xff,0x00,0xff,0x00,0xff,0x00,0xff,0x00,0xff,0x00,0xff,0x00,0xff,0x00,0xff,0x00,0xff,0x00,0xff,0x00,
    0xff,0x00,0xff,0x00,0xff,0x00,0xff,0x00,0xff,0x00,0xff,0x00,0xff,0x00,0xff,0x00,0xff,0x00,0xff,0x00,0xff,0x00,0xff,0x00,0xff,0x00,0xff,0x00,0xff,0x00,0xff,0x00,
    0xff,0x00,0xff,0x00,0xff,0x00,0xff,0x00,0xff,0x00,0xff,0x00,0xff,0x00,0xff,0x00,0xff,0x00,0xff,0x00,0xff,0x00,0xff,0x00,0xff,0x00,0xff,0x00,0xff,0x00,0xff,0x00,
    0xff,0x00,0xff,0x00,0xff,0x00,0xff,0x00,0xff,0x00,0xff,0x00,0xff,0x00,0xff,0x00,0xff,0x00,0xff,0x00,0xff,0x00,0xff,0x00,0xff,0x00,0xff,0x00,0xff,0x00,0xff,0x00,
    0xff,0x00,0xff,0x00,0xff,0x00,0xff,0x00,0xff,0x00,0xff,0x00,0xff,0x00,0xff,0x00,0xff,0x00,0xff,0x00,0xff,0x00,0xff,0x00,0xff,0x00,0xff,0x00,0xff,0x00,0xff,0x00,
    0xff,0x00,0xff,0x00,0xff,0x00,0xff,0x00,0xff,0x00,0xff,0x00,0xff,0x00,0xff,0x00,0xff,0x00,0xff,0x00,0xff,0x00,0xff,0x00,0xff,0x00,0xff,0x00,0xff,0x00,0xff,0x00,
    0xff,0x00,0xff,0x00,0xff,0x00,0xff,0x00,0xff,0x00,0xff,0x00,0xff,0x00,0xff,0x00,0xff,0x00,0xff,0x00,0xff,0x00,0xff,0x00,0xff,0x00,0xff,0x00,0xff,0x00,0xff,0x00,
    0xff,0x00,0xff,0x00,0xac,0xff,0xac,0xff,0xff,0x00,0xff,0x00,0xff,0x00,0xff,0x00,0xff,0x00,0xff,0x00,0xff,0x00,0xff,0x00,0xff,0x00,0xff,0x00,0xff,0x00,0xff,0x00,
    0xff,0x00,0xff,0x00,0xff,0x00,0xff,0x00,0xff,0x00,0xff,0x00,0xff,0x00,0xff,0x00,0xff,0x00,0xff,0x00,0xff,0x00,0xff,0x00,0xff,0x00,0xff,0x00,0xff,0x00,0xff,0x00,
    0xff,0x00,0xff,0x00,0xff,0x00,0xff,0x00,0xff,0x00,0xff,0x00,0xff,0x00,0xff,0x00,0xff,0x00,0xff,0x00,0xff,0x00,0xff,0x00,0xff,0x00,0xff,0x00,0xff,0x00,0xff,0x00,
    0xff,0x00,0xff,0x00,0xff,0x00,0xff,0x00,0xff,0x00,0xff,0x00,0xff,0x00,0xff,0x00,0xff,0x00,0xff,0x00,0xff,0x00,0xff,0x00,0xff,0x00,0xff,0x00,0xff,0x00,0xff,0x00,
    0xff,0x00,0xff,0x00,0xff,0x00,0xff,0x00,0xff,0x00,0xff,0x00,0xff,0x00,0xff,0x00,0xff,0x00,0xff,0x00,0xff,0x00,0xff,0x00,0xff,0x00,0xff,0x00,0xff,0x00,0xff,0x00,
    0xff,0x00,0xff,0x00,0xff,0x00,0xac,0xff,0xff,0x00,0xff,0x00,0xff,0x00,0xff,0x00,0xff,0x00,0xff,0x00,0xff,0x00,0xff,0x00,0xff,0x00,0xff,0x00,0xff,0x00,0xff,0x00,
    0xff,0x00,0xff,0x00,0xff,0x00,0xff,0x00,0xff,0x00,0xff,0x00,0xff,0x00,0xff,0x00,0xff,0x00,0xff,0x00,0xff,0x00,0xac,0xff,0xac,0xff,0xac,0xff,0xff,0x00,0xff,0x00,
    0xff,0x00,0xff,0x00,0xff,0x00,0xff,0x00,0xff,0x00,0xff,0x00,0xff,0x00,0xff,0x00,0xff,0x00,0xff,0x00,0xff,0x00,0xff,0x00,0xff,0x00,0xff,0x00,0xff,0x00,0xff,0x00,
    0xff,0x00,0xff,0x00,0xff,0x00,0xff,0x00,0xff,0x00,0xff,0x00,0xff,0x00,0xff,0x00,0xff,0x00,0xff,0x00,0xff,0x00,0xff,0x00,0xff,0x00,0xff,0x00,0xff,0x00,0xff,0x00,
    0xff,0x00,0xff,0x00,0xff,0x00,0xff,0x00,0xff,0x00,0xff,0x00,0xff,0x00,0xff,0x00,0xff,0x00,0xff,0x00,0xff,0x00,0xff,0x00,0xff,0x00,0xff,0x00,0xff,0x00,0xff,0x00,
    0xff,0x00,0xff,0x00,0xff,0x00,0xff,0x00,0xff,0x00,0xff,0x00,0xff,0x00,0xff,0x00,0xff,0x00,0xff,0x00,0xff,0x00,0xff,0x00,0xff,0x00,0xff,0x00,0xff,0x00,0xff,0x00,
    0xff,0x00,0xff,0x00,0xff,0x00,0xff,0x00,0xff,0x00,0xff,0x00,0xff,0x00,0xff,0x00,0xff,0x00,0xff,0x00,0xff,0x00,0xff,0x00,0xff,0x00,0xff,0x00,0xff,0x00,0xff,0x00,
    0xff,0x00,0xff,0x00,0xff,0x00,0xff,0x00,0xff,0x00,0xff,0x00,0xff,0x00,0xff,0x00,0xff,0x00,0xff,0x00,0xff,0x00,0xff,0x00,0xff,0x00,0xff,0x00,0xff,0x00,0xff,0x00,
    0xff,0x00,0xff,0x00,0xff,0x00,0xff,0x00,0xff,0x00,0xff,0x00,0xff,0x00,0xff,0x00,0xff,0x00,0xff,0x00,0xff,0x00,0xff,0x00,0xff,0x00,0xff,0x00,0xff,0x00,0xff,0x00,
    0xff,0x00,0xff,0x00,0xff,0x00,0xff,0x00,0xff,0x00,0xff,0x00,0xff,0x00,0xff,0x00,0xff,0x00,0xac,0xff,0xff,0x00,0xff,0x00,0xff,0x00,0xff,0x00,0xff,0x00,0xff,0x00,
    0xff,0x00,0xff,0x00,0xff,0x00,0xff,0x00,0xff,0x00,0xff,0x00,0xff,0x00,0xff,0x00,0xff,0x00,0xff,0x00,0xff,0x00,0xff,0x00,0xff,0x00,0xff,0x00,0xff,0x00,0xff,0x00,
    0xff,0x00,0xff,0x00,0xff,0x00,0xff,0x00,0xff,0x00,0xff,0x00,0xac,0xff,0xac,0xff,0xff,0x00,0xff,0x00,0xff,0x00,0xff,0x00,0xff,0x00,0xff,0x00,0xff,0x00,0xff,0x00,
    0xff,0x00,0xff,0x00,0xff,0x00,0xff,0x00,0xff,0x00,0xff,0x00,0xff,0x00,0xff,0x00,0xff,0x00,0xff,0x00,0xac,0xff,0xac,0xff,0xac,0xff,0xac,0xff,0xff,0x00,0xff,0x00,
    0xff,0x00,0xff,0x00,0xff,0x00,0xff,0x00,0xff,0x00,0xff,0x00,0xff,0x00,0xff,0x00,0xff,0x00,0xff,0x00,0xff,0x00,0xff,0x00,0xff,0x00,0xff,0x00,0xff,0x00,0xff,0x00,
    0xff,0x00,0xff,0x00,0xff,0x00,0xff,0x00,0xff,0x00,0xff,0x00,0xff,0x00,0xff,0x00,0xff,0x00,0xff,0x00,0xff,0x00,0xff,0x00,0xff,0x00,0xff,0x00,0xff,0x00,0xff,0x00,
    0xff,0x00,0xff,0x00,0xff,0x00,0xff,0x00,0xff,0x00,0xff,0x00,0xff,0x00,0xff,0x00,0xff,0x00,0xac,0xff,0xac,0xff,0xff,0x00,0xff,0x00,0xff,0x00,0xff,0x00,0xff,0x00,
    0xff,0x00,0xff,0x00,0xff,0x00,0xff,0x00,0xff,0x00,0xff,0x00,0xff,0x00,0xff,0x00,0xff,0x00,0xff,0x00,0xff,0x00,0xff,0x00,0xff,0x00,0xff,0x00,0xff,0x00,0xff,0x00,
    0xff,0x00,0xff,0x00,0xff,0x00,0xff,0x00,0xff,0x00,0xff,0x00,0xff,0x00,0xff,0x00,0xff,0x00,0xff,0x00,0xff,0x00,0xff,0x00,0xff,0x00,0xff,0x00,0xff,0x00,0xff,0x00,
    0xff,0x00,0xff,0x00,0xac,0xff,0xff,0x00,0xff,0x00,0xff,0x00,0xff,0x00,0xff,0x00,0xff,0x00,0xff,0x00,0xff,0x00,0xff,0x00,0xac,0xff,0xac,0xff,0xac,0xff,0xff,0x00,
    0xff,0x00,0xff,0x00,0xff,0x00,0xff,0x00,0xff,0x00,0xff,0x00,0xff,0x00,0xff,0x00,0xff,0x00,0xff,0x00,0xff,0x00,0xff,0x00,0xff,0x00,0xff,0x00,0xff,0x00,0xff,0x00,
    0xff,0x00,0xff,0x00,0xff,0x00,0xff,0x00,0xff,0x00,0xff,0x00,0xff,0x00,0xff,0x00,0xff,0x00,0xff,0x00,0xff,0x00,0xff,0x00,0xff,0x00,0xff,0x00,0xff,0x00,0xff,0x00,
    0xff,0x00,0xff,0x00,0xff,0x00,0xff,0x00,0xff,0x00,0xff,0x00,0xff,0x00,0xff,0x00,0xff,0x00,0xff,0x00,0xff,0x00,0xff,0x00,0xff,0x00,0xff,0x00,0xff,0x00,0xff,0x00,
    0xff,0x00,0xff,0x00,0xff,0x00,0xff,0x00,0xff,0x00,0xff,0x00,0xff,0x00,0xff,0x00,0xff,0x00,0xff,0x00,0xff,0x00,0xff,0x00,0xff,0x00,0xff,0x00,0xff,0x00,0xff,0x00,
    0xff,0x00,0xff,0x00,0xff,0x00,0xff,0x00,0xff,0x00,0xff,0x00,0xac,0xff,0xff,0x00,0xff,0x00,0xff,0x00,0xac,0xff,0xac,0xff,0xff,0x00,0xff,0x00,0xff,0x00,0xff,0x00,
    0xff,0x00,0xff,0x00,0xff,0x00,0xff,0x00,0xff,0x00,0xff,0x00,0xff,0x00,0xff,0x00,0xff,0x00,0xff,0x00,0xac,0xff,0xac,0xff,0xac,0xff,0xff,0x00,0xff,0x00,0xff,0x00,
    0xff,0x00,0xff,0x00,0xff,0x00,0xff,0x00,0xff,0x00,0xff,0x00,0xff,0x00,0xff,0x00,0xff,0x00,0xff,0x00,0xff,0x00,0xff,0x00,0xff,0x00,0xff,0x00,0xff,0x00,0xff,0x00,
    0xff,0x00,0xff,0x00,0xff,0x00,0xff,0x00,0xff,0x00,0xff,0x00,0xff,0x00,0xff,0x00,0xff,0x00,0xff,0x00,0xff,0x00,0xff,0x00,0xff,0x00,0xff,0x00,0xff,0x00,0xff,0x00,
    0xff,0x00,0xff,0x00,0xff,0x00,0xff,0x00,0xff,0x00,0xff,0x00,0xff,0x00,0xff,0x00,0xff,0x00,0xff,0x00,0xff,0x00,0xff,0x00,0xff,0x00,0xff,0x00,0xff,0x00,0xff,0x00,
    0xff,0x00,0xff,0x00,0xff,0x00,0xff,0x00,0xff,0x00,0xff,0x00,0xff,0x00,0xff,0x00,0xff,0x00,0xff,0x00,0xff,0x00,0xff,0x00,0xff,0x00,0xff,0x00,0xff,0x00,0xff,0x00,
    0xff,0x00,0xff,0x00,0xff,0x00,0xff,0x00,0xff,0x00,0xff,0x00,0xff,0x00,0xff,0x00,0xff,0x00,0xff,0x00,0xff,0x00,0xff,0x00,0xff,0x00,0xff,0x00,0xff,0x00,0xff,0x00,
    0xff,0x00,0xff,0x00,0xff,0x00,0xff,0x00,0xff,0x00,0xff,0x00,0xff,0x00,0xff,0x00,0xff,0x00,0xff,0x00,0xff,0x00,0xff,0x00,0xff,0x00,0xff,0x00,0xff,0x00,0xff,0x00,
    0xff,0x00,0xff,0x00,0xff,0x00,0xff,0x00,0xff,0x00,0xff,0x00,0xff,0x00,0xff,0x00,0xff,0x00,0xff,0x00,0xff,0x00,0xff,0x00,0xff,0x00,0xff,0x00,0xff,0x00,0xff,0x00,
    0xff,0x00,0xff,0x00,0xff,0x00,0xff,0x00,0xff,0x00,0xff,0x00,0xff,0x00,0xff,0x00,0xff,0x00,0xff,0x00,0xff,0x00,0xff,0x00,0xff,0x00,0xff,0x00,0xff,0x00,0xff,0x00,
    0xff,0x00,0xff,0x00,0xff,0x00,0xff,0x00,0xff,0x00,0xff,0x00,0xff,0x00,0xff,0x00,0xff,0x00,0xff,0x00,0xff,0x00,0xff,0x00,0xff,0x00,0xff,0x00,0xff,0x00,0xff,0x00,
    0xff,0x00,0xff,0x00,0xff,0x00,0xff,0x00,0xff,0x00,0xff,0x00,0xff,0x00,0xff,0x00,0xff,0x00,0xff,0x00,0xff,0x00,0xff,0x00,0xff,0x00,0xff,0x00,0xff,0x00,0xff,0x00,
    0xff,0x00,0xff,0x00,0xff,0x00,0xff,0x00,0xff,0x00,0xff,0x00,0xff,0x00,0xff,0x00,0xff,0x00,0xff,0x00,0xff,0x00,0xff,0x00,0xff,0x00,0xff,0x00,0xff,0x00,0xff,0x00,
    0xac,0xff,0xac,0xff,0xff,0x00,0xff,0x00,0xff,0x00,0xff,0x00,0xff,0x00,0xff,0x00,0xff,0x00,0xff,0x00,0xff,0x00,0xff,0x00,0xff,0x00,0xff,0x00,0xff,0x00,0xff,0x00,
    0xff,0x00,0xff,0x00,0xff,0x00,0xff,0x00,0xff,0x00,0xff,0x00,0xff,0x00,0xff,0x00,0xff,0x00,0xff,0x00,0xff,0x00,0xff,0x00,0xff,0x00,0xff,0x00,0xff,0x00,0xff,0x00,
    0xff,0x00,0xff,0x00,0xff,0x00,0xff,0x00,0xff,0x00,0xff,0x00,0xff,0x00,0xff,0x00,0xff,0x00,0xff,0x00,0xff,0x00,0xff,0x00,0xff,0x00,0xff,0x00,0xff,0x00,0xff,0x00,
    0xff,0x00,0xff,0x00,0xff,0x00,0xff,0x00,0xff,0x00,0xff,0x00,0xff,0x00,0xff,0x00,0xff,0x00,0xff,0x00,0xff,0x00,0xff,0x00,0xff,0x00,0xff,0x00,0xff,0x00,0xff,0x00,
    0xff,0x00,0xff,0x00,0xff,0x00,0xff,0x00,0xff,0x00,0xff,0x00,0xff,0x00,0xff,0x00,0xff,0x00,0xff,0x00,0xff,0x00,0xff,0x00,0xff,0x00,0xff,0x00,0xff,0x00,0xff,0x00,
    0xff,0x00,0xff,0x00,0xff,0x00,0xff,0x00,0xff,0x00,0xff,0x00,0xff,0x00,0xff,0x00,0xff,0x00,0xff,0x00,0xff,0x00,0xff,0x00,0xff,0x00,0xff,0x00,0xff,0x00,0xff,0x00,
    0xff,0x00,0xff,0x00,0xff,0x00,0xff,0x00,0xff,0x00,0xff,0x00,0xff,0x00,0xff,0x00,0xff,0x00,0xff,0x00,0xff,0x00,0xff,0x00,0xac,0xff,0xff,0x00,0xff,0x00,0xff,0x00,
    0xff,0x00,0xff,0x00,0xff,0x00,0xff,0x00,0xff,0x00,0xff,0x00,0xff,0x00,0xff,0x00,0xff,0x00,0xff,0x00,0xff,0x00,0xff,0x00,0xff,0x00,0xff,0x00,0xff,0x00,0xff,0x00,
    0xff,0x00,0xff,0x00,0xff,0x00,0xff,0x00,0xff,0x00,0xff,0x00,0xff,0x00,0xff,0x00,0xac,0xff,0xac,0xff,0xac,0xff,0xac,0xff,0xff,0x00,0xff,0x00,0xff,0x00,0xff,0x00,
    0xff,0x00,0xff,0x00,0xff,0x00,0xff,0x00,0xff,0x00,0xff,0x00,0xac,0xff,0xac,0xff,0xff,0x00,0xff,0x00,0xff,0x00,0xff,0x00,0xff,0x00,0xff,0x00,0xff,0x00,0xff,0x00,
    0xff,0x00,0xff,0x00,0xff,0x00,0xff,0x00,0xff,0x00,0xff,0x00,0xff,0x00,0xff,0x00,0xff,0x00,0xff,0x00,0xff,0x00,0xff,0x00,0xff,0x00,0xff,0x00,0xff,0x00,0xff,0x00,
    0xff,0x00,0xff,0x00,0xff,0x00,0xff,0x00,0xff,0x00,0xff,0x00,0xff,0x00,0xff,0x00,0xac,0xff,0xac,0xff,0xac,0xff,0xac,0xff,0xff,0x00,0xff,0x00,0xff,0x00,0xff,0x00,
    0xff,0x00,0xff,0x00,0xff,0x00,0xff,0x00,0xff,0x00,0xff,0x00,0xff,0x00,0xff,0x00,0xff,0x00,0xff,0x00,0xff,0x00,0xff,0x00,0xff,0x00,0xff,0x00,0xff,0x00,0xff,0x00,
    0xff,0x00,0xff,0x00,0xff,0x00,0xff,0x00,0xff,0x00,0xff,0x00,0xff,0x00,0xff,0x00,0xff,0x00,0xff,0x00,0xff,0x00,0xff,0x00,0xff,0x00,0xff,0x00,0xff,0x00,0xff,0x00,
    0xff,0x00,0xff,0x00,0xff,0x00,0xff,0x00,0xff,0x00,0xff,0x00,0xff,0x00,0xff,0x00,0xff,0x00,0xff,0x00,0xff,0x00,0xff,0x00,0xff,0x00,0xff,0x00,0xff,0x00,0xff,0x00,
    0xff,0x00,0xff,0x00,0xff,0x00,0xff,0x00,0xff,0x00,0xff,0x00,0xff,0x00,0xff,0x00,0xff,0x00,0xff,0x00,0xff,0x00,0xff,0x00,0xff,0x00,0xff,0x00,0xff,0x00,0xff,0x00,
    0xff,0x00,0xff,0x00,0xac,0xff,0xff,0x00,0xff,0x00,0xff,0x00,0xff,0x00,0xff,0x00,0xff,0x00,0xff,0x00,0xff,0x00,0xff,0x00,0xff,0x00,0xff,0x00,0xff,0x00,0xff,0x00,
    0xff,0x00,0xff,0x00,0xff,0x00,0xff,0x00,0xff,0x00,0xff,0x00,0xff,0x00,0xff,0x00,0xff,0x00,0xff,0x00,0xff,0x00,0xff,0x00,0xff,0x00,0xff,0x00,0xff,0x00,0xff,0x00,
    0xff,0x00,0xff,0x00,0xff,0x00,0xff,0x00,0xff,0x00,0xff,0x00,0xff,0x00,0xff,0x00,0xff,0x00,0xff,0x00,0xff,0x00,0xff,0x00,0xff,0x00,0xff,0x00,0xff,0x00,0xff,0x00,
    0xff,0x00,0xff,0x00,0xff,0x00,0xff,0x00,0xff,0x00,0xff,0x00,0xff,0x00,0xff,0x00,0xff,0x00,0xff,0x00,0xff,0x00,0xff,0x00,0xff,0x00,0xff,0x00,0xff,0x00,0xff,0x00,
    0xff,0x00,0xff,0x00,0xff,0x00,0xff,0x00,0xff,0x00,0xff,0x00,0xff,0x00,0xff,0x00,0xff,0x00,0xff,0x00,0xff,0x00,0xff,0x00,0xff,0x00,0xff,0x00,0xff,0x00,0xff,0x00,
    0xff,0x00,0xff,0x00,0xff,0x00,0xff,0x00,0xff,0x00,0xff,0x00,0xff,0x00,0xff,0x00,0xff,0x00,0xff,0x00,0xff,0x00,0xff,0x00,0xff,0x00,0xff,0x00,0xff,0x00,0xff,0x00,
    0xff,0x00,0xff,0x00,0xff,0x00,0xff,0x00,0xff,0x00,0xff,0x00,0xff,0x00,0xff,0x00,0xff,0x00,0xff,0x00,0xff,0x00,0xff,0x00,0xff,0x00,0xff,0x00,0xff,0x00,0xff,0x00,
    0xff,0x00,0xff,0x00,0xff,0x00,0xff,0x00,0xff,0x00,0xff,0x00,0xff,0x00,0xff,0x00,0xff,0x00,0xff,0x00,0xff,0x00,0xff,0x00,0xff,0x00,0xff,0x00,0xff,0x00,0xff,0x00,
    0xff,0x00,0xff,0x00,0xff,0x00,0xff,0x00,0xff,0x00,0xff,0x00,0xff,0x00,0xff,0x00,0xff,0x00,0xff,0x00,0xff,0x00,0xff,0x00,0xff,0x00,0xff,0x00,0xff,0x00,0xff,0x00,
    0xff,0x00,0xff,0x00,0xff,0x00,0xff,0x00,0xff,0x00,0xff,0x00,0xff,0x00,0xff,0x00,0xff,0x00,0xff,0x00,0xff,0x00,0xff,0x00,0xff,0x00,0xff,0x00,0xff,0x00,0xff,0x00,
    0xff,0x00,0xff,0x00,0xff,0x00,0xff,0x00,0xff,0x00,0xff,0x00,0xff,0x00,0xff,0x00,0xff,0x00,0xff,0x00,0xff,0x00,0xff,0x00,0xff,0x00,0xff,0x00,0xff,0x00,0xff,0x00,
    0xff,0x00,0xff,0x00,0xff,0x00,0xff,0x00,0xff,0x00,0xff,0x00,0xff,0x00,0xff,0x00,0xff,0x00,0xff,0x00,0xff,0x00,0xff,0x00,0xff,0x00,0xff,0x00,0xff,0x00,0xff,0x00,
    0xff,0x00,0xff,0x00,0xff,0x00,0xff,0x00,0xff,0x00,0xff,0x00,0xff,0x00,0xff,0x00,0xff,0x00,0xff,0x00,0xff,0x00,0xff,0x00,0xff,0x00,0xff,0x00,0xff,0x00,0xff,0x00,
    0xff,0x00,0xff,0x00,0xff,0x00,0xff,0x00,0xff,0x00,0xff,0x00,0xff,0x00,0xac,0xff,0xac,0xff,0xac,0xff,0xff,0x00,0xff,0x00,0xff,0x00,0xff,0x00,0xff,0x00,0xff,0x00,
    0xff,0x00,0xff,0x00,0xff,0x00,0xff,0x00,0xff,0x00,0xff,0x00,0xff,0x00,0xff,0x00,0xff,0x00,0xff,0x00,0xff,0x00,0xff,0x00,0xff,0x00,0xff,0x00,0xff,0x00,0xff,0x00,
    0xff,0x00,0xff,0x00,0xff,0x00,0xff,0x00,0xff,0x00,0xff,0x00,0xff,0x00,0xff,0x00,0xff,0x00,0xff,0x00,0xff,0x00,0xff,0x00,0xff,0x00,0xff,0x00,0xff,0x00,0xff,0x00,
    0xff,0x00,0xff,0x00,0xff,0x00,0xff,0x00,0xff,0x00,0xff,0x00,0xff,0x00,0xff,0x00,0xff,0x00,0xff,0x00,0xff,0x00,0xff,0x00,0xff,0x00,0xff,0x00,0xff,0x00,0xff,0x00,
    0xff,0x00,0xff,0x00,0xff,0x00,0xff,0x00,0xff,0x00,0xff,0x00,0xff,0x00,0xff,0x00,0xff,0x00,0xff,0x00,0xff,0x00,0xff,0x00,0xff,0x00,0xff,0x00,0xff,0x00,0xff,0x00,
    0xff,0x00,0xff,0x00,0xff,0x00,0xff,0x00,0xff,0x00,0xff,0x00,0xff,0x00,0xff,0x00,0xac,0xff,0xac,0xff,0xac,0xff,0xac,0xff,0xff,0x00,0xff,0x00,0xff,0x00,0xff,0x00,
    0xff,0x00,0xff,0x00,0xff,0x00,0xff,0x00,0xac,0xff,0xff,0x00,0xff,0x00,0xff,0x00,0xff,0x00,0xff,0x00,0xff,0x00,0xff,0x00,0xff,0x00,0xff,0x00,0xff,0x00,0xff,0x00,
    0xff,0x00,0xff,0x00,0xff,0x00,0xff,0x00,0xff,0x00,0xff,0x00,0xff,0x00,0xff,0x00,0xff,0x00,0xff,0x00,0xff,0x00,0xff,0x00,0xff,0x00,0xff,0x00,0xff,0x00,0xff,0x00,
    0xff,0x00,0xff,0x00,0xff,0x00,0xff,0x00,0xff,0x00,0xff,0x00,0xff,0x00,0xff,0x00,0xff,0x00,0xff,0x00,0xff,0x00,0xff,0x00,0xff,0x00,0xff,0x00,0xff,0x00,0xff,0x00,
    0xff,0x00,0xff,0x00,0xff,0x00,0xff,0x00,0xff,0x00,0xff,0x00,0xff,0x00,0xff,0x00,0xff,0x00,0xff,0x00,0xff,0x00,0xff,0x00,0xff,0x00,0xff,0x00,0xff,0x00,0xff,0x00,
    0xff,0x00,0xff,0x00,0xff,0x00,0xff,0x00,0xff,0x00,0xff,0x00,0xff,0x00,0xff,0x00,0xff,0x00,0xff,0x00,0xff,0x00,0xff,0x00,0xff,0x00,0xff,0x00,0xff,0x00,0xff,0x00,
    0xff,0x00,0xff,0x00,0xff,0x00,0xff,0x00,0xff,0x00,0xff,0x00,0xff,0x00,0xff,0x00,0xff,0x00,0xff,0x00,0xff,0x00,0xff,0x00,0xff,0x00,0xff,0x00,0xff,0x00,0xff,0x00,
    0xff,0x00,0xff,0x00,0xff,0x00,0xff,0x00,0xac,0xff,0xac,0xff,0xff,0x00,0xff,0x00,0xff,0x00,0xff,0x00,0xff,0x00,0xff,0x00,0xff,0x00,0xff,0x00,0xff,0x00,0xff,0x00,
    0xff,0x00,0xff,0x00,0xff,0x00,0xff,0x00,0xff,0x00,0xff,0x00,0xff,0x00,0xff,0x00,0xff,0x00,0xff,0x00,0xff,0x00,0xff,0x00,0xff,0x00,0xff,0x00,0xff,0x00,0xff,0x00,
    0xff,0x00,0xff,0x00,0xff,0x00,0xff,0x00,0xff,0x00,0xff,0x00,0xff,0x00,0xff,0x00,0xff,0x00,0xff,0x00,0xff,0x00,0xff,0x00,0xff,0x00,0xff,0x00,0xff,0x00,0xff,0x00,
    0xff,0x00,0xff,0x00,0xff,0x00,0xff,0x00,0xff,0x00,0xff,0x00,0xff,0x00,0xff,0x00,0xff,0x00,0xff,0x00,0xff,0x00,0xff,0x00,0xff,0x00,0xff,0x00,0xff,0x00,0xff,0x00,
    0xff,0x00,0xff,0x00,0xff,0x00,0xff,0x00,0xac,0xff,0xff,0x00,0xff,0x00,0xff,0x00,0xff,0x00,0xff,0x00,0xff,0x00,0xff,0x00,0xff,0x00,0xff,0x00,0xff,0x00,0xff,0x00,
};
static const lv_image_dsc_t dino_image_horizon_0 = {
    .header = {.magic = LV_IMAGE_HEADER_MAGIC, .cf = LV_COLOR_FORMAT_AL88, .w = 600, .h = 12, .stride = 1200},
    .data_size = sizeof(dino_pixels_horizon_0), .data = dino_pixels_horizon_0,
};

_Alignas(4) static const uint8_t dino_pixels_horizon_1[] = {
    0xff,0x00,0xff,0x00,0xff,0x00,0xff,0x00,0xff,0x00,0xff,0x00,0xff,0x00,0xff,0x00,0xff,0x00,0xff,0x00,0xff,0x00,0xff,0x00,0xff,0x00,0xff,0x00,0xff,0x00,0xff,0x00,
    0xff,0x00,0xff,0x00,0xff,0x00,0xff,0x00,0xff,0x00,0xff,0x00,0xff,0x00,0xff,0x00,0xff,0x00,0xff,0x00,0xff,0x00,0xff,0x00,0xff,0x00,0xff,0x00,0xff,0x00,0xff,0x00,
    0xff,0x00,0xff,0x00,0xff,0x00,0xff,0x00,0xff,0x00,0xff,0x00,0xff,0x00,0xff,0x00,0xff,0x00,0xff,0x00,0xff,0x00,0xff,0x00,0xff,0x00,0xff,0x00,0xff,0x00,0xff,0x00,
    0xff,0x00,0xff,0x00,0xff,0x00,0xff,0x00,0xff,0x00,0xff,0x00,0xff,0x00,0xff,0x00,0xff,0x00,0xff,0x00,0xff,0x00,0xff,0x00,0xff,0x00,0xff,0x00,0xff,0x00,0xff,0x00,
    0xff,0x00,0xff,0x00,0xff,0x00,0xff,0x00,0xff,0x00,0xff,0x00,0xff,0x00,0xff,0x00,0xff,0x00,0xff,0x00,0xff,0x00,0xff,0x00,0xff,0x00,0xff,0x00,0xff,0x00,0xff,0x00,
    0xff,0x00,0xff,0x00,0xff,0x00,0xff,0x00,0xff,0x00,0xff,0x00,0xff,0x00,0xff,0x00,0xff,0x00,0xff,0x00,0xff,0x00,0xff,0x00,0xff,0x00,0xff,0x00,0xff,0x00,0xff,0x00,
    0xff,0x00,0xff,0x00,0xff,0x00,0xff,0x00,0xff,0x00,0xff,0x00,0xff,0x00,0xff,0x00,0xff,0x00,0xff,0x00,0xff,0x00,0xff,0x00,0xff,0x00,0xff,0x00,0xff,0x00,0xff,0x00,
    0xff,0x00,0xff,0x00,0xff,0x00,0xff,0x00,0xff,0x00,0xff,0x00,0xff,0x00,0xff,0x00,0xff,0x00,0xff,0x00,0xff,0x00,0xff,0x00,0xff,0x00,0xff,0x00,0xff,0x00,0xff,0x00,
    0xff,0x00,0xff,0x00,0xff,0x00,0xff,0x00,0xff,0x00,0xff,0x00,0xac,0xff,0xac,0xff,0xac,0xff,0xac,0xff,0xac,0xff,0xac,0xff,0xff,0x00,0xff,0x00,0xff,0x00,0xff,0x00,
    0xff,0x00,0xff,0x00,0xff,0x00,0xff,0x00,0xff,0x00,0xff,0x00,0xff,0x00,0xff,0x00,0xff,0x00,0xff,0x00,0xff,0x00,0xff,0x00,0xff,0x00,0xff,0x00,0xff,0x00,0xff,0x00,
    0xff,0x00,0xff,0x00,0xff,0x00,0xff,0x00,0xff,0x00,0xff,0x00,0xff,0x00,0xff,0x00,0xff,0x00,0xff,0x00,0xff,0x00,0xff,0x00,0xff,0x00,0xff,0x00,0xff,0x00,0xff,0x00,
    0xff,0x00,0xff,0x00,0xff,0x00,0xff,0x00,0xff,0x00,0xff,0x00,0xff,0x00,0xff,0x00,0xff,0x00,0xff,0x00,0xff,0x00,0xff,0x00,0xff,0x00,0xff,0x00,0xff,0x00,0xff,0x00,
    0xff,0x00,0xff,0x00,0xff,0x00,0xff,0x00,0xff,0x00,0xff,0x00,0xff,0x00,0xff,0x00,0xff,0x00,0xff,0x00,0xff,0x00,0xff,0x00,0xff,0x00,0xff,0x00,0xff,0x00,0xff,0x00,
    0xff,0x00,0xff,0x00,0xff,0x00,0xff,0x00,0xff,0x00,0xff,0x00,0xff,0x00,0xff,0x00,0xff,0x00,0xff,0x00,0xff,0x00,0xff,0x00,0xff,0x00,0xff,0x00,0xff,0x00,0xff,0x00,
    0xff,0x00,0xff,0x00,0xff,0x00,0xff,0x00,0xff,0x00,0xff,0x00,0xff,0x00,0xff,0x00,0xff,0x00,0xff,0x00,0xff,0x00,0xff,0x00,0xff,0x00,0xff,0x00,0xff,0x00,0xff,0x00,
    0xff,0x00,0xff,0x00,0xff,0x00,0xff,0x00,0xff,0x00,0xff,0x00,0xff,0x00,0xff,0x00,0xff,0x00,0xff,0x00,0xff,0x00,0xff,0x00,0xff,0x00,0xff,0x00,0xff,0x00,0xff,0x00,
    0xff,0x00,0xff,0x00,0xff,0x00,0xff,0x00,0xff,0x00,0xff,0x00,0xff,0x00,0xff,0x00,0xff,0x00,0xff,0x00,0xff,0x00,0xff,0x00,0xff,0x00,0xff,0x00,0xff,0x00,0xff,0x00,
    0xff,0x00,0xff,0x00,0xff,0x00,0xff,0x00,0xff,0x00,0xff,0x00,0xff,0x00,0xff,0x00,0xff,0x00,0xff,0x00,0xff,0x00,0xff,0x00,0xff,0x00,0xff,0x00,0xff,0x00,0xff,0x00,
    0xff,0x00,0xff,0x00,0xff,0x00,0xff,0x00,0xff,0x00,0xff,0x00,0xff,0x00,0xff,0x00,0xff,0x00,0xff,0x00,0xff,0x00,0xff,0x00,0xff,0x00,0xff,0x00,0xff,0x00,0xff,0x00,
    0xff,0x00,0xff,0x00,0xff,0x00,0xff,0x00,0xff,0x00,0xff,0x00,0xff,0x00,0xff,0x00,0xff,0x00,0xff,0x00,0xff,0x00,0xff,0x00,0xff,0x00,0xff,0x00,0xff,0x00,0xff,0x00,
    0xff,0x00,0xff,0x00,0xff,0x00,0xff,0x00,0xff,0x00,0xff,0x00,0xff,0x00,0xff,0x00,0xff,0x00,0xff,0x00,0xff,0x00,0xff,0x00,0xff,0x00,0xff,0x00,0xff,0x00,0xff,0x00,
    0xff,0x00,0xff,0x00,0xff,0x00,0xff,0x00,0xff,0x00,0xff,0x00,0xff,0x00,0xff,0x00,0xff,0x00,0xff,0x00,0xff,0x00,0xff,0x00,0xff,0x00,0xff,0x00,0xff,0x00,0xff,0x00,
    0xff,0x00,0xff,0x00,0xff,0x00,0xff,0x00,0xff,0x00,0xff,0x00,0xff,0x00,0xff,0x00,0xff,0x00,0xff,0x00,0xff,0x00,0xff,0x00,0xff,0x00,0xff,0x00,0xff,0x00,0xff,0x00,
    0xff,0x00,0xff,0x00,0xff,0x00,0xff,0x00,0xff,0x00,0xff,0x00,0xff,0x00,0xff,0x00,0xff,0x00,0xff,0x00,0xff,0x00,0xff,0x00,0xff,0x00,0xff,0x00,0xff,0x00,0xff,0x00,
    0xff,0x00,0xff,0x00,0xff,0x00,0xff,0x00,0xff,0x00,0xff,0x00,0xff,0x00,0xff,0x00,0xff,0x00,0xff,0x00,0xff,0x00,0xff,0x00,0xff,0x00,0xff,0x00,0xff,0x00,0xff,0x00,
    0xff,0x00,0xff,0x00,0xff,0x00,0xff,0x00,0xff,0x00,0xff,0x00,0xff,0x00,0xff,0x00,0xff,0x00,0xff,0x00,0xff,0x00,0xff,0x00,0xff,0x00,0xff,0x00,0xff,0x00,0xff,0x00,
    0xff,0x00,0xff,0x00,0xff,0x00,0xff,0x00,0xff,0x00,0xff,0x00,0xff,0x00,0xff,0x00,0xff,0x00,0xff,0x00,0xff,0x00,0xff,0x00,0xff,0x00,0xff,0x00,0xff,0x00,0xff,0x00,
    0xff,0x00,0xff,0x00,0xff,0x00,0xff,0x00,0xff,0x00,0xff,0x00,0xff,0x00,0xff,0x00,0xff,0x00,0xff,0x00,0xff,0x00,0xff,0x00,0xff,0x00,0xff,0x00,0xff,0x00,0xff,0x00,
    0xff,0x00,0xff,0x00,0xff,0x00,0xff,0x00,0xff,0x00,0xff,0x00,0xff,0x00,0xac,0xff,0xac,0xff,0xac,0xff,0xac,0xff,0xac,0xff,0xac,0xff,0xff,0x00,0xff,0x00,0xff,0x00,
    0xff,0x00,0xff,0x00,0xff,0x00,0xff,0x00,0xff,0x00,0xff,0x00,0xff,0x00,0xff,0x00,0xff,0x00,0xff,0x00,0xff,0x00,0xff,0x00,0xff,0x00,0xff,0x00,0xff,0x00,0xac,0xff,
    0xac,0xff,0xac,0xff,0xac,0xff,0xac,0xff,0xac,0xff,0xff,0x00,0xff,0x00,0xff,0x00,0xff,0x00,0xff,0x00,0xff,0x00,0xff,0x00,0xff,0x00,0xff,0x00,0xff,0x00,0xff,0x00,
    0xff,0x00,0xff,0x00,0xff,0x00,0xff,0x00,0xff,0x00,0xff,0x00,0xff,0x00,0xff,0x00,0xff,0x00,0xff,0x00,0xff,0x00,0xff,0x00,0xff,0x00,0xff,0x00,0xff,0x00,0xff,0x00,
    0xff,0x00,0xff,0x00,0xff,0x00,0xff,0x00,0xff,0x00,0xff,0x00,0xff,0x00,0xff,0x00,0xff,0x00,0xff,0x00,0xff,0x00,0xff,0x00,0xff,0x00,0xff,0x00,0xff,0x00,0xff,0x00,
    0xff,0x00,0xff,0x00,0xff,0x00,0xff,0x00,0xff,0x00,0xff,0x00,0xff,0x00,0xff,0x00,0xff,0x00,0xff,0x00,0xff,0x00,0xff,0x00,0xff,0x00,0xff,0x00,0xff,0x00,0xff,0x00,
    0xff,0x00,0xff,0x00,0xff,0x00,0xff,0x00,0xff,0x00,0xff,0x00,0xff,0x00,0xff,0x00,0xff,0x00,0xff,0x00,0xff,0x00,0xff,0x00,0xff,0x00,0xff,0x00,0xff,0x00,0xff,0x00,
    0xff,0x00,0xff,0x00,0xff,0x00,0xff,0x00,0xff,0x00,0xff,0x00,0xff,0x00,0xff,0x00,0xff,0x00,0xff,0x00,0xff,0x00,0xff,0x00,0xff,0x00,0xff,0x00,0xff,0x00,0xff,0x00,
    0xff,0x00,0xff,0x00,0xff,0x00,0xff,0x00,0xff,0x00,0xff,0x00,0xff,0x00,0xff,0x00,0xff,0x00,0xff,0x00,0xff,0x00,0xff,0x00,0xff,0x00,0xff,0x00,0xff,0x00,0xff,0x00,
    0xff,0x00,0xff,0x00,0xff,0x00,0xff,0x00,0xff,0x00,0xff,0x00,0xff,0x00,0xff,0x00,0xff,0x00,0xff,0x00,0xff,0x00,0xff,0x00,0xff,0x00,0xff,0x00,0xff,0x00,0xff,0x00,
    0xff,0x00,0xff,0x00,0xff,0x00,0xff,0x00,0xff,0x00,0xff,0x00,0xff,0x00,0xff,0x00,0xff,0x00,0xff,0x00,0xff,0x00,0xff,0x00,0xff,0x00,0xff,0x00,0xff,0x00,0xff,0x00,
    0xff,0x00,0xff,0x00,0xff,0x00,0xff,0x00,0xff,0x00,0xff,0x00,0xff,0x00,0xff,0x00,0xff,0x00,0xff,0x00,0xff,0x00,0xff,0x00,0xff,0x00,0xff,0x00,0xff,0x00,0xff,0x00,
    0xff,0x00,0xff,0x00,0xff,0x00,0xff,0x00,0xff,0x00,0xff,0x00,0xff,0x00,0xff,0x00,0xff,0x00,0xff,0x00,0xff,0x00,0xff,0x00,0xff,0x00,0xff,0x00,0xff,0x00,0xff,0x00,
    0xff,0x00,0xff,0x00,0xff,0x00,0xff,0x00,0xff,0x00,0xff,0x00,0xff,0x00,0xff,0x00,0xff,0x00,0xff,0x00,0xff,0x00,0xff,0x00,0xff,0x00,0xff,0x00,0xff,0x00,0xff,0x00,
    0xff,0x00,0xff,0x00,0xff,0x00,0xff,0x00,0xff,0x00,0xff,0x00,0xff,0x00,0xff,0x00,0xff,0x00,0xff,0x00,0xff,0x00,0xff,0x00,0xff,0x00,0xff,0x00,0xff,0x00,0xff,0x00,
    0xff,0x00,0xff,0x00,0xff,0x00,0xff,0x00,0xff,0x00,0xff,0x00,0xff,0x00,0xff,0x00,0xff,0x00,0xff,0x00,0xff,0x00,0xff,0x00,0xff,0x00,0xff,0x00,0xff,0x00,0xff,0x00,
    0xff,0x00,0xff,0x00,0xff,0x00,0xff,0x00,0xff,0x00,0xff,0x00,0xff,0x00,0xff,0x00,0xff,0x00,0xff,0x00,0xff,0x00,0xff,0x00,0xff,0x00,0xff,0x00,0xff,0x00,0xff,0x00,
    0xff,0x00,0xff,0x00,0xff,0x00,0xff,0x00,0xff,0x00,0xff,0x00,0xff,0x00,0xff,0x00,0xff,0x00,0xff,0x00,0xff,0x00,0xff,0x00,0xff,0x00,0xac,0xff,0xac,0xff,0xff,0x00,
    0xff,0x00,0xff,0x00,0xff,0x00,0xac,0xff,0xac,0xff,0xff,0x00,0xff,0x00,0xff,0x00,0xff,0x00,0xff,0x00,0xff,0x00,0xff,0x00,0xff,0x00,0xff,0x00,0xff,0x00,0xff,0x00,
    0xff,0x00,0xff,0x00,0xff,0x00,0xff,0x00,0xff,0x00,0xff,0x00,0xff,0x00,0xff,0x00,0xff,0x00,0xff,0x00,0xff,0x00,0xff,0x00,0xff,0x00,0xff,0x00,0xff,0x00,0xff,0x00,
    0xff,0x00,0xff,0x00,0xff,0x00,0xff,0x00,0xff,0x00,0xff,0x00,0xff,0x00,0xff,0x00,0xff,0x00,0xff,0x00,0xff,0x00,0xff,0x00,0xff,0x00,0xff,0x00,0xff,0x00,0xff,0x00,
    0xff,0x00,0xff,0x00,0xff,0x00,0xff,0x00,0xff,0x00,0xff,0x00,0xff,0x00,0xff,0x00,0xff,0x00,0xff,0x00,0xff,0x00,0xff,0x00,0xff,0x00,0xff,0x00,0xff,0x00,0xff,0x00,
    0xff,0x00,0xff,0x00,0xff,0x00,0xff,0x00,0xff,0x00,0xff,0x00,0xff,0x00,0xff,0x00,0xff,0x00,0xff,0x00,0xff,0x00,0xff,0x00,0xff,0x00,0xff,0x00,0xff,0x00,0xff,0x00,
    0xff,0x00,0xff,0x00,0xff,0x00,0xff,0x00,0xff,0x00,0xff,0x00,0xff,0x00,0xff,0x00,0xff,0x00,0xff,0x00,0xff,0x00,0xff,0x00,0xff,0x00,0xff,0x00,0xff,0x00,0xff,0x00,
    0xff,0x00,0xff,0x00,0xff,0x00,0xff,0x00,0xff,0x00,0xff,0x00,0xff,0x00,0xff,0x00,0xff,0x00,0xff,0x00,0xff,0x00,0xff,0x00,0xff,0x00,0xff,0x00,0xff,0x00,0xff,0x00,
    0xff,0x00,0xff,0x00,0xff,0x00,0xff,0x00,0xff,0x00,0xff,0x00,0xff,0x00,0xff,0x00,0xff,0x00,0xff,0x00,0xff,0x00,0xff,0x00,0xff,0x00,0xff,0x00,0xff,0x00,0xff,0x00,
    0xff,0x00,0xff,0x00,0xff,0x00,0xff,0x00,0xff,0x00,0xff,0x00,0xff,0x00,0xff,0x00,0xff,0x00,0xff,0x00,0xff,0x00,0xff,0x00,0xff,0x00,0xff,0x00,0xff,0x00,0xff,0x00,
    0xff,0x00,0xff,0x00,0xff,0x00,0xff,0x00,0xff,0x00,0xff,0x00,0xff,0x00,0xff,0x00,0xff,0x00,0xff,0x00,0xff,0x00,0xff,0x00,0xff,0x00,0xff,0x00,0xff,0x00,0xff,0x00,
    0xff,0x00,0xff,0x00,0xff,0x00,0xff,0x00,0xff,0x00,0xff,0x00,0xff,0x00,0xff,0x00,0xff,0x00,0xff,0x00,0xff,0x00,0xff,0x00,0xff,0x00,0xff,0x00,0xff,0x00,0xff,0x00,
    0xff,0x00,0xff,0x00,0xff,0x00,0xff,0x00,0xff,0x00,0xff,0x00,0xff,0x00,0xff,0x00,0xff,0x00,0xff,0x00,0xff,0x00,0xff,0x00,0xff,0x00,0xff,0x00,0xff,0x00,0xff,0x00,
    0xff,0x00,0xff,0x00,0xff,0x00,0xff,0x00,0xff,0x00,0xff,0x00,0xff,0x00,0xff,0x00,0xff,0x00,0xff,0x00,0xff,0x00,0xff,0x00,0xff,0x00,0xff,0x00,0xff,0x00,0xff,0x00,
    0xff,0x00,0xff,0x00,0xff,0x00,0xff,0x00,0xff,0x00,0xff,0x00,0xff,0x00,0xff,0x00,0xff,0x00,0xff,0x00,0xff,0x00,0xff,0x00,0xff,0x00,0xff,0x00,0xff,0x00,0xff,0x00,
    0xff,0x00,0xff,0x00,0xff,0x00,0xff,0x00,0xff,0x00,0xff,0x00,0xff,0x00,0xff,0x00,0xff,0x00,0xff,0x00,0xff,0x00,0xff,0x00,0xff,0x00,0xff,0x00,0xff,0x00,0xff,0x00,
    0xff,0x00,0xff,0x00,0xff,0x00,0xff,0x00,0xff,0x00,0xff,0x00,0xff,0x00,0xff,0x00,0xff,0x00,0xff,0x00,0xff,0x00,0xff,0x00,0xff,0x00,0xff,0x00,0xff,0x00,0xff,0x00,
    0xff,0x00,0xff,0x00,0xff,0x00,0xff,0x00,0xff,0x00,0xff,0x00,0xff,0x00,0xff,0x00,0xff,0x00,0xff,0x00,0xff,0x00,0xff,0x00,0xff,0x00,0xff,0x00,0xff,0x00,0xff,0x00,
    0xff,0x00,0xff,0x00,0xff,0x00,0xff,0x00,0xff,0x00,0xff,0x00,0xff,0x00,0xff,0x00,0xff,0x00,0xff,0x00,0xff,0x00,0xff,0x00,0xff,0x00,0xff,0x00,0xff,0x00,0xff,0x00,
    0xff,0x00,0xff,0x00,0xff,0x00,0xff,0x00,0xff,0x00,0xff,0x00,0xff,0x00,0xff,0x00,0xff,0x00,0xff,0x00,0xff,0x00,0xff,0x00,0xff,0x00,0xff,0x00,0xff,0x00,0xff,0x00,
    0xff,0x00,0xff,0x00,0xff,0x00,0xff,0x00,0xff,0x00,0xff,0x00,0xff,0x00,0xff,0x00,0xff,0x00,0xff,0x00,0xff,0x00,0xff,0x00,0xff,0x00,0xff,0x00,0xac,0xff,0xac,0xff,
    0xff,0x00,0xff,0x00,0xff,0x00,0xff,0x00,0xac,0xff,0xff,0x00,0xff,0x00,0xff,0x00,0xff,0x00,0xff,0x00,0xff,0x00,0xff,0x00,0xff,0x00,0xff,0x00,0xff,0x00,0xff,0x00,
    0xff,0x00,0xff,0x00,0xff,0x00,0xff,0x00,0xff,0x00,0xff,0x00,0xac,0xff,0xac,0xff,0xff,0x00,0xff,0x00,0xff,0x00,0xff,0x00,0xac,0xff,0xff,0x00,0xff,0x00,0xff,0x00,
    0xff,0x00,0xff,0x00,0xff,0x00,0xff,0x00,0xff,0x00,0xff,0x00,0xff,0x00,0xff,0x00,0xff,0x00,0xff,0x00,0xff,0x00,0xff,0x00,0xff,0x00,0xff,0x00,0xff,0x00,0xff,0x00,
    0xff,0x00,0xff,0x00,0xff,0x00,0xff,0x00,0xff,0x00,0xff,0x00,0xff,0x00,0xff,0x00,0xff,0x00,0xff,0x00,0xff,0x00,0xff,0x00,0xff,0x00,0xff,0x00,0xff,0x00,0xff,0x00,
    0xff,0x00,0xff,0x00,0xff,0x00,0xff,0x00,0xff,0x00,0xff,0x00,0xff,0x00,0xff,0x00,0xff,0x00,0xff,0x00,0xff,0x00,0xff,0x00,0xff,0x00,0xff,0x00,0xff,0x00,0xff,0x00,
    0xff,0x00,0xff,0x00,0xff,0x00,0xff,0x00,0xff,0x00,0xff,0x00,0xff,0x00,0xff,0x00,0xff,0x00,0xff,0x00,0xff,0x00,0xff,0x00,0xff,0x00,0xff,0x00,0xff,0x00,0xff,0x00,
    0xff,0x00,0xff,0x00,0xff,0x00,0xff,0x00,0xff,0x00,0xff,0x00,0xff,0x00,0xff,0x00,0xff,0x00,0xff,0x00,0xff,0x00,0xff,0x00,0xff,0x00,0xff,0x00,0xff,0x00,0xff,0x00,
    0xff,0x00,0xff,0x00,0xff,0x00,0xff,0x00,0xff,0x00,0xff,0x00,0xff,0x00,0xff,0x00,0xff,0x00,0xff,0x00,0xff,0x00,0xff,0x00,0xff,0x00,0xff,0x00,0xff,0x00,0xff,0x00,
    0xff,0x00,0xff,0x00,0xff,0x00,0xff,0x00,0xff,0x00,0xff,0x00,0xff,0x00,0xff,0x00,0xff,0x00,0xff,0x00,0xff,0x00,0xff,0x00,0xff,0x00,0xff,0x00,0xff,0x00,0xff,0x00,
    0xff,0x00,0xff,0x00,0xff,0x00,0xff,0x00,0xff,0x00,0xff,0x00,0xff,0x00,0xff,0x00,0xff,0x00,0xff,0x00,0xff,0x00,0xff,0x00,0xff,0x00,0xff,0x00,0xff,0x00,0xff,0x00,
    0xff,0x00,0xff,0x00,0xff,0x00,0xff,0x00,0xff,0x00,0xff,0x00,0xff,0x00,0xff,0x00,0xff,0x00,0xff,0x00,0xff,0x00,0xff,0x00,0xff,0x00,0xff,0x00,0xff,0x00,0xff,0x00,
    0xff,0x00,0xff,0x00,0xff,0x00,0xff,0x00,0xff,0x00,0xff,0x00,0xff,0x00,0xff,0x00,0xff,0x00,0xff,0x00,0xff,0x00,0xff,0x00,0xff,0x00,0xff,0x00,0xff,0x00,0xff,0x00,
    0xff,0x00,0xff,0x00,0xff,0x00,0xff,0x00,0xff,0x00,0xff,0x00,0xff,0x00,0xff,0x00,0xff,0x00,0xff,0x00,0xff,0x00,0xff,0x00,0xff,0x00,0xff,0x00,0xff,0x00,0xff,0x00,
    0xff,0x00,0xff,0x00,0xff,0x00,0xff,0x00,0xff,0x00,0xff,0x00,0xff,0x00,0xff,0x00,0xff,0x00,0xff,0x00,0xff,0x00,0xff,0x00,0xff,0x00,0xff,0x00,0xff,0x00,0xff,0x00,
    0xff,0x00,0xff,0x00,0xff,0x00,0xff,0x00,0xff,0x00,0xff,0x00,0xff,0x00,0xff,0x00,0xff,0x00,0xff,0x00,0xff,0x00,0xff,0x00,0xff,0x00,0xff,0x00,0xff,0x00,0xff,0x00,
    0xff,0x00,0xff,0x00,0xff,0x00,0xff,0x00,0xff,0x00,0xff,0x00,0xff,0x00,0xff,0x00,0xff,0x00,0xff,0x00,0xff,0x00,0xff,0x00,0xff,0x00,0xff,0x00,0xff,0x00,0xff,0x00,
    0xff,0x00,0xff,0x00,0xff,0x00,0xff,0x00,0xff,0x00,0xff,0x00,0xff,0x00,0xff,0x00,0xff,0x00,0xff,0x00,0xff,0x00,0xff,0x00,0xff,0x00,0xff,0x00,0xff,0x00,0xff,0x00,
    0xff,0x00,0xff,0x00,0xff,0x00,0xac,0xff,0xac,0xff,0xac,0xff,0xff,0x00,0xff,0x00,0xff,0x00,0xff,0x00,0xff,0x00,0xff,0x00,0xac,0xff,0xac,0xff,0xff,0x00,0xff,0x00,
    0xff,0x00,0xff,0x00,0xff,0x00,0xff,0x00,0xff,0x00,0xff,0x00,0xff,0x00,0xff,0x00,0xff,0x00,0xff,0x00,0xff,0x00,0xff,0x00,0xff,0x00,0xff,0x00,0xff,0x00,0xff,0x00,
    0xff,0x00,0xff,0x00,0xff,0x00,0xff,0x00,0xff,0x00,0xff,0x00,0xff,0x00,0xff,0x00,0xff,0x00,0xff,0x00,0xff,0x00,0xff,0x00,0xff,0x00,0xff,0x00,0xff,0x00,0xff,0x00,
    0xff,0x00,0xff,0x00,0xff,0x00,0xff,0x00,0xff,0x00,0xff,0x00,0xff,0x00,0xff,0x00,0xff,0x00,0xff,0x00,0xff,0x00,0xff,0x00,0xff,0x00,0xff,0x00,0xff,0x00,0xff,0x00,
    0xff,0x00,0xff,0x00,0xff,0x00,0xff,0x00,0xff,0x00,0xff,0x00,0xff,0x00,0xff,0x00,0xff,0x00,0xff,0x00,0xff,0x00,0xff,0x00,0xff,0x00,0xff,0x00,0xff,0x00,0xff,0x00,
    0xff,0x00,0xff,0x00,0xff,0x00,0xff,0x00,0xff,0x00,0xff,0x00,0xff,0x00,0xff,0x00,0xff,0x00,0xff,0x00,0xff,0x00,0xff,0x00,0xff,0x00,0xff,0x00,0xff,0x00,0xff,0x00,
    0xff,0x00,0xff,0x00,0xff,0x00,0xff,0x00,0xff,0x00,0xff,0x00,0xff,0x00,0xff,0x00,0xff,0x00,0xff,0x00,0xff,0x00,0xff,0x00,0xff,0x00,0xff,0x00,0xff,0x00,0xff,0x00,
    0xff,0x00,0xff,0x00,0xff,0x00,0xff,0x00,0xff,0x00,0xff,0x00,0xff,0x00,0xff,0x00,0xff,0x00,0xff,0x00,0xff,0x00,0xff,0x00,0xff,0x00,0xff,0x00,0xff,0x00,0xff,0x00,
    0xff,0x00,0xff,0x00,0xff,0x00,0xff,0x00,0xff,0x00,0xff,0x00,0xff,0x00,0xff,0x00,0xff,0x00,0xff,0x00,0xff,0x00,0xff,0x00,0xff,0x00,0xff,0x00,0xff,0x00,0xff,0x00,
    0xff,0x00,0xff,0x00,0xff,0x00,0xff,0x00,0xff,0x00,0xff,0x00,0xff,0x00,0xff,0x00,0xff,0x00,0xff,0x00,0xff,0x00,0xff,0x00,0xff,0x00,0xff,0x00,0xff,0x00,0xff,0x00,
    0xff,0x00,0xff,0x00,0xff,0x00,0xff,0x00,0xff,0x00,0xff,0x00,0xff,0x00,0xff,0x00,0xff,0x00,0xff,0x00,0xff,0x00,0xff,0x00,0xff,0x00,0xff,0x00,0xff,0x00,0xff,0x00,
    0xff,0x00,0xff,0x00,0xff,0x00,0xff,0x00,0xff,0x00,0xff,0x00,0xff,0x00,0xff,0x00,0xff,0x00,0xff,0x00,0xff,0x00,0xff,0x00,0xff,0x00,0xff,0x00,0xff,0x00,0xff,0x00,
    0xff,0x00,0xff,0x00,0xff,0x00,0xff,0x00,0xff,0x00,0xff,0x00,0xff,0x00,0xff,0x00,0xff,0x00,0xff,0x00,0xff,0x00,0xff,0x00,0xff,0x00,0xff,0x00,0xff,0x00,0xff,0x00,
    0xff,0x00,0xff,0x00,0xff,0x00,0xff,0x00,0xff,0x00,0xff,0x00,0xff,0x00,0xff,0x00,0xff,0x00,0xff,0x00,0xff,0x00,0xff,0x00,0xff,0x00,0xff,0x00,0xff,0x00,0xff,0x00,
    0xff,0x00,0xff,0x00,0xff,0x00,0xff,0x00,0xff,0x00,0xff,0x00,0xff,0x00,0xff,0x00,0xff,0x00,0xff,0x00,0xff,0x00,0xff,0x00,0xff,0x00,0xff,0x00,0xff,0x00,0xff,0x00,
    0xff,0x00,0xff,0x00,0xff,0x00,0xff,0x00,0xff,0x00,0xff,0x00,0xff,0x00,0xff,0x00,0xff,0x00,0xff,0x00,0xff,0x00,0xff,0x00,0xff,0x00,0xff,0x00,0xff,0x00,0xff,0x00,
    0xff,0x00,0xff,0x00,0xff,0x00,0xff,0x00,0xff,0x00,0xff,0x00,0xff,0x00,0xff,0x00,0xff,0x00,0xff,0x00,0xff,0x00,0xff,0x00,0xff,0x00,0xff,0x00,0xff,0x00,0xff,0x00,
    0xff,0x00,0xff,0x00,0xff,0x00,0xff,0x00,0xff,0x00,0xff,0x00,0xff,0x00,0xff,0x00,0xff,0x00,0xff,0x00,0xff,0x00,0xff,0x00,0xff,0x00,0xff,0x00,0xff,0x00,0xff,0x00,
    0xff,0x00,0xff,0x00,0xff,0x00,0xff,0x00,0xff,0x00,0xff,0x00,0xff,0x00,0xff,0x00,0xff,0x00,0xff,0x00,0xff,0x00,0xff,0x00,0xff,0x00,0xff,0x00,0xff,0x00,0xff,0x00,
    0xff,0x00,0xff,0x00,0xff,0x00,0xff,0x00,0xff,0x00,0xff,0x00,0xff,0x00,0xff,0x00,0xff,0x00,0xff,0x00,0xff,0x00,0xff,0x00,0xff,0x00,0xff,0x00,0xff,0x00,0xff,0x00,
    0xff,0x00,0xff,0x00,0xff,0x00,0xff,0x00,0xac,0xff,0xac,0xff,0xac,0xff,0xff,0x00,0xff,0x00,0xff,0x00,0xff,0x00,0xff,0x00,0xff,0x00,0xac,0xff,0xac,0xff,0xff,0x00,
    0xff,0x00,0xff,0x00,0xff,0x00,0xff,0x00,0xff,0x00,0xff,0x00,0xff,0x00,0xff,0x00,0xff,0x00,0xff,0x00,0xff,0x00,0xff,0x00,0xac,0xff,0xac,0xff,0xac,0xff,0xff,0x00,
    0xff,0x00,0xff,0x00,0xff,0x00,0xff,0x00,0xff,0x00,0xac,0xff,0xac,0xff,0xff,0x00,0xff,0x00,0xff,0x00,0xff,0x00,0xff,0x00,0xff,0x00,0xff,0x00,0xff,0x00,0xff,0x00,
    0xff,0x00,0xff,0x00,0xff,0x00,0xff,0x00,0xff,0x00,0xff,0x00,0xff,0x00,0xff,0x00,0xff,0x00,0xff,0x00,0xff,0x00,0xff,0x00,0xff,0x00,0xff,0x00,0xff,0x00,0xff,0x00,
    0xff,0x00,0xff,0x00,0xff,0x00,0xff,0x00,0xff,0x00,0xff,0x00,0xff,0x00,0xff,0x00,0xff,0x00,0xff,0x00,0xff,0x00,0xff,0x00,0xff,0x00,0xff,0x00,0xff,0x00,0xff,0x00,
    0xff,0x00,0xff,0x00,0xff,0x00,0xff,0x00,0xff,0x00,0xff,0x00,0xff,0x00,0xff,0x00,0xff,0x00,0xff,0x00,0xff,0x00,0xff,0x00,0xff,0x00,0xff,0x00,0xff,0x00,0xff,0x00,
    0xff,0x00,0xff,0x00,0xff,0x00,0xff,0x00,0xff,0x00,0xff,0x00,0xff,0x00,0xff,0x00,0xff,0x00,0xff,0x00,0xff,0x00,0xff,0x00,0xff,0x00,0xff,0x00,0xff,0x00,0xff,0x00,
    0xff,0x00,0xff,0x00,0xff,0x00,0xff,0x00,0xff,0x00,0xff,0x00,0xff,0x00,0xff,0x00,0xff,0x00,0xff,0x00,0xff,0x00,0xff,0x00,0xff,0x00,0xff,0x00,0xff,0x00,0xff,0x00,
    0xff,0x00,0xff,0x00,0xff,0x00,0xff,0x00,0xff,0x00,0xff,0x00,0xff,0x00,0xff,0x00,0xff,0x00,0xff,0x00,0xff,0x00,0xff,0x00,0xff,0x00,0xff,0x00,0xff,0x00,0xff,0x00,
    0xff,0x00,0xff,0x00,0xff,0x00,0xff,0x00,0xff,0x00,0xff,0x00,0xff,0x00,0xff,0x00,0xff,0x00,0xff,0x00,0xff,0x00,0xff,0x00,0xff,0x00,0xff,0x00,0xff,0x00,0xff,0x00,
    0xff,0x00,0xff,0x00,0xff,0x00,0xff,0x00,0xff,0x00,0xff,0x00,0xff,0x00,0xff,0x00,0xff,0x00,0xff,0x00,0xff,0x00,0xff,0x00,0xff,0x00,0xff,0x00,0xff,0x00,0xff,0x00,
    0xff,0x00,0xff,0x00,0xff,0x00,0xff,0x00,0xff,0x00,0xff,0x00,0xff,0x00,0xff,0x00,0xff,0x00,0xff,0x00,0xff,0x00,0xff,0x00,0xff,0x00,0xff,0x00,0xff,0x00,0xff,0x00,
    0xff,0x00,0xff,0x00,0xff,0x00,0xff,0x00,0xff,0x00,0xff,0x00,0xff,0x00,0xff,0x00,0xff,0x00,0xff,0x00,0xff,0x00,0xff,0x00,0xff,0x00,0xff,0x00,0xff,0x00,0xff,0x00,
    0xff,0x00,0xff,0x00,0xff,0x00,0xff,0x00,0xff,0x00,0xff,0x00,0xff,0x00,0xff,0x00,0xff,0x00,0xff,0x00,0xff,0x00,0xff,0x00,0xff,0x00,0xff,0x00,0xff,0x00,0xff,0x00,
    0xff,0x00,0xff,0x00,0xff,0x00,0xff,0x00,0xff,0x00,0xff,0x00,0xff,0x00,0xff,0x00,0xff,0x00,0xff,0x00,0xff,0x00,0xff,0x00,0xff,0x00,0xff,0x00,0xff,0x00,0xff,0x00,
    0xff,0x00,0xff,0x00,0xff,0x00,0xff,0x00,0xff,0x00,0xff,0x00,0xff,0x00,0xff,0x00,0xff,0x00,0xff,0x00,0xff,0x00,0xff,0x00,0xff,0x00,0xff,0x00,0xff,0x00,0xff,0x00,
    0xff,0x00,0xff,0x00,0xff,0x00,0xff,0x00,0xff,0x00,0xff,0x00,0xff,0x00,0xff,0x00,0xff,0x00,0xff,0x00,0xff,0x00,0xff,0x00,0xff,0x00,0xff,0x00,0xff,0x00,0xff,0x00,
    0xff,0x00,0xff,0x00,0xff,0x00,0xff,0x00,0xff,0x00,0xff,0x00,0xff,0x00,0xff,0x00,0xff,0x00,0xff,0x00,0xac,0xff,0xac,0xff,0xff,0x00,0xff,0x00,0xff,0x00,0xff,0x00,
    0xff,0x00,0xff,0x00,0xff,0x00,0xff,0x00,0xff,0x00,0xff,0x00,0xac,0xff,0xac,0xff,0xff,0x00,0xff,0x00,0xff,0x00,0xff,0x00,0xff,0x00,0xff,0x00,0xff,0x00,0xff,0x00,
    0xff,0x00,0xff,0x00,0xff,0x00,0xff,0x00,0xff,0x00,0xff,0x00,0xff,0x00,0xff,0x00,0xff,0x00,0xff,0x00,0xff,0x00,0xff,0x00,0xff,0x00,0xff,0x00,0xff,0x00,0xff,0x00,
    0xff,0x00,0xff,0x00,0xff,0x00,0xff,0x00,0xff,0x00,0xff,0x00,0xff,0x00,0xff,0x00,0xff,0x00,0xff,0x00,0xff,0x00,0xff,0x00,0xff,0x00,0xff,0x00,0xff,0x00,0xff,0x00,
    0xff,0x00,0xff,0x00,0xff,0x00,0xff,0x00,0xff,0x00,0xff,0x00,0xff,0x00,0xff,0x00,0xff,0x00,0xff,0x00,0xff,0x00,0xff,0x00,0xff,0x00,0xff,0x00,0xff,0x00,0xff,0x00,
    0xff,0x00,0xff,0x00,0xff,0x00,0xff,0x00,0xff,0x00,0xff,0x00,0xff,0x00,0xff,0x00,0xff,0x00,0xff,0x00,0xff,0x00,0xff,0x00,0xff,0x00,0xff,0x00,0xff,0x00,0xff,0x00,
    0xff,0x00,0xff,0x00,0xff,0x00,0xff,0x00,0xff,0x00,0xff,0x00,0xff,0x00,0xff,0x00,0xff,0x00,0xff,0x00,0xff,0x00,0xff,0x00,0xff,0x00,0xff,0x00,0xff,0x00,0xff,0x00,
    0xff,0x00,0xff,0x00,0xff,0x00,0xff,0x00,0xff,0x00,0xff,0x00,0xff,0x00,0xff,0x00,0xff,0x00,0xff,0x00,0xff,0x00,0xff,0x00,0xff,0x00,0xff,0x00,0xff,0x00,0xff,0x00,
    0xff,0x00,0xff,0x00,0xff,0x00,0xff,0x00,0xff,0x00,0xff,0x00,0xff,0x00,0xff,0x00,0xff,0x00,0xff,0x00,0xff,0x00,0xff,0x00,0xff,0x00,0xff,0x00,0xff,0x00,0xff,0x00,
    0xff,0x00,0xff,0x00,0xff,0x00,0xff,0x00,0xff,0x00,0xff,0x00,0xff,0x00,0xff,0x00,0xff,0x00,0xff,0x00,0xff,0x00,0xff,0x00,0xff,0x00,0xff,0x00,0xff,0x00,0xff,0x00,
    0xff,0x00,0xff,0x00,0xff,0x00,0xff,0x00,0xff,0x00,0xff,0x00,0xff,0x00,0xff,0x00,0xff,0x00,0xff,0x00,0xff,0x00,0xff,0x00,0xff,0x00,0xff,0x00,0xff,0x00,0xff,0x00,
    0xff,0x00,0xff,0x00,0xff,0x00,0xff,0x00,0xff,0x00,0xff,0x00,0xff,0x00,0xff,0x00,0xff,0x00,0xff,0x00,0xff,0x00,0xff,0x00,0xff,0x00,0xff,0x00,0xff,0x00,0xff,0x00,
    0xff,0x00,0xff,0x00,0xff,0x00,0xff,0x00,0xff,0x00,0xff,0x00,0xff,0x00,0xff,0x00,0xff,0x00,0xff,0x00,0xff,0x00,0xff,0x00,0xff,0x00,0xff,0x00,0xff,0x00,0xff,0x00,
    0xff,0x00,0xff,0x00,0xff,0x00,0xff,0x00,0xff,0x00,0xff,0x00,0xff,0x00,0xff,0x00,0xff,0x00,0xff,0x00,0xff,0x00,0xff,0x00,0xff,0x00,0xff,0x00,0xff,0x00,0xff,0x00,
    0xff,0x00,0xff,0x00,0xff,0x00,0xff,0x00,0xff,0x00,0xff,0x00,0xff,0x00,0xff,0x00,0xff,0x00,0xff,0x00,0xff,0x00,0xff,0x00,0xff,0x00,0xff,0x00,0xff,0x00,0xff,0x00,
    0xff,0x00,0xff,0x00,0xff,0x00,0xff,0x00,0xff,0x00,0xff,0x00,0xff,0x00,0xff,0x00,0xff,0x00,0xff,0x00,0xff,0x00,0xff,0x00,0xff,0x00,0xff,0x00,0xff,0x00,0xff,0x00,
    0xff,0x00,0xff,0x00,0xff,0x00,0xff,0x00,0xff,0x00,0xff,0x00,0xff,0x00,0xff,0x00,0xff,0x00,0xff,0x00,0xff,0x00,0xff,0x00,0xff,0x00,0xff,0x00,0xff,0x00,0xff,0x00,
    0xff,0x00,0xff,0x00,0xff,0x00,0xff,0x00,0xff,0x00,0xff,0x00,0xff,0x00,0xff,0x00,0xff,0x00,0xff,0x00,0xff,0x00,0xff,0x00,0xff,0x00,0xff,0x00,0xff,0x00,0xff,0x00,
    0xff,0x00,0xff,0x00,0xff,0x00,0xff,0x00,0xff,0x00,0xff,0x00,0xff,0x00,0xff,0x00,0xff,0x00,0xff,0x00,0xff,0x00,0xff,0x00,0xff,0x00,0xff,0x00,0xff,0x00,0xff,0x00,
    0xff,0x00,0xff,0x00,0xff,0x00,0xff,0x00,0xff,0x00,0xff,0x00,0xff,0x00,0xff,0x00,0xff,0x00,0xff,0x00,0xff,0x00,0xff,0x00,0xff,0x00,0xff,0x00,0xff,0x00,0xff,0x00,
    0xff,0x00,0xff,0x00,0xff,0x00,0xff,0x00,0xff,0x00,0xff,0x00,0xff,0x00,0xff,0x00,0xff,0x00,0xff,0x00,0xff,0x00,0xac,0xff,0xac,0xff,0xff,0x00,0xff,0x00,0xff,0x00,
    0xff,0x00,0xff,0x00,0xff,0x00,0xff,0x00,0xff,0x00,0xff,0x00,0xff,0x00,0xac,0xff,0xac,0xff,0xff,0x00,0xff,0x00,0xff,0x00,0xff,0x00,0xff,0x00,0xff,0x00,0xff,0x00,
    0xff,0x00,0xff,0x00,0xac,0xff,0xac,0xff,0xff,0x00,0xff,0x00,0xff,0x00,0xff,0x00,0xff,0x00,0xff,0x00,0xff,0x00,0xff,0x00,0xff,0x00,0xff,0x00,0xff,0x00,0xac,0xff,
    0xac,0xff,0xff,0x00,0xff,0x00,0xff,0x00,0xff,0x00,0xff,0x00,0xff,0x00,0xff,0x00,0xff,0x00,0xff,0x00,0xff,0x00,0xff,0x00,0xff,0x00,0xff,0x00,0xff,0x00,0xff,0x00,
    0xff,0x00,0xff,0x00,0xff,0x00,0xff,0x00,0xff,0x00,0xff,0x00,0xff,0x00,0xff,0x00,0xff,0x00,0xff,0x00,0xff,0x00,0xff,0x00,0xff,0x00,0xff,0x00,0xff,0x00,0xff,0x00,
    0xff,0x00,0xff,0x00,0xff,0x00,0xff,0x00,0xff,0x00,0xff,0x00,0xff,0x00,0xff,0x00,0xff,0x00,0xff,0x00,0xff,0x00,0xff,0x00,0xff,0x00,0xff,0x00,0xff,0x00,0xff,0x00,
    0xff,0x00,0xff,0x00,0xff,0x00,0xff,0x00,0xff,0x00,0xff,0x00,0xff,0x00,0xff,0x00,0xff,0x00,0xff,0x00,0xff,0x00,0xff,0x00,0xff,0x00,0xff,0x00,0xff,0x00,0xff,0x00,
    0xff,0x00,0xff,0x00,0xff,0x00,0xff,0x00,0xff,0x00,0xff,0x00,0xff,0x00,0xff,0x00,0xff,0x00,0xff,0x00,0xff,0x00,0xff,0x00,0xff,0x00,0xff,0x00,0xff,0x00,0xff,0x00,
    0xff,0x00,0xff,0x00,0xff,0x00,0xff,0x00,0xff,0x00,0xff,0x00,0xff,0x00,0xff,0x00,0xff,0x00,0xff,0x00,0xff,0x00,0xff,0x00,0xff,0x00,0xff,0x00,0xff,0x00,0xff,0x00,
    0xff,0x00,0xff,0x00,0xff,0x00,0xff,0x00,0xff,0x00,0xff,0x00,0xff,0x00,0xff,0x00,0xff,0x00,0xff,0x00,0xff,0x00,0xff,0x00,0xff,0x00,0xff,0x00,0xff,0x00,0xff,0x00,
    0xac,0xff,0xac,0xff,0xac,0xff,0xac,0xff,0xac,0xff,0xac,0xff,0xac,0xff,0xac,0xff,0xac,0xff,0xac,0xff,0xac,0xff,0xac,0xff,0xac,0xff,0xac,0xff,0xac,0xff,0xac,0xff,
    0xac,0xff,0xac,0xff,0xac,0xff,0xac,0xff,0xac,0xff,0xac,0xff,0xac,0xff,0xac,0xff,0xac,0xff,0xac,0xff,0xac,0xff,0xac,0xff,0xac,0xff,0xac,0xff,0xac,0xff,0xac,0xff,
    0xac,0xff,0xac,0xff,0xac,0xff,0xac,0xff,0xac,0xff,0xac,0xff,0xac,0xff,0xac,0xff,0xac,0xff,0xac,0xff,0xac,0xff,0xac,0xff,0xac,0xff,0xac,0xff,0xac,0xff,0xac,0xff,
    0xac,0xff,0xac,0xff,0xac,0xff,0xac,0xff,0xac,0xff,0xac,0xff,0xac,0xff,0xac,0xff,0xac,0xff,0xac,0xff,0xac,0xff,0xac,0xff,0xac,0xff,0xac,0xff,0xac,0xff,0xac,0xff,
    0xac,0xff,0xac,0xff,0xac,0xff,0xac,0xff,0xac,0xff,0xac,0xff,0xac,0xff,0xac,0xff,0xac,0xff,0xac,0xff,0xac,0xff,0xac,0xff,0xac,0xff,0xac,0xff,0xac,0xff,0xac,0xff,
    0xac,0xff,0xac,0xff,0xac,0xff,0xac,0xff,0xac,0xff,0xac,0xff,0xac,0xff,0xac,0xff,0xac,0xff,0xac,0xff,0xac,0xff,0xac,0xff,0xac,0xff,0xac,0xff,0xac,0xff,0xac,0xff,
    0xac,0xff,0xac,0xff,0xac,0xff,0xac,0xff,0xac,0xff,0xac,0xff,0xac,0xff,0xac,0xff,0xac,0xff,0xac,0xff,0xac,0xff,0xac,0xff,0xac,0xff,0xac,0xff,0xac,0xff,0xac,0xff,
    0xac,0xff,0xac,0xff,0xac,0xff,0xac,0xff,0xac,0xff,0xac,0xff,0xac,0xff,0xac,0xff,0xac,0xff,0xac,0xff,0xac,0xff,0xac,0xff,0xac,0xff,0xac,0xff,0xac,0xff,0xac,0xff,
    0xac,0xff,0xac,0xff,0xac,0xff,0xff,0x00,0xff,0x00,0xff,0x00,0xff,0x00,0xff,0x00,0xff,0x00,0xff,0x00,0xff,0x00,0xff,0x00,0xff,0x00,0xff,0x00,0xff,0x00,0xac,0xff,
    0xac,0xff,0xac,0xff,0xac,0xff,0xac,0xff,0xac,0xff,0xac,0xff,0xac,0xff,0xac,0xff,0xac,0xff,0xac,0xff,0xac,0xff,0xac,0xff,0xac,0xff,0xac,0xff,0xac,0xff,0xac,0xff,
    0xac,0xff,0xac,0xff,0xff,0x00,0xff,0x00,0xff,0x00,0xff,0x00,0xff,0x00,0xff,0x00,0xff,0x00,0xff,0x00,0xff,0x00,0xac,0xff,0xac,0xff,0xac,0xff,0xac,0xff,0xac,0xff,
    0xac,0xff,0xac,0xff,0xac,0xff,0xac,0xff,0xac,0xff,0xac,0xff,0xac,0xff,0xac,0xff,0xac,0xff,0xac,0xff,0xac,0xff,0xac,0xff,0xac,0xff,0xac,0xff,0xac,0xff,0xac,0xff,
    0xac,0xff,0xac,0xff,0xac,0xff,0xac,0xff,0xac,0xff,0xac,0xff,0xac,0xff,0xac,0xff,0xac,0xff,0xac,0xff,0xac,0xff,0xac,0xff,0xac,0xff,0xac,0xff,0xac,0xff,0xac,0xff,
    0xac,0xff,0xac,0xff,0xac,0xff,0xac,0xff,0xac,0xff,0xac,0xff,0xac,0xff,0xac,0xff,0xac,0xff,0xac,0xff,0xac,0xff,0xac,0xff,0xac,0xff,0xac,0xff,0xac,0xff,0xac,0xff,
    0xac,0xff,0xac,0xff,0xac,0xff,0xac,0xff,0xac,0xff,0xac,0xff,0xac,0xff,0xac,0xff,0xac,0xff,0xac,0xff,0xac,0xff,0xac,0xff,0xac,0xff,0xac,0xff,0xac,0xff,0xac,0xff,
    0xac,0xff,0xac,0xff,0xac,0xff,0xac,0xff,0xac,0xff,0xac,0xff,0xac,0xff,0xac,0xff,0xac,0xff,0xac,0xff,0xac,0xff,0xac,0xff,0xac,0xff,0xac,0xff,0xac,0xff,0xac,0xff,
    0xac,0xff,0xac,0xff,0xac,0xff,0xac,0xff,0xac,0xff,0xac,0xff,0xac,0xff,0xac,0xff,0xac,0xff,0xac,0xff,0xac,0xff,0xac,0xff,0xac,0xff,0xac,0xff,0xac,0xff,0xac,0xff,
    0xac,0xff,0xac,0xff,0xac,0xff,0xac,0xff,0xac,0xff,0xac,0xff,0xac,0xff,0xac,0xff,0xac,0xff,0xac,0xff,0xac,0xff,0xac,0xff,0xac,0xff,0xac,0xff,0xac,0xff,0xac,0xff,
    0xac,0xff,0xac,0xff,0xac,0xff,0xac,0xff,0xac,0xff,0xac,0xff,0xac,0xff,0xac,0xff,0xac,0xff,0xac,0xff,0xac,0xff,0xac,0xff,0xac,0xff,0xac,0xff,0xac,0xff,0xac,0xff,
    0xac,0xff,0xac,0xff,0xac,0xff,0xac,0xff,0xac,0xff,0xac,0xff,0xac,0xff,0xac,0xff,0xac,0xff,0xac,0xff,0xac,0xff,0xac,0xff,0xac,0xff,0xac,0xff,0xac,0xff,0xac,0xff,
    0xac,0xff,0xac,0xff,0xac,0xff,0xac,0xff,0xac,0xff,0xac,0xff,0xac,0xff,0xac,0xff,0xac,0xff,0xac,0xff,0xac,0xff,0xac,0xff,0xac,0xff,0xac,0xff,0xac,0xff,0xac,0xff,
    0xac,0xff,0xac,0xff,0xac,0xff,0xac,0xff,0xac,0xff,0xac,0xff,0xac,0xff,0xac,0xff,0xac,0xff,0xac,0xff,0xac,0xff,0xac,0xff,0xac,0xff,0xac,0xff,0xac,0xff,0xac,0xff,
    0xac,0xff,0xac,0xff,0xac,0xff,0xac,0xff,0xac,0xff,0xac,0xff,0xac,0xff,0xac,0xff,0xac,0xff,0xac,0xff,0xac,0xff,0xac,0xff,0xac,0xff,0xac,0xff,0xac,0xff,0xac,0xff,
    0xac,0xff,0xac,0xff,0xac,0xff,0xac,0xff,0xac,0xff,0xac,0xff,0xac,0xff,0xac,0xff,0xac,0xff,0xac,0xff,0xac,0xff,0xac,0xff,0xac,0xff,0xac,0xff,0xac,0xff,0xac,0xff,
    0xac,0xff,0xac,0xff,0xac,0xff,0xac,0xff,0xac,0xff,0xac,0xff,0xac,0xff,0xac,0xff,0xac,0xff,0xac,0xff,0xac,0xff,0xac,0xff,0xac,0xff,0xac,0xff,0xac,0xff,0xac,0xff,
    0xac,0xff,0xac,0xff,0xac,0xff,0xac,0xff,0xac,0xff,0xac,0xff,0xac,0xff,0xac,0xff,0xac,0xff,0xac,0xff,0xac,0xff,0xac,0xff,0xac,0xff,0xac,0xff,0xac,0xff,0xac,0xff,
    0xac,0xff,0xac,0xff,0xac,0xff,0xac,0xff,0xac,0xff,0xac,0xff,0xac,0xff,0xac,0xff,0xac,0xff,0xac,0xff,0xac,0xff,0xac,0xff,0xac,0xff,0xac,0xff,0xac,0xff,0xac,0xff,
    0xac,0xff,0xac,0xff,0xac,0xff,0xac,0xff,0xac,0xff,0xac,0xff,0xac,0xff,0xac,0xff,0xac,0xff,0xac,0xff,0xac,0xff,0xac,0xff,0xac,0xff,0xac,0xff,0xac,0xff,0xac,0xff,
    0xac,0xff,0xac,0xff,0xac,0xff,0xac,0xff,0xff,0x00,0xff,0x00,0xff,0x00,0xff,0x00,0xff,0x00,0xff,0x00,0xff,0x00,0xff,0x00,0xff,0x00,0xff,0x00,0xff,0x00,0xff,0x00,
    0xac,0xff,0xac,0xff,0xac,0xff,0xac,0xff,0xac,0xff,0xac,0xff,0xac,0xff,0xac,0xff,0xac,0xff,0xac,0xff,0xac,0xff,0xff,0x00,0xff,0x00,0xff,0x00,0xff,0x00,0xff,0x00,
    0xff,0x00,0xff,0x00,0xff,0x00,0xff,0x00,0xff,0x00,0xff,0x00,0xff,0x00,0xff,0x00,0xac,0xff,0xac,0xff,0xac,0xff,0xac,0xff,0xac,0xff,0xac,0xff,0xac,0xff,0xac,0xff,
    0xac,0xff,0xac,0xff,0xac,0xff,0xac,0xff,0xac,0xff,0xac,0xff,0xac,0xff,0xac,0xff,0xac,0xff,0xac,0xff,0xac,0xff,0xac,0xff,0xac,0xff,0xac,0xff,0xac,0xff,0xac,0xff,
    0xac,0xff,0xac,0xff,0xac,0xff,0xac,0xff,0xac,0xff,0xac,0xff,0xac,0xff,0xac,0xff,0xac,0xff,0xac,0xff,0xac,0xff,0xac,0xff,0xac,0xff,0xac,0xff,0xac,0xff,0xac,0xff,
    0xac,0xff,0xac,0xff,0xac,0xff,0xac,0xff,0xac,0xff,0xac,0xff,0xac,0xff,0xac,0xff,0xac,0xff,0xac,0xff,0xac,0xff,0xac,0xff,0xac,0xff,0xac,0xff,0xac,0xff,0xac,0xff,
    0xac,0xff,0xac,0xff,0xac,0xff,0xac,0xff,0xac,0xff,0xac,0xff,0xac,0xff,0xac,0xff,0xac,0xff,0xac,0xff,0xac,0xff,0xac,0xff,0xac,0xff,0xac,0xff,0xac,0xff,0xac,0xff,
    0xac,0xff,0xac,0xff,0xac,0xff,0xac,0xff,0xac,0xff,0xac,0xff,0xac,0xff,0xac,0xff,0xac,0xff,0xac,0xff,0xac,0xff,0xac,0xff,0xac,0xff,0xac,0xff,0xac,0xff,0xac,0xff,
    0xac,0xff,0xac,0xff,0xac,0xff,0xac,0xff,0xac,0xff,0xac,0xff,0xac,0xff,0xac,0xff,0xac,0xff,0xac,0xff,0xac,0xff,0xac,0xff,0xac,0xff,0xac,0xff,0xac,0xff,0xac,0xff,
    0xac,0xff,0xac,0xff,0xac,0xff,0xac,0xff,0xac,0xff,0xac,0xff,0xac,0xff,0xac,0xff,0xff,0x00,0xff,0x00,0xff,0x00,0xff,0x00,0xff,0x00,0xff,0x00,0xff,0x00,0xff,0x00,
    0xff,0x00,0xff,0x00,0xff,0x00,0xff,0x00,0xff,0x00,0xff,0x00,0xff,0x00,0xff,0x00,0xff,0x00,0xff,0x00,0xff,0x00,0xff,0x00,0xff,0x00,0xff,0x00,0xff,0x00,0xff,0x00,
    0xff,0x00,0xff,0x00,0xff,0x00,0xff,0x00,0xff,0x00,0xff,0x00,0xff,0x00,0xff,0x00,0xff,0x00,0xff,0x00,0xff,0x00,0xff,0x00,0xff,0x00,0xff,0x00,0xff,0x00,0xff,0x00,
    0xff,0x00,0xff,0x00,0xff,0x00,0xff,0x00,0xff,0x00,0xff,0x00,0xff,0x00,0xff,0x00,0xff,0x00,0xff,0x00,0xff,0x00,0xff,0x00,0xff,0x00,0xff,0x00,0xff,0x00,0xff,0x00,
    0xff,0x00,0xff,0x00,0xff,0x00,0xff,0x00,0xff,0x00,0xff,0x00,0xff,0x00,0xff,0x00,0xff,0x00,0xff,0x00,0xff,0x00,0xff,0x00,0xff,0x00,0xff,0x00,0xff,0x00,0xff,0x00,
    0xff,0x00,0xff,0x00,0xff,0x00,0xff,0x00,0xff,0x00,0xff,0x00,0xff,0x00,0xff,0x00,0xff,0x00,0xff,0x00,0xff,0x00,0xff,0x00,0xff,0x00,0xff,0x00,0xff,0x00,0xff,0x00,
    0xff,0x00,0xff,0x00,0xff,0x00,0xff,0x00,0xff,0x00,0xff,0x00,0xff,0x00,0xff,0x00,0xff,0x00,0xff,0x00,0xff,0x00,0xff,0x00,0xff,0x00,0xff,0x00,0xff,0x00,0xff,0x00,
    0xff,0x00,0xff,0x00,0xff,0x00,0xff,0x00,0xff,0x00,0xff,0x00,0xff,0x00,0xff,0x00,0xff,0x00,0xff,0x00,0xff,0x00,0xff,0x00,0xff,0x00,0xff,0x00,0xff,0x00,0xff,0x00,
    0xff,0x00,0xff,0x00,0xff,0x00,0xff,0x00,0xff,0x00,0xff,0x00,0xff,0x00,0xff,0x00,0xff,0x00,0xff,0x00,0xff,0x00,0xff,0x00,0xff,0x00,0xff,0x00,0xff,0x00,0xff,0x00,
    0xff,0x00,0xff,0x00,0xff,0x00,0xff,0x00,0xff,0x00,0xff,0x00,0xff,0x00,0xff,0x00,0xff,0x00,0xff,0x00,0xff,0x00,0xff,0x00,0xff,0x00,0xff,0x00,0xff,0x00,0xff,0x00,
    0xff,0x00,0xff,0x00,0xff,0x00,0xff,0x00,0xff,0x00,0xff,0x00,0xff,0x00,0xff,0x00,0xff,0x00,0xac,0xff,0xac,0xff,0xff,0x00,0xff,0x00,0xff,0x00,0xff,0x00,0xff,0x00,
    0xff,0x00,0xff,0x00,0xac,0xff,0xac,0xff,0xff,0x00,0xff,0x00,0xff,0x00,0xff,0x00,0xff,0x00,0xff,0x00,0xff,0x00,0xff,0x00,0xff,0x00,0xff,0x00,0xff,0x00,0xff,0x00,
    0xff,0x00,0xff,0x00,0xff,0x00,0xff,0x00,0xff,0x00,0xff,0x00,0xff,0x00,0xff,0x00,0xff,0x00,0xff,0x00,0xff,0x00,0xff,0x00,0xff,0x00,0xff,0x00,0xff,0x00,0xff,0x00,
    0xff,0x00,0xff,0x00,0xff,0x00,0xff,0x00,0xff,0x00,0xff,0x00,0xff,0x00,0xff,0x00,0xff,0x00,0xff,0x00,0xff,0x00,0xff,0x00,0xff,0x00,0xff,0x00,0xff,0x00,0xff,0x00,
    0xff,0x00,0xff,0x00,0xff,0x00,0xff,0x00,0xff,0x00,0xff,0x00,0xff,0x00,0xff,0x00,0xff,0x00,0xff,0x00,0xff,0x00,0xff,0x00,0xff,0x00,0xff,0x00,0xff,0x00,0xff,0x00,
    0xff,0x00,0xff,0x00,0xff,0x00,0xff,0x00,0xff,0x00,0xff,0x00,0xff,0x00,0xff,0x00,0xff,0x00,0xff,0x00,0xff,0x00,0xff,0x00,0xff,0x00,0xff,0x00,0xff,0x00,0xff,0x00,
    0xff,0x00,0xff,0x00,0xff,0x00,0xff,0x00,0xff,0x00,0xff,0x00,0xff,0x00,0xff,0x00,0xff,0x00,0xff,0x00,0xff,0x00,0xff,0x00,0xff,0x00,0xff,0x00,0xff,0x00,0xff,0x00,
    0xff,0x00,0xff,0x00,0xff,0x00,0xff,0x00,0xff,0x00,0xff,0x00,0xff,0x00,0xff,0x00,0xff,0x00,0xff,0x00,0xff,0x00,0xff,0x00,0xff,0x00,0xff,0x00,0xff,0x00,0xff,0x00,
    0xff,0x00,0xff,0x00,0xff,0x00,0xff,0x00,0xff,0x00,0xff,0x00,0xff,0x00,0xff,0x00,0xff,0x00,0xff,0x00,0xff,0x00,0xff,0x00,0xff,0x00,0xff,0x00,0xff,0x00,0xff,0x00,
    0xff,0x00,0xff,0x00,0xff,0x00,0xff,0x00,0xff,0x00,0xff,0x00,0xff,0x00,0xff,0x00,0xff,0x00,0xff,0x00,0xff,0x00,0xff,0x00,0xff,0x00,0xff,0x00,0xff,0x00,0xff,0x00,
    0xff,0x00,0xff,0x00,0xff,0x00,0xff,0x00,0xff,0x00,0xff,0x00,0xff,0x00,0xff,0x00,0xff,0x00,0xff,0x00,0xff,0x00,0xff,0x00,0xff,0x00,0xff,0x00,0xff,0x00,0xff,0x00,
    0xff,0x00,0xff,0x00,0xff,0x00,0xff,0x00,0xff,0x00,0xff,0x00,0xff,0x00,0xff,0x00,0xff,0x00,0xff,0x00,0xff,0x00,0xff,0x00,0xff,0x00,0xff,0x00,0xff,0x00,0xff,0x00,
    0xff,0x00,0xff,0x00,0xff,0x00,0xff,0x00,0xff,0x00,0xff,0x00,0xff,0x00,0xff,0x00,0xff,0x00,0xff,0x00,0xff,0x00,0xff,0x00,0xff,0x00,0xff,0x00,0xff,0x00,0xff,0x00,
    0xff,0x00,0xff,0x00,0xff,0x00,0xff,0x00,0xff,0x00,0xff,0x00,0xff,0x00,0xff,0x00,0xff,0x00,0xff,0x00,0xff,0x00,0xff,0x00,0xff,0x00,0xff,0x00,0xff,0x00,0xff,0x00,
    0xff,0x00,0xff,0x00,0xff,0x00,0xff,0x00,0xff,0x00,0xff,0x00,0xff,0x00,0xff,0x00,0xff,0x00,0xff,0x00,0xff,0x00,0xff,0x00,0xff,0x00,0xff,0x00,0xff,0x00,0xff,0x00,
    0xff,0x00,0xff,0x00,0xff,0x00,0xff,0x00,0xff,0x00,0xff,0x00,0xff,0x00,0xff,0x00,0xff,0x00,0xff,0x00,0xff,0x00,0xff,0x00,0xff,0x00,0xff,0x00,0xff,0x00,0xff,0x00,
    0xff,0x00,0xff,0x00,0xff,0x00,0xff,0x00,0xff,0x00,0xff,0x00,0xff,0x00,0xff,0x00,0xff,0x00,0xff,0x00,0xff,0x00,0xff,0x00,0xff,0x00,0xff,0x00,0xff,0x00,0xff,0x00,
    0xff,0x00,0xff,0x00,0xff,0x00,0xff,0x00,0xff,0x00,0xff,0x00,0xff,0x00,0xff,0x00,0xff,0x00,0xff,0x00,0xff,0x00,0xff,0x00,0xff,0x00,0xff,0x00,0xff,0x00,0xff,0x00,
    0xff,0x00,0xff,0x00,0xff,0x00,0xff,0x00,0xff,0x00,0xff,0x00,0xff,0x00,0xff,0x00,0xff,0x00,0xff,0x00,0xff,0x00,0xff,0x00,0xff,0x00,0xff,0x00,0xff,0x00,0xff,0x00,
    0xff,0x00,0xff,0x00,0xff,0x00,0xff,0x00,0xff,0x00,0xff,0x00,0xff,0x00,0xff,0x00,0xff,0x00,0xff,0x00,0xff,0x00,0xff,0x00,0xff,0x00,0xff,0x00,0xff,0x00,0xff,0x00,
    0xff,0x00,0xff,0x00,0xff,0x00,0xff,0x00,0xff,0x00,0xff,0x00,0xff,0x00,0xff,0x00,0xff,0x00,0xff,0x00,0xff,0x00,0xff,0x00,0xff,0x00,0xff,0x00,0xff,0x00,0xff,0x00,
    0xff,0x00,0xff,0x00,0xff,0x00,0xff,0x00,0xff,0x00,0xff,0x00,0xff,0x00,0xff,0x00,0xff,0x00,0xff,0x00,0xff,0x00,0xff,0x00,0xff,0x00,0xff,0x00,0xff,0x00,0xff,0x00,
    0xff,0x00,0xff,0x00,0xff,0x00,0xff,0x00,0xff,0x00,0xff,0x00,0xff,0x00,0xff,0x00,0xff,0x00,0xff,0x00,0xff,0x00,0xff,0x00,0xff,0x00,0xff,0x00,0xff,0x00,0xff,0x00,
    0xff,0x00,0xff,0x00,0xff,0x00,0xff,0x00,0xff,0x00,0xff,0x00,0xff,0x00,0xff,0x00,0xff,0x00,0xff,0x00,0xff,0x00,0xff,0x00,0xff,0x00,0xff,0x00,0xff,0x00,0xff,0x00,
    0xff,0x00,0xff,0x00,0xff,0x00,0xff,0x00,0xff,0x00,0xff,0x00,0xff,0x00,0xff,0x00,0xff,0x00,0xff,0x00,0xff,0x00,0xff,0x00,0xff,0x00,0xff,0x00,0xff,0x00,0xff,0x00,
    0xff,0x00,0xff,0x00,0xff,0x00,0xff,0x00,0xff,0x00,0xff,0x00,0xff,0x00,0xff,0x00,0xff,0x00,0xff,0x00,0xff,0x00,0xff,0x00,0xff,0x00,0xff,0x00,0xff,0x00,0xff,0x00,
    0xff,0x00,0xff,0x00,0xff,0x00,0xff,0x00,0xff,0x00,0xff,0x00,0xff,0x00,0xff,0x00,0xff,0x00,0xff,0x00,0xff,0x00,0xff,0x00,0xff,0x00,0xff,0x00,0xff,0x00,0xff,0x00,
    0xff,0x00,0xff,0x00,0xff,0x00,0xff,0x00,0xff,0x00,0xff,0x00,0xff,0x00,0xff,0x00,0xff,0x00,0xff,0x00,0xff,0x00,0xff,0x00,0xff,0x00,0xff,0x00,0xff,0x00,0xff,0x00,
    0xff,0x00,0xff,0x00,0xff,0x00,0xff,0x00,0xff,0x00,0xff,0x00,0xff,0x00,0xff,0x00,0xff,0x00,0xff,0x00,0xff,0x00,0xff,0x00,0xff,0x00,0xff,0x00,0xff,0x00,0xff,0x00,
    0xff,0x00,0xff,0x00,0xff,0x00,0xff,0x00,0xff,0x00,0xff,0x00,0xff,0x00,0xff,0x00,0xff,0x00,0xff,0x00,0xff,0x00,0xff,0x00,0xff,0x00,0xff,0x00,0xff,0x00,0xff,0x00,
    0xff,0x00,0xff,0x00,0xff,0x00,0xff,0x00,0xff,0x00,0xff,0x00,0xff,0x00,0xff,0x00,0xff,0x00,0xff,0x00,0xff,0x00,0xff,0x00,0xff,0x00,0xff,0x00,0xff,0x00,0xff,0x00,
    0xff,0x00,0xff,0x00,0xff,0x00,0xff,0x00,0xff,0x00,0xff,0x00,0xff,0x00,0xff,0x00,0xff,0x00,0xff,0x00,0xff,0x00,0xff,0x00,0xff,0x00,0xff,0x00,0xff,0x00,0xff,0x00,
    0xff,0x00,0xff,0x00,0xff,0x00,0xff,0x00,0xff,0x00,0xff,0x00,0xff,0x00,0xff,0x00,0xff,0x00,0xff,0x00,0xff,0x00,0xff,0x00,0xff,0x00,0xff,0x00,0xff,0x00,0xff,0x00,
    0xff,0x00,0xff,0x00,0xff,0x00,0xff,0x00,0xff,0x00,0xff,0x00,0xff,0x00,0xff,0x00,0xff,0x00,0xff,0x00,0xff,0x00,0xff,0x00,0xff,0x00,0xff,0x00,0xff,0x00,0xff,0x00,
    0xff,0x00,0xff,0x00,0xff,0x00,0xff,0x00,0xff,0x00,0xff,0x00,0xff,0x00,0xff,0x00,0xff,0x00,0xff,0x00,0xff,0x00,0xff,0x00,0xff,0x00,0xff,0x00,0xff,0x00,0xff,0x00,
    0xff,0x00,0xff,0x00,0xff,0x00,0xff,0x00,0xff,0x00,0xff,0x00,0xff,0x00,0xff,0x00,0xff,0x00,0xff,0x00,0xff,0x00,0xff,0x00,0xff,0x00,0xff,0x00,0xff,0x00,0xff,0x00,
    0xff,0x00,0xff,0x00,0xff,0x00,0xff,0x00,0xff,0x00,0xff,0x00,0xff,0x00,0xff,0x00,0xff,0x00,0xff,0x00,0xff,0x00,0xff,0x00,0xff,0x00,0xff,0x00,0xff,0x00,0xff,0x00,
    0xff,0x00,0xff,0x00,0xff,0x00,0xff,0x00,0xff,0x00,0xff,0x00,0xff,0x00,0xff,0x00,0xff,0x00,0xff,0x00,0xff,0x00,0xff,0x00,0xff,0x00,0xff,0x00,0xff,0x00,0xff,0x00,
    0xff,0x00,0xff,0x00,0xac,0xff,0xac,0xff,0xac,0xff,0xac,0xff,0xac,0xff,0xac,0xff,0xac,0xff,0xac,0xff,0xac,0xff,0xff,0x00,0xff,0x00,0xff,0x00,0xff,0x00,0xff,0x00,
    0xff,0x00,0xff,0x00,0xff,0x00,0xff,0x00,0xff,0x00,0xff,0x00,0xff,0x00,0xff,0x00,0xff,0x00,0xff,0x00,0xff,0x00,0xff,0x00,0xff,0x00,0xff,0x00,0xff,0x00,0xff,0x00,
    0xff,0x00,0xff,0x00,0xff,0x00,0xff,0x00,0xff,0x00,0xff,0x00,0xff,0x00,0xff,0x00,0xff,0x00,0xff,0x00,0xff,0x00,0xff,0x00,0xff,0x00,0xff,0x00,0xff,0x00,0xff,0x00,
    0xff,0x00,0xff,0x00,0xff,0x00,0xff,0x00,0xff,0x00,0xff,0x00,0xff,0x00,0xff,0x00,0xff,0x00,0xff,0x00,0xff,0x00,0xff,0x00,0xff,0x00,0xff,0x00,0xff,0x00,0xff,0x00,
    0xff,0x00,0xff,0x00,0xff,0x00,0xff,0x00,0xff,0x00,0xff,0x00,0xff,0x00,0xff,0x00,0xff,0x00,0xff,0x00,0xff,0x00,0xff,0x00,0xff,0x00,0xff,0x00,0xff,0x00,0xff,0x00,
    0xff,0x00,0xff,0x00,0xff,0x00,0xff,0x00,0xff,0x00,0xff,0x00,0xff,0x00,0xff,0x00,0xff,0x00,0xff,0x00,0xff,0x00,0xff,0x00,0xff,0x00,0xff,0x00,0xff,0x00,0xff,0x00,
    0xff,0x00,0xff,0x00,0xff,0x00,0xff,0x00,0xff,0x00,0xff,0x00,0xff,0x00,0xff,0x00,0xff,0x00,0xff,0x00,0xff,0x00,0xff,0x00,0xff,0x00,0xff,0x00,0xff,0x00,0xff,0x00,
    0xff,0x00,0xff,0x00,0xff,0x00,0xff,0x00,0xff,0x00,0xff,0x00,0xff,0x00,0xff,0x00,0xff,0x00,0xff,0x00,0xff,0x00,0xff,0x00,0xff,0x00,0xff,0x00,0xff,0x00,0xff,0x00,
    0xff,0x00,0xff,0x00,0xff,0x00,0xff,0x00,0xff,0x00,0xff,0x00,0xff,0x00,0xff,0x00,0xff,0x00,0xff,0x00,0xff,0x00,0xff,0x00,0xff,0x00,0xff,0x00,0xff,0x00,0xff,0x00,
    0xff,0x00,0xff,0x00,0xff,0x00,0xff,0x00,0xff,0x00,0xff,0x00,0xff,0x00,0xff,0x00,0xff,0x00,0xff,0x00,0xff,0x00,0xff,0x00,0xff,0x00,0xff,0x00,0xff,0x00,0xff,0x00,
    0xff,0x00,0xff,0x00,0xff,0x00,0xff,0x00,0xff,0x00,0xff,0x00,0xff,0x00,0xff,0x00,0xff,0x00,0xff,0x00,0xff,0x00,0xff,0x00,0xff,0x00,0xff,0x00,0xff,0x00,0xff,0x00,
    0xff,0x00,0xff,0x00,0xff,0x00,0xff,0x00,0xff,0x00,0xff,0x00,0xff,0x00,0xff,0x00,0xff,0x00,0xff,0x00,0xff,0x00,0xff,0x00,0xff,0x00,0xff,0x00,0xff,0x00,0xff,0x00,
    0xff,0x00,0xff,0x00,0xff,0x00,0xff,0x00,0xff,0x00,0xff,0x00,0xff,0x00,0xff,0x00,0xff,0x00,0xff,0x00,0xff,0x00,0xff,0x00,0xff,0x00,0xff,0x00,0xff,0x00,0xff,0x00,
    0xff,0x00,0xff,0x00,0xff,0x00,0xff,0x00,0xff,0x00,0xff,0x00,0xff,0x00,0xff,0x00,0xff,0x00,0xff,0x00,0xff,0x00,0xff,0x00,0xff,0x00,0xff,0x00,0xff,0x00,0xff,0x00,
    0xff,0x00,0xff,0x00,0xff,0x00,0xff,0x00,0xff,0x00,0xff,0x00,0xff,0x00,0xff,0x00,0xff,0x00,0xff,0x00,0xff,0x00,0xff,0x00,0xff,0x00,0xff,0x00,0xff,0x00,0xff,0x00,
    0xff,0x00,0xff,0x00,0xff,0x00,0xff,0x00,0xff,0x00,0xff,0x00,0xff,0x00,0xff,0x00,0xff,0x00,0xff,0x00,0xff,0x00,0xff,0x00,0xff,0x00,0xff,0x00,0xff,0x00,0xff,0x00,
    0xff,0x00,0xff,0x00,0xff,0x00,0xff,0x00,0xff,0x00,0xff,0x00,0xff,0x00,0xff,0x00,0xff,0x00,0xff,0x00,0xff,0x00,0xff,0x00,0xff,0x00,0xff,0x00,0xff,0x00,0xff,0x00,
    0xff,0x00,0xff,0x00,0xff,0x00,0xff,0x00,0xff,0x00,0xff,0x00,0xff,0x00,0xff,0x00,0xff,0x00,0xff,0x00,0xff,0x00,0xff,0x00,0xff,0x00,0xff,0x00,0xff,0x00,0xff,0x00,
    0xff,0x00,0xff,0x00,0xff,0x00,0xff,0x00,0xff,0x00,0xff,0x00,0xff,0x00,0xff,0x00,0xff,0x00,0xff,0x00,0xff,0x00,0xff,0x00,0xff,0x00,0xff,0x00,0xff,0x00,0xff,0x00,
    0xff,0x00,0xff,0x00,0xff,0x00,0xff,0x00,0xff,0x00,0xff,0x00,0xff,0x00,0xff,0x00,0xff,0x00,0xff,0x00,0xff,0x00,0xff,0x00,0xff,0x00,0xff,0x00,0xff,0x00,0xff,0x00,
    0xff,0x00,0xff,0x00,0xff,0x00,0xff,0x00,0xff,0x00,0xff,0x00,0xff,0x00,0xff,0x00,0xff,0x00,0xff,0x00,0xff,0x00,0xff,0x00,0xff,0x00,0xff,0x00,0xff,0x00,0xff,0x00,
    0xff,0x00,0xff,0x00,0xff,0x00,0xff,0x00,0xff,0x00,0xff,0x00,0xff,0x00,0xff,0x00,0xff,0x00,0xff,0x00,0xff,0x00,0xff,0x00,0xff,0x00,0xff,0x00,0xff,0x00,0xff,0x00,
    0xff,0x00,0xff,0x00,0xff,0x00,0xff,0x00,0xff,0x00,0xff,0x00,0xff,0x00,0xff,0x00,0xff,0x00,0xff,0x00,0xff,0x00,0xff,0x00,0xff,0x00,0xff,0x00,0xff,0x00,0xff,0x00,
    0xff,0x00,0xff,0x00,0xff,0x00,0xff,0x00,0xff,0x00,0xff,0x00,0xff,0x00,0xff,0x00,0xff,0x00,0xff,0x00,0xff,0x00,0xff,0x00,0xff,0x00,0xff,0x00,0xff,0x00,0xff,0x00,
    0xff,0x00,0xff,0x00,0xff,0x00,0xff,0x00,0xff,0x00,0xff,0x00,0xff,0x00,0xff,0x00,0xff,0x00,0xff,0x00,0xff,0x00,0xff,0x00,0xff,0x00,0xff,0x00,0xff,0x00,0xff,0x00,
    0xff,0x00,0xff,0x00,0xff,0x00,0xff,0x00,0xff,0x00,0xff,0x00,0xff,0x00,0xff,0x00,0xff,0x00,0xff,0x00,0xff,0x00,0xff,0x00,0xff,0x00,0xff,0x00,0xff,0x00,0xff,0x00,
    0xff,0x00,0xff,0x00,0xff,0x00,0xff,0x00,0xff,0x00,0xff,0x00,0xff,0x00,0xff,0x00,0xff,0x00,0xff,0x00,0xff,0x00,0xff,0x00,0xff,0x00,0xff,0x00,0xff,0x00,0xff,0x00,
    0xff,0x00,0xff,0x00,0xff,0x00,0xff,0x00,0xff,0x00,0xff,0x00,0xff,0x00,0xff,0x00,0xff,0x00,0xff,0x00,0xff,0x00,0xff,0x00,0xff,0x00,0xff,0x00,0xff,0x00,0xff,0x00,
    0xff,0x00,0xff,0x00,0xff,0x00,0xff,0x00,0xff,0x00,0xff,0x00,0xff,0x00,0xff,0x00,0xff,0x00,0xff,0x00,0xff,0x00,0xff,0x00,0xff,0x00,0xff,0x00,0xff,0x00,0xff,0x00,
    0xff,0x00,0xff,0x00,0xff,0x00,0xff,0x00,0xff,0x00,0xff,0x00,0xff,0x00,0xff,0x00,0xff,0x00,0xff,0x00,0xff,0x00,0xff,0x00,0xff,0x00,0xff,0x00,0xff,0x00,0xff,0x00,
    0xff,0x00,0xff,0x00,0xff,0x00,0xff,0x00,0xff,0x00,0xff,0x00,0xff,0x00,0xff,0x00,0xff,0x00,0xff,0x00,0xff,0x00,0xff,0x00,0xff,0x00,0xff,0x00,0xff,0x00,0xac,0xff,
    0xac,0xff,0xac,0xff,0xff,0x00,0xff,0x00,0xff,0x00,0xff,0x00,0xff,0x00,0xff,0x00,0xff,0x00,0xff,0x00,0xff,0x00,0xff,0x00,0xff,0x00,0xff,0x00,0xff,0x00,0xff,0x00,
    0xff,0x00,0xff,0x00,0xff,0x00,0xff,0x00,0xff,0x00,0xff,0x00,0xff,0x00,0xff,0x00,0xff,0x00,0xff,0x00,0xff,0x00,0xff,0x00,0xff,0x00,0xff,0x00,0xff,0x00,0xff,0x00,
    0xff,0x00,0xff,0x00,0xff,0x00,0xff,0x00,0xff,0x00,0xff,0x00,0xff,0x00,0xff,0x00,0xff,0x00,0xff,0x00,0xff,0x00,0xff,0x00,0xff,0x00,0xff,0x00,0xff,0x00,0xff,0x00,
    0xff,0x00,0xff,0x00,0xff,0x00,0xff,0x00,0xff,0x00,0xff,0x00,0xff,0x00,0xff,0x00,0xff,0x00,0xff,0x00,0xff,0x00,0xff,0x00,0xff,0x00,0xff,0x00,0xff,0x00,0xff,0x00,
    0xff,0x00,0xff,0x00,0xff,0x00,0xff,0x00,0xff,0x00,0xff,0x00,0xff,0x00,0xff,0x00,0xff,0x00,0xff,0x00,0xff,0x00,0xff,0x00,0xff,0x00,0xff,0x00,0xff,0x00,0xff,0x00,
    0xff,0x00,0xff,0x00,0xff,0x00,0xff,0x00,0xff,0x00,0xff,0x00,0xff,0x00,0xff,0x00,0xff,0x00,0xff,0x00,0xff,0x00,0xff,0x00,0xff,0x00,0xff,0x00,0xff,0x00,0xac,0xff,
    0xac,0xff,0xac,0xff,0xac,0xff,0xff,0x00,0xff,0x00,0xff,0x00,0xff,0x00,0xff,0x00,0xff,0x00,0xff,0x00,0xff,0x00,0xff,0x00,0xff,0x00,0xff,0x00,0xff,0x00,0xff,0x00,
    0xff,0x00,0xff,0x00,0xff,0x00,0xff,0x00,0xff,0x00,0xff,0x00,0xff,0x00,0xff,0x00,0xff,0x00,0xff,0x00,0xff,0x00,0xff,0x00,0xff,0x00,0xff,0x00,0xff,0x00,0xff,0x00,
    0xff,0x00,0xff,0x00,0xff,0x00,0xff,0x00,0xff,0x00,0xff,0x00,0xff,0x00,0xff,0x00,0xff,0x00,0xff,0x00,0xff,0x00,0xff,0x00,0xff,0x00,0xff,0x00,0xff,0x00,0xff,0x00,
    0xff,0x00,0xff,0x00,0xff,0x00,0xff,0x00,0xff,0x00,0xff,0x00,0xff,0x00,0xff,0x00,0xff,0x00,0xff,0x00,0xff,0x00,0xff,0x00,0xff,0x00,0xff,0x00,0xff,0x00,0xff,0x00,
    0xff,0x00,0xff,0x00,0xff,0x00,0xff,0x00,0xff,0x00,0xff,0x00,0xff,0x00,0xff,0x00,0xff,0x00,0xff,0x00,0xac,0xff,0xac,0xff,0xac,0xff,0xff,0x00,0xff,0x00,0xff,0x00,
    0xff,0x00,0xff,0x00,0xff,0x00,0xff,0x00,0xff,0x00,0xff,0x00,0xff,0x00,0xff,0x00,0xff,0x00,0xff,0x00,0xff,0x00,0xff,0x00,0xff,0x00,0xff,0x00,0xff,0x00,0xff,0x00,
    0xff,0x00,0xff,0x00,0xff,0x00,0xff,0x00,0xff,0x00,0xff,0x00,0xff,0x00,0xff,0x00,0xff,0x00,0xff,0x00,0xff,0x00,0xff,0x00,0xff,0x00,0xff,0x00,0xff,0x00,0xff,0x00,
    0xff,0x00,0xff,0x00,0xff,0x00,0xff,0x00,0xff,0x00,0xff,0x00,0xff,0x00,0xff,0x00,0xff,0x00,0xff,0x00,0xff,0x00,0xff,0x00,0xff,0x00,0xff,0x00,0xff,0x00,0xff,0x00,
    0xff,0x00,0xff,0x00,0xff,0x00,0xff,0x00,0xff,0x00,0xff,0x00,0xff,0x00,0xff,0x00,0xff,0x00,0xff,0x00,0xff,0x00,0xff,0x00,0xff,0x00,0xff,0x00,0xff,0x00,0xff,0x00,
    0xff,0x00,0xff,0x00,0xff,0x00,0xff,0x00,0xff,0x00,0xff,0x00,0xff,0x00,0xff,0x00,0xff,0x00,0xff,0x00,0xff,0x00,0xff,0x00,0xff,0x00,0xff,0x00,0xff,0x00,0xff,0x00,
    0xff,0x00,0xff,0x00,0xff,0x00,0xff,0x00,0xff,0x00,0xff,0x00,0xff,0x00,0xff,0x00,0xff,0x00,0xff,0x00,0xff,0x00,0xff,0x00,0xff,0x00,0xff,0x00,0xff,0x00,0xff,0x00,
    0xff,0x00,0xff,0x00,0xff,0x00,0xff,0x00,0xff,0x00,0xff,0x00,0xff,0x00,0xff,0x00,0xff,0x00,0xff,0x00,0xff,0x00,0xff,0x00,0xff,0x00,0xff,0x00,0xff,0x00,0xff,0x00,
    0xff,0x00,0xff,0x00,0xff,0x00,0xff,0x00,0xff,0x00,0xff,0x00,0xff,0x00,0xff,0x00,0xff,0x00,0xac,0xff,0xac,0xff,0xac,0xff,0xac,0xff,0xff,0x00,0xff,0x00,0xff,0x00,
    0xff,0x00,0xff,0x00,0xff,0x00,0xff,0x00,0xff,0x00,0xff,0x00,0xff,0x00,0xff,0x00,0xff,0x00,0xff,0x00,0xff,0x00,0xff,0x00,0xff,0x00,0xff,0x00,0xff,0x00,0xff,0x00,
    0xff,0x00,0xff,0x00,0xff,0x00,0xff,0x00,0xff,0x00,0xff,0x00,0xff,0x00,0xff,0x00,0xff,0x00,0xff,0x00,0xff,0x00,0xff,0x00,0xff,0x00,0xff,0x00,0xff,0x00,0xff,0x00,
    0xff,0x00,0xff,0x00,0xff,0x00,0xff,0x00,0xff,0x00,0xff,0x00,0xff,0x00,0xff,0x00,0xff,0x00,0xff,0x00,0xff,0x00,0xff,0x00,0xff,0x00,0xff,0x00,0xff,0x00,0xff,0x00,
    0xff,0x00,0xff,0x00,0xff,0x00,0xff,0x00,0xff,0x00,0xff,0x00,0xff,0x00,0xff,0x00,0xff,0x00,0xff,0x00,0xff,0x00,0xff,0x00,0xff,0x00,0xff,0x00,0xff,0x00,0xff,0x00,
    0xff,0x00,0xff,0x00,0xff,0x00,0xff,0x00,0xff,0x00,0xff,0x00,0xff,0x00,0xff,0x00,0xff,0x00,0xff,0x00,0xff,0x00,0xff,0x00,0xff,0x00,0xff,0x00,0xff,0x00,0xff,0x00,
    0xff,0x00,0xff,0x00,0xff,0x00,0xff,0x00,0xff,0x00,0xff,0x00,0xff,0x00,0xff,0x00,0xff,0x00,0xff,0x00,0xff,0x00,0xff,0x00,0xff,0x00,0xff,0x00,0xff,0x00,0xff,0x00,
    0xff,0x00,0xff,0x00,0xff,0x00,0xff,0x00,0xff,0x00,0xff,0x00,0xff,0x00,0xff,0x00,0xff,0x00,0xff,0x00,0xff,0x00,0xff,0x00,0xff,0x00,0xff,0x00,0xff,0x00,0xff,0x00,
    0xff,0x00,0xff,0x00,0xff,0x00,0xff,0x00,0xff,0x00,0xff,0x00,0xff,0x00,0xff,0x00,0xff,0x00,0xff,0x00,0xff,0x00,0xff,0x00,0xff,0x00,0xff,0x00,0xff,0x00,0xff,0x00,
    0xff,0x00,0xff,0x00,0xff,0x00,0xff,0x00,0xff,0x00,0xff,0x00,0xff,0x00,0xff,0x00,0xff,0x00,0xff,0x00,0xff,0x00,0xff,0x00,0xff,0x00,0xff,0x00,0xff,0x00,0xff,0x00,
    0xff,0x00,0xff,0x00,0xff,0x00,0xff,0x00,0xff,0x00,0xff,0x00,0xff,0x00,0xff,0x00,0xff,0x00,0xff,0x00,0xff,0x00,0xff,0x00,0xff,0x00,0xff,0x00,0xff,0x00,0xff,0x00,
    0xff,0x00,0xff,0x00,0xff,0x00,0xff,0x00,0xff,0x00,0xff,0x00,0xff,0x00,0xff,0x00,0xff,0x00,0xff,0x00,0xff,0x00,0xff,0x00,0xff,0x00,0xff,0x00,0xff,0x00,0xff,0x00,
    0xff,0x00,0xff,0x00,0xff,0x00,0xff,0x00,0xff,0x00,0xff,0x00,0xff,0x00,0xff,0x00,0xff,0x00,0xff,0x00,0xff,0x00,0xff,0x00,0xff,0x00,0xff,0x00,0xff,0x00,0xff,0x00,
    0xff,0x00,0xff,0x00,0xff,0x00,0xff,0x00,0xff,0x00,0xff,0x00,0xff,0x00,0xff,0x00,0xff,0x00,0xff,0x00,0xff,0x00,0xff,0x00,0xff,0x00,0xff,0x00,0xff,0x00,0xff,0x00,
    0xff,0x00,0xff,0x00,0xff,0x00,0xff,0x00,0xff,0x00,0xff,0x00,0xff,0x00,0xac,0xff,0xac,0xff,0xac,0xff,0xac,0xff,0xff,0x00,0xff,0x00,0xff,0x00,0xff,0x00,0xff,0x00,
    0xff,0x00,0xff,0x00,0xff,0x00,0xff,0x00,0xff,0x00,0xff,0x00,0xff,0x00,0xff,0x00,0xff,0x00,0xff,0x00,0xff,0x00,0xff,0x00,0xff,0x00,0xff,0x00,0xff,0x00,0xff,0x00,
    0xff,0x00,0xff,0x00,0xff,0x00,0xff,0x00,0xff,0x00,0xff,0x00,0xac,0xff,0xac,0xff,0xac,0xff,0xac,0xff,0xff,0x00,0xff,0x00,0xff,0x00,0xff,0x00,0xff,0x00,0xff,0x00,
    0xff,0x00,0xff,0x00,0xff,0x00,0xff,0x00,0xff,0x00,0xff,0x00,0xff,0x00,0xff,0x00,0xff,0x00,0xff,0x00,0xff,0x00,0xff,0x00,0xff,0x00,0xff,0x00,0xff,0x00,0xff,0x00,
    0xff,0x00,0xff,0x00,0xff,0x00,0xff,0x00,0xff,0x00,0xff,0x00,0xff,0x00,0xff,0x00,0xff,0x00,0xff,0x00,0xff,0x00,0xff,0x00,0xff,0x00,0xff,0x00,0xff,0x00,0xff,0x00,
    0xff,0x00,0xff,0x00,0xff,0x00,0xff,0x00,0xff,0x00,0xff,0x00,0xff,0x00,0xff,0x00,0xff,0x00,0xff,0x00,0xff,0x00,0xff,0x00,0xff,0x00,0xff,0x00,0xff,0x00,0xff,0x00,
    0xff,0x00,0xff,0x00,0xff,0x00,0xff,0x00,0xff,0x00,0xff,0x00,0xff,0x00,0xff,0x00,0xff,0x00,0xff,0x00,0xff,0x00,0xff,0x00,0xff,0x00,0xff,0x00,0xff,0x00,0xff,0x00,
    0xff,0x00,0xff,0x00,0xff,0x00,0xff,0x00,0xff,0x00,0xac,0xff,0xff,0x00,0xff,0x00,0xff,0x00,0xff,0x00,0xff,0x00,0xff,0x00,0xff,0x00,0xff,0x00,0xff,0x00,0xff,0x00,
    0xff,0x00,0xff,0x00,0xff,0x00,0xff,0x00,0xff,0x00,0xff,0x00,0xac,0xff,0xac,0xff,0xff,0x00,0xff,0x00,0xff,0x00,0xff,0x00,0xff,0x00,0xff,0x00,0xff,0x00,0xff,0x00,
    0xff,0x00,0xff,0x00,0xff,0x00,0xff,0x00,0xff,0x00,0xff,0x00,0xff,0x00,0xff,0x00,0xff,0x00,0xff,0x00,0xff,0x00,0xff,0x00,0xff,0x00,0xff,0x00,0xff,0x00,0xff,0x00,
    0xff,0x00,0xff,0x00,0xff,0x00,0xff,0x00,0xff,0x00,0xff,0x00,0xff,0x00,0xff,0x00,0xff,0x00,0xff,0x00,0xff,0x00,0xff,0x00,0xff,0x00,0xff,0x00,0xff,0x00,0xff,0x00,
    0xff,0x00,0xff,0x00,0xff,0x00,0xff,0x00,0xff,0x00,0xff,0x00,0xff,0x00,0xff,0x00,0xff,0x00,0xff,0x00,0xff,0x00,0xff,0x00,0xff,0x00,0xff,0x00,0xff,0x00,0xff,0x00,
    0xff,0x00,0xff,0x00,0xff,0x00,0xff,0x00,0xff,0x00,0xff,0x00,0xff,0x00,0xff,0x00,0xff,0x00,0xff,0x00,0xff,0x00,0xff,0x00,0xff,0x00,0xff,0x00,0xff,0x00,0xff,0x00,
    0xff,0x00,0xff,0x00,0xff,0x00,0xff,0x00,0xff,0x00,0xff,0x00,0xac,0xff,0xac,0xff,0xff,0x00,0xff,0x00,0xff,0x00,0xff,0x00,0xff,0x00,0xff,0x00,0xff,0x00,0xff,0x00,
    0xff,0x00,0xff,0x00,0xff,0x00,0xff,0x00,0xff,0x00,0xff,0x00,0xff,0x00,0xff,0x00,0xff,0x00,0xff,0x00,0xff,0x00,0xff,0x00,0xff,0x00,0xff,0x00,0xff,0x00,0xff,0x00,
    0xff,0x00,0xff,0x00,0xff,0x00,0xff,0x00,0xff,0x00,0xff,0x00,0xff,0x00,0xac,0xff,0xff,0x00,0xff,0x00,0xff,0x00,0xff,0x00,0xff,0x00,0xff,0x00,0xff,0x00,0xff,0x00,
    0xff,0x00,0xff,0x00,0xff,0x00,0xff,0x00,0xff,0x00,0xff,0x00,0xff,0x00,0xff,0x00,0xff,0x00,0xff,0x00,0xff,0x00,0xff,0x00,0xff,0x00,0xff,0x00,0xff,0x00,0xff,0x00,
    0xff,0x00,0xff,0x00,0xff,0x00,0xff,0x00,0xff,0x00,0xff,0x00,0xac,0xff,0xff,0x00,0xff,0x00,0xff,0x00,0xff,0x00,0xff,0x00,0xff,0x00,0xff,0x00,0xff,0x00,0xff,0x00,
    0xff,0x00,0xff,0x00,0xff,0x00,0xff,0x00,0xff,0x00,0xff,0x00,0xff,0x00,0xff,0x00,0xff,0x00,0xff,0x00,0xff,0x00,0xff,0x00,0xff,0x00,0xff,0x00,0xff,0x00,0xff,0x00,
    0xff,0x00,0xff,0x00,0xff,0x00,0xff,0x00,0xff,0x00,0xff,0x00,0xff,0x00,0xff,0x00,0xff,0x00,0xff,0x00,0xff,0x00,0xff,0x00,0xff,0x00,0xff,0x00,0xff,0x00,0xff,0x00,
    0xff,0x00,0xff,0x00,0xff,0x00,0xff,0x00,0xff,0x00,0xff,0x00,0xff,0x00,0xff,0x00,0xff,0x00,0xff,0x00,0xff,0x00,0xff,0x00,0xff,0x00,0xff,0x00,0xff,0x00,0xff,0x00,
    0xff,0x00,0xff,0x00,0xff,0x00,0xff,0x00,0xff,0x00,0xff,0x00,0xff,0x00,0xff,0x00,0xff,0x00,0xff,0x00,0xff,0x00,0xff,0x00,0xff,0x00,0xff,0x00,0xff,0x00,0xff,0x00,
    0xff,0x00,0xac,0xff,0xac,0xff,0xff,0x00,0xff,0x00,0xff,0x00,0xff,0x00,0xff,0x00,0xff,0x00,0xff,0x00,0xff,0x00,0xff,0x00,0xff,0x00,0xff,0x00,0xff,0x00,0xff,0x00,
    0xff,0x00,0xff,0x00,0xff,0x00,0xff,0x00,0xff,0x00,0xff,0x00,0xff,0x00,0xff,0x00,0xff,0x00,0xff,0x00,0xff,0x00,0xff,0x00,0xff,0x00,0xff,0x00,0xff,0x00,0xff,0x00,
    0xff,0x00,0xff,0x00,0xff,0x00,0xff,0x00,0xff,0x00,0xff,0x00,0xff,0x00,0xff,0x00,0xff,0x00,0xff,0x00,0xac,0xff,0xff,0x00,0xff,0x00,0xff,0x00,0xff,0x00,0xff,0x00,
    0xff,0x00,0xff,0x00,0xff,0x00,0xff,0x00,0xff,0x00,0xff,0x00,0xff,0x00,0xff,0x00,0xff,0x00,0xff,0x00,0xff,0x00,0xff,0x00,0xff,0x00,0xac,0xff,0xac,0xff,0xac,0xff,
    0xff,0x00,0xff,0x00,0xff,0x00,0xff,0x00,0xff,0x00,0xff,0x00,0xff,0x00,0xff,0x00,0xff,0x00,0xff,0x00,0xff,0x00,0xff,0x00,0xff,0x00,0xff,0x00,0xff,0x00,0xff,0x00,
    0xff,0x00,0xff,0x00,0xff,0x00,0xff,0x00,0xff,0x00,0xff,0x00,0xff,0x00,0xff,0x00,0xff,0x00,0xff,0x00,0xff,0x00,0xff,0x00,0xff,0x00,0xff,0x00,0xff,0x00,0xff,0x00,
    0xff,0x00,0xff,0x00,0xff,0x00,0xff,0x00,0xff,0x00,0xff,0x00,0xff,0x00,0xff,0x00,0xff,0x00,0xff,0x00,0xff,0x00,0xff,0x00,0xff,0x00,0xff,0x00,0xff,0x00,0xff,0x00,
    0xff,0x00,0xff,0x00,0xff,0x00,0xff,0x00,0xff,0x00,0xff,0x00,0xac,0xff,0xac,0xff,0xac,0xff,0xff,0x00,0xff,0x00,0xff,0x00,0xff,0x00,0xff,0x00,0xff,0x00,0xff,0x00,
    0xff,0x00,0xff,0x00,0xff,0x00,0xff,0x00,0xff,0x00,0xff,0x00,0xff,0x00,0xff,0x00,0xff,0x00,0xff,0x00,0xff,0x00,0xff,0x00,0xff,0x00,0xff,0x00,0xff,0x00,0xff,0x00,
    0xff,0x00,0xff,0x00,0xff,0x00,0xff,0x00,0xff,0x00,0xff,0x00,0xff,0x00,0xff,0x00,0xff,0x00,0xff,0x00,0xff,0x00,0xff,0x00,0xff,0x00,0xff,0x00,0xff,0x00,0xff,0x00,
    0xff,0x00,0xff,0x00,0xff,0x00,0xff,0x00,0xff,0x00,0xff,0x00,0xff,0x00,0xff,0x00,0xff,0x00,0xff,0x00,0xff,0x00,0xff,0x00,0xff,0x00,0xff,0x00,0xff,0x00,0xff,0x00,
    0xff,0x00,0xac,0xff,0xac,0xff,0xac,0xff,0xff,0x00,0xff,0x00,0xff,0x00,0xff,0x00,0xff,0x00,0xff,0x00,0xff,0x00,0xff,0x00,0xff,0x00,0xff,0x00,0xff,0x00,0xff,0x00,
    0xff,0x00,0xff,0x00,0xff,0x00,0xff,0x00,0xff,0x00,0xff,0x00,0xff,0x00,0xff,0x00,0xff,0x00,0xff,0x00,0xff,0x00,0xff,0x00,0xff,0x00,0xff,0x00,0xff,0x00,0xff,0x00,
    0xff,0x00,0xff,0x00,0xff,0x00,0xff,0x00,0xff,0x00,0xff,0x00,0xff,0x00,0xff,0x00,0xff,0x00,0xff,0x00,0xff,0x00,0xff,0x00,0xff,0x00,0xff,0x00,0xff,0x00,0xff,0x00,
    0xff,0x00,0xac,0xff,0xff,0x00,0xff,0x00,0xff,0x00,0xac,0xff,0xac,0xff,0xff,0x00,0xff,0x00,0xff,0x00,0xff,0x00,0xff,0x00,0xff,0x00,0xff,0x00,0xff,0x00,0xff,0x00,
    0xff,0x00,0xff,0x00,0xff,0x00,0xac,0xff,0xac,0xff,0xac,0xff,0xff,0x00,0xff,0x00,0xff,0x00,0xff,0x00,0xff,0x00,0xff,0x00,0xff,0x00,0xff,0x00,0xff,0x00,0xff,0x00,
    0xff,0x00,0xff,0x00,0xff,0x00,0xff,0x00,0xff,0x00,0xff,0x00,0xff,0x00,0xff,0x00,0xff,0x00,0xff,0x00,0xff,0x00,0xff,0x00,0xff,0x00,0xff,0x00,0xff,0x00,0xff,0x00,
    0xff,0x00,0xff,0x00,0xff,0x00,0xff,0x00,0xff,0x00,0xff,0x00,0xff,0x00,0xff,0x00,0xff,0x00,0xff,0x00,0xff,0x00,0xff,0x00,0xff,0x00,0xff,0x00,0xff,0x00,0xff,0x00,
    0xff,0x00,0xff,0x00,0xff,0x00,0xff,0x00,0xff,0x00,0xff,0x00,0xff,0x00,0xff,0x00,0xff,0x00,0xff,0x00,0xff,0x00,0xff,0x00,0xff,0x00,0xff,0x00,0xff,0x00,0xff,0x00,
    0xff,0x00,0xff,0x00,0xff,0x00,0xff,0x00,0xff,0x00,0xff,0x00,0xff,0x00,0xff,0x00,0xff,0x00,0xff,0x00,0xff,0x00,0xff,0x00,0xff,0x00,0xff,0x00,0xff,0x00,0xff,0x00,
    0xff,0x00,0xff,0x00,0xff,0x00,0xff,0x00,0xff,0x00,0xff,0x00,0xff,0x00,0xff,0x00,0xff,0x00,0xff,0x00,0xff,0x00,0xff,0x00,0xff,0x00,0xff,0x00,0xff,0x00,0xff,0x00,
    0xff,0x00,0xff,0x00,0xff,0x00,0xff,0x00,0xff,0x00,0xff,0x00,0xff,0x00,0xff,0x00,0xff,0x00,0xff,0x00,0xff,0x00,0xff,0x00,0xff,0x00,0xff,0x00,0xff,0x00,0xff,0x00,
    0xff,0x00,0xff,0x00,0xff,0x00,0xff,0x00,0xff,0x00,0xff,0x00,0xff,0x00,0xff,0x00,0xff,0x00,0xff,0x00,0xff,0x00,0xff,0x00,0xff,0x00,0xff,0x00,0xff,0x00,0xff,0x00,
    0xff,0x00,0xff,0x00,0xff,0x00,0xff,0x00,0xff,0x00,0xff,0x00,0xff,0x00,0xff,0x00,0xff,0x00,0xff,0x00,0xff,0x00,0xff,0x00,0xff,0x00,0xff,0x00,0xff,0x00,0xff,0x00,
    0xff,0x00,0xff,0x00,0xff,0x00,0xff,0x00,0xff,0x00,0xff,0x00,0xff,0x00,0xff,0x00,0xff,0x00,0xff,0x00,0xff,0x00,0xff,0x00,0xff,0x00,0xff,0x00,0xff,0x00,0xff,0x00,
    0xff,0x00,0xff,0x00,0xff,0x00,0xff,0x00,0xff,0x00,0xff,0x00,0xff,0x00,0xff,0x00,0xff,0x00,0xff,0x00,0xff,0x00,0xff,0x00,0xff,0x00,0xff,0x00,0xff,0x00,0xff,0x00,
    0xff,0x00,0xff,0x00,0xff,0x00,0xff,0x00,0xff,0x00,0xff,0x00,0xff,0x00,0xff,0x00,0xff,0x00,0xff,0x00,0xff,0x00,0xff,0x00,0xff,0x00,0xff,0x00,0xff,0x00,0xff,0x00,
    0xff,0x00,0xff,0x00,0xff,0x00,0xff,0x00,0xff,0x00,0xff,0x00,0xff,0x00,0xff,0x00,0xff,0x00,0xff,0x00,0xff,0x00,0xff,0x00,0xff,0x00,0xff,0x00,0xff,0x00,0xff,0x00,
    0xff,0x00,0xff,0x00,0xff,0x00,0xff,0x00,0xff,0x00,0xff,0x00,0xff,0x00,0xff,0x00,0xff,0x00,0xff,0x00,0xff,0x00,0xff,0x00,0xff,0x00,0xff,0x00,0xff,0x00,0xff,0x00,
    0xff,0x00,0xff,0x00,0xff,0x00,0xff,0x00,0xff,0x00,0xff,0x00,0xff,0x00,0xff,0x00,0xff,0x00,0xff,0x00,0xff,0x00,0xff,0x00,0xff,0x00,0xff,0x00,0xff,0x00,0xff,0x00,
    0xff,0x00,0xff,0x00,0xff,0x00,0xff,0x00,0xff,0x00,0xff,0x00,0xff,0x00,0xff,0x00,0xff,0x00,0xff,0x00,0xff,0x00,0xff,0x00,0xff,0x00,0xff,0x00,0xff,0x00,0xff,0x00,
    0xff,0x00,0xff,0x00,0xff,0x00,0xff,0x00,0xff,0x00,0xff,0x00,0xff,0x00,0xff,0x00,0xff,0x00,0xff,0x00,0xff,0x00,0xff,0x00,0xff,0x00,0xff,0x00,0xff,0x00,0xac,0xff,
    0xff,0x00,0xff,0x00,0xff,0x00,0xff,0x00,0xff,0x00,0xff,0x00,0xff,0x00,0xff,0x00,0xff,0x00,0xff,0x00,0xff,0x00,0xff,0x00,0xff,0x00,0xff,0x00,0xff,0x00,0xff,0x00,
    0xff,0x00,0xff,0x00,0xff,0x00,0xff,0x00,0xff,0x00,0xff,0x00,0xff,0x00,0xff,0x00,0xff,0x00,0xff,0x00,0xff,0x00,0xff,0x00,0xff,0x00,0xff,0x00,0xff,0x00,0xff,0x00,
    0xff,0x00,0xff,0x00,0xff,0x00,0xff,0x00,0xff,0x00,0xff,0x00,0xff,0x00,0xff,0x00,0xff,0x00,0xff,0x00,0xff,0x00,0xff,0x00,0xff,0x00,0xff,0x00,0xff,0x00,0xff,0x00,
    0xff,0x00,0xff,0x00,0xff,0x00,0xff,0x00,0xff,0x00,0xff,0x00,0xff,0x00,0xff,0x00,0xff,0x00,0xff,0x00,0xff,0x00,0xff,0x00,0xff,0x00,0xff,0x00,0xff,0x00,0xff,0x00,
    0xff,0x00,0xff,0x00,0xff,0x00,0xac,0xff,0xff,0x00,0xff,0x00,0xff,0x00,0xff,0x00,0xff,0x00,0xff,0x00,0xff,0x00,0xff,0x00,0xff,0x00,0xff,0x00,0xff,0x00,0xff,0x00,
    0xff,0x00,0xff,0x00,0xff,0x00,0xff,0x00,0xff,0x00,0xff,0x00,0xff,0x00,0xff,0x00,0xff,0x00,0xff,0x00,0xff,0x00,0xff,0x00,0xff,0x00,0xff,0x00,0xff,0x00,0xff,0x00,
    0xff,0x00,0xff,0x00,0xff,0x00,0xff,0x00,0xff,0x00,0xff,0x00,0xff,0x00,0xff,0x00,0xff,0x00,0xff,0x00,0xff,0x00,0xff,0x00,0xff,0x00,0xff,0x00,0xff,0x00,0xff,0x00,
    0xff,0x00,0xff,0x00,0xff,0x00,0xff,0x00,0xff,0x00,0xff,0x00,0xff,0x00,0xff,0x00,0xff,0x00,0xff,0x00,0xff,0x00,0xff,0x00,0xff,0x00,0xff,0x00,0xff,0x00,0xff,0x00,
    0xff,0x00,0xff,0x00,0xff,0x00,0xff,0x00,0xff,0x00,0xff,0x00,0xff,0x00,0xff,0x00,0xff,0x00,0xff,0x00,0xff,0x00,0xff,0x00,0xff,0x00,0xff,0x00,0xff,0x00,0xff,0x00,
    0xff,0x00,0xff,0x00,0xff,0x00,0xff,0x00,0xff,0x00,0xff,0x00,0xff,0x00,0xff,0x00,0xff,0x00,0xff,0x00,0xff,0x00,0xff,0x00,0xff,0x00,0xff,0x00,0xff,0x00,0xff,0x00,
    0xff,0x00,0xff,0x00,0xff,0x00,0xff,0x00,0xff,0x00,0xff,0x00,0xff,0x00,0xff,0x00,0xff,0x00,0xff,0x00,0xff,0x00,0xff,0x00,0xff,0x00,0xff,0x00,0xff,0x00,0xff,0x00,
    0xff,0x00,0xff,0x00,0xac,0xff,0xac,0xff,0xff,0x00,0xff,0x00,0xff,0x00,0xff,0x00,0xff,0x00,0xff,0x00,0xff,0x00,0xff,0x00,0xff,0x00,0xff,0x00,0xff,0x00,0xff,0x00,
    0xff,0x00,0xff,0x00,0xff,0x00,0xff,0x00,0xff,0x00,0xff,0x00,0xff,0x00,0xff,0x00,0xff,0x00,0xff,0x00,0xff,0x00,0xff,0x00,0xff,0x00,0xff,0x00,0xff,0x00,0xff,0x00,
    0xff,0x00,0xff,0x00,0xff,0x00,0xff,0x00,0xff,0x00,0xff,0x00,0xff,0x00,0xff,0x00,0xff,0x00,0xff,0x00,0xff,0x00,0xff,0x00,0xff,0x00,0xff,0x00,0xff,0x00,0xff,0x00,
    0xff,0x00,0xff,0x00,0xff,0x00,0xff,0x00,0xff,0x00,0xff,0x00,0xff,0x00,0xff,0x00,0xff,0x00,0xff,0x00,0xff,0x00,0xff,0x00,0xff,0x00,0xff,0x00,0xff,0x00,0xff,0x00,
    0xff,0x00,0xff,0x00,0xff,0x00,0xff,0x00,0xff,0x00,0xff,0x00,0xff,0x00,0xff,0x00,0xff,0x00,0xff,0x00,0xff,0x00,0xff,0x00,0xff,0x00,0xff,0x00,0xff,0x00,0xff,0x00,
    0xff,0x00,0xff,0x00,0xff,0x00,0xac,0xff,0xff,0x00,0xff,0x00,0xff,0x00,0xff,0x00,0xff,0x00,0xff,0x00,0xff,0x00,0xff,0x00,0xff,0x00,0xff,0x00,0xff,0x00,0xff,0x00,
    0xff,0x00,0xff,0x00,0xff,0x00,0xff,0x00,0xff,0x00,0xff,0x00,0xff,0x00,0xff,0x00,0xff,0x00,0xff,0x00,0xff,0x00,0xac,0xff,0xac,0xff,0xac,0xff,0xff,0x00,0xff,0x00,
    0xff,0x00,0xff,0x00,0xff,0x00,0xff,0x00,0xff,0x00,0xff,0x00,0xff,0x00,0xff,0x00,0xff,0x00,0xff,0x00,0xff,0x00,0xff,0x00,0xff,0x00,0xff,0x00,0xff,0x00,0xff,0x00,
    0xff,0x00,0xff,0x00,0xff,0x00,0xff,0x00,0xff,0x00,0xff,0x00,0xff,0x00,0xff,0x00,0xff,0x00,0xff,0x00,0xff,0x00,0xff,0x00,0xff,0x00,0xff,0x00,0xff,0x00,0xff,0x00,
    0xff,0x00,0xff,0x00,0xff,0x00,0xff,0x00,0xff,0x00,0xff,0x00,0xff,0x00,0xff,0x00,0xff,0x00,0xff,0x00,0xff,0x00,0xff,0x00,0xff,0x00,0xff,0x00,0xff,0x00,0xff,0x00,
    0xff,0x00,0xff,0x00,0xff,0x00,0xff,0x00,0xff,0x00,0xff,0x00,0xff,0x00,0xff,0x00,0xff,0x00,0xff,0x00,0xff,0x00,0xff,0x00,0xff,0x00,0xff,0x00,0xff,0x00,0xff,0x00,
    0xff,0x00,0xff,0x00,0xff,0x00,0xff,0x00,0xff,0x00,0xff,0x00,0xff,0x00,0xff,0x00,0xff,0x00,0xff,0x00,0xff,0x00,0xff,0x00,0xff,0x00,0xff,0x00,0xff,0x00,0xff,0x00,
    0xff,0x00,0xff,0x00,0xff,0x00,0xff,0x00,0xff,0x00,0xff,0x00,0xff,0x00,0xff,0x00,0xff,0x00,0xff,0x00,0xff,0x00,0xff,0x00,0xff,0x00,0xff,0x00,0xff,0x00,0xff,0x00,
    0xff,0x00,0xff,0x00,0xff,0x00,0xff,0x00,0xff,0x00,0xff,0x00,0xff,0x00,0xff,0x00,0xff,0x00,0xff,0x00,0xff,0x00,0xff,0x00,0xff,0x00,0xff,0x00,0xff,0x00,0xff,0x00,
    0xff,0x00,0xff,0x00,0xff,0x00,0xff,0x00,0xff,0x00,0xff,0x00,0xff,0x00,0xff,0x00,0xff,0x00,0xac,0xff,0xff,0x00,0xff,0x00,0xff,0x00,0xff,0x00,0xff,0x00,0xff,0x00,
    0xff,0x00,0xff,0x00,0xff,0x00,0xff,0x00,0xff,0x00,0xff,0x00,0xff,0x00,0xff,0x00,0xff,0x00,0xff,0x00,0xff,0x00,0xff,0x00,0xff,0x00,0xff,0x00,0xff,0x00,0xff,0x00,
    0xff,0x00,0xff,0x00,0xff,0x00,0xff,0x00,0xff,0x00,0xff,0x00,0xac,0xff,0xac,0xff,0xff,0x00,0xff,0x00,0xff,0x00,0xff,0x00,0xff,0x00,0xff,0x00,0xff,0x00,0xff,0x00,
    0xff,0x00,0xff,0x00,0xff,0x00,0xff,0x00,0xff,0x00,0xff,0x00,0xff,0x00,0xff,0x00,0xff,0x00,0xff,0x00,0xac,0xff,0xac,0xff,0xac,0xff,0xac,0xff,0xff,0x00,0xff,0x00,
    0xff,0x00,0xff,0x00,0xff,0x00,0xff,0x00,0xff,0x00,0xff,0x00,0xff,0x00,0xff,0x00,0xff,0x00,0xff,0x00,0xff,0x00,0xff,0x00,0xff,0x00,0xff,0x00,0xff,0x00,0xff,0x00,
    0xff,0x00,0xff,0x00,0xff,0x00,0xff,0x00,0xff,0x00,0xff,0x00,0xff,0x00,0xff,0x00,0xff,0x00,0xff,0x00,0xff,0x00,0xff,0x00,0xff,0x00,0xff,0x00,0xff,0x00,0xff,0x00,
    0xff,0x00,0xff,0x00,0xff,0x00,0xff,0x00,0xff,0x00,0xff,0x00,0xff,0x00,0xff,0x00,0xff,0x00,0xac,0xff,0xac,0xff,0xff,0x00,0xff,0x00,0xff,0x00,0xff,0x00,0xff,0x00,
    0xff,0x00,0xff,0x00,0xff,0x00,0xff,0x00,0xff,0x00,0xff,0x00,0xff,0x00,0xff,0x00,0xff,0x00,0xff,0x00,0xff,0x00,0xff,0x00,0xff,0x00,0xff,0x00,0xff,0x00,0xff,0x00,
    0xff,0x00,0xff,0x00,0xff,0x00,0xff,0x00,0xff,0x00,0xff,0x00,0xff,0x00,0xff,0x00,0xff,0x00,0xff,0x00,0xff,0x00,0xff,0x00,0xff,0x00,0xff,0x00,0xff,0x00,0xff,0x00,
    0xff,0x00,0xff,0x00,0xac,0xff,0xff,0x00,0xff,0x00,0xff,0x00,0xff,0x00,0xff,0x00,0xff,0x00,0xff,0x00,0xff,0x00,0xff,0x00,0xac,0xff,0xac,0xff,0xac,0xff,0xff,0x00,
    0xff,0x00,0xff,0x00,0xff,0x00,0xff,0x00,0xff,0x00,0xff,0x00,0xff,0x00,0xff,0x00,0xff,0x00,0xff,0x00,0xff,0x00,0xff,0x00,0xff,0x00,0xff,0x00,0xff,0x00,0xff,0x00,
    0xff,0x00,0xff,0x00,0xff,0x00,0xff,0x00,0xff,0x00,0xff,0x00,0xff,0x00,0xff,0x00,0xff,0x00,0xff,0x00,0xff,0x00,0xff,0x00,0xff,0x00,0xff,0x00,0xff,0x00,0xff,0x00,
    0xff,0x00,0xff,0x00,0xff,0x00,0xff,0x00,0xff,0x00,0xff,0x00,0xff,0x00,0xff,0x00,0xff,0x00,0xff,0x00,0xff,0x00,0xff,0x00,0xff,0x00,0xff,0x00,0xff,0x00,0xff,0x00,
    0xff,0x00,0xff,0x00,0xff,0x00,0xff,0x00,0xff,0x00,0xff,0x00,0xff,0x00,0xff,0x00,0xff,0x00,0xff,0x00,0xff,0x00,0xff,0x00,0xff,0x00,0xff,0x00,0xff,0x00,0xff,0x00,
    0xff,0x00,0xff,0x00,0xff,0x00,0xff,0x00,0xff,0x00,0xff,0x00,0xac,0xff,0xff,0x00,0xff,0x00,0xff,0x00,0xac,0xff,0xac,0xff,0xff,0x00,0xff,0x00,0xff,0x00,0xff,0x00,
    0xff,0x00,0xff,0x00,0xff,0x00,0xff,0x00,0xff,0x00,0xff,0x00,0xff,0x00,0xff,0x00,0xff,0x00,0xff,0x00,0xac,0xff,0xac,0xff,0xac,0xff,0xff,0x00,0xff,0x00,0xff,0x00,
    0xff,0x00,0xff,0x00,0xff,0x00,0xff,0x00,0xff,0x00,0xff,0x00,0xff,0x00,0xff,0x00,0xff,0x00,0xff,0x00,0xff,0x00,0xff,0x00,0xff,0x00,0xff,0x00,0xff,0x00,0xff,0x00,
    0xff,0x00,0xff,0x00,0xff,0x00,0xff,0x00,0xff,0x00,0xff,0x00,0xff,0x00,0xff,0x00,0xff,0x00,0xff,0x00,0xff,0x00,0xff,0x00,0xff,0x00,0xff,0x00,0xff,0x00,0xff,0x00,
    0xff,0x00,0xff,0x00,0xff,0x00,0xff,0x00,0xff,0x00,0xff,0x00,0xff,0x00,0xff,0x00,0xff,0x00,0xff,0x00,0xff,0x00,0xff,0x00,0xff,0x00,0xff,0x00,0xff,0x00,0xff,0x00,
    0xff,0x00,0xff,0x00,0xff,0x00,0xff,0x00,0xff,0x00,0xff,0x00,0xff,0x00,0xff,0x00,0xff,0x00,0xff,0x00,0xff,0x00,0xff,0x00,0xff,0x00,0xff,0x00,0xff,0x00,0xff,0x00,
    0xff,0x00,0xff,0x00,0xff,0x00,0xff,0x00,0xff,0x00,0xff,0x00,0xff,0x00,0xff,0x00,0xff,0x00,0xff,0x00,0xff,0x00,0xff,0x00,0xff,0x00,0xff,0x00,0xff,0x00,0xff,0x00,
    0xff,0x00,0xff,0x00,0xff,0x00,0xff,0x00,0xff,0x00,0xff,0x00,0xff,0x00,0xff,0x00,0xff,0x00,0xff,0x00,0xff,0x00,0xff,0x00,0xff,0x00,0xff,0x00,0xff,0x00,0xff,0x00,
    0xff,0x00,0xff,0x00,0xff,0x00,0xff,0x00,0xff,0x00,0xff,0x00,0xff,0x00,0xff,0x00,0xff,0x00,0xff,0x00,0xff,0x00,0xff,0x00,0xff,0x00,0xff,0x00,0xff,0x00,0xff,0x00,
    0xff,0x00,0xff,0x00,0xff,0x00,0xff,0x00,0xff,0x00,0xff,0x00,0xff,0x00,0xff,0x00,0xff,0x00,0xff,0x00,0xff,0x00,0xff,0x00,0xff,0x00,0xff,0x00,0xff,0x00,0xff,0x00,
    0xff,0x00,0xff,0x00,0xff,0x00,0xff,0x00,0xff,0x00,0xff,0x00,0xff,0x00,0xff,0x00,0xff,0x00,0xff,0x00,0xff,0x00,0xff,0x00,0xff,0x00,0xff,0x00,0xff,0x00,0xff,0x00,
    0xff,0x00,0xff,0x00,0xff,0x00,0xff,0x00,0xff,0x00,0xff,0x00,0xff,0x00,0xff,0x00,0xff,0x00,0xff,0x00,0xff,0x00,0xff,0x00,0xff,0x00,0xff,0x00,0xff,0x00,0xff,0x00,
    0xff,0x00,0xff,0x00,0xff,0x00,0xff,0x00,0xff,0x00,0xff,0x00,0xff,0x00,0xff,0x00,0xff,0x00,0xff,0x00,0xff,0x00,0xff,0x00,0xff,0x00,0xff,0x00,0xff,0x00,0xff,0x00,
    0xac,0xff,0xac,0xff,0xff,0x00,0xff,0x00,0xff,0x00,0xff,0x00,0xff,0x00,0xff,0x00,0xff,0x00,0xff,0x00,0xff,0x00,0xff,0x00,0xff,0x00,0xff,0x00,0xff,0x00,0xff,0x00,
    0xff,0x00,0xff,0x00,0xff,0x00,0xff,0x00,0xff,0x00,0xff,0x00,0xff,0x00,0xff,0x00,0xff,0x00,0xff,0x00,0xff,0x00,0xff,0x00,0xff,0x00,0xff,0x00,0xff,0x00,0xff,0x00,
    0xff,0x00,0xff,0x00,0xff,0x00,0xff,0x00,0xff,0x00,0xff,0x00,0xff,0x00,0xff,0x00,0xff,0x00,0xff,0x00,0xff,0x00,0xff,0x00,0xff,0x00,0xff,0x00,0xff,0x00,0xff,0x00,
    0xff,0x00,0xff,0x00,0xff,0x00,0xff,0x00,0xff,0x00,0xff,0x00,0xff,0x00,0xff,0x00,0xff,0x00,0xff,0x00,0xff,0x00,0xff,0x00,0xff,0x00,0xff,0x00,0xff,0x00,0xff,0x00,
    0xff,0x00,0xff,0x00,0xff,0x00,0xff,0x00,0xff,0x00,0xff,0x00,0xff,0x00,0xff,0x00,0xff,0x00,0xff,0x00,0xff,0x00,0xff,0x00,0xff,0x00,0xff,0x00,0xff,0x00,0xff,0x00,
    0xff,0x00,0xff,0x00,0xff,0x00,0xff,0x00,0xff,0x00,0xff,0x00,0xff,0x00,0xff,0x00,0xff,0x00,0xff,0x00,0xff,0x00,0xff,0x00,0xff,0x00,0xff,0x00,0xff,0x00,0xff,0x00,
    0xff,0x00,0xff,0x00,0xff,0x00,0xff,0x00,0xff,0x00,0xff,0x00,0xff,0x00,0xff,0x00,0xff,0x00,0xff,0x00,0xff,0x00,0xff,0x00,0xac,0xff,0xff,0x00,0xff,0x00,0xff,0x00,
    0xff,0x00,0xff,0x00,0xff,0x00,0xff,0x00,0xff,0x00,0xff,0x00,0xff,0x00,0xff,0x00,0xff,0x00,0xff,0x00,0xff,0x00,0xff,0x00,0xff,0x00,0xff,0x00,0xff,0x00,0xff,0x00,
    0xff,0x00,0xff,0x00,0xff,0x00,0xff,0x00,0xff,0x00,0xff,0x00,0xff,0x00,0xff,0x00,0xac,0xff,0xac,0xff,0xac,0xff,0xac,0xff,0xff,0x00,0xff,0x00,0xff,0x00,0xff,0x00,
    0xff,0x00,0xff,0x00,0xff,0x00,0xff,0x00,0xff,0x00,0xff,0x00,0xac,0xff,0xac,0xff,0xff,0x00,0xff,0x00,0xff,0x00,0xff,0x00,0xff,0x00,0xff,0x00,0xff,0x00,0xff,0x00,
    0xff,0x00,0xff,0x00,0xff,0x00,0xff,0x00,0xff,0x00,0xff,0x00,0xff,0x00,0xff,0x00,0xff,0x00,0xff,0x00,0xff,0x00,0xff,0x00,0xff,0x00,0xff,0x00,0xff,0x00,0xff,0x00,
    0xff,0x00,0xff,0x00,0xff,0x00,0xff,0x00,0xff,0x00,0xff,0x00,0xff,0x00,0xff,0x00,0xac,0xff,0xac,0xff,0xac,0xff,0xac,0xff,0xff,0x00,0xff,0x00,0xff,0x00,0xff,0x00,
    0xff,0x00,0xff,0x00,0xff,0x00,0xff,0x00,0xff,0x00,0xff,0x00,0xff,0x00,0xff,0x00,0xff,0x00,0xff,0x00,0xff,0x00,0xff,0x00,0xff,0x00,0xff,0x00,0xff,0x00,0xff,0x00,
    0xff,0x00,0xff,0x00,0xff,0x00,0xff,0x00,0xff,0x00,0xff,0x00,0xff,0x00,0xff,0x00,0xff,0x00,0xff,0x00,0xff,0x00,0xff,0x00,0xff,0x00,0xff,0x00,0xff,0x00,0xff,0x00,
    0xff,0x00,0xff,0x00,0xff,0x00,0xff,0x00,0xff,0x00,0xff,0x00,0xff,0x00,0xff,0x00,0xff,0x00,0xff,0x00,0xff,0x00,0xff,0x00,0xff,0x00,0xff,0x00,0xff,0x00,0xff,0x00,
    0xff,0x00,0xff,0x00,0xff,0x00,0xff,0x00,0xff,0x00,0xff,0x00,0xff,0x00,0xff,0x00,0xff,0x00,0xff,0x00,0xff,0x00,0xff,0x00,0xff,0x00,0xff,0x00,0xff,0x00,0xff,0x00,
    0xff,0x00,0xff,0x00,0xac,0xff,0xff,0x00,0xff,0x00,0xff,0x00,0xff,0x00,0xff,0x00,0xff,0x00,0xff,0x00,0xff,0x00,0xff,0x00,0xff,0x00,0xff,0x00,0xff,0x00,0xff,0x00,
    0xff,0x00,0xff,0x00,0xff,0x00,0xff,0x00,0xff,0x00,0xff,0x00,0xff,0x00,0xff,0x00,0xff,0x00,0xff,0x00,0xff,0x00,0xff,0x00,0xff,0x00,0xff,0x00,0xff,0x00,0xff,0x00,
    0xff,0x00,0xff,0x00,0xff,0x00,0xff,0x00,0xff,0x00,0xff,0x00,0xff,0x00,0xff,0x00,0xff,0x00,0xff,0x00,0xff,0x00,0xff,0x00,0xff,0x00,0xff,0x00,0xff,0x00,0xff,0x00,
    0xff,0x00,0xff,0x00,0xff,0x00,0xff,0x00,0xff,0x00,0xff,0x00,0xff,0x00,0xff,0x00,0xff,0x00,0xff,0x00,0xff,0x00,0xff,0x00,0xff,0x00,0xff,0x00,0xff,0x00,0xff,0x00,
    0xff,0x00,0xff,0x00,0xff,0x00,0xff,0x00,0xff,0x00,0xff,0x00,0xff,0x00,0xff,0x00,0xff,0x00,0xff,0x00,0xff,0x00,0xff,0x00,0xff,0x00,0xff,0x00,0xff,0x00,0xff,0x00,
    0xff,0x00,0xff,0x00,0xff,0x00,0xff,0x00,0xff,0x00,0xff,0x00,0xff,0x00,0xff,0x00,0xff,0x00,0xff,0x00,0xff,0x00,0xff,0x00,0xff,0x00,0xff,0x00,0xff,0x00,0xff,0x00,
    0xff,0x00,0xff,0x00,0xff,0x00,0xff,0x00,0xff,0x00,0xff,0x00,0xff,0x00,0xff,0x00,0xff,0x00,0xff,0x00,0xff,0x00,0xff,0x00,0xff,0x00,0xff,0x00,0xff,0x00,0xff,0x00,
    0xff,0x00,0xff,0x00,0xff,0x00,0xff,0x00,0xff,0x00,0xff,0x00,0xff,0x00,0xff,0x00,0xff,0x00,0xff,0x00,0xff,0x00,0xff,0x00,0xff,0x00,0xff,0x00,0xff,0x00,0xff,0x00,
    0xff,0x00,0xff,0x00,0xff,0x00,0xff,0x00,0xff,0x00,0xff,0x00,0xff,0x00,0xff,0x00,0xff,0x00,0xff,0x00,0xff,0x00,0xff,0x00,0xff,0x00,0xff,0x00,0xff,0x00,0xff,0x00,
    0xff,0x00,0xff,0x00,0xff,0x00,0xff,0x00,0xff,0x00,0xff,0x00,0xff,0x00,0xff,0x00,0xff,0x00,0xff,0x00,0xff,0x00,0xff,0x00,0xff,0x00,0xff,0x00,0xff,0x00,0xff,0x00,
    0xff,0x00,0xff,0x00,0xff,0x00,0xff,0x00,0xff,0x00,0xff,0x00,0xff,0x00,0xff,0x00,0xff,0x00,0xff,0x00,0xff,0x00,0xff,0x00,0xff,0x00,0xff,0x00,0xff,0x00,0xff,0x00,
    0xff,0x00,0xff,0x00,0xff,0x00,0xff,0x00,0xff,0x00,0xff,0x00,0xff,0x00,0xff,0x00,0xff,0x00,0xff,0x00,0xff,0x00,0xff,0x00,0xff,0x00,0xff,0x00,0xff,0x00,0xff,0x00,
    0xff,0x00,0xff,0x00,0xff,0x00,0xff,0x00,0xff,0x00,0xff,0x00,0xff,0x00,0xff,0x00,0xff,0x00,0xff,0x00,0xff,0x00,0xff,0x00,0xff,0x00,0xff,0x00,0xff,0x00,0xff,0x00,
    0xff,0x00,0xff,0x00,0xff,0x00,0xff,0x00,0xff,0x00,0xff,0x00,0xff,0x00,0xac,0xff,0xac,0xff,0xac,0xff,0xff,0x00,0xff,0x00,0xff,0x00,0xff,0x00,0xff,0x00,0xff,0x00,
    0xff,0x00,0xff,0x00,0xff,0x00,0xff,0x00,0xff,0x00,0xff,0x00,0xff,0x00,0xff,0x00,0xff,0x00,0xff,0x00,0xff,0x00,0xff,0x00,0xff,0x00,0xff,0x00,0xff,0x00,0xff,0x00,
    0xff,0x00,0xff,0x00,0xff,0x00,0xff,0x00,0xff,0x00,0xff,0x00,0xff,0x00,0xff,0x00,0xff,0x00,0xff,0x00,0xff,0x00,0xff,0x00,0xff,0x00,0xff,0x00,0xff,0x00,0xff,0x00,
    0xff,0x00,0xff,0x00,0xff,0x00,0xff,0x00,0xff,0x00,0xff,0x00,0xff,0x00,0xff,0x00,0xff,0x00,0xff,0x00,0xff,0x00,0xff,0x00,0xff,0x00,0xff,0x00,0xff,0x00,0xff,0x00,
    0xff,0x00,0xff,0x00,0xff,0x00,0xff,0x00,0xff,0x00,0xff,0x00,0xff,0x00,0xff,0x00,0xff,0x00,0xff,0x00,0xff,0x00,0xff,0x00,0xff,0x00,0xff,0x00,0xff,0x00,0xff,0x00,
    0xff,0x00,0xff,0x00,0xff,0x00,0xff,0x00,0xff,0x00,0xff,0x00,0xff,0x00,0xff,0x00,0xac,0xff,0xac,0xff,0xac,0xff,0xac,0xff,0xff,0x00,0xff,0x00,0xff,0x00,0xff,0x00,
    0xff,0x00,0xff,0x00,0xff,0x00,0xff,0x00,0xac,0xff,0xff,0x00,0xff,0x00,0xff,0x00,0xff,0x00,0xff,0x00,0xff,0x00,0xff,0x00,0xff,0x00,0xff,0x00,0xff,0x00,0xff,0x00,
    0xff,0x00,0xff,0x00,0xff,0x00,0xff,0x00,0xff,0x00,0xff,0x00,0xff,0x00,0xff,0x00,0xff,0x00,0xff,0x00,0xff,0x00,0xff,0x00,0xff,0x00,0xff,0x00,0xff,0x00,0xff,0x00,
    0xff,0x00,0xff,0x00,0xff,0x00,0xff,0x00,0xff,0x00,0xff,0x00,0xff,0x00,0xff,0x00,0xff,0x00,0xff,0x00,0xff,0x00,0xff,0x00,0xff,0x00,0xff,0x00,0xff,0x00,0xff,0x00,
    0xff,0x00,0xff,0x00,0xff,0x00,0xff,0x00,0xff,0x00,0xff,0x00,0xff,0x00,0xff,0x00,0xff,0x00,0xff,0x00,0xff,0x00,0xff,0x00,0xff,0x00,0xff,0x00,0xff,0x00,0xff,0x00,
    0xff,0x00,0xff,0x00,0xff,0x00,0xff,0x00,0xff,0x00,0xff,0x00,0xff,0x00,0xff,0x00,0xff,0x00,0xff,0x00,0xff,0x00,0xff,0x00,0xff,0x00,0xff,0x00,0xff,0x00,0xff,0x00,
    0xff,0x00,0xff,0x00,0xff,0x00,0xff,0x00,0xff,0x00,0xff,0x00,0xff,0x00,0xff,0x00,0xff,0x00,0xff,0x00,0xff,0x00,0xff,0x00,0xff,0x00,0xff,0x00,0xff,0x00,0xff,0x00,
    0xff,0x00,0xff,0x00,0xff,0x00,0xff,0x00,0xac,0xff,0xac,0xff,0xff,0x00,0xff,0x00,0xff,0x00,0xff,0x00,0xff,0x00,0xff,0x00,0xff,0x00,0xff,0x00,0xff,0x00,0xff,0x00,
    0xff,0x00,0xff,0x00,0xff,0x00,0xff,0x00,0xff,0x00,0xff,0x00,0xff,0x00,0xff,0x00,0xff,0x00,0xff,0x00,0xff,0x00,0xff,0x00,0xff,0x00,0xff,0x00,0xff,0x00,0xff,0x00,
    0xff,0x00,0xff,0x00,0xff,0x00,0xff,0x00,0xff,0x00,0xff,0x00,0xff,0x00,0xff,0x00,0xff,0x00,0xff,0x00,0xff,0x00,0xff,0x00,0xff,0x00,0xff,0x00,0xff,0x00,0xff,0x00,
    0xff,0x00,0xff,0x00,0xff,0x00,0xff,0x00,0xff,0x00,0xff,0x00,0xff,0x00,0xff,0x00,0xff,0x00,0xff,0x00,0xff,0x00,0xff,0x00,0xff,0x00,0xff,0x00,0xff,0x00,0xff,0x00,
    0xff,0x00,0xff,0x00,0xff,0x00,0xff,0x00,0xac,0xff,0xff,0x00,0xff,0x00,0xff,0x00,0xff,0x00,0xff,0x00,0xff,0x00,0xff,0x00,0xff,0x00,0xff,0x00,0xff,0x00,0xff,0x00,
};
static const lv_image_dsc_t dino_image_horizon_1 = {
    .header = {.magic = LV_IMAGE_HEADER_MAGIC, .cf = LV_COLOR_FORMAT_AL88, .w = 600, .h = 12, .stride = 1200},
    .data_size = sizeof(dino_pixels_horizon_1), .data = dino_pixels_horizon_1,
};

_Alignas(4) static const uint8_t dino_pixels_cloud[] = {
    0xff,0x00,0xff,0x00,0xff,0x00,0xff,0x00,0xff,0x00,0xff,0x00,0xff,0x00,0xff,0x00,0xff,0x00,0xff,0x00,0xff,0x00,0xff,0x00,0xff,0x00,0xff,0x00,0xff,0x00,0xff,0x00,
    0xff,0x00,0xff,0x00,0xff,0x00,0xff,0x00,0xff,0x00,0xff,0x00,0xff,0x00,0xff,0x00,0xff,0x00,0x25,0xff,0x25,0xff,0x25,0xff,0x25,0xff,0xff,0x00,0xff,0x00,0xff,0x00,
    0xff,0x00,0xff,0x00,0xff,0x00,0xff,0x00,0xff,0x00,0xff,0x00,0xff,0x00,0xff,0x00,0xff,0x00,0xff,0x00,0xff,0x00,0xff,0x00,0xff,0x00,0xff,0x00,0xff,0x00,0xff,0x00,
    0xff,0x00,0xff,0x00,0xff,0x00,0xff,0x00,0xff,0x00,0xff,0x00,0xff,0x00,0xff,0x00,0xff,0x00,0xff,0x00,0xff,0x00,0xff,0x00,0xff,0x00,0xff,0x00,0xff,0x00,0xff,0x00,
    0xff,0x00,0xff,0x00,0x25,0xff,0x25,0xff,0x25,0xff,0x25,0xff,0x25,0xff,0x25,0xff,0xff,0x00,0xff,0x00,0x25,0xff,0x25,0xff,0x25,0xff,0xff,0x00,0xff,0x00,0xff,0x00,
    0xff,0x00,0xff,0x00,0xff,0x00,0xff,0x00,0xff,0x00,0xff,0x00,0xff,0x00,0xff,0x00,0xff,0x00,0xff,0x00,0xff,0x00,0xff,0x00,0xff,0x00,0xff,0x00,0xff,0x00,0xff,0x00,
    0xff,0x00,0xff,0x00,0xff,0x00,0xff,0x00,0xff,0x00,0xff,0x00,0xff,0x00,0xff,0x00,0xff,0x00,0xff,0x00,0xff,0x00,0xff,0x00,0xff,0x00,0xff,0x00,0xff,0x00,0x25,0xff,
    0x25,0xff,0xff,0x00,0xff,0x00,0xff,0x00,0xff,0x00,0xff,0x00,0xff,0x00,0xff,0x00,0xff,0x00,0xff,0x00,0x25,0xff,0x25,0xff,0xff,0x00,0xff,0x00,0xff,0x00,0xff,0x00,
    0xff,0x00,0xff,0x00,0xff,0x00,0xff,0x00,0xff,0x00,0xff,0x00,0xff,0x00,0xff,0x00,0xff,0x00,0xff,0x00,0xff,0x00,0xff,0x00,0xff,0x00,0xff,0x00,0xff,0x00,0xff,0x00,
    0xff,0x00,0xff,0x00,0xff,0x00,0xff,0x00,0xff,0x00,0xff,0x00,0xff,0x00,0xff,0x00,0xff,0x00,0xff,0x00,0xff,0x00,0x25,0xff,0x25,0xff,0x25,0xff,0xff,0x00,0xff,0x00,
    0xff,0x00,0xff,0x00,0xff,0x00,0xff,0x00,0xff,0x00,0xff,0x00,0xff,0x00,0xff,0x00,0xff,0x00,0x25,0xff,0xff,0x00,0xff,0x00,0xff,0x00,0xff,0x00,0xff,0x00,0xff,0x00,
    0xff,0x00,0xff,0x00,0xff,0x00,0xff,0x00,0xff,0x00,0xff,0x00,0xff,0x00,0xff,0x00,0xff,0x00,0xff,0x00,0xff,0x00,0xff,0x00,0xff,0x00,0xff,0x00,0xff,0x00,0xff,0x00,
    0xff,0x00,0xff,0x00,0xff,0x00,0xff,0x00,0xff,0x00,0xff,0x00,0xff,0x00,0xff,0x00,0xff,0x00,0x25,0xff,0xff,0x00,0xff,0x00,0xff,0x00,0xff,0x00,0xff,0x00,0xff,0x00,
    0xff,0x00,0xff,0x00,0xff,0x00,0xff,0x00,0xff,0x00,0xff,0x00,0xff,0x00,0x25,0xff,0x25,0xff,0x25,0xff,0x25,0xff,0xff,0x00,0xff,0x00,0xff,0x00,0xff,0x00,0xff,0x00,
    0xff,0x00,0xff,0x00,0xff,0x00,0xff,0x00,0xff,0x00,0xff,0x00,0xff,0x00,0xff,0x00,0xff,0x00,0xff,0x00,0xff,0x00,0xff,0x00,0xff,0x00,0xff,0x00,0xff,0x00,0xff,0x00,
    0xff,0x00,0xff,0x00,0xff,0x00,0xff,0x00,0xff,0x00,0xff,0x00,0xff,0x00,0x25,0xff,0xff,0x00,0xff,0x00,0xff,0x00,0xff,0x00,0xff,0x00,0xff,0x00,0xff,0x00,0xff,0x00,
    0xff,0x00,0xff,0x00,0xff,0x00,0xff,0x00,0xff,0x00,0x25,0xff,0xff,0x00,0xff,0x00,0x25,0xff,0x25,0xff,0x25,0xff,0x25,0xff,0x25,0xff,0x25,0xff,0xff,0x00,0xff,0x00,
    0xff,0x00,0xff,0x00,0xff,0x00,0xff,0x00,0xff,0x00,0xff,0x00,0xff,0x00,0xff,0x00,0xff,0x00,0xff,0x00,0xff,0x00,0xff,0x00,0xff,0x00,0xff,0x00,0xff,0x00,0xff,0x00,
    0xff,0x00,0xff,0x00,0x25,0xff,0x25,0xff,0x25,0xff,0x25,0xff,0xff,0x00,0xff,0x00,0xff,0x00,0xff,0x00,0xff,0x00,0xff,0x00,0xff,0x00,0xff,0x00,0xff,0x00,0xff,0x00,
    0xff,0x00,0xff,0x00,0x25,0xff,0xff,0x00,0xff,0x00,0xff,0x00,0xff,0x00,0xff,0x00,0xff,0x00,0xff,0x00,0xff,0x00,0x25,0xff,0xff,0x00,0xff,0x00,0xff,0x00,0xff,0x00,
    0xff,0x00,0xff,0x00,0xff,0x00,0xff,0x00,0xff,0x00,0xff,0x00,0xff,0x00,0xff,0x00,0xff,0x00,0xff,0x00,0xff,0x00,0xff,0x00,0xff,0x00,0xff,0x00,0xff,0x00,0x25,0xff,
    0x25,0xff,0xff,0x00,0xff,0x00,0xff,0x00,0xff,0x00,0xff,0x00,0xff,0x00,0xff,0x00,0xff,0x00,0xff,0x00,0xff,0x00,0xff,0x00,0xff,0x00,0xff,0x00,0xff,0x00,0xff,0x00,
    0xff,0x00,0xff,0x00,0xff,0x00,0xff,0x00,0xff,0x00,0xff,0x00,0xff,0x00,0xff,0x00,0xff,0x00,0x25,0xff,0x25,0xff,0x25,0xff,0x25,0xff,0xff,0x00,0xff,0x00,0xff,0x00,
    0xff,0x00,0xff,0x00,0xff,0x00,0xff,0x00,0xff,0x00,0xff,0x00,0x25,0xff,0x25,0xff,0x25,0xff,0x25,0xff,0x25,0xff,0x25,0xff,0x25,0xff,0x25,0xff,0xff,0x00,0xff,0x00,
    0xff,0x00,0xff,0x00,0xff,0x00,0xff,0x00,0xff,0x00,0xff,0x00,0xff,0x00,0xff,0x00,0xff,0x00,0xff,0x00,0xff,0x00,0xff,0x00,0xff,0x00,0xff,0x00,0xff,0x00,0xff,0x00,
    0xff,0x00,0xff,0x00,0xff,0x00,0xff,0x00,0xff,0x00,0xff,0x00,0xff,0x00,0xff,0x00,0xff,0x00,0xff,0x00,0x25,0xff,0xff,0x00,0xff,0x00,0xff,0x00,0xff,0x00,0xff,0x00,
    0xff,0x00,0xff,0x00,0xff,0x00,0x25,0xff,0x25,0xff,0xff,0x00,0xff,0x00,0xff,0x00,0xff,0x00,0xff,0x00,0xff,0x00,0xff,0x00,0xff,0x00,0xff,0x00,0xff,0x00,0xff,0x00,
    0xff,0x00,0xff,0x00,0xff,0x00,0xff,0x00,0xff,0x00,0xff,0x00,0xff,0x00,0xff,0x00,0xff,0x00,0xff,0x00,0xff,0x00,0xff,0x00,0xff,0x00,0xff,0x00,0xff,0x00,0xff,0x00,
    0xff,0x00,0xff,0x00,0xff,0x00,0xff,0x00,0xff,0x00,0xff,0x00,0xff,0x00,0xff,0x00,0x25,0xff,0x25,0xff,0x25,0xff,0xff,0x00,0xff,0x00,0xff,0x00,0xff,0x00,0xff,0x00,
    0xff,0x00,0x25,0xff,0xff,0x00,0xff,0x00,0xff,0x00,0xff,0x00,0xff,0x00,0xff,0x00,0xff,0x00,0xff,0x00,0xff,0x00,0xff,0x00,0xff,0x00,0xff,0x00,0xff,0x00,0xff,0x00,
    0xff,0x00,0xff,0x00,0xff,0x00,0xff,0x00,0xff,0x00,0xff,0x00,0xff,0x00,0xff,0x00,0xff,0x00,0xff,0x00,0xff,0x00,0xff,0x00,0xff,0x00,0xff,0x00,0xff,0x00,0xff,0x00,
    0xff,0x00,0xff,0x00,0xff,0x00,0xff,0x00,0xff,0x00,0xff,0x00,0xff,0x00,0xff,0x00,0x25,0xff,0xff,0x00,0xff,0x00,0x25,0xff,0x25,0xff,0xff,0x00,0x25,0xff,0x25,0xff,
    0xff,0x00,0xff,0x00,0xff,0x00,0x25,0xff,0xff,0x00,0xff,0x00,0xff,0x00,0xff,0x00,0xff,0x00,0xff,0x00,0xff,0x00,0xff,0x00,0xff,0x00,0xff,0x00,0xff,0x00,0xff,0x00,
    0xff,0x00,0xff,0x00,0xff,0x00,0xff,0x00,0xff,0x00,0xff,0x00,0xff,0x00,0xff,0x00,0xff,0x00,0xff,0x00,0xff,0x00,0xff,0x00,0xff,0x00,0xff,0x00,0xff,0x00,0xff,0x00,
    0xff,0x00,0xff,0x00,0xff,0x00,0xff,0x00,0xff,0x00,0xff,0x00,0xff,0x00,0x25,0xff,0x25,0xff,0x25,0xff,0xff,0x00,0xff,0x00,0xff,0x00,0xff,0x00,0xff,0x00,0xff,0x00,
    0xff,0x00,0xff,0x00,0x25,0xff,0x25,0xff,0x25,0xff,0x25,0xff,0x25,0xff,0x25,0xff,0x25,0xff,0x25,0xff,0x25,0xff,0x25,0xff,0x25,0xff,0x25,0xff,0x25,0xff,0x25,0xff,
    0x25,0xff,0x25,0xff,0x25,0xff,0x25,0xff,0x25,0xff,0x25,0xff,0x25,0xff,0x25,0xff,0x25,0xff,0x25,0xff,0x25,0xff,0x25,0xff,0x25,0xff,0x25,0xff,0x25,0xff,0x25,0xff,
    0x25,0xff,0x25,0xff,0x25,0xff,0x25,0xff,0x25,0xff,0x25,0xff,0xff,0x00,0xff,0x00,0xff,0x00,0xff,0x00,0xff,0x00,0xff,0x00,0xff,0x00,0xff,0x00,0xff,0x00,0xff,0x00,
    0xff,0x00,0xff,0x00,0xff,0x00,0xff,0x00,0xff,0x00,0xff,0x00,0xff,0x00,0xff,0x00,0xff,0x00,0xff,0x00,0xff,0x00,0xff,0x00,0xff,0x00,0xff,0x00,0xff,0x00,0xff,0x00,
    0xff,0x00,0xff,0x00,0xff,0x00,0xff,0x00,0xff,0x00,0xff,0x00,0xff,0x00,0xff,0x00,0xff,0x00,0xff,0x00,0xff,0x00,0xff,0x00,0xff,0x00,0xff,0x00,0xff,0x00,0xff,0x00,
    0xff,0x00,0xff,0x00,0xff,0x00,0xff,0x00,
};
static const lv_image_dsc_t dino_image_cloud = {
    .header = {.magic = LV_IMAGE_HEADER_MAGIC, .cf = LV_COLOR_FORMAT_AL88, .w = 46, .h = 14, .stride = 92},
    .data_size = sizeof(dino_pixels_cloud), .data = dino_pixels_cloud,
};

_Alignas(4) static const uint8_t dino_pixels_game_over[] = {
    0xff,0x00,0xff,0x00,0xff,0x00,0xac,0xff,0xac,0xff,0xac,0xff,0xac,0xff,0xac,0xff,0xac,0xff,0xac,0xff,0xac,0xff,0xff,0x00,0xff,0x00,0xff,0x00,0xff,0x00,0xff,0x00,
    0xff,0x00,0xff,0x00,0xff,0x00,0xff,0x00,0xff,0x00,0xff,0x00,0xff,0x00,0xff,0x00,0xff,0x00,0xff,0x00,0xff,0x00,0xac,0xff,0xac,0xff,0xac,0xff,0xac,0xff,0xac,0xff,
    0xff,0x00,0xff,0x00,0xff,0x00,0xff,0x00,0xff,0x00,0xff,0x00,0xff,0x00,0xff,0x00,0xff,0x00,0xff,0x00,0xff,0x00,0xff,0x00,0xff,0x00,0xff,0x00,0xff,0x00,0xff,0x00,
    0xac,0xff,0xac,0xff,0xac,0xff,0xff,0x00,0xff,0x00,0xff,0x00,0xff,0x00,0xff,0x00,0xac,0xff,0xac,0xff,0xac,0xff,0xff,0x00,0xff,0x00,0xff,0x00,0xff,0x00,0xff,0x00,
    0xff,0x00,0xff,0x00,0xff,0x00,0xff,0x00,0xff,0x00,0xff,0x00,0xff,0x00,0xff,0x00,0xac,0xff,0xac,0xff,0xac,0xff,0xac,0xff,0xac,0xff,0xac,0xff,0xac,0xff,0xac,0xff,
    0xac,0xff,0xac,0xff,0xac,0xff,0xff,0x00,0xff,0x00,0xff,0x00,0xff,0x00,0xff,0x00,0xff,0x00,0xff,0x00,0xff,0x00,0xff,0x00,0xff,0x00,0xff,0x00,0xff,0x00,0xff,0x00,
    0xff,0x00,0xff,0x00,0xff,0x00,0xff,0x00,0xff,0x00,0xff,0x00,0xff,0x00,0xff,0x00,0xff,0x00,0xff,0x00,0xff,0x00,0xff,0x00,0xff,0x00,0xff,0x00,0xac,0xff,0xac,0xff,
    0xac,0xff,0xac,0xff,0xac,0xff,0xac,0xff,0xac,0xff,0xff,0x00,0xff,0x00,0xff,0x00,0xff,0x00,0xff,0x00,0xff,0x00,0xff,0x00,0xff,0x00,0xff,0x00,0xff,0x00,0xff,0x00,
    0xff,0x00,0xff,0x00,0xff,0x00,0xff,0x00,0xac,0xff,0xac,0xff,0xac,0xff,0xff,0x00,0xff,0x00,0xff,0x00,0xff,0x00,0xff,0x00,0xac,0xff,0xac,0xff,0xac,0xff,0xff,0x00,
    0xff,0x00,0xff,0x00,0xff,0x00,0xff,0x00,0xff,0x00,0xff,0x00,0xff,0x00,0xff,0x00,0xff,0x00,0xff,0x00,0xff,0x00,0xff,0x00,0xac,0xff,0xac,0xff,0xac,0xff,0xac,0xff,
    0xac,0xff,0xac,0xff,0xac,0xff,0xac,0xff,0xac,0xff,0xac,0xff,0xac,0xff,0xff,0x00,0xff,0x00,0xff,0x00,0xff,0x00,0xff,0x00,0xff,0x00,0xff,0x00,0xff,0x00,0xff,0x00,
    0xff,0x00,0xff,0x00,0xff,0x00,0xff,0x00,0xac,0xff,0xac,0xff,0xac,0xff,0xac,0xff,0xac,0xff,0xac,0xff,0xac,0xff,0xac,0xff,0xac,0xff,0xff,0x00,0xff,0x00,0xff,0x00,
    0xff,0x00,0xff,0x00,0xac,0xff,0xac,0xff,0xac,0xff,0xac,0xff,0xac,0xff,0xac,0xff,0xac,0xff,0xac,0xff,0xff,0x00,0xff,0x00,0xff,0x00,0xff,0x00,0xff,0x00,0xff,0x00,
    0xff,0x00,0xff,0x00,0xff,0x00,0xff,0x00,0xff,0x00,0xff,0x00,0xff,0x00,0xff,0x00,0xff,0x00,0xff,0x00,0xac,0xff,0xac,0xff,0xac,0xff,0xac,0xff,0xac,0xff,0xff,0x00,
    0xff,0x00,0xff,0x00,0xff,0x00,0xff,0x00,0xff,0x00,0xff,0x00,0xff,0x00,0xff,0x00,0xff,0x00,0xff,0x00,0xff,0x00,0xff,0x00,0xff,0x00,0xff,0x00,0xff,0x00,0xac,0xff,
    0xac,0xff,0xac,0xff,0xff,0x00,0xff,0x00,0xff,0x00,0xff,0x00,0xff,0x00,0xac,0xff,0xac,0xff,0xac,0xff,0xff,0x00,0xff,0x00,0xff,0x00,0xff,0x00,0xff,0x00,0xff,0x00,
    0xff,0x00,0xff,0x00,0xff,0x00,0xff,0x00,0xff,0x00,0xff,0x00,0xff,0x00,0xac,0xff,0xac,0xff,0xac,0xff,0xac,0xff,0xac,0xff,0xac,0xff,0xac,0xff,0xac,0xff,0xac,0xff,
    0xac,0xff,0xac,0xff,0xff,0x00,0xff,0x00,0xff,0x00,0xff,0x00,0xff,0x00,0xff,0x00,0xff,0x00,0xff,0x00,0xff,0x00,0xff,0x00,0xff,0x00,0xff,0x00,0xff,0x00,0xff,0x00,
    0xff,0x00,0xff,0x00,0xff,0x00,0xff,0x00,0xff,0x00,0xff,0x00,0xff,0x00,0xff,0x00,0xff,0x00,0xff,0x00,0xff,0x00,0xff,0x00,0xff,0x00,0xac,0xff,0xac,0xff,0xac,0xff,
    0xac,0xff,0xac,0xff,0xac,0xff,0xac,0xff,0xff,0x00,0xff,0x00,0xff,0x00,0xff,0x00,0xff,0x00,0xff,0x00,0xff,0x00,0xff,0x00,0xff,0x00,0xff,0x00,0xff,0x00,0xff,0x00,
    0xff,0x00,0xff,0x00,0xff,0x00,0xac,0xff,0xac,0xff,0xac,0xff,0xff,0x00,0xff,0x00,0xff,0x00,0xff,0x00,0xff,0x00,0xac,0xff,0xac,0xff,0xac,0xff,0xff,0x00,0xff,0x00,
    0xff,0x00,0xff,0x00,0xff,0x00,0xff,0x00,0xff,0x00,0xff,0x00,0xff,0x00,0xff,0x00,0xff,0x00,0xff,0x00,0xff,0x00,0xac,0xff,0xac,0xff,0xac,0xff,0xac,0xff,0xac,0xff,
    0xac,0xff,0xac,0xff,0xac,0xff,0xac,0xff,0xac,0xff,0xac,0xff,0xff,0x00,0xff,0x00,0xff,0x00,0xff,0x00,0xff,0x00,0xff,0x00,0xff,0x00,0xff,0x00,0xff,0x00,0xff,0x00,
    0xff,0x00,0xff,0x00,0xff,0x00,0xac,0xff,0xac,0xff,0xac,0xff,0xac,0xff,0xac,0xff,0xac,0xff,0xac,0xff,0xac,0xff,0xac,0xff,0xff,0x00,0xff,0x00,0xff,0x00,0xff,0x00,
    0xac,0xff,0xac,0xff,0xac,0xff,0xff,0x00,0xff,0x00,0xff,0x00,0xff,0x00,0xff,0x00,0xff,0x00,0xff,0x00,0xff,0x00,0xff,0x00,0xff,0x00,0xff,0x00,0xff,0x00,0xff,0x00,
    0xff,0x00,0xff,0x00,0xff,0x00,0xff,0x00,0xff,0x00,0xff,0x00,0xff,0x00,0xff,0x00,0xac,0xff,0xac,0xff,0xac,0xff,0xff,0x00,0xac,0xff,0xac,0xff,0xac,0xff,0xff,0x00,
    0xff,0x00,0xff,0x00,0xff,0x00,0xff,0x00,0xff,0x00,0xff,0x00,0xff,0x00,0xff,0x00,0xff,0x00,0xff,0x00,0xff,0x00,0xff,0x00,0xff,0x00,0xff,0x00,0xac,0xff,0xac,0xff,
    0xac,0xff,0xac,0xff,0xac,0xff,0xff,0x00,0xac,0xff,0xac,0xff,0xac,0xff,0xac,0xff,0xac,0xff,0xff,0x00,0xff,0x00,0xff,0x00,0xff,0x00,0xff,0x00,0xff,0x00,0xff,0x00,
    0xff,0x00,0xff,0x00,0xff,0x00,0xff,0x00,0xff,0x00,0xff,0x00,0xac,0xff,0xac,0xff,0xac,0xff,0xff,0x00,0xff,0x00,0xff,0x00,0xff,0x00,0xff,0x00,0xff,0x00,0xff,0x00,
    0xff,0x00,0xff,0x00,0xff,0x00,0xff,0x00,0xff,0x00,0xff,0x00,0xff,0x00,0xff,0x00,0xff,0x00,0xff,0x00,0xff,0x00,0xff,0x00,0xff,0x00,0xff,0x00,0xff,0x00,0xff,0x00,
    0xff,0x00,0xff,0x00,0xff,0x00,0xff,0x00,0xff,0x00,0xff,0x00,0xff,0x00,0xff,0x00,0xff,0x00,0xff,0x00,0xac,0xff,0xac,0xff,0xac,0xff,0xff,0x00,0xff,0x00,0xff,0x00,
    0xff,0x00,0xff,0x00,0xac,0xff,0xac,0xff,0xac,0xff,0xff,0x00,0xff,0x00,0xff,0x00,0xff,0x00,0xff,0x00,0xff,0x00,0xff,0x00,0xff,0x00,0xff,0x00,0xff,0x00,0xff,0x00,
    0xff,0x00,0xff,0x00,0xac,0xff,0xac,0xff,0xac,0xff,0xff,0x00,0xff,0x00,0xff,0x00,0xff,0x00,0xff,0x00,0xac,0xff,0xac,0xff,0xac,0xff,0xff,0x00,0xff,0x00,0xff,0x00,
    0xff,0x00,0xff,0x00,0xff,0x00,0xff,0x00,0xff,0x00,0xff,0x00,0xff,0x00,0xff,0x00,0xff,0x00,0xff,0x00,0xac,0xff,0xac,0xff,0xac,0xff,0xff,0x00,0xff,0x00,0xff,0x00,
    0xff,0x00,0xff,0x00,0xff,0x00,0xff,0x00,0xff,0x00,0xff,0x00,0xff,0x00,0xff,0x00,0xff,0x00,0xff,0x00,0xff,0x00,0xff,0x00,0xff,0x00,0xff,0x00,0xff,0x00,0xff,0x00,
    0xff,0x00,0xff,0x00,0xac,0xff,0xac,0xff,0xac,0xff,0xff,0x00,0xff,0x00,0xff,0x00,0xff,0x00,0xff,0x00,0xac,0xff,0xac,0xff,0xac,0xff,0xac,0xff,0xac,0xff,0xac,0xff,
    0xff,0x00,0xff,0x00,0xff,0x00,0xff,0x00,0xff,0x00,0xff,0x00,0xff,0x00,0xff,0x00,0xff,0x00,0xff,0x00,0xff,0x00,0xff,0x00,0xff,0x00,0xff,0x00,0xff,0x00,0xff,0x00,
    0xff,0x00,0xff,0x00,0xff,0x00,0xff,0x00,0xff,0x00,0xac,0xff,0xac,0xff,0xac,0xff,0xff,0x00,0xff,0x00,0xff,0x00,0xff,0x00,0xff,0x00,0xac,0xff,0xac,0xff,0xac,0xff,
    0xff,0x00,0xff,0x00,0xff,0x00,0xff,0x00,0xff,0x00,0xff,0x00,0xff,0x00,0xff,0x00,0xff,0x00,0xff,0x00,0xff,0x00,0xff,0x00,0xff,0x00,0xac,0xff,0xac,0xff,0xac,0xff,
    0xac,0xff,0xac,0xff,0xac,0xff,0xac,0xff,0xac,0xff,0xac,0xff,0xac,0xff,0xac,0xff,0xff,0x00,0xff,0x00,0xff,0x00,0xff,0x00,0xff,0x00,0xff,0x00,0xff,0x00,0xff,0x00,
    0xff,0x00,0xff,0x00,0xff,0x00,0xff,0x00,0xff,0x00,0xac,0xff,0xac,0xff,0xac,0xff,0xff,0x00,0xff,0x00,0xff,0x00,0xff,0x00,0xff,0x00,0xff,0x00,0xff,0x00,0xff,0x00,
    0xff,0x00,0xff,0x00,0xff,0x00,0xff,0x00,0xff,0x00,0xff,0x00,0xff,0x00,0xff,0x00,0xff,0x00,0xff,0x00,0xff,0x00,0xff,0x00,0xff,0x00,0xff,0x00,0xff,0x00,0xff,0x00,
    0xff,0x00,0xff,0x00,0xff,0x00,0xff,0x00,0xff,0x00,0xff,0x00,0xff,0x00,0xff,0x00,0xff,0x00,0xac,0xff,0xac,0xff,0xac,0xff,0xff,0x00,0xff,0x00,0xff,0x00,0xff,0x00,
    0xff,0x00,0xac,0xff,0xac,0xff,0xac,0xff,0xff,0x00,0xff,0x00,0xff,0x00,0xff,0x00,0xff,0x00,0xff,0x00,0xff,0x00,0xff,0x00,0xff,0x00,0xff,0x00,0xff,0x00,0xff,0x00,
    0xff,0x00,0xac,0xff,0xac,0xff,0xac,0xff,0xff,0x00,0xff,0x00,0xff,0x00,0xff,0x00,0xff,0x00,0xac,0xff,0xac,0xff,0xac,0xff,0xff,0x00,0xff,0x00,0xff,0x00,0xff,0x00,
    0xff,0x00,0xff,0x00,0xff,0x00,0xff,0x00,0xff,0x00,0xff,0x00,0xff,0x00,0xff,0x00,0xff,0x00,0xac,0xff,0xac,0xff,0xac,0xff,0xff,0x00,0xff,0x00,0xff,0x00,0xff,0x00,
    0xff,0x00,0xff,0x00,0xff,0x00,0xff,0x00,0xff,0x00,0xff,0x00,0xff,0x00,0xff,0x00,0xff,0x00,0xff,0x00,0xff,0x00,0xff,0x00,0xff,0x00,0xff,0x00,0xff,0x00,0xff,0x00,
    0xff,0x00,0xac,0xff,0xac,0xff,0xac,0xff,0xff,0x00,0xff,0x00,0xff,0x00,0xff,0x00,0xff,0x00,0xac,0xff,0xac,0xff,0xac,0xff,0xac,0xff,0xac,0xff,0xac,0xff,0xff,0x00,
    0xff,0x00,0xff,0x00,0xff,0x00,0xff,0x00,0xff,0x00,0xff,0x00,0xff,0x00,0xff,0x00,0xff,0x00,0xff,0x00,0xff,0x00,0xff,0x00,0xff,0x00,0xff,0x00,0xff,0x00,0xff,0x00,
    0xff,0x00,0xff,0x00,0xff,0x00,0xff,0x00,0xac,0xff,0xac,0xff,0xac,0xff,0xff,0x00,0xff,0x00,0xff,0x00,0xff,0x00,0xff,0x00,0xac,0xff,0xac,0xff,0xac,0xff,0xff,0x00,
    0xff,0x00,0xff,0x00,0xff,0x00,0xff,0x00,0xff,0x00,0xff,0x00,0xff,0x00,0xff,0x00,0xff,0x00,0xff,0x00,0xff,0x00,0xff,0x00,0xac,0xff,0xac,0xff,0xac,0xff,0xac,0xff,
    0xac,0xff,0xac,0xff,0xac,0xff,0xac,0xff,0xac,0xff,0xac,0xff,0xac,0xff,0xff,0x00,0xff,0x00,0xff,0x00,0xff,0x00,0xff,0x00,0xff,0x00,0xff,0x00,0xff,0x00,0xff,0x00,
    0xff,0x00,0xff,0x00,0xff,0x00,0xff,0x00,0xac,0xff,0xac,0xff,0xac,0xff,0xff,0x00,0xff,0x00,0xff,0x00,0xff,0x00,0xff,0x00,0xff,0x00,0xff,0x00,0xff,0x00,0xff,0x00,
    0xff,0x00,0xff,0x00,0xff,0x00,0xff,0x00,0xff,0x00,0xff,0x00,0xff,0x00,0xff,0x00,0xff,0x00,0xff,0x00,0xff,0x00,0xff,0x00,0xff,0x00,0xff,0x00,0xff,0x00,0xff,0x00,
    0xff,0x00,0xff,0x00,0xff,0x00,0xff,0x00,0xff,0x00,0xff,0x00,0xff,0x00,0xff,0x00,0xac,0xff,0xac,0xff,0xac,0xff,0xff,0x00,0xff,0x00,0xff,0x00,0xff,0x00,0xff,0x00,
    0xac,0xff,0xac,0xff,0xac,0xff,0xff,0x00,0xff,0x00,0xff,0x00,0xff,0x00,0xff,0x00,0xff,0x00,0xff,0x00,0xff,0x00,0xff,0x00,0xff,0x00,0xff,0x00,0xff,0x00,0xff,0x00,
    0xac,0xff,0xac,0xff,0xac,0xff,0xff,0x00,0xff,0x00,0xff,0x00,0xff,0x00,0xff,0x00,0xac,0xff,0xac,0xff,0xac,0xff,0xff,0x00,0xff,0x00,0xff,0x00,0xff,0x00,0xff,0x00,
    0xff,0x00,0xff,0x00,0xff,0x00,0xff,0x00,0xff,0x00,0xff,0x00,0xff,0x00,0xff,0x00,0xac,0xff,0xac,0xff,0xac,0xff,0xff,0x00,0xff,0x00,0xff,0x00,0xff,0x00,0xff,0x00,
    0xff,0x00,0xff,0x00,0xff,0x00,0xff,0x00,0xff,0x00,0xff,0x00,0xff,0x00,0xff,0x00,0xff,0x00,0xff,0x00,0xff,0x00,0xff,0x00,0xff,0x00,0xff,0x00,0xff,0x00,0xff,0x00,
    0xac,0xff,0xac,0xff,0xac,0xff,0xff,0x00,0xff,0x00,0xff,0x00,0xff,0x00,0xff,0x00,0xac,0xff,0xac,0xff,0xac,0xff,0xac,0xff,0xac,0xff,0xac,0xff,0xff,0x00,0xff,0x00,
    0xff,0x00,0xac,0xff,0xac,0xff,0xac,0xff,0xac,0xff,0xac,0xff,0xff,0x00,0xff,0x00,0xff,0x00,0xff,0x00,0xff,0x00,0xff,0x00,0xff,0x00,0xff,0x00,0xff,0x00,0xff,0x00,
    0xff,0x00,0xff,0x00,0xff,0x00,0xac,0xff,0xac,0xff,0xac,0xff,0xff,0x00,0xff,0x00,0xff,0x00,0xff,0x00,0xff,0x00,0xac,0xff,0xac,0xff,0xac,0xff,0xff,0x00,0xff,0x00,
    0xff,0x00,0xff,0x00,0xff,0x00,0xff,0x00,0xff,0x00,0xff,0x00,0xff,0x00,0xff,0x00,0xff,0x00,0xff,0x00,0xff,0x00,0xac,0xff,0xac,0xff,0xac,0xff,0xac,0xff,0xac,0xff,
    0xac,0xff,0xac,0xff,0xac,0xff,0xac,0xff,0xac,0xff,0xac,0xff,0xff,0x00,0xff,0x00,0xff,0x00,0xff,0x00,0xff,0x00,0xff,0x00,0xff,0x00,0xff,0x00,0xff,0x00,0xff,0x00,
    0xff,0x00,0xff,0x00,0xff,0x00,0xac,0xff,0xac,0xff,0xac,0xff,0xac,0xff,0xac,0xff,0xac,0xff,0xac,0xff,0xac,0xff,0xac,0xff,0xff,0x00,0xff,0x00,0xff,0x00,0xff,0x00,
    0xff,0x00,0xff,0x00,0xff,0x00,0xff,0x00,0xff,0x00,0xff,0x00,0xff,0x00,0xff,0x00,0xff,0x00,0xff,0x00,0xff,0x00,0xff,0x00,0xff,0x00,0xff,0x00,0xff,0x00,0xff,0x00,
    0xff,0x00,0xff,0x00,0xff,0x00,0xff,0x00,0xff,0x00,0xff,0x00,0xff,0x00,0xac,0xff,0xac,0xff,0xac,0xff,0xff,0x00,0xff,0x00,0xff,0x00,0xff,0x00,0xff,0x00,0xac,0xff,
    0xac,0xff,0xac,0xff,0xff,0x00,0xff,0x00,0xff,0x00,0xff,0x00,0xff,0x00,0xff,0x00,0xff,0x00,0xff,0x00,0xff,0x00,0xff,0x00,0xff,0x00,0xff,0x00,0xff,0x00,0xac,0xff,
    0xac,0xff,0xac,0xff,0xac,0xff,0xac,0xff,0xff,0x00,0xac,0xff,0xac,0xff,0xac,0xff,0xac,0xff,0xac,0xff,0xff,0x00,0xff,0x00,0xff,0x00,0xff,0x00,0xff,0x00,0xff,0x00,
    0xff,0x00,0xff,0x00,0xff,0x00,0xff,0x00,0xff,0x00,0xff,0x00,0xff,0x00,0xac,0xff,0xac,0xff,0xac,0xff,0xac,0xff,0xac,0xff,0xac,0xff,0xac,0xff,0xac,0xff,0xac,0xff,
    0xff,0x00,0xff,0x00,0xff,0x00,0xff,0x00,0xff,0x00,0xff,0x00,0xff,0x00,0xff,0x00,0xff,0x00,0xff,0x00,0xff,0x00,0xff,0x00,0xff,0x00,0xff,0x00,0xff,0x00,0xac,0xff,
    0xac,0xff,0xac,0xff,0xff,0x00,0xff,0x00,0xff,0x00,0xac,0xff,0xac,0xff,0xac,0xff,0xac,0xff,0xac,0xff,0xac,0xff,0xac,0xff,0xac,0xff,0xff,0x00,0xff,0x00,0xff,0x00,
    0xff,0x00,0xff,0x00,0xac,0xff,0xac,0xff,0xac,0xff,0xff,0x00,0xff,0x00,0xff,0x00,0xff,0x00,0xff,0x00,0xff,0x00,0xff,0x00,0xff,0x00,0xff,0x00,0xff,0x00,0xff,0x00,
    0xff,0x00,0xff,0x00,0xac,0xff,0xac,0xff,0xac,0xff,0xac,0xff,0xac,0xff,0xac,0xff,0xac,0xff,0xac,0xff,0xac,0xff,0xac,0xff,0xac,0xff,0xff,0x00,0xff,0x00,0xff,0x00,
    0xff,0x00,0xff,0x00,0xff,0x00,0xff,0x00,0xff,0x00,0xff,0x00,0xff,0x00,0xff,0x00,0xff,0x00,0xff,0x00,0xac,0xff,0xac,0xff,0xac,0xff,0xff,0x00,0xff,0x00,0xac,0xff,
    0xff,0x00,0xff,0x00,0xac,0xff,0xac,0xff,0xac,0xff,0xff,0x00,0xff,0x00,0xff,0x00,0xff,0x00,0xff,0x00,0xff,0x00,0xff,0x00,0xff,0x00,0xff,0x00,0xff,0x00,0xff,0x00,
    0xff,0x00,0xff,0x00,0xac,0xff,0xac,0xff,0xac,0xff,0xff,0x00,0xff,0x00,0xff,0x00,0xff,0x00,0xff,0x00,0xff,0x00,0xff,0x00,0xff,0x00,0xff,0x00,0xff,0x00,0xff,0x00,
    0xff,0x00,0xff,0x00,0xff,0x00,0xff,0x00,0xff,0x00,0xff,0x00,0xff,0x00,0xff,0x00,0xff,0x00,0xff,0x00,0xff,0x00,0xff,0x00,0xff,0x00,0xff,0x00,0xff,0x00,0xff,0x00,
    0xff,0x00,0xff,0x00,0xff,0x00,0xff,0x00,0xff,0x00,0xff,0x00,0xac,0xff,0xac,0xff,0xac,0xff,0xff,0x00,0xff,0x00,0xff,0x00,0xff,0x00,0xff,0x00,0xac,0xff,0xac,0xff,
    0xac,0xff,0xff,0x00,0xff,0x00,0xff,0x00,0xff,0x00,0xff,0x00,0xff,0x00,0xff,0x00,0xff,0x00,0xff,0x00,0xff,0x00,0xff,0x00,0xff,0x00,0xff,0x00,0xff,0x00,0xff,0x00,
    0xac,0xff,0xac,0xff,0xac,0xff,0xac,0xff,0xac,0xff,0xac,0xff,0xac,0xff,0xff,0x00,0xff,0x00,0xff,0x00,0xff,0x00,0xff,0x00,0xff,0x00,0xff,0x00,0xff,0x00,0xff,0x00,
    0xff,0x00,0xff,0x00,0xff,0x00,0xff,0x00,0xff,0x00,0xff,0x00,0xac,0xff,0xac,0xff,0xac,0xff,0xff,0x00,0xff,0x00,0xff,0x00,0xff,0x00,0xff,0x00,0xff,0x00,0xff,0x00,
    0xff,0x00,0xff,0x00,0xff,0x00,0xff,0x00,0xff,0x00,0xff,0x00,0xff,0x00,0xff,0x00,0xff,0x00,0xff,0x00,0xff,0x00,0xff,0x00,0xff,0x00,0xff,0x00,0xac,0xff,0xac,0xff,
    0xac,0xff,0xac,0xff,0xac,0xff,0xac,0xff,0xac,0xff,0xac,0xff,0xff,0x00,0xff,0x00,0xff,0x00,0xac,0xff,0xac,0xff,0xac,0xff,0xff,0x00,0xff,0x00,0xff,0x00,0xff,0x00,
    0xff,0x00,0xac,0xff,0xac,0xff,0xac,0xff,0xff,0x00,0xff,0x00,0xff,0x00,0xff,0x00,0xff,0x00,0xff,0x00,0xff,0x00,0xff,0x00,0xff,0x00,0xff,0x00,0xff,0x00,0xff,0x00,
    0xff,0x00,0xac,0xff,0xac,0xff,0xac,0xff,0xac,0xff,0xac,0xff,0xac,0xff,0xac,0xff,0xac,0xff,0xac,0xff,0xac,0xff,0xac,0xff,0xff,0x00,0xff,0x00,0xff,0x00,0xff,0x00,
    0xff,0x00,0xff,0x00,0xff,0x00,0xff,0x00,0xff,0x00,0xff,0x00,0xff,0x00,0xff,0x00,0xff,0x00,0xac,0xff,0xac,0xff,0xac,0xff,0xff,0x00,0xff,0x00,0xac,0xff,0xff,0x00,
    0xff,0x00,0xac,0xff,0xac,0xff,0xac,0xff,0xff,0x00,0xff,0x00,0xff,0x00,0xff,0x00,0xff,0x00,0xff,0x00,0xff,0x00,0xff,0x00,0xff,0x00,0xff,0x00,0xff,0x00,0xff,0x00,
    0xff,0x00,0xac,0xff,0xac,0xff,0xac,0xff,0xff,0x00,0xff,0x00,0xff,0x00,0xff,0x00,0xff,0x00,0xff,0x00,0xff,0x00,0xff,0x00,0xff,0x00,0xff,0x00,0xff,0x00,0xff,0x00,
    0xff,0x00,0xff,0x00,0xff,0x00,0xff,0x00,0xff,0x00,0xff,0x00,0xff,0x00,0xff,0x00,0xff,0x00,0xff,0x00,0xff,0x00,0xff,0x00,0xff,0x00,0xff,0x00,0xff,0x00,0xff,0x00,
    0xff,0x00,0xff,0x00,0xff,0x00,0xff,0x00,0xff,0x00,0xac,0xff,0xac,0xff,0xac,0xff,0xff,0x00,0xff,0x00,0xff,0x00,0xff,0x00,0xff,0x00,0xac,0xff,0xac,0xff,0xac,0xff,
    0xff,0x00,0xff,0x00,0xff,0x00,0xff,0x00,0xff,0x00,0xff,0x00,0xff,0x00,0xff,0x00,0xff,0x00,0xff,0x00,0xff,0x00,0xff,0x00,0xff,0x00,0xff,0x00,0xff,0x00,0xac,0xff,
    0xac,0xff,0xac,0xff,0xac,0xff,0xac,0xff,0xac,0xff,0xac,0xff,0xff,0x00,0xff,0x00,0xff,0x00,0xff,0x00,0xff,0x00,0xff,0x00,0xff,0x00,0xff,0x00,0xff,0x00,0xff,0x00,
    0xff,0x00,0xff,0x00,0xff,0x00,0xff,0x00,0xff,0x00,0xac,0xff,0xac,0xff,0xac,0xff,0xff,0x00,0xff,0x00,0xff,0x00,0xff,0x00,0xff,0x00,0xff,0x00,0xff,0x00,0xff,0x00,
    0xff,0x00,0xff,0x00,0xff,0x00,0xff,0x00,0xff,0x00,0xff,0x00,0xff,0x00,0xff,0x00,0xff,0x00,0xff,0x00,0xff,0x00,0xff,0x00,0xff,0x00,0xac,0xff,0xac,0xff,0xac,0xff,
    0xac,0xff,0xac,0xff,0xac,0xff,0xac,0xff,0xac,0xff,0xff,0x00,0xff,0x00,0xff,0x00,0xff,0x00,0xff,0x00,0xac,0xff,0xac,0xff,0xac,0xff,0xff,0x00,0xff,0x00,0xff,0x00,
    0xac,0xff,0xac,0xff,0xac,0xff,0xff,0x00,0xff,0x00,0xff,0x00,0xff,0x00,0xff,0x00,0xff,0x00,0xff,0x00,0xff,0x00,0xff,0x00,0xff,0x00,0xff,0x00,0xff,0x00,0xff,0x00,
    0xac,0xff,0xac,0xff,0xac,0xff,0xff,0x00,0xff,0x00,0xff,0x00,0xff,0x00,0xff,0x00,0xac,0xff,0xac,0xff,0xac,0xff,0xff,0x00,0xff,0x00,0xff,0x00,0xff,0x00,0xff,0x00,
    0xff,0x00,0xff,0x00,0xff,0x00,0xff,0x00,0xff,0x00,0xff,0x00,0xff,0x00,0xff,0x00,0xac,0xff,0xac,0xff,0xac,0xff,0xff,0x00,0xff,0x00,0xff,0x00,0xff,0x00,0xff,0x00,
    0xac,0xff,0xac,0xff,0xac,0xff,0xff,0x00,0xff,0x00,0xff,0x00,0xff,0x00,0xff,0x00,0xff,0x00,0xff,0x00,0xff,0x00,0xff,0x00,0xff,0x00,0xff,0x00,0xff,0x00,0xff,0x00,
    0xac,0xff,0xac,0xff,0xac,0xff,0xff,0x00,0xff,0x00,0xff,0x00,0xff,0x00,0xff,0x00,0xff,0x00,0xff,0x00,0xff,0x00,0xff,0x00,0xff,0x00,0xff,0x00,0xff,0x00,0xff,0x00,
    0xff,0x00,0xff,0x00,0xff,0x00,0xff,0x00,0xff,0x00,0xff,0x00,0xff,0x00,0xff,0x00,0xff,0x00,0xff,0x00,0xff,0x00,0xff,0x00,0xff,0x00,0xff,0x00,0xff,0x00,0xff,0x00,
    0xff,0x00,0xff,0x00,0xff,0x00,0xff,0x00,0xac,0xff,0xac,0xff,0xac,0xff,0xff,0x00,0xff,0x00,0xff,0x00,0xff,0x00,0xff,0x00,0xac,0xff,0xac,0xff,0xac,0xff,0xff,0x00,
    0xff,0x00,0xff,0x00,0xff,0x00,0xff,0x00,0xff,0x00,0xff,0x00,0xff,0x00,0xff,0x00,0xff,0x00,0xff,0x00,0xff,0x00,0xff,0x00,0xff,0x00,0xff,0x00,0xff,0x00,0xac,0xff,
    0xac,0xff,0xac,0xff,0xac,0xff,0xac,0xff,0xff,0x00,0xff,0x00,0xff,0x00,0xff,0x00,0xff,0x00,0xff,0x00,0xff,0x00,0xff,0x00,0xff,0x00,0xff,0x00,0xff,0x00,0xff,0x00,
    0xff,0x00,0xff,0x00,0xff,0x00,0xff,0x00,0xac,0xff,0xac,0xff,0xac,0xff,0xff,0x00,0xff,0x00,0xff,0x00,0xff,0x00,0xff,0x00,0xff,0x00,0xff,0x00,0xff,0x00,0xff,0x00,
    0xff,0x00,0xff,0x00,0xff,0x00,0xff,0x00,0xff,0x00,0xff,0x00,0xff,0x00,0xff,0x00,0xff,0x00,0xff,0x00,0xff,0x00,0xff,0x00,0xac,0xff,0xac,0xff,0xac,0xff,0xff,0x00,
    0xff,0x00,0xac,0xff,0xac,0xff,0xac,0xff,0xac,0xff,0xff,0x00,0xff,0x00,0xff,0x00,0xff,0x00,0xff,0x00,0xac,0xff,0xac,0xff,0xac,0xff,0xac,0xff,0xac,0xff,0xac,0xff,
    0xac,0xff,0xac,0xff,0xff,0x00,0xff,0x00,0xff,0x00,0xff,0x00,0xff,0x00,0xff,0x00,0xff,0x00,0xff,0x00,0xff,0x00,0xff,0x00,0xff,0x00,0xff,0x00,0xff,0x00,0xac,0xff,
    0xac,0xff,0xac,0xff,0xff,0x00,0xff,0x00,0xff,0x00,0xff,0x00,0xff,0x00,0xac,0xff,0xac,0xff,0xac,0xff,0xff,0x00,0xff,0x00,0xff,0x00,0xff,0x00,0xff,0x00,0xff,0x00,
    0xff,0x00,0xff,0x00,0xff,0x00,0xff,0x00,0xff,0x00,0xff,0x00,0xff,0x00,0xac,0xff,0xac,0xff,0xac,0xff,0xff,0x00,0xff,0x00,0xff,0x00,0xff,0x00,0xff,0x00,0xac,0xff,
    0xac,0xff,0xac,0xff,0xff,0x00,0xff,0x00,0xff,0x00,0xff,0x00,0xff,0x00,0xff,0x00,0xff,0x00,0xff,0x00,0xff,0x00,0xff,0x00,0xff,0x00,0xff,0x00,0xff,0x00,0xac,0xff,
    0xac,0xff,0xac,0xff,0xac,0xff,0xac,0xff,0xac,0xff,0xac,0xff,0xac,0xff,0xac,0xff,0xac,0xff,0xac,0xff,0xff,0x00,0xff,0x00,0xff,0x00,0xff,0x00,0xff,0x00,0xff,0x00,
    0xff,0x00,0xff,0x00,0xff,0x00,0xff,0x00,0xff,0x00,0xff,0x00,0xff,0x00,0xff,0x00,0xff,0x00,0xff,0x00,0xff,0x00,0xff,0x00,0xff,0x00,0xff,0x00,0xff,0x00,0xff,0x00,
    0xff,0x00,0xff,0x00,0xff,0x00,0xff,0x00,0xff,0x00,0xac,0xff,0xac,0xff,0xac,0xff,0xac,0xff,0xac,0xff,0xac,0xff,0xac,0xff,0xff,0x00,0xff,0x00,0xff,0x00,0xff,0x00,
    0xff,0x00,0xff,0x00,0xff,0x00,0xff,0x00,0xff,0x00,0xff,0x00,0xff,0x00,0xff,0x00,0xff,0x00,0xff,0x00,0xff,0x00,0xff,0x00,0xff,0x00,0xff,0x00,0xff,0x00,0xff,0x00,
    0xac,0xff,0xff,0x00,0xff,0x00,0xff,0x00,0xff,0x00,0xff,0x00,0xff,0x00,0xff,0x00,0xff,0x00,0xff,0x00,0xff,0x00,0xff,0x00,0xff,0x00,0xff,0x00,0xff,0x00,0xff,0x00,
    0xff,0x00,0xff,0x00,0xff,0x00,0xac,0xff,0xac,0xff,0xac,0xff,0xac,0xff,0xac,0xff,0xac,0xff,0xac,0xff,0xac,0xff,0xac,0xff,0xac,0xff,0xac,0xff,0xff,0x00,0xff,0x00,
    0xff,0x00,0xff,0x00,0xff,0x00,0xff,0x00,0xff,0x00,0xff,0x00,0xff,0x00,0xff,0x00,0xff,0x00,0xff,0x00,0xff,0x00,0xac,0xff,0xac,0xff,0xac,0xff,0xff,0x00,0xff,0x00,
    0xff,0x00,0xac,0xff,0xac,0xff,0xac,0xff,0xac,0xff,0xac,0xff,0xff,0x00,0xff,0x00,0xff,0x00,0xac,0xff,0xac,0xff,0xac,0xff,0xac,0xff,0xac,0xff,0xac,0xff,0xac,0xff,
    0xac,0xff,0xff,0x00,0xff,0x00,0xff,0x00,0xff,0x00,0xff,0x00,0xff,0x00,0xff,0x00,0xff,0x00,0xff,0x00,0xff,0x00,0xff,0x00,0xff,0x00,0xff,0x00,0xac,0xff,0xac,0xff,
    0xac,0xff,0xff,0x00,0xff,0x00,0xff,0x00,0xff,0x00,0xff,0x00,0xac,0xff,0xac,0xff,0xac,0xff,0xff,0x00,0xff,0x00,0xff,0x00,0xff,0x00,0xff,0x00,0xff,0x00,0xff,0x00,
    0xff,0x00,0xff,0x00,0xff,0x00,0xff,0x00,0xff,0x00,0xff,0x00,0xac,0xff,0xac,0xff,0xac,0xff,0xff,0x00,0xff,0x00,0xff,0x00,0xff,0x00,0xff,0x00,0xac,0xff,0xac,0xff,
    0xac,0xff,0xff,0x00,0xff,0x00,0xff,0x00,0xff,0x00,0xff,0x00,0xff,0x00,0xff,0x00,0xff,0x00,0xff,0x00,0xff,0x00,0xff,0x00,0xff,0x00,0xff,0x00,0xac,0xff,0xac,0xff,
    0xac,0xff,0xac,0xff,0xac,0xff,0xac,0xff,0xac,0xff,0xac,0xff,0xac,0xff,0xac,0xff,0xac,0xff,0xff,0x00,0xff,0x00,0xff,0x00,0xff,0x00,0xff,0x00,0xff,0x00,0xff,0x00,
    0xff,0x00,0xff,0x00,0xff,0x00,0xff,0x00,0xff,0x00,0xff,0x00,0xff,0x00,0xff,0x00,0xff,0x00,0xff,0x00,0xff,0x00,0xff,0x00,0xff,0x00,0xff,0x00,0xff,0x00,0xff,0x00,
    0xff,0x00,0xff,0x00,0xff,0x00,0xff,0x00,0xac,0xff,0xac,0xff,0xac,0xff,0xac,0xff,0xac,0xff,0xac,0xff,0xac,0xff,0xff,0x00,0xff,0x00,0xff,0x00,0xff,0x00,0xff,0x00,
    0xff,0x00,0xff,0x00,0xff,0x00,0xff,0x00,0xff,0x00,0xff,0x00,0xff,0x00,0xff,0x00,0xff,0x00,0xff,0x00,0xff,0x00,0xff,0x00,0xff,0x00,0xff,0x00,0xff,0x00,0xac,0xff,
    0xff,0x00,0xff,0x00,0xff,0x00,0xff,0x00,0xff,0x00,0xff,0x00,0xff,0x00,0xff,0x00,0xff,0x00,0xff,0x00,0xff,0x00,0xff,0x00,0xff,0x00,0xff,0x00,0xff,0x00,0xff,0x00,
    0xff,0x00,0xff,0x00,0xac,0xff,0xac,0xff,0xac,0xff,0xac,0xff,0xac,0xff,0xac,0xff,0xac,0xff,0xac,0xff,0xac,0xff,0xac,0xff,0xac,0xff,0xff,0x00,0xff,0x00,0xff,0x00,
    0xff,0x00,0xff,0x00,0xff,0x00,0xff,0x00,0xff,0x00,0xff,0x00,0xff,0x00,0xff,0x00,0xff,0x00,0xff,0x00,0xac,0xff,0xac,0xff,0xac,0xff,0xff,0x00,0xff,0x00,0xff,0x00,
    0xac,0xff,0xac,0xff,0xac,0xff,0xac,0xff,0xac,0xff,
};
static const lv_image_dsc_t dino_image_game_over = {
    .header = {.magic = LV_IMAGE_HEADER_MAGIC, .cf = LV_COLOR_FORMAT_AL88, .w = 191, .h = 11, .stride = 382},
    .data_size = sizeof(dino_pixels_game_over), .data = dino_pixels_game_over,
};

_Alignas(4) static const uint8_t dino_pixels_restart[] = {
    0xff,0x00,0xff,0x00,0xff,0x00,0xff,0x00,0xff,0x00,0xff,0x00,0xff,0x00,0xff,0x00,0xff,0x00,0xff,0x00,0xff,0x00,0xff,0x00,0xff,0x00,0xff,0x00,0xff,0x00,0xff,0x00,
    0xff,0x00,0xff,0x00,0xff,0x00,0xff,0x00,0xff,0x00,0xff,0x00,0xff,0x00,0xff,0x00,0xff,0x00,0xff,0x00,0xff,0x00,0xff,0x00,0xff,0x00,0xff,0x00,0xff,0x00,0xff,0x00,
    0xff,0x00,0xff,0x00,0xff,0x00,0xff,0x00,0xff,0x00,0xff,0x00,0xff,0x00,0xff,0x00,0xff,0x00,0xff,0x00,0xff,0x00,0xff,0x00,0xff,0x00,0xff,0x00,0xff,0x00,0xff,0x00,
    0xff,0x00,0xff,0x00,0xff,0x00,0xff,0x00,0xff,0x00,0xff,0x00,0xff,0x00,0xff,0x00,0xff,0x00,0xff,0x00,0xff,0x00,0xff,0x00,0xff,0x00,0xff,0x00,0xff,0x00,0xff,0x00,
    0xff,0x00,0xff,0x00,0xff,0x00,0xff,0x00,0xff,0x00,0xff,0x00,0xff,0x00,0xff,0x00,0xff,0x00,0xff,0x00,0xff,0x00,0xff,0x00,0xff,0x00,0xff,0x00,0xff,0x00,0xff,0x00,
    0xff,0x00,0xff,0x00,0xff,0x00,0xff,0x00,0xff,0x00,0x00,0xff,0x00,0xff,0x00,0xff,0x00,0xff,0x00,0xff,0x00,0xff,0x00,0xff,0xff,0x00,0xff,0x00,0xff,0x00,0xff,0x00,
    0xff,0x00,0xff,0x00,0xff,0x00,0xff,0x00,0xff,0x00,0xff,0x00,0xff,0x00,0xff,0x00,0xff,0x00,0xff,0x00,0xff,0x00,0xff,0x00,0xff,0x00,0xff,0x00,0xff,0x00,0xff,0x00,
    0xff,0x00,0xff,0x00,0xff,0x00,0xff,0x00,0xff,0x00,0xff,0x00,0xff,0x00,0xff,0x00,0x00,0xff,0xac,0xff,0xac,0xff,0xac,0xff,0xac,0xff,0xac,0xff,0xac,0xff,0xac,0xff,
    0x00,0xff,0x00,0xff,0x00,0xff,0xff,0x00,0xff,0x00,0xff,0x00,0xff,0x00,0xff,0x00,0xff,0x00,0xff,0x00,0xff,0x00,0xff,0x00,0xff,0x00,0xff,0x00,0xff,0x00,0xff,0x00,
    0xff,0x00,0xff,0x00,0xff,0x00,0xff,0x00,0xff,0x00,0xff,0x00,0xff,0x00,0xff,0x00,0xff,0x00,0xff,0x00,0x00,0xff,0x00,0xff,0x00,0xff,0xac,0xff,0xac,0xff,0xac,0xff,
    0xac,0xff,0xac,0xff,0xac,0xff,0xac,0xff,0x00,0xff,0x00,0xff,0x00,0xff,0x00,0xff,0x00,0xff,0xff,0x00,0xff,0x00,0xff,0x00,0xff,0x00,0xff,0x00,0xff,0x00,0xff,0x00,
    0xff,0x00,0xff,0x00,0xff,0x00,0xff,0x00,0xff,0x00,0xff,0x00,0xff,0x00,0xff,0x00,0xff,0x00,0xff,0x00,0xff,0x00,0xff,0x00,0xff,0x00,0x00,0xff,0x00,0xff,0x00,0xff,
    0xac,0xff,0xac,0xff,0xac,0xff,0xac,0xff,0xac,0xff,0xac,0xff,0xac,0xff,0xac,0xff,0xac,0xff,0xac,0xff,0xac,0xff,0x00,0xff,0x00,0xff,0x00,0xff,0xff,0x00,0xff,0x00,
    0xff,0x00,0xff,0x00,0xff,0x00,0xff,0x00,0xff,0x00,0xff,0x00,0xff,0x00,0xff,0x00,0xff,0x00,0xff,0x00,0xff,0x00,0xff,0x00,0xff,0x00,0xff,0x00,0xff,0x00,0xff,0x00,
    0x00,0xff,0x00,0xff,0xac,0xff,0xac,0xff,0xac,0xff,0xac,0xff,0xac,0xff,0xac,0xff,0xac,0xff,0xac,0xff,0xac,0xff,0xac,0xff,0xac,0xff,0xac,0xff,0xac,0xff,0xac,0xff,
    0xac,0xff,0x00,0xff,0x00,0xff,0xff,0x00,0xff,0x00,0xff,0x00,0xff,0x00,0xff,0x00,0xff,0x00,0xff,0x00,0xff,0x00,0xff,0x00,0xff,0x00,0xff,0x00,0xff,0x00,0xff,0x00,
    0xff,0x00,0xff,0x00,0xff,0x00,0x00,0xff,0xac,0xff,0xac,0xff,0xac,0xff,0xac,0xff,0xac,0xff,0xac,0xff,0xac,0xff,0xac,0xff,0xac,0xff,0xac,0xff,0xac,0xff,0xac,0xff,
    0xac,0xff,0xac,0xff,0xac,0xff,0xac,0xff,0xac,0xff,0xac,0xff,0x00,0xff,0x00,0xff,0xff,0x00,0xff,0x00,0xff,0x00,0xff,0x00,0xff,0x00,0xff,0x00,0xff,0x00,0xff,0x00,
    0xff,0x00,0xff,0x00,0xff,0x00,0xff,0x00,0xff,0x00,0xff,0x00,0x00,0xff,0x00,0xff,0xac,0xff,0xac,0xff,0xac,0xff,0xac,0xff,0xac,0xff,0xac,0xff,0xac,0xff,0xac,0xff,
    0xac,0xff,0xac,0xff,0xac,0xff,0xac,0xff,0xac,0xff,0xac,0xff,0xac,0xff,0xac,0xff,0xac,0xff,0xac,0xff,0xac,0xff,0xac,0xff,0x00,0xff,0xff,0x00,0xff,0x00,0xff,0x00,
    0xff,0x00,0xff,0x00,0xff,0x00,0xff,0x00,0xff,0x00,0xff,0x00,0xff,0x00,0xff,0x00,0xff,0x00,0x00,0xff,0xac,0xff,0x00,0xff,0xac,0xff,0xac,0xff,0xac,0xff,0xac,0xff,
    0xac,0xff,0xac,0xff,0xac,0xff,0xac,0xff,0xac,0xff,0xac,0xff,0xac,0xff,0xac,0xff,0xac,0xff,0xac,0xff,0xac,0xff,0xac,0xff,0xac,0xff,0xac,0xff,0xac,0xff,0xac,0xff,
    0xac,0xff,0x00,0xff,0xff,0x00,0xff,0x00,0xff,0x00,0xff,0x00,0xff,0x00,0xff,0x00,0xff,0x00,0xff,0x00,0xff,0x00,0xff,0x00,0xff,0x00,0x00,0xff,0xac,0xff,0x00,0xff,
    0x00,0xff,0x00,0xff,0xac,0xff,0xac,0xff,0xac,0xff,0xac,0xff,0xac,0xff,0xac,0xff,0xac,0xff,0xac,0xff,0xac,0xff,0xac,0xff,0xac,0xff,0xac,0xff,0xac,0xff,0xac,0xff,
    0xac,0xff,0xac,0xff,0xac,0xff,0xac,0xff,0xac,0xff,0x00,0xff,0xff,0x00,0xff,0x00,0xff,0x00,0xff,0x00,0xff,0x00,0xff,0x00,0xff,0x00,0xff,0x00,0xff,0x00,0xff,0x00,
    0xff,0x00,0x00,0xff,0xac,0xff,0xac,0xff,0x00,0xff,0x00,0xff,0xac,0xff,0xac,0xff,0xac,0xff,0xac,0xff,0x00,0xff,0x00,0xff,0x00,0xff,0x00,0xff,0x00,0xff,0x00,0xff,
    0x00,0xff,0x00,0xff,0x00,0xff,0x00,0xff,0x00,0xff,0x00,0xff,0x00,0xff,0x00,0xff,0x00,0xff,0x00,0xff,0xff,0x00,0xff,0x00,0xff,0x00,0xff,0x00,0xff,0x00,0xff,0x00,
    0xff,0x00,0xff,0x00,0xff,0x00,0xff,0x00,0x00,0xff,0xac,0xff,0xac,0xff,0xac,0xff,0x00,0xff,0x00,0xff,0x00,0xff,0xac,0xff,0xac,0xff,0x00,0xff,0x00,0xff,0x00,0xff,
    0xac,0xff,0xac,0xff,0xac,0xff,0x00,0xff,0x00,0xff,0x00,0xff,0xac,0xff,0xac,0xff,0xac,0xff,0xac,0xff,0xac,0xff,0xac,0xff,0xac,0xff,0x00,0xff,0x00,0xff,0xff,0x00,
    0xff,0x00,0xff,0x00,0xff,0x00,0xff,0x00,0xff,0x00,0xff,0x00,0xff,0x00,0xff,0x00,0x00,0xff,0xac,0xff,0xac,0xff,0xac,0xff,0xac,0xff,0xac,0xff,0x00,0xff,0xac,0xff,
    0x00,0xff,0x00,0xff,0xac,0xff,0xac,0xff,0xac,0xff,0xac,0xff,0xac,0xff,0xac,0xff,0x00,0xff,0x00,0xff,0x00,0xff,0xac,0xff,0xac,0xff,0xac,0xff,0xac,0xff,0xac,0xff,
    0xac,0xff,0xac,0xff,0x00,0xff,0xff,0x00,0xff,0x00,0xff,0x00,0xff,0x00,0xff,0x00,0xff,0x00,0xff,0x00,0xff,0x00,0xff,0x00,0x00,0xff,0xac,0xff,0xac,0xff,0xac,0xff,
    0xac,0xff,0xac,0xff,0x00,0xff,0x00,0xff,0x00,0xff,0xac,0xff,0xac,0xff,0xac,0xff,0xac,0xff,0xac,0xff,0xac,0xff,0xac,0xff,0xac,0xff,0xac,0xff,0x00,0xff,0xac,0xff,
    0xac,0xff,0xac,0xff,0xac,0xff,0xac,0xff,0xac,0xff,0xac,0xff,0x00,0xff,0xff,0x00,0xff,0x00,0xff,0x00,0xff,0x00,0xff,0x00,0xff,0x00,0xff,0x00,0xff,0x00,0xff,0x00,
    0x00,0xff,0xac,0xff,0xac,0xff,0xac,0xff,0xac,0xff,0xac,0xff,0xac,0xff,0x00,0xff,0x00,0xff,0xac,0xff,0xac,0xff,0xac,0xff,0xac,0xff,0xac,0xff,0xac,0xff,0xac,0xff,
    0xac,0xff,0xac,0xff,0x00,0xff,0xac,0xff,0xac,0xff,0xac,0xff,0xac,0xff,0xac,0xff,0xac,0xff,0xac,0xff,0x00,0xff,0xff,0x00,0xff,0x00,0xff,0x00,0xff,0x00,0xff,0x00,
    0xff,0x00,0xff,0x00,0xff,0x00,0xff,0x00,0x00,0xff,0xac,0xff,0xac,0xff,0xac,0xff,0xac,0xff,0xac,0xff,0xac,0xff,0x00,0xff,0x00,0xff,0xac,0xff,0xac,0xff,0xac,0xff,
    0xac,0xff,0xac,0xff,0xac,0xff,0xac,0xff,0xac,0xff,0xac,0xff,0x00,0xff,0xac,0xff,0xac,0xff,0xac,0xff,0xac,0xff,0xac,0xff,0xac,0xff,0xac,0xff,0x00,0xff,0xff,0x00,
    0xff,0x00,0xff,0x00,0xff,0x00,0xff,0x00,0xff,0x00,0xff,0x00,0xff,0x00,0xff,0x00,0x00,0xff,0xac,0xff,0xac,0xff,0xac,0xff,0xac,0xff,0xac,0xff,0xac,0xff,0xac,0xff,
    0x00,0xff,0xac,0xff,0xac,0xff,0xac,0xff,0xac,0xff,0xac,0xff,0xac,0xff,0xac,0xff,0xac,0xff,0xac,0xff,0x00,0xff,0xac,0xff,0xac,0xff,0xac,0xff,0xac,0xff,0xac,0xff,
    0xac,0xff,0xac,0xff,0x00,0xff,0xff,0x00,0xff,0x00,0xff,0x00,0xff,0x00,0xff,0x00,0xff,0x00,0xff,0x00,0xff,0x00,0xff,0x00,0x00,0xff,0xac,0xff,0xac,0xff,0xac,0xff,
    0xac,0xff,0xac,0xff,0xac,0xff,0xac,0xff,0x00,0xff,0x00,0xff,0xac,0xff,0xac,0xff,0xac,0xff,0xac,0xff,0xac,0xff,0xac,0xff,0x00,0xff,0x00,0xff,0x00,0xff,0xac,0xff,
    0xac,0xff,0xac,0xff,0xac,0xff,0xac,0xff,0xac,0xff,0xac,0xff,0x00,0xff,0xff,0x00,0xff,0x00,0xff,0x00,0xff,0x00,0xff,0x00,0xff,0x00,0xff,0x00,0xff,0x00,0xff,0x00,
    0x00,0xff,0xac,0xff,0xac,0xff,0xac,0xff,0xac,0xff,0xac,0xff,0xac,0xff,0xac,0xff,0xac,0xff,0x00,0xff,0x00,0xff,0x00,0xff,0xac,0xff,0xac,0xff,0xac,0xff,0x00,0xff,
    0x00,0xff,0x00,0xff,0xac,0xff,0xac,0xff,0xac,0xff,0xac,0xff,0xac,0xff,0xac,0xff,0xac,0xff,0xac,0xff,0x00,0xff,0xff,0x00,0xff,0x00,0xff,0x00,0xff,0x00,0xff,0x00,
    0xff,0x00,0xff,0x00,0xff,0x00,0xff,0x00,0x00,0xff,0x00,0xff,0xac,0xff,0xac,0xff,0xac,0xff,0xac,0xff,0xac,0xff,0xac,0xff,0xac,0xff,0xac,0xff,0x00,0xff,0x00,0xff,
    0x00,0xff,0x00,0xff,0x00,0xff,0x00,0xff,0x00,0xff,0x00,0xff,0xac,0xff,0xac,0xff,0xac,0xff,0xac,0xff,0xac,0xff,0xac,0xff,0xac,0xff,0x00,0xff,0x00,0xff,0xff,0x00,
    0xff,0x00,0xff,0x00,0xff,0x00,0xff,0x00,0xff,0x00,0xff,0x00,0xff,0x00,0xff,0x00,0xff,0x00,0x00,0xff,0xac,0xff,0xac,0xff,0xac,0xff,0xac,0xff,0xac,0xff,0xac,0xff,
    0xac,0xff,0xac,0xff,0xac,0xff,0xac,0xff,0xac,0xff,0xac,0xff,0x00,0xff,0x00,0xff,0xac,0xff,0xac,0xff,0xac,0xff,0xac,0xff,0xac,0xff,0xac,0xff,0xac,0xff,0xac,0xff,
    0xac,0xff,0x00,0xff,0xff,0x00,0xff,0x00,0xff,0x00,0xff,0x00,0xff,0x00,0xff,0x00,0xff,0x00,0xff,0x00,0xff,0x00,0xff,0x00,0xff,0x00,0x00,0xff,0xac,0xff,0xac,0xff,
    0xac,0xff,0xac,0xff,0xac,0xff,0xac,0xff,0xac,0xff,0xac,0xff,0xac,0xff,0xac,0xff,0xac,0xff,0xac,0xff,0x00,0xff,0x00,0xff,0xac,0xff,0xac,0xff,0xac,0xff,0xac,0xff,
    0xac,0xff,0xac,0xff,0xac,0xff,0xac,0xff,0xac,0xff,0x00,0xff,0xff,0x00,0xff,0x00,0xff,0x00,0xff,0x00,0xff,0x00,0xff,0x00,0xff,0x00,0xff,0x00,0xff,0x00,0xff,0x00,
    0xff,0x00,0xff,0x00,0x00,0xff,0xac,0xff,0xac,0xff,0xac,0xff,0xac,0xff,0xac,0xff,0xac,0xff,0xac,0xff,0xac,0xff,0xac,0xff,0xac,0xff,0xac,0xff,0x00,0xff,0x00,0xff,
    0xac,0xff,0xac,0xff,0xac,0xff,0xac,0xff,0xac,0xff,0xac,0xff,0xac,0xff,0xac,0xff,0x00,0xff,0xff,0x00,0xff,0x00,0xff,0x00,0xff,0x00,0xff,0x00,0xff,0x00,0xff,0x00,
    0xff,0x00,0xff,0x00,0xff,0x00,0xff,0x00,0xff,0x00,0xff,0x00,0xff,0x00,0x00,0xff,0xac,0xff,0xac,0xff,0xac,0xff,0xac,0xff,0xac,0xff,0xac,0xff,0xac,0xff,0xac,0xff,
    0xac,0xff,0x00,0xff,0x00,0xff,0xac,0xff,0xac,0xff,0xac,0xff,0xac,0xff,0xac,0xff,0xac,0xff,0xac,0xff,0x00,0xff,0x00,0xff,0xff,0x00,0xff,0x00,0xff,0x00,0xff,0x00,
    0xff,0x00,0xff,0x00,0xff,0x00,0xff,0x00,0xff,0x00,0xff,0x00,0xff,0x00,0xff,0x00,0xff,0x00,0xff,0x00,0xff,0x00,0x00,0xff,0x00,0xff,0x00,0xff,0xac,0xff,0xac,0xff,
    0xac,0xff,0xac,0xff,0xac,0xff,0xac,0xff,0xac,0xff,0x00,0xff,0xac,0xff,0xac,0xff,0xac,0xff,0xac,0xff,0xac,0xff,0xac,0xff,0xac,0xff,0x00,0xff,0x00,0xff,0x00,0xff,
    0xff,0x00,0xff,0x00,0xff,0x00,0xff,0x00,0xff,0x00,0xff,0x00,0xff,0x00,0xff,0x00,0xff,0x00,0xff,0x00,0xff,0x00,0xff,0x00,0xff,0x00,0xff,0x00,0xff,0x00,0xff,0x00,
    0x00,0xff,0x00,0xff,0x00,0xff,0xac,0xff,0xac,0xff,0xac,0xff,0xac,0xff,0xac,0xff,0x00,0xff,0x00,0xff,0xac,0xff,0xac,0xff,0xac,0xff,0xac,0xff,0xac,0xff,0x00,0xff,
    0x00,0xff,0x00,0xff,0xff,0x00,0xff,0x00,0xff,0x00,0xff,0x00,0xff,0x00,0xff,0x00,0xff,0x00,0xff,0x00,0xff,0x00,0xff,0x00,0xff,0x00,0xff,0x00,0xff,0x00,0xff,0x00,
    0xff,0x00,0xff,0x00,0xff,0x00,0xff,0x00,0xff,0x00,0xff,0x00,0x00,0xff,0xac,0xff,0xac,0xff,0xac,0xff,0xac,0xff,0xac,0xff,0x00,0xff,0xac,0xff,0xac,0xff,0xac,0xff,
    0xac,0xff,0xac,0xff,0xac,0xff,0x00,0xff,0x00,0xff,0xff,0x00,0xff,0x00,0xff,0x00,0xff,0x00,0xff,0x00,0xff,0x00,0xff,0x00,0xff,0x00,0xff,0x00,0xff,0x00,0xff,0x00,
    0xff,0x00,0xff,0x00,0xff,0x00,0xff,0x00,0xff,0x00,0xff,0x00,0xff,0x00,0xff,0x00,0xff,0x00,0xff,0x00,0xff,0x00,0x00,0xff,0x00,0xff,0xac,0xff,0xac,0xff,0xac,0xff,
    0x00,0xff,0xac,0xff,0xac,0xff,0xac,0xff,0x00,0xff,0x00,0xff,0x00,0xff,0xff,0x00,0xff,0x00,0xff,0x00,0xff,0x00,0xff,0x00,0xff,0x00,0xff,0x00,0xff,0x00,0xff,0x00,
    0xff,0x00,0xff,0x00,0xff,0x00,0xff,0x00,0xff,0x00,0xff,0x00,0xff,0x00,0xff,0x00,0xff,0x00,0xff,0x00,0xff,0x00,0xff,0x00,0xff,0x00,0xff,0x00,0xff,0x00,0xff,0x00,
    0xff,0x00,0x00,0xff,0x00,0xff,0x00,0xff,0x00,0xff,0x00,0xff,0x00,0xff,0x00,0xff,0x00,0xff,0xff,0x00,0xff,0x00,0xff,0x00,0xff,0x00,0xff,0x00,0xff,0x00,0xff,0x00,
    0xff,0x00,0xff,0x00,0xff,0x00,0xff,0x00,0xff,0x00,0xff,0x00,0xff,0x00,0xff,0x00,0xff,0x00,0xff,0x00,0xff,0x00,0xff,0x00,0xff,0x00,0xff,0x00,0xff,0x00,0xff,0x00,
    0xff,0x00,0xff,0x00,0xff,0x00,0xff,0x00,0xff,0x00,0xff,0x00,0xff,0x00,0xff,0x00,0xff,0x00,0xff,0x00,0xff,0x00,0xff,0x00,0xff,0x00,0xff,0x00,0xff,0x00,0xff,0x00,
    0xff,0x00,0xff,0x00,0xff,0x00,0xff,0x00,0xff,0x00,0xff,0x00,0xff,0x00,0xff,0x00,0xff,0x00,0xff,0x00,0xff,0x00,0xff,0x00,0xff,0x00,0xff,0x00,0xff,0x00,0xff,0x00,
    0xff,0x00,0xff,0x00,0xff,0x00,0xff,0x00,0xff,0x00,0xff,0x00,0xff,0x00,0xff,0x00,0xff,0x00,0xff,0x00,0xff,0x00,0xff,0x00,0xff,0x00,0xff,0x00,0xff,0x00,0xff,0x00,
    0xff,0x00,0xff,0x00,0xff,0x00,0xff,0x00,0xff,0x00,0xff,0x00,0xff,0x00,0xff,0x00,0xff,0x00,0xff,0x00,0xff,0x00,0xff,0x00,0xff,0x00,0xff,0x00,0xff,0x00,0xff,0x00,
};
static const lv_image_dsc_t dino_image_restart = {
    .header = {.magic = LV_IMAGE_HEADER_MAGIC, .cf = LV_COLOR_FORMAT_AL88, .w = 36, .h = 32, .stride = 72},
    .data_size = sizeof(dino_pixels_restart), .data = dino_pixels_restart,
};

_Alignas(4) static const uint8_t dino_pixels_hi[] = {
    0xac,0xff,0xac,0xff,0xac,0xff,0xff,0x00,0xff,0x00,0xff,0x00,0xac,0xff,0xac,0xff,0xac,0xff,0xff,0x00,0xff,0x00,0xac,0xff,0xac,0xff,0xac,0xff,0xac,0xff,0xac,0xff,
    0xac,0xff,0xac,0xff,0xac,0xff,0xff,0x00,0xac,0xff,0xac,0xff,0xac,0xff,0xff,0x00,0xff,0x00,0xff,0x00,0xac,0xff,0xac,0xff,0xac,0xff,0xff,0x00,0xff,0x00,0xac,0xff,
    0xac,0xff,0xac,0xff,0xac,0xff,0xac,0xff,0xac,0xff,0xac,0xff,0xac,0xff,0xff,0x00,0xac,0xff,0xac,0xff,0xac,0xff,0xff,0x00,0xff,0x00,0xff,0x00,0xac,0xff,0xac,0xff,
    0xac,0xff,0xff,0x00,0xff,0x00,0xff,0x00,0xff,0x00,0xff,0x00,0xac,0xff,0xac,0xff,0xff,0x00,0xff,0x00,0xff,0x00,0xff,0x00,0xac,0xff,0xac,0xff,0xac,0xff,0xff,0x00,
    0xff,0x00,0xff,0x00,0xac,0xff,0xac,0xff,0xac,0xff,0xff,0x00,0xff,0x00,0xff,0x00,0xff,0x00,0xff,0x00,0xac,0xff,0xac,0xff,0xff,0x00,0xff,0x00,0xff,0x00,0xff,0x00,
    0xac,0xff,0xac,0xff,0xac,0xff,0xac,0xff,0xac,0xff,0xac,0xff,0xac,0xff,0xac,0xff,0xac,0xff,0xff,0x00,0xff,0x00,0xff,0x00,0xff,0x00,0xff,0x00,0xac,0xff,0xac,0xff,
    0xff,0x00,0xff,0x00,0xff,0x00,0xff,0x00,0xac,0xff,0xac,0xff,0xac,0xff,0xac,0xff,0xac,0xff,0xac,0xff,0xac,0xff,0xac,0xff,0xac,0xff,0xff,0x00,0xff,0x00,0xff,0x00,
    0xff,0x00,0xff,0x00,0xac,0xff,0xac,0xff,0xff,0x00,0xff,0x00,0xff,0x00,0xff,0x00,0xac,0xff,0xac,0xff,0xac,0xff,0xff,0x00,0xff,0x00,0xff,0x00,0xac,0xff,0xac,0xff,
    0xac,0xff,0xff,0x00,0xff,0x00,0xff,0x00,0xff,0x00,0xff,0x00,0xac,0xff,0xac,0xff,0xff,0x00,0xff,0x00,0xff,0x00,0xff,0x00,0xac,0xff,0xac,0xff,0xac,0xff,0xff,0x00,
    0xff,0x00,0xff,0x00,0xac,0xff,0xac,0xff,0xac,0xff,0xff,0x00,0xff,0x00,0xff,0x00,0xff,0x00,0xff,0x00,0xac,0xff,0xac,0xff,0xff,0x00,0xff,0x00,0xff,0x00,0xff,0x00,
    0xac,0xff,0xac,0xff,0xac,0xff,0xff,0x00,0xff,0x00,0xff,0x00,0xac,0xff,0xac,0xff,0xac,0xff,0xff,0x00,0xff,0x00,0xff,0x00,0xff,0x00,0xff,0x00,0xac,0xff,0xac,0xff,
    0xff,0x00,0xff,0x00,0xff,0x00,0xff,0x00,0xac,0xff,0xac,0xff,0xac,0xff,0xff,0x00,0xff,0x00,0xff,0x00,0xac,0xff,0xac,0xff,0xac,0xff,0xff,0x00,0xff,0x00,0xac,0xff,
    0xac,0xff,0xac,0xff,0xac,0xff,0xac,0xff,0xac,0xff,0xac,0xff,0xac,0xff,0xff,0x00,0xac,0xff,0xac,0xff,0xac,0xff,0xff,0x00,0xff,0x00,0xff,0x00,0xac,0xff,0xac,0xff,
    0xac,0xff,0xff,0x00,0xff,0x00,0xac,0xff,0xac,0xff,0xac,0xff,0xac,0xff,0xac,0xff,0xac,0xff,0xac,0xff,0xac,0xff,0xff,0x00,0xff,0x00,0xff,0x00,0xff,0x00,0xff,0x00,
    0xff,0x00,0xff,0x00,0xff,0x00,0xff,0x00,0xff,0x00,0xff,0x00,0xff,0x00,0xff,0x00,0xff,0x00,0xff,0x00,0xff,0x00,0xff,0x00,0xff,0x00,0xff,0x00,0xff,0x00,0xff,0x00,
    0xff,0x00,0xff,0x00,0xff,0x00,0xff,0x00,0xff,0x00,0xff,0x00,0xff,0x00,0xff,0x00,0xff,0x00,0xff,0x00,0xff,0x00,0xff,0x00,0xff,0x00,0xff,0x00,0xff,0x00,0xff,0x00,
    0xff,0x00,0xff,0x00,0xff,0x00,0xff,0x00,
};
static const lv_image_dsc_t dino_image_hi = {
    .header = {.magic = LV_IMAGE_HEADER_MAGIC, .cf = LV_COLOR_FORMAT_AL88, .w = 20, .h = 13, .stride = 40},
    .data_size = sizeof(dino_pixels_hi), .data = dino_pixels_hi,
};

_Alignas(4) static const uint8_t dino_pixels_digit_0[] = {
    0xff,0x00,0xff,0x00,0xac,0xff,0xac,0xff,0xac,0xff,0xac,0xff,0xff,0x00,0xff,0x00,0xff,0x00,0xff,0x00,0xff,0x00,0xac,0xff,0xac,0xff,0xac,0xff,0xac,0xff,0xac,0xff,
    0xac,0xff,0xac,0xff,0xff,0x00,0xff,0x00,0xff,0x00,0xac,0xff,0xac,0xff,0xff,0x00,0xff,0x00,0xac,0xff,0xac,0xff,0xac,0xff,0xff,0x00,0xff,0x00,0xac,0xff,0xac,0xff,
    0xac,0xff,0xff,0x00,0xff,0x00,0xff,0x00,0xac,0xff,0xac,0xff,0xac,0xff,0xff,0x00,0xac,0xff,0xac,0xff,0xac,0xff,0xff,0x00,0xff,0x00,0xff,0x00,0xac,0xff,0xac,0xff,
    0xac,0xff,0xff,0x00,0xac,0xff,0xac,0xff,0xac,0xff,0xff,0x00,0xff,0x00,0xff,0x00,0xac,0xff,0xac,0xff,0xac,0xff,0xff,0x00,0xac,0xff,0xac,0xff,0xac,0xff,0xff,0x00,
    0xff,0x00,0xff,0x00,0xac,0xff,0xac,0xff,0xac,0xff,0xff,0x00,0xac,0xff,0xac,0xff,0xac,0xff,0xac,0xff,0xff,0x00,0xff,0x00,0xac,0xff,0xac,0xff,0xac,0xff,0xff,0x00,
    0xff,0x00,0xac,0xff,0xac,0xff,0xac,0xff,0xff,0x00,0xff,0x00,0xac,0xff,0xac,0xff,0xff,0x00,0xff,0x00,0xff,0x00,0xff,0x00,0xac,0xff,0xac,0xff,0xac,0xff,0xac,0xff,
    0xff,0x00,0xff,0x00,0xff,0x00,0xff,0x00,0xff,0x00,0xff,0x00,0xac,0xff,0xac,0xff,0xac,0xff,0xac,0xff,0xff,0x00,0xff,0x00,0xff,0x00,0xff,0x00,0xff,0x00,0xff,0x00,
    0xff,0x00,0xff,0x00,0xff,0x00,0xff,0x00,0xff,0x00,0xff,0x00,0xff,0x00,0xff,0x00,0xff,0x00,0xff,0x00,0xff,0x00,0xff,0x00,0xff,0x00,0xff,0x00,0xff,0x00,0xff,0x00,
    0xff,0x00,0xff,0x00,
};
static const lv_image_dsc_t dino_image_digit_0 = {
    .header = {.magic = LV_IMAGE_HEADER_MAGIC, .cf = LV_COLOR_FORMAT_AL88, .w = 10, .h = 13, .stride = 20},
    .data_size = sizeof(dino_pixels_digit_0), .data = dino_pixels_digit_0,
};

_Alignas(4) static const uint8_t dino_pixels_digit_1[] = {
    0xff,0x00,0xff,0x00,0xff,0x00,0xff,0x00,0xac,0xff,0xac,0xff,0xff,0x00,0xff,0x00,0xff,0x00,0xff,0x00,0xff,0x00,0xff,0x00,0xac,0xff,0xac,0xff,0xac,0xff,0xac,0xff,
    0xff,0x00,0xff,0x00,0xff,0x00,0xff,0x00,0xff,0x00,0xff,0x00,0xac,0xff,0xac,0xff,0xac,0xff,0xac,0xff,0xff,0x00,0xff,0x00,0xff,0x00,0xff,0x00,0xff,0x00,0xff,0x00,
    0xff,0x00,0xff,0x00,0xac,0xff,0xac,0xff,0xff,0x00,0xff,0x00,0xff,0x00,0xff,0x00,0xff,0x00,0xff,0x00,0xff,0x00,0xff,0x00,0xac,0xff,0xac,0xff,0xff,0x00,0xff,0x00,
    0xff,0x00,0xff,0x00,0xff,0x00,0xff,0x00,0xff,0x00,0xff,0x00,0xac,0xff,0xac,0xff,0xff,0x00,0xff,0x00,0xff,0x00,0xff,0x00,0xff,0x00,0xff,0x00,0xff,0x00,0xff,0x00,
    0xac,0xff,0xac,0xff,0xff,0x00,0xff,0x00,0xff,0x00,0xff,0x00,0xff,0x00,0xff,0x00,0xff,0x00,0xff,0x00,0xac,0xff,0xac,0xff,0xff,0x00,0xff,0x00,0xff,0x00,0xff,0x00,
    0xff,0x00,0xff,0x00,0xff,0x00,0xff,0x00,0xac,0xff,0xac,0xff,0xff,0x00,0xff,0x00,0xff,0x00,0xff,0x00,0xff,0x00,0xac,0xff,0xac,0xff,0xac,0xff,0xac,0xff,0xac,0xff,
    0xac,0xff,0xac,0xff,0xac,0xff,0xff,0x00,0xff,0x00,0xac,0xff,0xac,0xff,0xac,0xff,0xac,0xff,0xac,0xff,0xac,0xff,0xac,0xff,0xac,0xff,0xff,0x00,0xff,0x00,0xff,0x00,
    0xff,0x00,0xff,0x00,0xff,0x00,0xff,0x00,0xff,0x00,0xff,0x00,0xff,0x00,0xff,0x00,0xff,0x00,0xff,0x00,0xff,0x00,0xff,0x00,0xff,0x00,0xff,0x00,0xff,0x00,0xff,0x00,
    0xff,0x00,0xff,0x00,
};
static const lv_image_dsc_t dino_image_digit_1 = {
    .header = {.magic = LV_IMAGE_HEADER_MAGIC, .cf = LV_COLOR_FORMAT_AL88, .w = 10, .h = 13, .stride = 20},
    .data_size = sizeof(dino_pixels_digit_1), .data = dino_pixels_digit_1,
};

_Alignas(4) static const uint8_t dino_pixels_digit_2[] = {
    0xff,0x00,0xac,0xff,0xac,0xff,0xac,0xff,0xac,0xff,0xac,0xff,0xac,0xff,0xac,0xff,0xff,0x00,0xff,0x00,0xac,0xff,0xac,0xff,0xac,0xff,0xac,0xff,0xac,0xff,0xac,0xff,
    0xac,0xff,0xac,0xff,0xac,0xff,0xff,0x00,0xac,0xff,0xac,0xff,0xac,0xff,0xff,0x00,0xff,0x00,0xff,0x00,0xac,0xff,0xac,0xff,0xac,0xff,0xff,0x00,0xff,0x00,0xff,0x00,
    0xff,0x00,0xff,0x00,0xff,0x00,0xac,0xff,0xac,0xff,0xac,0xff,0xac,0xff,0xff,0x00,0xff,0x00,0xff,0x00,0xac,0xff,0xac,0xff,0xac,0xff,0xac,0xff,0xac,0xff,0xac,0xff,
    0xac,0xff,0xff,0x00,0xff,0x00,0xff,0x00,0xac,0xff,0xac,0xff,0xac,0xff,0xac,0xff,0xac,0xff,0xac,0xff,0xff,0x00,0xff,0x00,0xff,0x00,0xac,0xff,0xac,0xff,0xac,0xff,
    0xac,0xff,0xac,0xff,0xff,0x00,0xff,0x00,0xff,0x00,0xff,0x00,0xac,0xff,0xac,0xff,0xac,0xff,0xac,0xff,0xac,0xff,0xac,0xff,0xff,0x00,0xff,0x00,0xff,0x00,0xff,0x00,
    0xac,0xff,0xac,0xff,0xac,0xff,0xac,0xff,0xff,0x00,0xff,0x00,0xff,0x00,0xff,0x00,0xff,0x00,0xff,0x00,0xac,0xff,0xac,0xff,0xac,0xff,0xac,0xff,0xac,0xff,0xac,0xff,
    0xac,0xff,0xac,0xff,0xac,0xff,0xff,0x00,0xac,0xff,0xac,0xff,0xac,0xff,0xac,0xff,0xac,0xff,0xac,0xff,0xac,0xff,0xac,0xff,0xac,0xff,0xff,0x00,0xff,0x00,0xff,0x00,
    0xff,0x00,0xff,0x00,0xff,0x00,0xff,0x00,0xff,0x00,0xff,0x00,0xff,0x00,0xff,0x00,0xff,0x00,0xff,0x00,0xff,0x00,0xff,0x00,0xff,0x00,0xff,0x00,0xff,0x00,0xff,0x00,
    0xff,0x00,0xff,0x00,
};
static const lv_image_dsc_t dino_image_digit_2 = {
    .header = {.magic = LV_IMAGE_HEADER_MAGIC, .cf = LV_COLOR_FORMAT_AL88, .w = 10, .h = 13, .stride = 20},
    .data_size = sizeof(dino_pixels_digit_2), .data = dino_pixels_digit_2,
};

_Alignas(4) static const uint8_t dino_pixels_digit_3[] = {
    0xff,0x00,0xac,0xff,0xac,0xff,0xac,0xff,0xac,0xff,0xac,0xff,0xac,0xff,0xac,0xff,0xac,0xff,0xff,0x00,0xff,0x00,0xac,0xff,0xac,0xff,0xac,0xff,0xac,0xff,0xac,0xff,
    0xac,0xff,0xac,0xff,0xac,0xff,0xff,0x00,0xff,0x00,0xff,0x00,0xff,0x00,0xff,0x00,0xff,0x00,0xac,0xff,0xac,0xff,0xac,0xff,0xff,0x00,0xff,0x00,0xff,0x00,0xff,0x00,
    0xff,0x00,0xff,0x00,0xac,0xff,0xac,0xff,0xff,0x00,0xff,0x00,0xff,0x00,0xff,0x00,0xff,0x00,0xff,0x00,0xac,0xff,0xac,0xff,0xac,0xff,0xac,0xff,0xac,0xff,0xac,0xff,
    0xff,0x00,0xff,0x00,0xff,0x00,0xff,0x00,0xac,0xff,0xac,0xff,0xac,0xff,0xac,0xff,0xac,0xff,0xac,0xff,0xff,0x00,0xff,0x00,0xff,0x00,0xff,0x00,0xff,0x00,0xff,0x00,
    0xff,0x00,0xff,0x00,0xac,0xff,0xac,0xff,0xac,0xff,0xff,0x00,0xac,0xff,0xac,0xff,0xac,0xff,0xff,0x00,0xff,0x00,0xff,0x00,0xac,0xff,0xac,0xff,0xac,0xff,0xff,0x00,
    0xac,0xff,0xac,0xff,0xac,0xff,0xff,0x00,0xff,0x00,0xff,0x00,0xac,0xff,0xac,0xff,0xac,0xff,0xff,0x00,0xff,0x00,0xac,0xff,0xac,0xff,0xac,0xff,0xac,0xff,0xac,0xff,
    0xac,0xff,0xac,0xff,0xff,0x00,0xff,0x00,0xff,0x00,0xac,0xff,0xac,0xff,0xac,0xff,0xac,0xff,0xac,0xff,0xac,0xff,0xac,0xff,0xff,0x00,0xff,0x00,0xff,0x00,0xff,0x00,
    0xff,0x00,0xff,0x00,0xff,0x00,0xff,0x00,0xff,0x00,0xff,0x00,0xff,0x00,0xff,0x00,0xff,0x00,0xff,0x00,0xff,0x00,0xff,0x00,0xff,0x00,0xff,0x00,0xff,0x00,0xff,0x00,
    0xff,0x00,0xff,0x00,
};
static const lv_image_dsc_t dino_image_digit_3 = {
    .header = {.magic = LV_IMAGE_HEADER_MAGIC, .cf = LV_COLOR_FORMAT_AL88, .w = 10, .h = 13, .stride = 20},
    .data_size = sizeof(dino_pixels_digit_3), .data = dino_pixels_digit_3,
};

_Alignas(4) static const uint8_t dino_pixels_digit_4[] = {
    0xff,0x00,0xff,0x00,0xff,0x00,0xff,0x00,0xac,0xff,0xac,0xff,0xac,0xff,0xac,0xff,0xff,0x00,0xff,0x00,0xff,0x00,0xff,0x00,0xac,0xff,0xac,0xff,0xac,0xff,0xac,0xff,
    0xac,0xff,0xac,0xff,0xff,0x00,0xff,0x00,0xff,0x00,0xff,0x00,0xac,0xff,0xac,0xff,0xac,0xff,0xac,0xff,0xac,0xff,0xac,0xff,0xff,0x00,0xff,0x00,0xff,0x00,0xac,0xff,
    0xac,0xff,0xac,0xff,0xff,0x00,0xac,0xff,0xac,0xff,0xac,0xff,0xff,0x00,0xff,0x00,0xac,0xff,0xac,0xff,0xac,0xff,0xac,0xff,0xff,0x00,0xac,0xff,0xac,0xff,0xac,0xff,
    0xff,0x00,0xff,0x00,0xac,0xff,0xac,0xff,0xac,0xff,0xff,0x00,0xff,0x00,0xac,0xff,0xac,0xff,0xac,0xff,0xff,0x00,0xff,0x00,0xac,0xff,0xac,0xff,0xac,0xff,0xac,0xff,
    0xac,0xff,0xac,0xff,0xac,0xff,0xac,0xff,0xac,0xff,0xff,0x00,0xac,0xff,0xac,0xff,0xac,0xff,0xac,0xff,0xac,0xff,0xac,0xff,0xac,0xff,0xac,0xff,0xac,0xff,0xff,0x00,
    0xff,0x00,0xff,0x00,0xff,0x00,0xff,0x00,0xff,0x00,0xac,0xff,0xac,0xff,0xac,0xff,0xff,0x00,0xff,0x00,0xff,0x00,0xff,0x00,0xff,0x00,0xff,0x00,0xff,0x00,0xac,0xff,
    0xac,0xff,0xac,0xff,0xff,0x00,0xff,0x00,0xff,0x00,0xff,0x00,0xff,0x00,0xff,0x00,0xff,0x00,0xac,0xff,0xac,0xff,0xac,0xff,0xff,0x00,0xff,0x00,0xff,0x00,0xff,0x00,
    0xff,0x00,0xff,0x00,0xff,0x00,0xff,0x00,0xff,0x00,0xff,0x00,0xff,0x00,0xff,0x00,0xff,0x00,0xff,0x00,0xff,0x00,0xff,0x00,0xff,0x00,0xff,0x00,0xff,0x00,0xff,0x00,
    0xff,0x00,0xff,0x00,
};
static const lv_image_dsc_t dino_image_digit_4 = {
    .header = {.magic = LV_IMAGE_HEADER_MAGIC, .cf = LV_COLOR_FORMAT_AL88, .w = 10, .h = 13, .stride = 20},
    .data_size = sizeof(dino_pixels_digit_4), .data = dino_pixels_digit_4,
};

_Alignas(4) static const uint8_t dino_pixels_digit_5[] = {
    0xac,0xff,0xac,0xff,0xac,0xff,0xac,0xff,0xac,0xff,0xac,0xff,0xac,0xff,0xac,0xff,0xff,0x00,0xff,0x00,0xac,0xff,0xac,0xff,0xac,0xff,0xac,0xff,0xac,0xff,0xac,0xff,
    0xac,0xff,0xac,0xff,0xff,0x00,0xff,0x00,0xac,0xff,0xac,0xff,0xac,0xff,0xff,0x00,0xff,0x00,0xff,0x00,0xff,0x00,0xff,0x00,0xff,0x00,0xff,0x00,0xac,0xff,0xac,0xff,
    0xac,0xff,0xac,0xff,0xac,0xff,0xac,0xff,0xac,0xff,0xac,0xff,0xff,0x00,0xff,0x00,0xac,0xff,0xac,0xff,0xac,0xff,0xac,0xff,0xac,0xff,0xac,0xff,0xac,0xff,0xac,0xff,
    0xac,0xff,0xff,0x00,0xff,0x00,0xff,0x00,0xff,0x00,0xff,0x00,0xff,0x00,0xff,0x00,0xac,0xff,0xac,0xff,0xac,0xff,0xff,0x00,0xff,0x00,0xff,0x00,0xff,0x00,0xff,0x00,
    0xff,0x00,0xff,0x00,0xac,0xff,0xac,0xff,0xac,0xff,0xff,0x00,0xac,0xff,0xac,0xff,0xac,0xff,0xff,0x00,0xff,0x00,0xff,0x00,0xac,0xff,0xac,0xff,0xac,0xff,0xff,0x00,
    0xac,0xff,0xac,0xff,0xac,0xff,0xff,0x00,0xff,0x00,0xff,0x00,0xac,0xff,0xac,0xff,0xac,0xff,0xff,0x00,0xff,0x00,0xac,0xff,0xac,0xff,0xac,0xff,0xac,0xff,0xac,0xff,
    0xac,0xff,0xac,0xff,0xff,0x00,0xff,0x00,0xff,0x00,0xac,0xff,0xac,0xff,0xac,0xff,0xac,0xff,0xac,0xff,0xac,0xff,0xac,0xff,0xff,0x00,0xff,0x00,0xff,0x00,0xff,0x00,
    0xff,0x00,0xff,0x00,0xff,0x00,0xff,0x00,0xff,0x00,0xff,0x00,0xff,0x00,0xff,0x00,0xff,0x00,0xff,0x00,0xff,0x00,0xff,0x00,0xff,0x00,0xff,0x00,0xff,0x00,0xff,0x00,
    0xff,0x00,0xff,0x00,
};
static const lv_image_dsc_t dino_image_digit_5 = {
    .header = {.magic = LV_IMAGE_HEADER_MAGIC, .cf = LV_COLOR_FORMAT_AL88, .w = 10, .h = 13, .stride = 20},
    .data_size = sizeof(dino_pixels_digit_5), .data = dino_pixels_digit_5,
};

_Alignas(4) static const uint8_t dino_pixels_digit_6[] = {
    0xff,0x00,0xff,0x00,0xac,0xff,0xac,0xff,0xac,0xff,0xac,0xff,0xac,0xff,0xac,0xff,0xff,0x00,0xff,0x00,0xff,0x00,0xac,0xff,0xac,0xff,0xac,0xff,0xac,0xff,0xac,0xff,
    0xac,0xff,0xac,0xff,0xff,0x00,0xff,0x00,0xff,0x00,0xac,0xff,0xac,0xff,0xac,0xff,0xff,0x00,0xff,0x00,0xff,0x00,0xff,0x00,0xff,0x00,0xff,0x00,0xac,0xff,0xac,0xff,
    0xac,0xff,0xff,0x00,0xff,0x00,0xff,0x00,0xff,0x00,0xff,0x00,0xff,0x00,0xff,0x00,0xac,0xff,0xac,0xff,0xac,0xff,0xac,0xff,0xac,0xff,0xac,0xff,0xac,0xff,0xac,0xff,
    0xff,0x00,0xff,0x00,0xac,0xff,0xac,0xff,0xac,0xff,0xac,0xff,0xac,0xff,0xac,0xff,0xac,0xff,0xac,0xff,0xff,0x00,0xff,0x00,0xac,0xff,0xac,0xff,0xac,0xff,0xff,0x00,
    0xff,0x00,0xff,0x00,0xac,0xff,0xac,0xff,0xac,0xff,0xff,0x00,0xac,0xff,0xac,0xff,0xac,0xff,0xff,0x00,0xff,0x00,0xff,0x00,0xac,0xff,0xac,0xff,0xac,0xff,0xff,0x00,
    0xac,0xff,0xac,0xff,0xac,0xff,0xff,0x00,0xff,0x00,0xff,0x00,0xac,0xff,0xac,0xff,0xac,0xff,0xff,0x00,0xff,0x00,0xac,0xff,0xac,0xff,0xac,0xff,0xac,0xff,0xac,0xff,
    0xac,0xff,0xac,0xff,0xff,0x00,0xff,0x00,0xff,0x00,0xac,0xff,0xac,0xff,0xac,0xff,0xac,0xff,0xac,0xff,0xac,0xff,0xac,0xff,0xff,0x00,0xff,0x00,0xff,0x00,0xff,0x00,
    0xff,0x00,0xff,0x00,0xff,0x00,0xff,0x00,0xff,0x00,0xff,0x00,0xff,0x00,0xff,0x00,0xff,0x00,0xff,0x00,0xff,0x00,0xff,0x00,0xff,0x00,0xff,0x00,0xff,0x00,0xff,0x00,
    0xff,0x00,0xff,0x00,
};
static const lv_image_dsc_t dino_image_digit_6 = {
    .header = {.magic = LV_IMAGE_HEADER_MAGIC, .cf = LV_COLOR_FORMAT_AL88, .w = 10, .h = 13, .stride = 20},
    .data_size = sizeof(dino_pixels_digit_6), .data = dino_pixels_digit_6,
};

_Alignas(4) static const uint8_t dino_pixels_digit_7[] = {
    0xac,0xff,0xac,0xff,0xac,0xff,0xac,0xff,0xac,0xff,0xac,0xff,0xac,0xff,0xac,0xff,0xac,0xff,0xff,0x00,0xac,0xff,0xac,0xff,0xac,0xff,0xac,0xff,0xac,0xff,0xac,0xff,
    0xac,0xff,0xac,0xff,0xac,0xff,0xff,0x00,0xac,0xff,0xac,0xff,0xac,0xff,0xff,0x00,0xff,0x00,0xff,0x00,0xac,0xff,0xac,0xff,0xac,0xff,0xff,0x00,0xff,0x00,0xff,0x00,
    0xff,0x00,0xff,0x00,0xff,0x00,0xac,0xff,0xac,0xff,0xac,0xff,0xff,0x00,0xff,0x00,0xff,0x00,0xff,0x00,0xff,0x00,0xff,0x00,0xac,0xff,0xac,0xff,0xac,0xff,0xac,0xff,
    0xff,0x00,0xff,0x00,0xff,0x00,0xff,0x00,0xff,0x00,0xff,0x00,0xac,0xff,0xac,0xff,0xff,0x00,0xff,0x00,0xff,0x00,0xff,0x00,0xff,0x00,0xff,0x00,0xac,0xff,0xac,0xff,
    0xac,0xff,0xff,0x00,0xff,0x00,0xff,0x00,0xff,0x00,0xff,0x00,0xff,0x00,0xff,0x00,0xac,0xff,0xac,0xff,0xac,0xff,0xff,0x00,0xff,0x00,0xff,0x00,0xff,0x00,0xff,0x00,
    0xff,0x00,0xff,0x00,0xac,0xff,0xac,0xff,0xac,0xff,0xff,0x00,0xff,0x00,0xff,0x00,0xff,0x00,0xff,0x00,0xff,0x00,0xff,0x00,0xac,0xff,0xac,0xff,0xac,0xff,0xff,0x00,
    0xff,0x00,0xff,0x00,0xff,0x00,0xff,0x00,0xff,0x00,0xff,0x00,0xac,0xff,0xac,0xff,0xac,0xff,0xff,0x00,0xff,0x00,0xff,0x00,0xff,0x00,0xff,0x00,0xff,0x00,0xff,0x00,
    0xff,0x00,0xff,0x00,0xff,0x00,0xff,0x00,0xff,0x00,0xff,0x00,0xff,0x00,0xff,0x00,0xff,0x00,0xff,0x00,0xff,0x00,0xff,0x00,0xff,0x00,0xff,0x00,0xff,0x00,0xff,0x00,
    0xff,0x00,0xff,0x00,
};
static const lv_image_dsc_t dino_image_digit_7 = {
    .header = {.magic = LV_IMAGE_HEADER_MAGIC, .cf = LV_COLOR_FORMAT_AL88, .w = 10, .h = 13, .stride = 20},
    .data_size = sizeof(dino_pixels_digit_7), .data = dino_pixels_digit_7,
};

_Alignas(4) static const uint8_t dino_pixels_digit_8[] = {
    0xff,0x00,0xac,0xff,0xac,0xff,0xac,0xff,0xac,0xff,0xac,0xff,0xff,0x00,0xff,0x00,0xff,0x00,0xff,0x00,0xac,0xff,0xac,0xff,0xac,0xff,0xac,0xff,0xac,0xff,0xac,0xff,
    0xac,0xff,0xac,0xff,0xff,0x00,0xff,0x00,0xac,0xff,0xac,0xff,0xac,0xff,0xff,0x00,0xff,0x00,0xff,0x00,0xac,0xff,0xac,0xff,0xff,0x00,0xff,0x00,0xac,0xff,0xac,0xff,
    0xac,0xff,0xac,0xff,0xff,0x00,0xff,0x00,0xac,0xff,0xac,0xff,0xff,0x00,0xff,0x00,0xac,0xff,0xac,0xff,0xac,0xff,0xac,0xff,0xac,0xff,0xac,0xff,0xac,0xff,0xac,0xff,
    0xff,0x00,0xff,0x00,0xff,0x00,0xac,0xff,0xac,0xff,0xac,0xff,0xac,0xff,0xac,0xff,0xff,0x00,0xff,0x00,0xff,0x00,0xff,0x00,0xac,0xff,0xff,0x00,0xff,0x00,0xff,0x00,
    0xac,0xff,0xac,0xff,0xac,0xff,0xac,0xff,0xac,0xff,0xff,0x00,0xac,0xff,0xff,0x00,0xff,0x00,0xff,0x00,0xac,0xff,0xac,0xff,0xac,0xff,0xac,0xff,0xac,0xff,0xff,0x00,
    0xac,0xff,0xff,0x00,0xff,0x00,0xff,0x00,0xff,0x00,0xff,0x00,0xac,0xff,0xac,0xff,0xac,0xff,0xff,0x00,0xff,0x00,0xac,0xff,0xac,0xff,0xac,0xff,0xac,0xff,0xac,0xff,
    0xac,0xff,0xac,0xff,0xff,0x00,0xff,0x00,0xff,0x00,0xac,0xff,0xac,0xff,0xac,0xff,0xac,0xff,0xac,0xff,0xac,0xff,0xac,0xff,0xff,0x00,0xff,0x00,0xff,0x00,0xff,0x00,
    0xff,0x00,0xff,0x00,0xff,0x00,0xff,0x00,0xff,0x00,0xff,0x00,0xff,0x00,0xff,0x00,0xff,0x00,0xff,0x00,0xff,0x00,0xff,0x00,0xff,0x00,0xff,0x00,0xff,0x00,0xff,0x00,
    0xff,0x00,0xff,0x00,
};
static const lv_image_dsc_t dino_image_digit_8 = {
    .header = {.magic = LV_IMAGE_HEADER_MAGIC, .cf = LV_COLOR_FORMAT_AL88, .w = 10, .h = 13, .stride = 20},
    .data_size = sizeof(dino_pixels_digit_8), .data = dino_pixels_digit_8,
};

_Alignas(4) static const uint8_t dino_pixels_digit_9[] = {
    0xff,0x00,0xac,0xff,0xac,0xff,0xac,0xff,0xac,0xff,0xac,0xff,0xac,0xff,0xac,0xff,0xff,0x00,0xff,0x00,0xac,0xff,0xac,0xff,0xac,0xff,0xac,0xff,0xac,0xff,0xac,0xff,
    0xac,0xff,0xac,0xff,0xac,0xff,0xff,0x00,0xac,0xff,0xac,0xff,0xac,0xff,0xff,0x00,0xff,0x00,0xff,0x00,0xac,0xff,0xac,0xff,0xac,0xff,0xff,0x00,0xac,0xff,0xac,0xff,
    0xac,0xff,0xff,0x00,0xff,0x00,0xff,0x00,0xac,0xff,0xac,0xff,0xac,0xff,0xff,0x00,0xac,0xff,0xac,0xff,0xac,0xff,0xac,0xff,0xac,0xff,0xac,0xff,0xac,0xff,0xac,0xff,
    0xac,0xff,0xff,0x00,0xff,0x00,0xac,0xff,0xac,0xff,0xac,0xff,0xac,0xff,0xac,0xff,0xac,0xff,0xac,0xff,0xac,0xff,0xff,0x00,0xff,0x00,0xff,0x00,0xff,0x00,0xff,0x00,
    0xff,0x00,0xff,0x00,0xac,0xff,0xac,0xff,0xac,0xff,0xff,0x00,0xff,0x00,0xff,0x00,0xff,0x00,0xff,0x00,0xff,0x00,0xac,0xff,0xac,0xff,0xac,0xff,0xac,0xff,0xff,0x00,
    0xff,0x00,0xff,0x00,0xff,0x00,0xff,0x00,0xff,0x00,0xac,0xff,0xac,0xff,0xac,0xff,0xff,0x00,0xff,0x00,0xff,0x00,0xac,0xff,0xac,0xff,0xac,0xff,0xac,0xff,0xac,0xff,
    0xff,0x00,0xff,0x00,0xff,0x00,0xff,0x00,0xff,0x00,0xac,0xff,0xac,0xff,0xac,0xff,0xac,0xff,0xac,0xff,0xff,0x00,0xff,0x00,0xff,0x00,0xff,0x00,0xff,0x00,0xff,0x00,
    0xff,0x00,0xff,0x00,0xff,0x00,0xff,0x00,0xff,0x00,0xff,0x00,0xff,0x00,0xff,0x00,0xff,0x00,0xff,0x00,0xff,0x00,0xff,0x00,0xff,0x00,0xff,0x00,0xff,0x00,0xff,0x00,
    0xff,0x00,0xff,0x00,
};
static const lv_image_dsc_t dino_image_digit_9 = {
    .header = {.magic = LV_IMAGE_HEADER_MAGIC, .cf = LV_COLOR_FORMAT_AL88, .w = 10, .h = 13, .stride = 20},
    .data_size = sizeof(dino_pixels_digit_9), .data = dino_pixels_digit_9,
};

static const lv_image_dsc_t *const dino_sprite_images[DINO_SPRITE_COUNT] = {
    [DINO_SPRITE_TREX_STAND] = &dino_image_trex_stand,
    [DINO_SPRITE_TREX_BLINK] = &dino_image_trex_blink,
    [DINO_SPRITE_TREX_RUN_0] = &dino_image_trex_run_0,
    [DINO_SPRITE_TREX_RUN_1] = &dino_image_trex_run_1,
    [DINO_SPRITE_TREX_DUCK_0] = &dino_image_trex_duck_0,
    [DINO_SPRITE_TREX_DUCK_1] = &dino_image_trex_duck_1,
    [DINO_SPRITE_TREX_CRASH] = &dino_image_trex_crash,
    [DINO_SPRITE_CACTUS_SMALL] = &dino_image_cactus_small,
    [DINO_SPRITE_CACTUS_LARGE] = &dino_image_cactus_large,
    [DINO_SPRITE_BIRD_0] = &dino_image_bird_0,
    [DINO_SPRITE_BIRD_1] = &dino_image_bird_1,
};
static const lv_image_dsc_t *const dino_digit_images[10] = {
    &dino_image_digit_0,
    &dino_image_digit_1,
    &dino_image_digit_2,
    &dino_image_digit_3,
    &dino_image_digit_4,
    &dino_image_digit_5,
    &dino_image_digit_6,
    &dino_image_digit_7,
    &dino_image_digit_8,
    &dino_image_digit_9,
};
